4,8904
8,9143
3,9580
3,8375
4,7242
9,5226
4,7159
4,5175
4,0896
3,9239
4,4556
3,6218
8,9575
4,0353
4,3559
5,0607
4,8159
4,0377
9,0419
3,9755
9,3186
9,6165
4,1028
9,5131
4,1902
3,5334
4,1237
4,4238
9,6121
9,5827
3,9261
9,2667
3,9514
9,1768
4,1857
4,1982
4,5666
4,1144
4,4089
4,4917
4,3306
4,2284
9,7939
9,5081
8,9923
9,2528
4,7987
4,3139
9,1488
9,2651
3,9066
9,5868
9,5088
4,1400
9,3231
9,8405
3,6849
9,4779
4,9704
9,2742
3,8935
9,3043
4,6447
4,4686
10,0832
3,9523
4,2934
4,1971
4,4810
9,3745
9,7840
9,6495
9,4471
4,2068
9,8670
4,5825
9,7014
9,4534
9,1574
4,8689
3,8531
4,5207
4,0042
4,4275
4,8381
9,7205
3,7950
3,8866
4,5500
9,0943
3,9177
4,5229
9,3778
8,7618
4,5111
9,2972
9,6554
9,3653
3,3360
9,3460
9,5303
4,2853
4,6139
9,6560
4,6007
4,1194
9,7001
4,7102
9,4231
4,5844
9,4713
9,4325
4,5712
4,7068
4,5080
9,4560
9,7054
9,4081
9,6950
4,6979
4,5598
9,5871
9,4641
4,4393
4,5550
4,7759
9,2895
9,0995
4,7628
4,5866
4,1486
4,3048
4,3563
4,3583
4,2320
4,4653
4,7124
4,1054
3,7133
4,9814
4,6735
4,4297
3,7089
9,6190
4,3647
4,1669
4,2666
9,8495
9,1875
4,5340
9,2540
9,6659
9,7645
9,1577
3,7755
4,0937
4,6104
4,3674
9,6840
4,4761
9,2794
9,6630
4,2234
9,0449
9,2718
4,4532
9,3839
4,3432
5,1164
4,1631
9,4633
4,1994
9,6833
4,2062
9,2710
4,5240
4,4611
9,3860
9,5602
8,9378
9,4615
9,5780
4,0931
4,1282
8,9296
3,9844
9,2810
9,4787
9,2933
9,7016
4,3697
9,9034
9,2515
4,4285
8,8566
9,7178
9,3226
4,5848
4,1315
9,1331
4,6192
4,3145
4,3861
9,4431
8,7855
4,2449
4,7438
9,4484
9,6166
9,4583
8,9027
4,1673
9,8247
4,5465
3,8447
4,2206
4,8242
4,4239
4,0618
9,0334
9,2866
9,6524
4,7443
4,6693
4,6092
4,8722
4,6709
9,3401
9,4240
4,3292
4,0874
9,2804
9,1495
4,1805
4,5007
4,2919
9,8400
9,9227
3,9377
4,5952
9,3519
9,6032
8,8796
4,2033
9,6617
4,4913
8,9271
9,6921
9,3778
5,0099
9,3901
3,7963
4,3688
8,8750
3,6353
8,9061
9,2412
4,5015
4,4427
9,4862
4,8782
9,1694
4,4896
9,0891
9,6197
4,3567
9,3598
4,3091
4,8306
9,0341
4,0679
4,6893
8,8789
4,5609
4,4166
9,3860
9,5860
4,4626
4,0676
4,3722
3,6613
4,0045
4,3466
4,2615
9,1714
4,3381
9,0899
4,1231
9,2330
4,5306
9,6771
4,0944
8,9804
4,4575
4,2634
9,5285
9,4276
9,4140
9,4373
4,3171
9,1344
3,9645
9,5278
4,1973
9,2649
9,8136
4,4881
3,6433
3,2533
9,3835
9,4849
9,4884
9,4841
4,0012
9,4040
9,2896
4,5467
3,9596
4,5419
4,5005
4,3329
9,3858
9,0759
9,0373
3,5008
4,4472
9,1069
4,0961
4,1871
3,9128
9,6422
3,7548
9,0277
9,7934
3,8658
4,1805
9,5236
4,4328
4,3708
9,5560
9,4419
4,4499
4,2906
4,1251
4,7781
9,6508
4,4863
3,8699
9,2456
9,2672
9,2875
4,1828
8,8853
5,0061
9,7103
9,1103
9,6492
9,3555
4,1986
4,9070
4,0883
4,9142
4,9823
4,8425
4,0771
9,2649
4,4616
4,1861
9,6932
9,2534
5,0997
4,2233
4,4897
9,1921
5,0517
9,4250
4,3742
4,1091
9,4517
3,7348
9,1599
4,4103
9,7203
9,3032
3,8382
9,6250
4,1727
9,1320
4,4316
3,8811
4,0030
4,3540
4,3866
9,6448
3,9295
9,0044
9,9032
4,5077
4,7587
9,4441
4,3591
4,2022
9,5769
3,8126
9,1803
9,0123
9,2561
4,5204
4,4018
8,9069
4,0264
9,7383
10,0468
4,4237
4,2229
4,4299
4,1305
9,3678
9,2023
8,9616
9,4408
4,6954
4,3033
4,2467
3,8094
9,2525
9,1321
9,8880
9,4972
8,9602
9,6026
9,3471
9,6442
4,3300
9,5006
4,2911
4,6996
4,5712
4,6225
4,9203
9,1912
10,1963
5,0041
4,1130
9,4877
9,5089
4,2040
9,3158
9,5630
8,8776
9,7801
3,7579
9,3040
4,3909
9,5214
4,7965
4,9145
9,0315
4,8078
3,9461
9,2428
9,3241
10,0137
4,7351
3,9102
9,1423
4,2949
4,3720
3,9659
4,0003
4,5866
4,7835
4,4376
9,5489
9,9327
9,5580
9,6998
3,8780
4,0671
8,6750
8,9412
4,4425
9,5846
3,9238
4,5902
9,6122
9,3818
9,4896
4,7686
4,3317
3,7385
4,2713
9,2933
4,0063
4,5113
9,4083
9,7624
3,8887
9,4012
4,1215
4,5511
8,7694
4,6080
9,1238
9,5068
9,9802
9,9833
4,3317
4,7067
9,2437
4,4171
9,1405
9,4578
9,5176
9,5824
9,2917
9,0975
4,2053
4,8164
4,4200
4,5204
9,4588
9,6008
5,0908
4,5174
4,3409
9,6309
4,1804
9,5951
9,5045
9,3833
9,2790
4,3482
9,8552
4,2587
3,6426
9,3748
4,0660
4,1856
9,1283
9,9738
3,9010
9,1649
3,8944
4,3372
4,7952
4,8855
9,9558
4,4879
4,7910
4,7058
9,2930
9,6212
9,7471
4,0951
8,8947
3,8696
9,2402
4,1416
9,2938
9,5222
9,9807
4,1345
9,0625
4,5521
4,6643
4,4831
9,5614
4,3117
4,4081
9,6281
9,9440
4,4287
4,1331
4,2160
10,0134
9,3215
9,2527
4,6038
4,6227
9,0277
9,7161
4,2248
4,6546
4,2231
8,9922
4,0214
3,9263
9,4506
4,9136
9,2553
9,5231
3,8689
4,3817
4,0601
4,6650
9,5790
9,4735
4,4001
4,3059
9,6584
4,1779
4,0725
4,2260
4,1039
9,2031
3,9921
4,4996
9,3027
4,4996
4,7554
4,2334
4,4208
9,2097
9,6744
9,5287
9,6433
4,4983
9,7020
9,7950
4,4012
4,0935
4,6895
9,0642
9,4075
8,7799
4,1239
4,3006
4,2990
4,1154
8,8606
4,4081
4,1476
4,3832
9,8455
4,6979
4,7086
9,7178
3,8539
3,9466
4,8001
4,1583
9,2634
9,4791
4,6922
3,8911
5,0698
4,5425
4,4315
4,1099
9,4315
4,3932
4,3810
9,8691
4,7411
4,6078
4,3918
9,4132
4,3796
4,0427
4,6028
4,7899
4,5914
9,2887
4,1945
9,5810
9,3778
8,9874
9,7292
3,6890
9,3719
4,4860
9,9184
4,1995
9,1791
4,4262
9,8631
9,0636
4,6347
9,5232
9,1657
4,4530
9,7944
4,5525
9,5865
9,3866
4,5052
3,9114
9,3518
4,3459
9,4305
9,1855
4,2097
4,3977
9,1710
4,0001
4,2648
10,1034
4,6460
4,0832
9,0950
4,1296
4,6964
4,0454
4,8034
9,5491
9,3292
9,4921
9,4926
4,2243
3,8092
3,9234
9,1667
9,4705
9,3588
4,3799
9,5833
4,5627
3,5704
4,5024
9,3059
9,0808
4,6542
4,3985
9,3816
3,7006
3,8132
4,5651
9,5574
9,9475
4,0953
4,2235
4,0355
9,4409
9,7680
9,3643
4,0114
4,0903
4,2983
4,1722
9,8601
4,5125
4,3324
3,7768
9,7880
4,7838
9,5872
8,7607
4,0164
9,7042
9,2263
4,0522
9,4661
4,3501
9,0588
4,4266
4,4370
9,3536
4,6773
9,5136
3,7732
9,1860
9,5433
8,7037
3,8887
9,7222
9,4285
9,6990
8,9139
4,1439
9,1150
4,3251
8,8448
4,6159
9,3985
9,0421
4,4657
9,5116
4,3727
4,0223
4,2505
9,2232
4,8568
4,5738
4,0196
9,4826
4,2789
4,7249
4,5113
9,7143
3,7177
4,8973
4,6484
3,5537
4,4718
4,3468
4,2833
4,2713
9,3991
3,9013
4,8373
9,2855
9,3353
4,3001
3,8098
4,2334
4,2015
8,9680
9,0748
9,2076
5,4897
4,0840
9,2095
9,4235
3,7977
4,3706
9,6837
4,1215
4,2763
4,6304
3,9205
9,5153
9,5664
4,4256
4,3629
4,0998
9,2959
4,4534
9,4175
4,3139
4,3339
4,1018
9,5987
3,7785
4,4630
4,5755
4,4306
4,4530
4,0053
4,8585
9,6805
4,3602
9,1995
9,3836
4,2274
3,9131
4,3870
9,2607
4,3313
4,3570
3,8693
4,3965
9,0240
5,0579
4,3617
4,5741
3,9433
9,5321
4,0549
9,0894
4,3278
9,8813
3,9731
4,9001
3,8302
4,6725
9,7804
9,7415
4,7727
4,4673
4,0273
8,9130
4,4076
9,6443
4,3228
4,5098
4,1134
3,9664
9,5497
8,8266
4,6758
4,3583
4,5377
9,7923
8,8424
9,5850
9,4931
9,0780
5,0062
9,2777
4,0867
9,1045
3,8878
9,3121
9,9108
3,9460
9,1900
9,5541
9,9917
9,3071
3,8426
8,7986
9,8084
9,7989
4,3999
9,5501
4,5364
9,2964
9,2957
9,7489
4,4862
9,2827
3,7716
9,4757
9,3777
9,4200
9,4037
9,7307
4,2412
4,2642
4,7521
4,4749
9,0467
4,4084
3,6115
3,9414
4,7563
3,2960
4,2591
3,9395
9,7814
4,6262
4,5515
4,3129
4,6337
9,2157
9,4922
9,2222
4,5571
9,4580
9,5831
4,7513
4,1476
9,2966
4,1192
4,6260
4,1172
9,2759
9,1614
9,4242
4,2841
9,7462
4,1712
9,2993
9,5719
9,0127
9,7254
4,0501
3,9673
4,8922
9,4383
9,4289
4,2407
9,1538
3,9278
9,2767
4,6520
4,1197
4,5297
4,2612
3,5520
9,6632
9,5533
9,4832
8,9962
4,6298
3,9743
4,5563
4,1944
9,4232
9,7893
9,2527
3,9730
4,3548
9,2360
4,6929
3,9278
9,6739
4,7360
4,2241
4,8005
3,8671
9,4982
4,4264
3,8100
4,6139
4,4738
4,2201
4,4796
9,5992
8,9627
9,3488
8,7688
4,4018
9,0686
9,4597
4,2884
4,0249
4,3756
4,4297
9,2302
9,4555
4,6710
4,2524
9,2335
9,3882
4,8741
4,3360
9,3491
4,1940
9,2405
4,5159
4,4615
4,6669
9,5988
3,7281
9,6167
4,4025
4,6799
9,7714
4,8288
4,6632
4,2613
9,2969
4,4650
9,1377
9,0279
9,0880
4,2493
4,3289
4,4144
4,3826
5,3745
4,0938
4,3534
4,3874
4,5084
9,5399
9,6309
9,7539
3,5955
3,8249
4,2903
4,6117
9,1581
9,5774
9,8044
9,4832
4,5119
9,7927
9,9639
9,4914
4,3909
4,8557
3,9042
4,8423
3,9488
3,9646
9,2011
9,6760
4,7873
4,6637
9,1707
4,2435
9,6954
9,4849
3,9562
9,5406
5,0062
4,8207
9,3840
4,6493
4,5294
9,3212
9,0992
4,5329
9,9813
9,3514
4,0831
4,0147
9,7455
9,5856
9,6269
4,6780
4,2729
4,7903
9,8057
3,9002
9,3775
9,5374
4,0428
5,0702
9,1364
9,2581
4,1470
4,9842
9,8073
4,7232
9,6961
4,4056
4,8102
4,5481
4,3754
8,8923
4,1279
9,4301
4,0614
9,7026
4,2364
9,8018
4,4332
9,5778
3,5663
3,9458
4,1878
4,1853
3,6298
9,3979
8,9089
4,1270
9,7219
3,6731
8,7784
9,5423
9,2554
4,4638
4,2125
4,2205
9,9300
4,5793
9,2166
8,9896
4,0759
9,6229
4,1726
4,1948
9,5104
9,5733
4,4150
8,9036
4,3439
4,4692
9,1610
4,5182
4,3074
4,7323
4,7381
5,0572
4,4528
9,6653
4,2066
9,6738
3,9257
9,3965
4,5599
9,4891
4,5078
9,2645
9,4574
3,8774
9,5176
4,4339
9,7442
3,7009
4,3551
4,4284
4,2334
9,0864
4,6925
9,3859
9,4179
4,5345
4,5134
9,2519
3,8849
9,1832
9,2727
9,4590
4,3682
4,6837
4,2918
9,7621
9,8562
4,4502
8,9365
3,8296
9,1740
8,9912
8,9637
9,4654
4,8432
4,5454
4,6429
4,1973
4,2961
4,6800
9,5992
4,8877
4,7186
4,3692
9,5051
4,3600
9,2195
3,9367
9,7535
3,8951
3,8522
3,7835
4,4368
3,9949
4,1450
9,2363
3,9919
9,8927
3,8419
9,7568
4,3301
9,3705
9,3998
9,3306
5,1043
3,9691
5,1681
3,9047
9,4319
3,7280
9,3860
4,2373
4,6389
9,5657
4,5467
4,6838
9,8102
4,4582
9,7548
4,0086
4,1012
9,2502
3,8677
4,4631
9,3356
4,4613
9,3985
4,0255
9,6849
9,2420
9,5255
4,9759
8,8086
9,3658
9,7353
9,3463
9,3683
9,4127
9,4100
4,2061
9,4826
9,2389
9,1878
9,7329
9,0448
4,1080
4,6714
9,5036
4,0643
4,5312
4,8309
4,4416
9,4053
4,1142
9,8834
9,3353
8,9279
4,1409
9,3719
9,1913
8,9362
9,5225
4,5994
9,4293
9,5654
4,3598
9,5903
3,9886
4,6959
3,9095
4,3808
4,5488
4,3455
4,3651
3,6192
9,4319
9,2574
8,9624
9,4645
4,4713
4,6847
9,4456
9,4950
9,4170
8,9304
4,5661
4,2242
4,0877
5,1763
9,5609
3,9986
8,8190
4,2859
4,3238
9,3500
4,8125
4,6258
4,6439
9,2094
9,5266
4,1036
4,2467
4,5162
4,0143
8,8115
4,2470
3,8265
9,3729
9,4443
4,5543
4,0970
9,3830
9,4550
4,1027
9,5973
9,4800
9,9495
9,3249
4,6284
9,6660
9,3980
9,5603
3,9988
9,3632
4,1680
4,4466
3,8298
9,1651
9,1843
4,1957
4,1774
9,8225
3,9069
9,3960
9,3933
9,8867
3,8866
9,3447
3,8330
4,5936
9,8385
9,1407
9,5457
9,4612
9,2347
4,3878
4,6201
4,5087
5,1005
4,2674
9,4978
4,4346
4,8246
9,6898
9,5637
4,6619
4,2117
4,0742
9,3632
4,3307
4,4908
9,3776
9,6746
4,0596
9,8670
9,0764
4,2409
4,3320
4,1614
4,0004
4,0583
9,6694
4,7127
4,2246
4,3275
8,9316
4,3823
9,5917
9,6652
9,9254
4,2470
9,1532
9,7948
9,1606
9,0157
9,3939
4,6990
4,5298
4,2444
9,6381
9,2206
4,5680
9,4159
9,8040
9,4365
3,8853
3,9384
4,7591
9,0102
3,5543
4,4143
3,8216
9,2699
9,1909
5,0292
9,2738
9,4873
5,0711
8,6575
4,2816
9,5031
9,5708
9,1146
9,6126
4,0129
4,1882
9,4835
4,0129
3,9640
4,4681
4,5861
4,6577
9,1581
4,2461
3,7148
9,4741
5,5454
9,1853
4,6267
9,6939
8,8594
4,0601
4,4226
3,9964
9,1563
4,3889
4,3756
4,4373
4,3517
4,7320
9,5794
4,4938
9,5107
9,3734
4,6321
9,6000
3,7715
9,4127
9,1625
9,6195
3,6181
4,1420
4,2662
9,5418
4,0823
10,0039
9,0423
4,3870
4,6790
3,8111
9,5585
5,0153
9,2127
4,4484
3,7415
9,4485
9,3254
9,4553
8,9990
4,3602
9,3508
3,9926
3,9918
9,0073
4,5845
4,5415
4,3984
5,1147
8,7899
4,1742
9,7266
9,9598
4,3496
4,5233
4,4605
4,4989
9,8110
9,8274
3,9834
9,0689
9,5039
5,0964
3,8226
3,9395
3,3079
9,2487
9,3116
4,5895
4,3693
4,3907
3,9881
9,1010
4,4455
4,5092
9,5655
4,5992
9,4071
3,5227
9,2931
9,4565
4,4132
9,2145
4,1778
4,3794
4,6030
9,0941
9,3107
3,8362
9,5194
4,6049
4,4817
5,0946
3,5866
3,9188
4,7609
4,3060
4,4615
3,8285
4,0225
9,7650
9,3380
4,8827
9,1462
9,3715
9,0031
4,4553
3,9404
4,1305
3,9780
9,5312
9,4652
3,8608
9,7592
4,3588
9,8496
4,9710
4,0938
9,0231
9,4685
3,7479
9,6549
4,3390
9,7514
9,6579
4,3413
8,7958
3,9301
9,4392
4,7401
4,4332
9,0948
9,6552
8,7928
8,8032
4,4673
4,0861
4,1627
9,3917
3,9114
3,9109
3,9710
4,0557
9,2506
4,1969
9,4547
9,3401
9,7515
4,1569
3,5346
9,5371
4,5764
3,8476
3,9908
3,3513
9,1434
9,2899
9,2932
4,6484
4,2263
9,5711
4,3417
4,5607
4,6998
9,1446
4,3185
3,8231
3,7573
9,3435
9,9044
4,1214
4,6914
4,5242
9,3398
3,6404
9,1309
9,4245
4,4462
4,1423
3,6677
9,2590
9,0172
4,6541
3,9483
9,3072
3,9264
9,7068
9,1737
9,5681
3,9868
4,5615
10,0456
4,8055
4,6351
8,8602
4,4100
4,5199
4,1728
3,9160
4,0217
9,4073
9,4146
4,3771
9,3428
9,7030
4,0276
4,4520
4,2419
4,8046
9,0859
9,2476
4,2833
9,8210
9,7297
4,6105
4,4684
4,8568
4,0968
4,4034
9,3547
4,2584
4,0671
9,3011
9,4801
4,8371
9,3410
4,4640
4,2784
9,4875
9,7374
4,2080
9,1745
4,2137
9,1475
4,4124
4,0043
9,1931
9,3921
3,9337
4,5945
4,3078
9,3217
9,3858
4,5196
4,3847
3,6914
9,2579
4,5239
3,9246
5,0203
9,8374
4,0004
9,2101
9,0674
9,8610
4,6395
4,1056
9,7543
3,5879
4,3557
3,6145
3,4955
8,9951
4,2644
4,0424
4,8173
9,8966
4,5316
4,1770
9,2778
4,5857
9,1527
4,3506
4,3804
4,1192
3,9178
4,7299
9,2893
9,1147
9,4341
4,2741
4,3276
9,5525
3,7227
9,7963
4,1891
9,5422
4,2932
9,3269
4,6073
9,4397
4,9581
4,3439
4,2156
9,2070
9,7288
8,8594
9,6060
9,8164
4,5133
9,5856
9,2986
9,3102
9,2213
9,5476
9,8093
4,2735
3,2948
8,9317
4,2341
9,3576
4,1075
4,7714
4,5468
4,0869
4,4203
9,8025
9,4018
9,3235
4,3851
9,5077
3,8914
4,8856
3,7824
9,1540
4,4441
4,0396
4,3734
9,3875
9,8547
4,5102
9,3238
9,2689
9,2094
8,8062
4,2053
9,4321
4,2888
4,3925
9,7409
9,4164
9,7867
9,0279
9,6064
9,1001
4,3502
4,2325
9,5526
9,6464
9,4929
4,8289
4,4536
9,5526
9,6699
4,3032
9,4653
4,4886
4,3374
3,9855
9,5391
3,9627
3,6710
9,6297
4,5103
4,7347
3,8850
9,4223
9,4940
9,3260
4,1676
8,9704
8,9965
4,4935
9,4744
8,9777
4,0390
4,5975
8,9689
9,9636
9,1366
3,7966
9,0386
4,2499
4,4003
9,6732
3,8184
3,7122
4,6113
9,3780
9,7418
4,3235
4,8353
9,3787
9,5689
4,6709
9,2729
4,4860
9,7573
4,6758
8,9400
8,9027
4,2483
3,5196
4,2908
9,6047
3,6463
9,2280
3,9334
9,4046
4,5421
4,4881
8,7558
4,1655
4,7399
9,6673
3,7777
9,3504
9,2384
9,5036
3,3260
9,8545
4,1152
4,3312
9,1525
4,5937
4,2918
4,8607
4,4192
4,5554
3,9094
4,3773
5,2475
8,9931
4,5288
4,5044
4,4624
9,3709
9,1886
9,3219
4,2062
9,5050
9,5569
4,6515
9,2937
9,1552
9,2966
9,0674
4,7800
9,3106
3,3768
4,1797
4,5302
3,8770
8,7674
4,0609
3,5688
8,9883
9,4355
9,4656
9,5270
9,0480
8,5599
4,1505
3,8854
5,1113
4,0526
9,0154
4,2105
9,5905
3,9823
9,6021
9,6823
9,7598
9,4626
4,6207
4,2379
4,6383
4,2501
4,6835
3,6288
9,6019
4,1397
9,6068
9,0503
9,3801
9,2009
4,6582
3,5396
4,5296
4,1708
9,4118
9,2735
3,8153
4,3219
9,6169
4,5890
9,5582
9,3070
9,7074
9,0369
9,1564
9,3668
9,4937
4,2572
9,1995
9,3880
4,6389
9,2239
9,6515
9,2292
8,9685
9,6554
9,3852
9,3298
9,4436
9,2175
9,0494
9,4639
4,1620
9,7382
4,4655
4,1524
4,2613
4,2525
4,1347
4,6006
3,5491
9,6919
9,3080
3,8854
4,0111
4,4459
3,9291
9,7714
9,3968
4,9583
9,6559
8,8134
9,6106
9,1245
9,0349
4,1830
4,4501
9,0849
9,8848
9,2970
9,4498
4,6044
4,1299
4,5633
9,0264
3,8311
9,9069
4,9267
4,9148
9,4579
9,0077
9,7820
4,3424
9,4594
4,6177
9,4969
4,8189
4,5434
9,4694
4,4103
4,2945
10,4395
9,1721
9,0354
4,8490
9,1907
4,8015
9,6060
9,2452
9,5856
3,7475
4,6050
9,0756
3,6365
9,4861
9,6043
10,1486
9,1470
8,8109
9,2654
3,9694
9,3497
3,9755
9,3801
4,4684
5,0439
5,0550
4,2545
9,6170
4,5824
9,5975
4,5581
4,7908
3,8867
9,1856
9,4954
4,4151
9,3286
4,1368
5,0961
4,3631
3,7696
9,4220
9,6308
3,8276
3,9708
8,9930
4,2855
4,1456
4,4370
8,6981
4,5336
4,3179
4,6586
4,6376
9,7046
4,5777
9,3350
9,8802
9,3981
4,5793
9,2414
9,8177
9,5248
9,1947
8,7674
4,5181
4,3952
9,3163
4,5771
9,3109
3,9809
9,5964
9,4740
4,6672
9,9011
9,0610
4,3153
4,6073
9,6956
4,2521
4,2877
9,2571
9,4906
3,8379
9,5288
3,9665
4,2183
9,4378
4,4952
3,7750
4,1557
10,0800
9,4771
4,3793
9,4118
4,2344
4,3783
9,4411
9,3133
4,4548
4,0720
9,3363
4,0312
4,2815
3,9607
9,2867
4,1400
3,5724
4,2632
9,3284
4,8181
4,7646
9,4942
3,9903
9,7853
4,3534
4,0325
9,5845
9,3060
9,8554
4,2170
10,1374
4,2635
4,3316
4,2690
8,9201
4,2973
9,1262
4,3140
4,3283
4,4905
9,3119
4,1551
5,1648
3,7879
9,0558
4,6046
9,4623
9,5653
4,0642
4,1190
4,6608
8,9792
9,8384
9,1000
3,9857
4,2910
5,1767
4,3854
4,7180
3,9219
4,4434
9,4522
9,5439
3,7926
9,5403
9,4128
3,7708
4,3897
3,8710
3,9015
4,7663
4,3019
9,1535
9,3999
9,1674
9,3406
4,5762
4,2165
4,3998
9,5749
9,7831
9,9755
9,1783
9,6658
9,5442
9,0335
9,8837
4,7107
4,9288
4,6632
9,5897
4,7948
4,4353
9,3253
3,9268
3,6974
9,2046
9,0093
4,3388
4,9468
9,3978
4,5679
9,1531
4,8551
4,2608
9,2350
4,0944
4,4551
9,3504
4,3810
4,3875
9,1883
4,2331
4,8607
9,3252
4,5522
4,1080
4,0493
5,2041
9,3446
4,2352
9,1399
9,1325
9,5442
10,1603
9,4131
9,3808
4,3915
4,1301
3,5678
4,2624
3,9721
4,9698
9,5823
4,4842
9,5838
4,0039
9,4006
4,0901
4,1431
4,4052
9,6437
4,5512
9,4109
9,4093
9,6226
9,3505
3,7500
9,3018
9,7255
9,1141
4,7471
4,5258
9,5751
9,6021
9,3487
4,0414
4,3048
9,2786
9,6206
9,1924
9,5233
4,8693
9,6951
4,5631
9,0814
4,7338
9,6290
3,8871
4,6139
9,4898
9,6172
4,4130
9,6632
4,4035
3,6885
4,0967
9,2967
8,9288
3,9173
3,7982
9,4674
4,1704
8,9679
9,5435
9,6857
4,2936
4,3304
4,9065
4,5625
9,7704
9,1767
8,8871
9,6515
9,0421
9,4497
4,2500
5,2762
9,6078
9,6546
9,8861
9,8389
3,7751
5,2077
3,8893
4,4401
9,3084
4,3959
8,8468
4,3995
9,1378
3,8306
8,6849
4,5028
9,5929
4,3810
4,7134
4,3888
3,7410
4,1581
8,9570
4,5039
4,6837
4,7266
4,2309
9,8821
4,4717
4,1930
9,6504
9,4125
3,9345
3,8428
4,3043
4,0993
4,6310
4,1778
9,3602
3,9841
9,0440
10,0218
9,2500
9,5634
4,5034
4,5703
4,1355
4,3118
3,8294
4,4711
9,8357
9,4803
4,0231
4,1970
9,6718
4,0525
3,8855
9,3344
4,1653
4,4018
9,0720
9,7633
4,7977
3,9768
9,4338
9,1083
4,6073
4,7756
9,2871
4,4077
9,0934
4,1814
9,3246
4,2127
4,2144
9,5016
4,0433
4,7717
9,2793
4,4445
9,8299
9,4079
9,6999
9,0061
4,4275
4,0543
4,1361
4,4947
9,2534
4,6306
9,3929
9,0675
9,2642
4,5695
4,0353
4,0825
4,6563
4,1682
4,1957
3,9584
4,2667
4,0527
4,3688
8,9628
4,6071
4,3272
9,5725
4,3470
5,3146
3,7653
4,6608
9,2933
9,6191
10,0973
4,7628
4,1757
4,0055
4,1173
9,4491
4,2634
4,5071
9,3368
9,7723
9,5241
4,4121
9,5843
4,4500
4,3181
9,1547
4,2444
9,4983
9,6477
3,9499
9,7930
3,7923
9,6630
9,3367
9,8156
4,7094
4,3725
5,2018
9,6208
9,4892
4,4047
4,6702
9,9599
4,1776
4,3752
9,2814
9,4731
4,1365
4,1705
9,4867
4,2335
4,0989
3,7911
9,5252
9,2795
9,3087
4,4213
9,1276
4,4260
9,5275
4,8657
4,8627
4,2163
9,6624
9,4267
4,8952
4,1561
4,0803
4,4237
4,1805
9,1783
4,4245
3,5602
4,1994
9,1017
4,5855
4,3573
4,4234
3,7477
4,3837
9,3171
8,9851
5,0455
9,5402
4,4810
9,6637
4,0901
9,3428
4,2023
4,2777
9,6421
9,4691
4,1083
9,0398
4,3373
9,1697
8,9914
3,8036
4,1309
3,9586
3,6036
3,8648
3,9968
9,3512
3,7699
9,3872
9,4512
4,1877
9,4612
9,3259
4,1705
9,3466
4,5968
4,7297
9,3374
4,7232
9,5397
4,1626
3,8168
4,4590
9,8689
8,7420
4,7954
4,4916
4,3225
4,1130
4,5304
4,1443
4,6737
8,9276
8,9719
4,6710
9,2135
9,6882
10,0160
4,2658
3,6271
4,1290
4,5237
3,8883
4,0503
9,4284
9,0194
4,1063
9,2546
9,6946
4,7523
9,2536
4,2124
9,2583
9,3539
3,7835
4,1737
4,6206
9,6172
4,0482
3,6762
9,4276
9,3153
4,0751
9,5501
9,2667
4,6485
4,4162
9,4870
4,0049
9,7829
4,6489
4,8045
4,4431
4,7614
9,9715
4,2457
9,4901
4,3953
9,3409
9,0366
9,3477
3,5083
9,3966
4,0490
4,4171
3,6695
9,4678
9,4937
9,2101
4,0687
4,6700
4,4857
9,3518
4,3854
9,2433
4,2452
4,4452
3,8909
4,0204
9,6066
3,8889
3,5478
4,6512
3,5067
9,8224
9,7201
4,4825
4,2800
3,8069
9,0304
4,0566
3,8009
4,2629
4,0991
9,7253
4,2424
4,0631
4,1141
9,4887
9,5745
3,5809
4,1243
4,4501
4,3665
8,8546
4,4108
3,9917
9,3928
4,3291
9,6946
8,9714
9,1849
4,0587
4,3104
4,2274
4,0152
4,0578
4,2034
4,5834
9,6026
4,7536
9,7354
8,7246
9,2414
9,4927
4,3717
9,1844
4,2614
8,7818
3,9202
8,8481
9,6731
3,9850
9,5329
9,3461
4,8939
4,8126
9,5916
4,1153
4,1088
9,6204
4,4131
9,0900
4,2913
4,0074
9,6055
3,7146
4,4917
4,5393
9,3036
3,8774
8,6651
10,0781
4,1486
9,6649
4,5724
9,5553
9,1307
9,3612
9,3170
9,2979
9,3355
9,1776
9,4534
3,9093
9,9510
9,5751
9,2931
9,9592
4,3561
3,8261
9,6246
4,1722
4,6290
4,0214
9,7497
9,2257
9,1769
9,0861
9,3638
9,7003
4,0552
4,6368
9,4522
4,3445
4,3551
9,2660
9,2938
4,1260
3,7865
4,0403
9,2321
9,4821
9,5637
4,2427
9,2460
4,1666
3,7578
4,7879
4,3645
3,3171
4,9135
9,2603
4,0714
9,8600
3,8993
4,7932
4,4565
5,1774
9,5246
8,9365
3,9990
9,5038
9,2998
9,1657
4,3723
9,5662
9,4981
4,1916
4,8688
4,5369
9,2942
9,1743
9,7101
4,1318
3,9151
4,5077
4,5195
9,1863
9,8105
9,0170
4,1948
9,1822
4,3069
8,6744
9,9220
4,9375
4,2750
3,8664
4,8238
9,5592
4,5107
9,4423
4,6231
9,6610
9,2969
9,5274
4,8906
3,9557
9,7319
3,9643
9,3142
9,3359
4,7650
9,3308
9,3675
4,3343
4,4906
3,9614
4,4703
4,5397
9,2738
5,2050
4,0539
9,5150
4,4986
9,3357
9,4497
4,3268
9,1275
8,8966
4,3490
9,7962
4,6986
4,0509
4,2492
4,4404
4,6594
4,0915
4,0061
4,3942
9,5476
4,1528
9,5174
4,1739
9,1185
4,3265
4,0693
9,2512
4,4819
4,3928
4,6195
4,5903
4,5173
9,3418
10,1080
4,1187
9,5662
9,2536
4,7004
9,3466
5,1388
4,1229
9,7256
4,0921
4,8570
5,0874
4,3900
9,4316
3,8523
9,3563
4,8514
9,2939
4,2359
9,3479
3,6652
9,6298
3,9392
3,5795
4,1857
4,3418
9,3507
9,2573
9,1508
4,5852
9,8887
4,0286
9,3578
5,5043
9,7294
9,8081
4,1487
3,3770
4,5518
4,0542
4,2839
8,9399
4,0517
4,4828
9,2922
4,5344
9,5555
4,2788
4,6932
9,1988
9,5830
9,6500
9,4634
9,8167
9,4001
9,5033
4,1401
4,3659
9,3634
4,2566
4,0231
4,5197
9,5080
4,1560
9,7950
9,4984
4,5847
4,1481
4,3711
9,2951
4,2918
4,2955
4,9024
4,2349
3,8220
9,6231
9,4197
9,1908
9,5292
4,4475
9,8696
9,4363
4,2967
3,5492
9,2042
3,7970
3,9557
4,5390
4,0657
4,3583
4,8318
4,8095
4,0160
4,4877
9,4647
9,0083
9,5019
9,0517
9,3833
4,3334
4,3791
4,4344
4,7147
3,8707
9,0232
4,7095
9,5263
4,6823
9,3218
9,3678
9,4194
4,9407
9,6189
4,5061
9,4037
9,4200
8,9392
3,9934
4,1091
4,6491
4,2745
4,2748
4,4627
4,3112
3,9954
4,2020
9,4330
4,4241
4,6304
4,1916
4,7233
4,3910
4,0925
4,1010
3,9343
9,1660
4,3334
3,4088
4,1320
4,3000
4,9155
9,3445
4,2274
4,5990
4,5234
9,1584
9,3486
9,4350
4,4504
4,0393
4,3723
4,3800
9,9751
9,0589
4,9801
9,5195
9,3423
4,1609
4,2409
8,7667
4,3425
9,1724
4,4876
3,8379
4,4789
9,2317
4,3049
4,3549
4,7599
3,9155
3,8468
9,2350
3,9183
9,5206
9,7266
9,9877
9,7967
3,9597
4,5925
4,0873
9,1205
9,2000
9,2714
9,4168
4,6100
9,6599
9,2014
4,1425
9,3399
4,5544
9,3805
8,6568
9,2168
9,7429
4,6263
4,1131
4,4399
9,1687
9,2708
3,6982
9,4679
9,4664
8,8302
9,6330
4,4744
4,4653
9,4600
9,3193
4,1755
9,6898
4,2212
9,1886
3,9552
4,1576
3,7973
9,4239
9,2165
9,3687
4,8164
4,1023
4,5919
3,9126
9,5979
4,6498
9,4530
9,6634
9,1335
4,4052
4,0658
4,0906
9,5329
9,3982
4,4662
9,3942
4,2889
9,1421
9,9530
4,9715
4,0001
4,8527
9,4889
4,5301
4,7316
4,6613
8,9442
9,1204
3,8783
9,5627
4,6156
4,6637
4,6129
3,8291
8,9994
9,3809
4,2289
9,3791
9,8521
4,5168
9,1798
8,9851
8,6787
4,1281
5,0224
4,7913
4,4011
9,6909
4,2687
4,3974
9,4680
4,8495
9,6113
3,9069
8,9402
3,9555
9,7032
4,5062
8,9985
9,0503
3,6265
4,0819
9,6659
9,8904
4,4547
8,9570
9,2476
9,8494
4,7823
9,5807
9,8141
4,6918
4,8026
4,1706
3,5650
4,7218
4,9342
3,8027
4,8604
9,1221
4,4100
4,2320
3,8198
4,5030
9,6806
9,7432
4,3204
9,6422
3,5583
4,4180
9,5870
9,2217
9,0441
9,4015
3,9827
4,7503
4,6304
4,5917
9,2433
9,9532
4,7773
8,7232
4,7506
9,4740
9,9626
9,1514
9,8028
9,3583
9,7424
9,3117
9,7969
9,9335
4,5252
9,7286
4,4884
10,1772
9,5171
4,6287
4,1717
9,1964
4,5169
9,0242
9,6053
9,0017
9,1542
5,0356
4,7613
4,3829
4,5744
4,1436
4,3716
9,2529
4,4362
4,0992
9,6400
3,7879
4,5641
5,0003
4,1795
10,0502
9,2747
9,5832
9,0197
4,2951
9,1935
9,5026
9,2379
4,2310
10,3116
9,6832
4,3733
4,1898
4,5317
9,0262
9,6145
4,2634
3,7419
4,6367
8,9631
4,2297
3,8051
3,9293
9,7518
4,3693
4,1857
4,0947
9,3599
4,3036
4,4024
9,7630
4,2465
3,9891
9,5281
9,5024
3,8785
4,1472
4,1163
4,4205
3,9597
4,4293
9,2680
4,9702
4,5580
4,2057
8,9401
9,7714
9,0164
9,6321
4,0007
3,7715
9,9820
9,1536
3,9960
9,0073
4,4316
9,3321
9,7026
4,3826
9,1664
9,6284
4,4836
9,5121
9,8860
4,3469
3,9687
9,6039
9,3448
4,7013
4,2274
3,9649
8,6839
4,2854
4,6493
8,9378
4,8438
8,8768
9,6646
9,2158
3,5990
9,7942
4,7568
9,5008
9,6429
4,3077
9,5393
3,6532
4,3625
4,2464
4,7117
3,2824
4,1203
9,1217
4,9836
8,9214
4,5969
9,3143
9,7475
9,4425
4,2646
4,1593
3,9887
4,3766
4,3706
4,6208
9,5812
4,1131
3,8596
4,1316
9,7839
4,9049
4,9652
3,9287
5,1667
9,1587
4,3746
3,9380
3,9817
4,5148
4,1711
9,9948
9,0933
9,6237
4,7065
9,4262
4,2264
9,2552
9,5352
4,0014
3,9466
10,0060
9,6015
4,7029
4,5987
4,1722
4,2004
4,0833
3,9753
9,8101
4,1758
9,9883
9,3979
9,5575
3,9993
3,8204
4,0804
9,9030
9,7856
9,5228
9,4815
3,8293
4,2069
9,2489
4,2529
9,9090
4,8484
3,9974
4,0367
4,2205
9,5909
9,6374
9,2659
3,5737
4,8280
9,1837
9,3497
9,0482
9,2780
4,0468
3,6243
8,9012
8,9950
9,6064
9,6321
4,6692
9,2252
9,0725
4,3671
4,4855
3,9668
3,2935
8,7025
9,1543
4,0113
8,6723
9,4213
9,5076
4,2257
4,6813
9,5115
4,0417
4,7042
9,4972
9,7263
3,7792
9,0841
4,1057
9,6793
9,4479
9,0695
4,3365
3,8747
9,4728
4,4535
4,2755
4,7536
4,7723
4,3220
9,0102
4,3477
9,5282
9,3663
4,0102
4,0646
4,5794
4,1078
8,8318
9,0121
9,2668
4,7861
4,2009
4,6472
9,3719
8,5520
4,5230
5,5501
9,0042
3,8189
9,3650
4,3101
4,2030
4,3639
9,4803
4,1591
9,4971
3,8000
4,0253
4,0841
9,6176
4,1125
9,6016
9,0379
4,3848
9,4608
4,7925
9,6861
4,3975
4,1851
4,3740
4,1526
4,9720
9,5928
9,5722
9,4613
9,1138
3,9703
4,0452
4,8388
4,0927
9,5172
3,9464
3,9973
4,3835
8,9885
4,3278
9,7828
9,3587
4,5798
9,4580
9,0964
4,3731
9,9165
4,2809
9,5599
9,7046
9,2835
3,8716
4,2693
9,5468
9,5108
8,7730
3,8197
4,1017
9,1686
4,6017
8,9827
8,8305
4,0029
4,0538
3,8348
9,7376
9,0588
9,2865
9,1160
4,0947
4,2175
5,0000
4,4862
4,0633
4,3797
4,0657
3,8365
9,5822
3,5077
4,2191
9,8878
9,1376
4,8357
9,9905
9,2335
3,9307
4,5508
9,2824
3,9318
4,6297
9,0662
9,3536
4,4062
4,1175
4,5829
4,0129
8,9948
4,5464
4,3632
4,5122
4,2199
9,5068
4,0512
4,2006
5,0678
4,3803
3,4568
4,3983
9,3127
9,0264
4,8614
4,0998
9,7380
9,5617
3,8696
9,5809
9,5077
4,7667
4,4396
9,3985
9,8430
4,4759
4,5821
4,5261
4,5061
5,0374
9,6655
9,5360
4,4904
4,7961
8,7490
4,5964
9,4440
4,2243
9,7054
4,4292
9,4082
9,0811
9,6613
4,4411
9,6373
5,2726
4,7534
4,1529
4,3364
4,3883
4,1324
4,2934
4,8817
9,2603
4,5736
4,3519
3,8045
9,3219
4,0994
9,5372
9,0290
4,1706
4,0244
9,3376
9,2719
4,6435
9,1792
4,4961
4,6414
4,6614
8,8643
9,1423
10,1620
8,8889
4,4404
9,7339
9,1288
4,6033
4,1971
4,3565
9,4871
10,0409
4,5018
9,9023
9,2925
4,3296
9,7533
4,2437
4,3563
4,1073
5,3004
9,5890
4,5041
9,6928
4,6293
4,7954
9,6820
3,9961
4,3001
9,3476
4,2922
9,3549
3,9254
8,9428
9,5081
3,8437
4,1966
4,3211
4,2621
9,5997
9,5641
9,0081
4,6991
9,3590
9,2310
9,2311
4,2341
4,3961
8,9219
3,4290
3,9802
4,5485
4,1160
10,0499
9,3338
4,0861
9,4200
4,4656
9,1812
4,2858
4,5339
4,4788
9,4606
4,1963
9,3374
9,2685
4,0857
4,9478
4,1928
4,2926
4,6924
4,5212
8,8732
4,4284
4,3248
9,3085
4,5793
3,9357
4,9642
4,0073
9,5436
9,1740
4,1531
9,4859
4,2559
9,2460
4,1236
9,9721
9,5803
3,7559
9,6521
4,4735
4,7352
9,5555
9,7521
4,1689
9,2165
4,1442
3,9702
4,2482
4,2436
4,1659
9,6328
3,9492
4,5661
9,3616
9,3558
4,3899
3,9322
4,6705
9,0999
4,0785
4,3617
4,6834
9,2269
4,7287
8,8377
9,5357
3,8554
4,9428
3,7090
4,6531
4,0754
4,3207
9,4739
9,7395
9,1857
4,8909
4,6625
4,4651
9,3781
4,1929
9,3160
9,9783
3,7155
8,6010
4,1485
4,3971
4,3846
3,8890
4,4390
3,4356
9,5585
4,6801
4,6785
9,6139
4,8922
4,0358
9,4130
9,6623
4,1985
9,3658
9,6243
9,5748
3,5199
9,3027
4,0427
4,7771
9,4730
9,0907
4,5421
4,1512
9,7780
9,8065
9,1055
9,2003
4,8728
4,1404
5,3240
3,9560
9,7571
9,0918
9,1264
4,1768
9,1418
4,1040
4,2642
8,9202
9,9409
9,5955
9,3325
5,0474
3,9663
9,7018
9,1275
4,6175
8,7130
4,7257
9,3093
3,9271
9,2687
9,1808
5,4598
9,6440
4,3084
9,6367
9,7450
4,4012
3,3472
4,5729
9,2019
9,1926
3,9715
9,3686
9,4585
3,6870
4,1551
9,5232
4,1097
4,0932
9,3877
9,4644
4,0874
3,9421
4,2230
4,1130
4,4305
9,3221
9,5370
9,6560
4,5646
4,3962
10,1243
4,7668
9,4253
9,3710
9,8454
3,5956
9,6594
4,2576
9,6835
4,3459
3,8413
4,2507
4,2906
9,3494
8,8304
9,6492
4,3758
9,6031
9,4894
4,5350
9,1249
9,4973
4,1124
9,4130
4,8095
9,7155
4,8662
9,0259
4,3439
3,9558
9,1893
4,2671
9,1229
9,9262
4,1078
5,0036
9,3632
4,7927
4,6548
3,9759
9,1144
8,9677
9,3817
9,6598
4,5615
4,3885
4,3673
10,1072
4,2497
8,9537
3,3550
9,2495
8,9263
9,5452
4,2065
9,4909
4,2664
9,2711
9,2813
4,3275
4,3950
9,9872
4,8056
8,6922
4,5069
9,6509
9,5210
4,0729
9,1684
9,3118
4,2531
4,0946
8,7804
4,9062
5,1639
9,0121
9,2726
9,8423
9,8444
4,2668
3,8959
4,1852
4,0081
9,4433
4,3003
4,4950
9,6827
4,3356
9,6425
9,0108
4,3267
4,4561
4,2527
4,3209
4,4996
9,1803
9,6421
3,6910
9,0022
9,1143
4,6302
8,9952
4,3867
4,0300
4,3358
9,5591
9,7137
9,1908
9,4527
9,5384
4,6213
4,1302
3,8174
3,9696
4,2266
4,3011
4,5235
4,4100
4,5338
9,6145
4,0341
9,7573
4,5308
4,6401
3,7261
4,4421
4,2075
4,3129
9,1283
4,1809
9,4232
4,5976
3,7962
8,9668
3,7737
4,0879
4,4170
3,6372
4,3297
9,8546
9,4599
9,4492
4,2101
9,6923
4,1333
9,7447
9,3600
4,7245
9,4042
9,8083
3,8592
9,7957
3,8144
9,5476
4,0439
9,4271
9,4683
4,2528
4,3708
4,7265
9,7759
4,3430
9,4247
3,9775
4,1024
9,3234
4,5800
4,0011
9,0342
9,5713
4,1831
4,7310
3,8747
4,2030
4,7445
9,5028
4,0811
9,1681
9,2778
3,8943
4,0830
9,2957
4,0247
4,0019
9,1465
9,6880
4,1306
4,0371
4,0302
9,7644
9,0711
4,7305
4,2852
9,2574
8,9571
4,1533
4,3528
4,3213
9,7945
3,9448
9,5659
4,1080
4,6158
4,4583
4,8529
4,6279
9,0857
9,6774
9,1811
3,9268
4,8353
9,5611
9,3363
9,1607
4,4121
3,8407
9,2520
4,6758
4,4927
4,4096
4,8237
4,4583
9,3376
9,8517
4,5567
9,1801
9,6861
4,2953
9,4402
4,0412
4,7265
9,0124
9,2766
3,7720
4,0988
9,3302
9,4641
9,6541
4,7198
9,7591
4,3103
4,4889
4,6830
9,3722
9,6790
3,7879
3,8706
9,4293
4,2205
3,5987
9,7101
4,4726
3,6268
9,5337
4,7579
9,0510
3,9500
9,5700
4,2606
9,4157
4,1855
4,6396
9,4548
9,4644
10,1932
9,3182
8,8294
4,3007
3,8018
4,6183
9,2647
3,6494
4,0407
3,7907
4,5941
8,9372
4,0207
3,9471
9,2417
4,9268
9,7593
4,0756
3,8658
3,9452
8,8249
4,1746
9,6783
8,9555
4,2770
9,5166
9,3638
4,3851
4,5600
9,8120
4,7101
9,2639
4,6331
4,6339
8,9219
4,2443
8,9112
4,9180
4,1084
4,7143
3,8271
9,0707
4,1170
4,7809
3,9950
3,7462
4,6029
4,5069
4,5132
4,0084
4,5891
4,0319
4,1334
4,3673
9,4066
4,2417
4,6621
4,2306
4,6939
9,2574
9,6671
9,3579
4,0102
4,3579
3,9939
9,4954
9,1982
9,0583
9,1664
3,7577
4,3118
4,4704
4,6120
3,7055
4,4060
3,8588
4,3397
9,1216
4,2734
4,5048
4,8166
4,4501
4,7351
4,4290
9,0751
4,2747
9,5889
4,2738
4,5635
4,0401
4,2198
4,3967
4,5109
9,1294
4,7173
9,5676
9,7016
9,1644
4,7735
9,7510
9,5922
9,1511
4,6333
4,2398
9,9180
9,7032
3,7744
4,2180
4,5924
4,1441
4,6053
4,2246
9,8900
9,5517
4,1210
9,2234
4,3758
3,9976
9,0693
4,4976
9,5182
4,1019
9,4127
9,2903
4,2169
4,2697
4,5159
4,0031
4,9093
9,3907
4,2892
9,4174
9,2788
9,6384
3,8887
4,3598
4,5181
4,4728
4,0192
4,1842
9,3459
9,6025
4,6893
9,5872
9,5113
9,2104
4,3343
3,5645
4,3211
4,9063
9,6238
9,2502
4,7572
4,1588
4,6106
9,4065
9,6833
4,2079
4,6065
9,3034
3,9326
4,3819
4,8081
9,5258
4,6378
9,5783
4,4762
4,3611
9,2910
4,1711
9,4658
4,9245
9,2476
9,5120
4,7014
4,1712
3,8876
4,4361
9,4553
9,3235
9,8320
4,6343
4,3046
4,3352
4,1137
4,5806
9,6859
10,1117
4,7915
4,2470
4,3995
9,3858
4,6915
4,5686
4,5495
4,0691
9,3270
9,6172
9,0545
9,8534
4,7668
5,4780
3,7068
4,5542
4,2091
3,8841
4,3907
9,2143
4,3662
4,6206
4,4262
9,5744
4,5612
4,0352
4,3335
4,3992
9,8527
4,5139
3,6911
4,5660
9,3817
9,4405
4,4680
4,6992
4,3895
9,0765
3,9589
4,3336
3,9248
4,3820
9,3861
9,0019
4,7407
9,2293
9,5838
9,5384
9,7907
4,4980
3,7396
4,1762
4,2451
4,1745
4,4413
4,4004
9,6050
4,7531
9,7167
9,4673
9,1937
4,5898
4,8859
4,6115
3,7831
4,5544
9,5499
4,5364
4,5341
4,1739
4,3078
9,7605
9,4516
9,0404
9,4928
4,5682
4,7553
3,9896
4,5370
4,5545
4,2908
9,2132
4,9762
4,5778
4,0146
4,6638
4,3840
3,8384
9,4741
8,9029
4,7968
4,5311
5,1379
4,9243
9,5310
9,2238
9,3313
9,1641
4,3791
9,3607
4,0391
4,1769
9,5430
4,1396
9,7779
9,5950
9,1133
9,4930
4,0827
9,4181
5,0073
4,8410
4,3082
9,1353
9,1219
9,5339
4,0557
4,5458
4,1059
4,2564
4,0855
4,7319
4,2607
9,3349
9,1990
3,8471
9,0325
4,6398
9,4864
9,3824
4,1998
3,5925
9,5212
9,4315
4,6426
4,5838
4,4222
8,8869
9,1628
4,2964
4,2712
9,3025
3,8094
9,3409
9,4911
4,2734
9,4979
8,9180
9,3743
9,5662
3,5529
4,1321
4,5309
4,3770
9,4156
4,3414
4,9332
4,2504
10,4138
4,4855
9,6367
9,4097
9,5254
9,4420
4,3853
8,9696
4,1379
9,6927
4,5699
9,3100
9,5999
4,4436
9,5195
10,0335
4,8721
4,7827
9,5573
3,9227
9,6364
9,2353
9,1975
3,9593
4,3745
9,1878
4,1038
4,0607
4,5031
5,1164
9,8475
9,6774
4,8167
3,7353
4,0043
9,6889
3,8909
9,6663
4,6801
3,2874
4,1484
4,4133
9,4793
4,4027
3,6087
3,8884
4,2937
3,9932
9,8164
4,8309
4,0857
4,1696
9,4679
4,2528
4,8150
9,0512
4,3962
9,2561
9,3890
8,9220
9,4262
9,5230
4,2236
9,4064
9,2069
4,5562
3,8855
4,6142
4,0568
4,8744
9,3648
4,3157
9,5159
9,7175
4,2942
9,7320
4,1072
4,2186
4,2725
9,1942
4,4035
9,1738
9,4729
9,2523
9,5087
9,4871
3,9952
4,3327
4,7947
9,3662
4,0559
4,1200
9,5858
9,7028
4,0510
9,6725
9,1235
3,7463
4,7709
9,1824
9,3359
4,1831
4,0250
9,4709
10,0072
9,3126
4,3252
4,6506
3,9313
9,1567
4,6335
9,5277
8,9709
9,8266
4,6228
9,4768
3,8977
4,7336
4,1155
9,5064
8,8490
4,3039
4,2276
4,5729
4,1765
9,1959
9,6055
9,4747
4,4289
4,5383
4,2321
4,3175
9,0381
4,4230
4,7893
9,2195
9,0683
3,8766
5,3631
9,2977
4,0935
5,1178
4,9046
4,3690
9,5232
9,6185
4,4764
9,8842
4,8644
3,8293
4,3772
9,3780
4,0502
8,7342
9,1949
9,6209
4,0387
4,6845
4,4606
4,2064
4,2614
4,7231
9,6222
8,9842
4,5893
3,8217
9,1646
9,6063
9,9239
4,2951
4,6215
4,6043
4,1768
9,0830
4,4556
3,8385
9,2633
10,0161
4,2215
4,1018
4,6122
4,4514
4,5465
9,4767
4,6147
9,2532
3,7986
4,4968
4,4597
3,8484
9,7444
4,6057
4,2470
9,5154
4,4165
4,4323
4,6764
8,9863
3,9404
9,1994
9,2428
4,8025
4,5370
3,9011
3,9625
5,5274
9,3347
9,6982
9,5774
9,1250
9,7243
4,1176
4,4452
4,3453
10,1980
4,2307
4,4913
4,6692
4,5244
9,2627
9,2646
9,0042
9,0190
4,3736
8,9907
9,1556
9,7391
4,0235
9,5260
9,3353
4,7341
8,8264
9,2321
4,5628
9,1741
5,0379
8,8918
9,0314
9,2480
9,5070
4,1556
4,8597
4,8562
4,0938
4,3043
9,2207
8,9717
4,5059
9,7375
9,1000
4,4209
3,9868
9,1732
9,6575
9,9239
4,5614
4,4983
9,0981
9,7272
9,2353
4,2013
9,8090
9,7792
4,9231
9,4159
9,6280
9,0734
4,1884
4,9737
4,0538
4,7897
4,5734
3,8439
4,3003
3,8624
4,2363
4,2657
4,0391
3,4125
9,7133
4,5661
3,9932
4,3857
4,0293
9,6875
3,9672
3,5904
9,0881
4,7493
9,6133
3,8824
9,4627
3,9864
3,7927
9,7585
4,9293
10,0216
4,1728
4,6958
4,2668
9,3018
9,3168
4,0214
3,9924
9,3745
4,4802
3,9144
4,3881
4,4097
3,9022
3,9420
4,3536
4,1383
9,3547
9,7892
4,4713
9,1212
9,4424
4,4794
4,0685
9,7632
3,9206
9,7798
3,9889
4,5966
9,0010
9,6402
4,3592
9,4473
4,6258
4,1246
10,1207
4,1338
3,5726
9,1860
3,8624
4,8033
4,3793
9,0584
9,1019
3,8814
9,5173
4,3924
4,5008
9,4510
4,4556
9,9690
10,4030
9,4976
9,4652
4,6310
4,2289
4,3595
9,7337
4,1355
9,0532
9,4883
4,5189
4,1822
9,4150
8,9790
4,1387
3,5436
4,0153
4,5693
9,8389
9,6894
9,3782
4,8734
9,9174
9,2783
9,3733
9,7729
4,3863
3,8669
4,2495
9,2389
9,5021
4,6277
9,3290
4,3431
9,7454
3,9618
4,1856
9,1121
9,1543
4,6655
9,4207
9,3249
9,3718
9,4199
4,5249
4,1190
4,1720
8,9503
9,5212
4,4200
4,3556
4,8232
3,5099
4,7881
4,0839
4,5667
9,6232
4,6263
8,5971
4,1788
9,8639
4,5607
9,8282
4,2337
4,9171
4,1762
9,4112
9,1671
9,8700
9,7310
4,3628
3,9682
9,4580
4,4719
9,6050
4,0125
4,8113
4,0999
4,7944
4,1175
4,2336
4,7889
4,5413
4,3074
3,9368
9,4284
9,6618
4,4649
9,3486
9,1293
3,8820
8,8864
4,0309
4,6647
4,1445
9,1229
9,9385
4,3233
3,9812
9,4995
4,7779
4,4684
4,3419
3,9970
4,3753
9,3687
3,4580
9,5531
8,7433
5,1393
4,0553
9,4154
9,2532
3,9686
9,6282
4,0715
4,2762
4,4711
3,9421
9,5135
3,9504
4,3964
4,4926
9,1946
8,9920
9,1584
4,5470
9,0755
9,2723
9,0177
4,1358
9,0625
8,4821
4,1563
9,6097
9,3660
4,1102
4,5824
4,3646
4,3215
8,9526
9,3854
9,3823
9,8472
9,6327
4,4136
4,3599
3,6957
9,6526
4,4238
4,2307
4,5355
4,2939
4,3327
9,4623
9,4455
9,7710
3,8422
4,3779
9,2449
5,1370
9,2302
9,7837
8,7778
4,7524
4,2626
3,7870
9,5864
9,0123
4,0566
9,4888
4,8449
9,2471
9,5846
9,0673
4,2020
9,4174
3,9389
4,2560
9,3786
9,4059
4,2070
4,5302
4,3812
9,1766
4,5942
3,6525
9,2285
4,1956
8,8349
4,7173
9,2740
9,3528
9,6066
9,5306
4,9493
3,8170
9,5183
4,0870
9,2676
3,6982
9,3952
4,5533
9,0270
3,7839
8,9414
9,4343
10,3919
9,0544
8,9277
4,2597
9,5564
4,4166
9,2122
9,5899
4,3179
4,2836
3,8046
3,6611
5,0949
4,7254
3,7122
4,4648
9,1697
4,3514
9,7019
4,6866
3,9819
4,4035
9,8562
9,2537
3,8535
9,0386
9,2704
4,7326
4,3530
9,4639
9,2028
3,9567
4,7938
9,1799
8,9587
9,5123
8,7099
4,3536
10,0692
9,5748
9,3884
4,5781
9,2428
4,7002
4,1101
4,1709
9,2120
9,6013
9,4312
9,4321
9,9859
9,5927
5,1367
4,4904
4,2780
4,1377
9,1739
3,3388
5,0986
4,0196
9,5499
4,4011
9,2408
4,3108
9,1452
9,4866
4,3519
4,5886
9,2558
4,6399
10,2677
9,0090
9,6398
3,5173
4,4468
9,0613
4,1989
4,6691
9,1458
4,2357
3,9037
9,1545
9,5549
9,0903
9,1479
3,9168
4,5679
9,3574
9,0610
3,7864
9,2674
9,0964
3,8010
4,3219
9,4294
4,5321
4,5042
9,3152
4,1608
9,4600
9,1492
9,6269
4,7265
4,1106
9,2986
4,4314
4,6874
9,1586
3,9556
4,4511
4,8275
4,2637
4,1412
4,6056
9,0913
3,8470
4,1610
9,4717
9,3491
9,9873
3,5315
9,5724
9,5116
9,4744
9,1455
4,3834
4,2128
4,5966
4,4126
8,9346
4,1661
8,6624
3,9173
3,7823
4,1686
3,8576
9,3853
4,3492
4,8900
10,0080
5,2329
4,8198
4,4964
4,2501
9,4575
9,1202
4,4669
4,6073
9,9147
8,6050
10,1023
10,2618
4,1552
4,3201
3,9251
4,3883
3,8475
4,6436
4,8164
9,3416
4,4053
3,4921
9,3132
4,1028
9,3046
4,7423
9,7343
9,4329
9,2372
9,3632
9,3922
4,2146
4,2887
4,1607
3,7237
4,5257
4,1182
4,2401
8,9609
4,6838
8,7085
4,3956
9,5735
4,4252
9,3969
9,6889
9,4598
4,4763
4,1901
3,4577
9,8107
4,5281
8,9914
4,3684
10,2198
9,2450
9,4267
9,9323
9,6569
5,0904
4,2919
4,3202
9,4125
9,6519
4,5685
9,2661
3,8624
3,9474
4,3569
4,3407
9,2687
9,3458
9,8007
8,4677
4,8956
4,2765
3,8214
9,7126
9,8972
9,2305
3,6956
4,6989
9,1775
9,1055
8,6901
9,1492
9,4753
9,4079
9,0114
4,4633
3,7478
3,6427
4,5197
4,2602
9,6437
4,9403
9,0651
9,4751
9,3884
3,9011
9,0756
9,1213
8,8509
9,5782
3,7535
4,1185
4,1939
4,5604
4,3382
9,2566
4,5458
9,3641
4,6297
9,6474
9,0624
4,3443
4,2961
9,2596
9,4015
9,3430
9,3880
9,5618
9,1947
4,5469
4,4990
3,9629
3,7587
3,4767
8,9842
4,4072
4,2940
4,0905
4,1294
4,0082
9,4295
9,9810
8,8559
9,3885
9,4185
9,6582
3,5922
4,4183
3,6666
4,7135
9,7719
9,9348
4,1821
9,3740
9,0079
4,1879
9,2932
3,9726
4,3859
4,2220
9,4170
4,4376
9,5522
4,6636
9,8411
4,2113
9,2424
8,8273
3,7945
4,5374
4,6800
9,2754
9,2786
3,6190
9,3859
3,6190
9,1092
4,1787
9,2600
4,0927
4,3505
9,9202
9,2591
9,7566
4,5470
4,1603
9,3741
9,6969
4,9046
9,5983
4,5336
9,5717
4,3174
9,5764
9,3709
9,2614
4,2892
4,3614
9,3493
4,2484
4,1725
8,8680
3,8694
9,6096
3,9682
4,2347
9,4790
4,4772
4,3339
4,3008
4,1715
4,6664
4,0842
4,0600
9,6218
4,3135
9,3023
4,8699
4,4578
4,4466
3,8199
4,1904
4,4338
4,6843
4,6645
4,1676
9,0178
4,1075
4,0128
8,9300
9,3044
4,8555
9,3334
9,3743
4,1782
4,1831
9,6404
9,1793
9,6526
4,1104
9,3045
4,8094
5,1759
4,2472
8,9437
9,3417
3,9750
9,3802
9,6941
9,9221
4,4263
4,7357
3,8440
9,7483
4,3884
9,7513
3,9129
9,2411
4,5613
4,1924
4,8415
4,5452
4,3656
4,5263
4,4341
9,3330
4,7838
9,6531
5,1046
4,4545
4,0643
9,4696
9,2879
4,1912
8,8824
9,3669
9,3711
9,3030
4,5848
4,3385
4,1819
4,2512
9,2741
4,0747
4,4619
4,2158
4,5002
4,5125
4,0006
9,6396
9,4145
9,6583
9,2168
9,3525
3,9609
3,7748
9,2817
4,6762
9,5691
4,4654
9,0839
8,7708
4,6152
10,1567
9,7320
3,7928
9,3552
9,6097
9,3216
4,7177
4,3934
4,3204
3,9903
4,3693
4,0773
4,0478
9,9869
4,7844
9,4669
9,9243
9,1010
9,2341
3,7985
9,6124
4,3243
9,1852
4,3148
4,0863
3,6288
4,3518
8,7465
4,6093
9,6389
9,7243
9,6761
10,0851
8,6287
9,2631
4,8215
9,3488
9,1487
4,3200
4,0329
9,3228
3,8062
9,7799
9,3672
9,5608
9,3621
4,5718
4,6682
4,1656
4,0013
9,6978
4,5518
9,4335
4,5430
4,5038
9,8833
9,0838
4,2681
9,6831
9,5748
9,6769
4,7295
9,7736
5,3191
4,6513
4,4753
9,4072
4,4830
9,1198
3,7845
5,2716
9,3385
9,6335
4,3648
4,8902
4,5782
4,3018
4,3215
9,3586
9,4351
4,4976
4,1531
4,3616
4,3451
9,5682
9,5737
9,7456
3,8176
9,0104
9,3982
9,5722
9,4605
9,5656
9,6531
10,0430
4,3468
4,3399
8,9157
4,5503
4,0057
4,2856
9,0021
3,6025
4,3364
9,8872
4,7108
9,4518
9,5262
4,5543
4,4678
4,5522
4,5244
4,4569
9,3171
9,6224
4,2460
4,4835
8,9807
4,0058
4,3399
4,3585
4,0940
4,6293
4,8360
9,3701
9,2280
9,8626
9,4795
9,7123
9,5094
9,3707
9,3426
9,1823
9,0666
9,1434
9,3583
4,1648
4,1771
3,4865
9,2663
9,8743
9,6013
4,3512
4,3330
9,5350
8,4076
4,2447
4,2461
4,5129
4,4334
4,2989
4,3215
9,5221
9,2869
9,5344
9,7480
8,9756
4,4789
4,6847
4,0981
4,2917
9,1024
9,4757
9,3687
4,0740
4,6154
4,4338
4,0078
9,3618
4,2060
4,7305
4,2799
9,1293
9,3279
4,3060
8,8446
8,8819
4,4686
9,6042
9,3612
9,3371
9,6460
3,6444
4,4003
9,7650
4,1374
9,4706
3,9902
4,4042
4,3546
4,5692
9,2779
9,4827
4,1718
4,9186
4,4051
9,3685
4,0924
9,6172
8,8581
9,4635
9,3263
4,0330
4,4355
4,5110
5,0162
9,1474
4,1992
4,5029
4,5225
3,7446
4,8612
9,7233
4,8272
4,9449
4,1353
4,2744
4,2101
9,5897
4,0001
4,3961
9,4183
4,3777
9,2515
4,2781
9,7492
4,5516
4,3799
4,3719
4,5934
9,0802
9,0863
4,5725
5,2204
8,9729
9,5163
4,4837
4,1332
9,8580
9,1795
3,7682
9,1439
9,1273
4,2579
4,3865
4,1019
9,3332
4,3063
3,9842
9,3796
4,2424
9,4321
9,4203
3,8020
9,5496
4,4334
9,7998
4,5454
4,0944
4,2923
4,7048
9,6285
4,7970
8,9990
4,2499
9,9033
4,1621
4,8791
4,6999
4,2681
9,1261
8,8442
9,5816
9,1282
9,5882
8,9281
4,2705
4,2358
9,5801
4,5125
5,1306
4,4415
9,4455
9,3884
4,2338
9,8393
4,1086
4,1189
9,1476
4,5918
9,3531
8,9245
4,7538
4,1398
4,8400
9,3884
9,9809
3,9317
4,6286
9,0800
4,0345
9,7925
9,5144
4,6566
9,1417
4,4034
9,3545
9,0035
4,3266
4,2022
3,8515
9,4619
4,1235
9,6650
9,6004
9,6174
9,1499
4,0927
9,7972
4,2890
4,2014
9,5864
4,3477
4,4284
3,9861
9,2052
9,3489
8,9417
4,3833
9,7379
9,6294
9,9872
9,3403
9,5717
9,1257
9,2806
9,4650
9,1248
8,9655
4,4739
9,0901
8,9652
4,2223
9,2454
4,8052
4,3801
4,0399
9,5487
4,5617
4,3759
4,0148
4,6703
4,4717
4,2791
9,5266
4,3798
9,5064
4,3087
4,6824
3,8402
4,8862
4,5042
3,6452
9,3104
9,7267
4,1786
3,9603
4,7664
4,2554
9,5189
9,4801
3,9695
3,9388
8,9125
4,6951
9,1164
4,4982
4,1350
3,9532
4,5277
4,6000
4,6031
4,0290
9,5174
4,5725
9,6699
4,2827
9,0905
4,0613
4,1875
4,0615
5,0137
3,9363
8,8734
9,4509
3,6803
4,4187
4,0353
9,6640
9,0356
9,0270
4,1960
3,5633
4,1513
4,2849
9,0645
4,7169
4,1235
4,2041
4,2436
4,6440
4,4232
9,5027
9,6421
4,0855
4,0163
4,5456
9,4250
9,3306
4,4543
9,3384
4,1679
9,5202
8,9529
9,6117
4,0740
4,3900
9,4215
9,9003
9,4037
9,2073
4,2383
8,8663
4,1234
9,4832
9,3210
3,9096
4,0398
4,2306
3,8042
9,2938
4,9732
4,3575
3,8931
4,0911
9,3311
9,1709
9,0821
9,8426
4,4834
9,7530
9,3690
4,2356
4,3642
3,6740
9,3335
9,5093
4,6591
4,6791
4,6810
4,5591
9,8581
8,7912
9,6179
4,0523
9,7721
4,2218
9,5370
9,5587
4,6321
9,4502
9,1963
9,8769
4,2066
9,4336
4,0778
8,6704
3,9547
9,5336
9,2295
8,9463
9,6834
3,9907
9,5319
4,6788
9,6780
4,0758
9,6337
9,1836
9,3646
9,2094
3,8909
4,8529
8,9075
4,2282
4,7566
9,3699
3,4148
4,4045
4,4948
4,0212
9,2272
4,7725
9,1660
4,7743
8,9169
9,6173
3,9396
4,2814
9,4141
9,0406
8,7641
4,4530
4,6069
4,2331
3,9766
4,3070
3,9384
8,8140
9,6784
4,7113
9,0828
4,4960
4,5647
3,7112
4,4931
9,2823
3,8830
9,1415
9,3240
5,2895
9,3097
4,8817
5,0421
4,8302
9,7200
9,4603
4,1126
9,4487
9,3114
4,3574
9,7246
9,3024
8,8946
9,0899
9,2351
9,0133
8,9823
4,6251
4,0528
3,6243
9,5139
4,5878
9,1947
8,6814
9,2983
4,5736
9,9256
8,9750
4,3015
9,4335
4,6175
4,2123
4,1739
4,6127
4,6368
9,0831
9,5473
4,3584
9,7654
4,1156
8,6905
4,5939
4,3486
3,9648
4,4305
9,5518
9,0052
4,7821
8,4803
4,1412
4,6290
4,2452
9,6695
9,4709
9,4137
9,7279
9,4718
9,3007
4,5615
8,7087
9,5057
3,5795
9,2312
9,2644
4,2415
9,3323
10,0420
5,0797
10,0606
3,8573
4,5536
9,4586
9,4486
9,0868
4,3652
9,4279
4,7080
9,8445
9,5753
4,0839
9,3631
4,7152
4,5643
4,5654
4,4716
4,1575
4,4507
4,2849
4,0920
4,6339
4,4746
4,2210
4,2864
4,7983
3,8819
4,4869
9,5035
9,6722
4,7248
8,7534
4,1491
5,0444
9,2884
5,0460
9,4053
9,3549
4,4457
9,4689
4,1675
4,6689
4,3084
8,7972
4,4138
10,0484
9,1799
4,5723
9,8230
4,5451
3,9026
9,0678
9,4873
9,2973
4,2963
4,5597
9,1241
9,3135
9,7740
3,9686
4,5503
4,0323
4,4306
4,0482
9,3094
9,3469
9,8785
4,0417
4,7025
4,1769
3,6653
9,4604
4,3886
9,7411
3,9535
8,7421
3,3058
9,6745
4,0737
4,2229
9,8596
9,4446
9,3361
4,2823
9,4326
4,5705
3,6190
9,2572
4,8013
4,2540
5,1788
4,1862
9,2981
4,6250
9,3187
9,2205
4,3989
3,8574
4,0300
8,8775
4,2167
4,8212
9,2833
4,4886
9,1692
4,1640
4,2033
4,1723
9,5033
3,5102
3,9025
9,7065
3,8244
4,7307
3,9450
9,3753
4,6299
4,5194
9,5298
4,0168
5,4065
4,2569
4,4494
9,2794
4,5814
4,6931
9,8816
3,9743
9,3442
9,4202
9,2820
4,6231
4,8843
4,1610
5,4460
4,6046
9,4621
9,1179
9,7449
9,2833
9,3846
9,3232
4,8373
9,3923
9,5540
5,0302
9,6514
9,7839
4,0834
9,1206
9,5610
9,5208
3,8342
9,0254
4,0302
9,4472
4,5348
4,8551
3,6512
9,7330
9,3719
4,5165
9,2271
9,5927
4,0354
4,6883
4,2939
4,2035
9,1861
4,7555
8,8552
4,1698
4,4710
3,8947
4,1057
4,1273
9,8310
4,1596
3,7580
4,8565
4,2959
9,3476
4,6248
4,3529
4,6116
4,1189
4,1128
9,2626
9,2073
9,1323
4,4294
3,9786
3,7746
4,3337
4,1601
4,0676
9,5193
9,0942
4,0986
9,3254
4,6067
5,2133
4,2515
9,4412
9,5324
9,6577
9,8136
9,2625
4,6563
9,2320
9,5034
4,2394
4,7744
4,3343
3,3180
9,3790
4,3616
4,8472
9,6969
9,5423
9,5613
9,4484
4,5097
9,3585
4,2236
9,0879
3,6770
9,1713
3,8183
3,9482
4,4748
4,0424
9,3890
4,6640
9,3012
4,6872
9,0918
8,9564
4,4787
9,6129
4,5535
4,5763
3,7973
9,6884
4,2707
4,7683
9,9602
4,5147
3,9496
9,1776
4,3184
9,8442
3,9313
4,6224
4,2102
9,3893
9,3968
9,8287
4,3290
4,1950
4,2221
4,2701
4,0997
4,3150
9,6076
4,6757
4,3825
9,1522
9,7160
3,6004
9,3796
4,5226
4,1926
4,0873
4,6557
9,1359
8,9793
9,0411
9,9024
4,1587
9,6421
9,2090
3,7551
4,3091
4,7520
8,9566
9,1883
9,3836
9,4021
9,7578
9,7863
3,7363
3,6708
4,1885
9,6175
4,4046
4,6010
8,9465
4,5220
3,8610
9,0727
3,4967
4,3376
9,9755
4,8828
9,7582
8,9973
9,2984
9,0862
9,1386
9,5195
9,4774
4,2437
9,3999
9,3577
3,3641
9,7963
4,7055
10,0245
9,2715
9,6561
4,2990
4,3023
3,9902
4,6142
3,8945
4,6207
3,9796
9,8478
4,7637
4,6510
4,7877
4,9392
9,3337
9,3538
9,5383
3,9751
4,3229
5,2494
9,4259
4,2399
9,2712
9,1615
4,1786
3,9598
9,2995
4,1891
9,8169
8,8924
5,0396
4,1950
3,9547
8,8631
4,1583
4,0751
9,4143
9,4189
9,2800
3,9054
4,0117
4,2831
9,5207
4,3715
3,9733
4,2017
9,5725
4,0630
9,2494
3,9611
9,0475
4,1205
4,5949
4,4117
3,7499
4,1871
9,1115
4,8569
3,7637
9,7914
4,1356
4,0090
4,5318
9,0416
9,4601
4,1924
4,2084
3,5609
9,0126
9,5834
4,6366
4,3888
4,2247
9,8169
4,1026
4,2060
9,0389
4,5323
8,5537
9,2422
9,0468
4,1059
9,1898
4,3773
9,5076
9,8171
4,4312
9,2357
4,0670
3,9778
4,7544
9,4886
4,3090
4,8753
9,3553
4,7565
3,9943
9,8625
5,0527
9,1540
4,1946
4,2276
4,9925
9,6133
3,9736
4,7096
4,3315
9,2242
9,1021
4,5109
4,4382
9,1866
4,7621
4,8907
9,2770
4,1612
4,3632
9,6384
4,2330
9,2345
4,3670
4,4403
4,2460
4,3235
4,3447
4,3138
3,5672
9,3059
4,1940
4,8338
9,7977
4,4628
4,0973
4,2999
4,4411
9,4019
4,1760
9,4447
4,3203
4,7109
4,3010
9,4262
9,3882
4,5536
4,0123
4,4666
4,1599
8,8972
4,1716
9,2857
9,3404
9,1759
4,3719
4,2947
9,1010
4,4608
9,5602
9,5669
3,9203
4,5107
10,0280
4,4749
9,7062
4,7947
4,1845
9,2454
9,6529
9,0904
4,7722
9,0146
4,3549
4,7074
3,7919
4,4728
9,3880
4,1281
9,2701
4,4288
3,9640
4,6213
3,9018
9,3829
9,6029
3,6424
8,9654
4,5966
9,5580
3,5172
3,6997
9,5632
3,8199
9,7081
9,6644
3,6649
4,6953
3,8327
9,7626
4,2500
9,0331
9,4993
9,3668
4,3129
9,8018
9,7901
9,3653
9,2032
4,1108
4,0342
4,6217
9,2300
9,1163
9,0790
9,5992
4,3404
9,4563
4,1949
4,5943
9,4353
4,3370
9,4149
9,4425
9,1929
9,4936
3,8367
9,5339
9,2941
9,4500
4,3736
9,1310
4,0597
4,3475
9,1909
9,5932
3,9129
9,2172
4,0961
9,4579
3,4992
4,8898
4,3842
9,0876
4,6088
4,5111
4,0668
9,0994
3,2893
9,7229
9,5111
9,2472
4,1904
4,1790
8,7480
9,4021
4,4652
9,6566
9,4522
3,9799
9,9190
9,2455
9,2519
4,3116
9,2558
9,9237
4,7515
9,4617
4,2378
3,4811
5,0923
4,7978
4,2494
4,0652
4,8557
4,4551
3,9267
3,8559
4,1088
9,2295
3,7429
9,2643
4,5582
9,3813
4,3494
4,5942
9,4792
4,4140
10,1254
9,0908
9,1564
9,9866
4,4297
4,7139
9,2194
5,0058
3,6761
3,5145
4,2763
9,0651
4,0841
4,2450
9,5119
9,4996
9,4397
9,4848
9,7360
9,1207
4,3148
4,2292
9,4321
4,3950
4,6700
3,9223
9,2832
9,4472
4,6582
9,5808
4,2626
9,0902
9,8101
9,1679
4,5369
4,7556
8,9661
9,4084
4,3685
3,7614
9,6730
4,3482
4,6912
4,4943
9,2976
4,0673
4,8099
8,7440
9,5613
4,1569
4,0968
3,7553
4,8562
9,5362
3,7028
4,2074
4,0384
4,7602
9,1203
3,9460
9,3989
3,7196
9,4023
9,0387
4,3963
3,5882
9,2445
4,2535
3,8090
9,4270
4,8544
4,6874
3,8462
10,1768
9,3223
4,9465
4,2873
4,0823
9,8079
4,3600
9,4140
9,1129
4,5877
4,3741
8,8045
3,8061
4,5791
9,1271
4,5656
4,3998
4,0046
9,3945
4,7559
9,5528
9,3221
4,2256
9,2061
3,9539
9,2052
4,1716
9,3073
9,3891
3,8363
4,1810
9,6442
9,0502
9,5180
9,4825
4,4160
4,2725
9,6207
9,6874
4,3654
4,5357
4,6905
9,1353
4,2464
4,8314
3,8408
8,9438
9,0371
4,0019
4,2423
9,2197
9,4941
9,0459
4,9282
9,4781
9,1765
9,4543
4,4375
4,4649
4,1380
4,0396
3,9101
4,2390
3,9771
9,4754
9,5823
4,3191
4,5677
9,5799
9,2950
9,6881
4,6167
8,9680
9,4676
9,0518
9,4293
9,4327
9,0800
4,5820
4,1924
4,3971
9,1462
9,0749
9,4692
4,5316
4,0906
9,5975
9,5978
4,3148
9,6959
4,4452
9,2054
9,0625
9,4513
9,5990
9,1545
4,2087
9,5008
4,4437
9,4581
9,8049
4,8798
4,6945
8,6485
3,9926
9,2969
5,1568
4,1281
9,3868
9,5000
3,9153
4,2814
9,3514
9,5501
9,5705
4,8788
9,3706
4,3833
3,6329
3,9909
4,5687
3,9026
9,9062
9,3673
8,7915
4,1866
4,9383
9,6013
8,8195
9,0410
4,0755
9,2336
8,9115
4,3712
4,3515
9,4987
4,2120
9,3453
9,1485
3,9694
3,4661
9,1972
3,7340
3,6576
4,9057
4,5765
4,5516
9,1462
9,5451
4,4855
9,4763
4,4201
4,9994
4,3070
4,0685
3,9568
4,8350
9,5119
4,2880
4,3409
4,7168
4,1627
8,6572
9,9758
9,4439
4,5718
4,0102
4,0749
4,2364
4,4966
9,1705
4,4655
9,6874
4,6878
9,6652
4,6354
9,3130
4,5960
4,3268
4,9023
4,6498
4,0301
9,6507
3,9178
9,5612
4,5368
4,8395
4,7554
4,1451
3,5772
9,7056
3,9468
4,3773
9,5423
9,7747
8,9899
4,2190
4,3379
9,3341
3,7325
9,5226
9,2210
9,7620
10,1421
9,4203
4,6292
9,3462
9,3694
3,7383
9,1764
9,0356
4,8907
4,6869
4,1208
4,1707
8,6888
9,7169
4,7025
4,8399
4,1562
8,6212
4,3383
3,9731
9,3033
4,5203
9,1279
4,6005
9,2823
4,6923
9,4376
9,3392
4,0236
9,3745
9,3419
8,8500
9,6033
10,0508
4,0840
5,0662
9,4960
9,2689
9,0085
9,7087
3,9891
9,0160
3,5206
9,9642
4,1165
4,5306
4,8695
9,7377
9,3189
5,1474
4,3619
9,1698
9,5621
4,2470
9,5839
4,7894
9,4778
9,3156
4,4964
9,6021
4,4161
4,8901
9,6771
4,6436
8,9589
4,3585
4,0983
3,6868
9,0023
9,9995
4,8988
3,8999
10,2210
9,2320
4,1814
4,5276
4,9704
9,7178
8,9358
9,5530
4,3779
9,6702
9,6118
9,0578
9,5206
4,1792
9,1370
9,1856
4,6719
4,1508
4,2005
9,1929
4,5128
3,9545
4,1619
4,5036
3,8962
4,0492
9,9815
9,2370
9,5588
4,5776
9,0132
3,9783
4,1951
8,9454
4,3449
4,1795
9,5291
9,0088
4,3702
4,2444
4,5051
4,9261
4,0968
9,3152
4,3995
9,5716
9,4615
4,8235
9,4051
9,3230
9,7076
4,1373
9,3379
4,2313
4,6654
4,0977
8,7981
8,9970
9,6836
9,2815
9,7389
9,0201
4,5127
4,7667
9,5958
9,1021
4,0938
3,9518
4,5331
9,7988
4,1892
9,3110
9,4669
4,3124
5,0070
9,3478
9,5836
9,1744
4,6742
4,3458
9,4439
4,2960
9,3166
9,4623
3,9243
4,3067
4,1251
4,1838
9,2615
9,1128
9,9177
9,4512
4,1630
4,5694
4,5424
9,5400
9,2741
9,3044
9,5267
9,8508
9,3000
4,1466
3,7624
4,4750
4,1808
4,8326
9,4684
9,4064
9,7494
9,5368
9,5224
9,4006
9,5573
9,6946
9,0164
9,2000
3,9567
9,3952
4,3629
9,1775
4,2337
3,5134
9,1259
9,1497
9,6409
3,6711
9,2254
4,8438
4,8128
4,1710
4,0439
3,9101
4,7478
4,2708
9,4612
9,4618
4,2232
4,0812
4,3723
4,5398
4,7464
4,4528
4,1429
4,1620
4,7166
9,2471
4,4659
4,2916
4,5011
4,2998
4,1811
4,5910
4,5373
4,2711
9,2051
4,6771
4,6796
9,6828
9,6960
9,2657
9,1448
9,2883
4,0503
9,3322
3,8316
9,7615
4,4137
9,4087
4,0988
4,2927
9,1518
8,7969
3,9172
4,7302
9,0272
4,2331
4,3488
3,9232
3,4722
8,9066
4,3269
4,8184
4,5617
4,5202
8,7372
3,9487
4,1061
4,4344
4,3146
3,6308
9,0691
4,0251
8,8950
9,6960
4,1593
9,2812
4,5067
9,8582
9,1518
9,3295
4,4282
3,9545
9,4365
4,2403
4,1633
3,7908
3,4677
9,3613
4,3423
4,2500
9,5767
3,6784
9,2942
4,4483
3,7768
4,9910
3,8481
9,5490
4,2245
3,8797
4,7242
4,2453
9,1494
9,4547
9,2274
9,3227
3,7392
4,2440
4,7093
9,0348
9,3624
4,8065
4,0633
3,9793
4,0526
4,9702
4,6056
9,8222
4,8935
4,9718
4,7082
4,2447
4,1833
9,7053
4,7065
4,3974
9,4978
9,0867
8,9522
9,5155
3,8627
9,4379
4,6009
9,2885
9,1100
4,7495
4,3643
9,2408
4,0174
4,3074
4,4814
4,0339
3,6311
9,2494
4,5119
3,7168
9,0144
4,4527
4,4417
9,1514
4,2619
4,0150
8,5673
9,5923
4,0303
9,5792
9,4230
9,4548
4,4262
4,6601
4,1191
4,5451
9,0101
9,3511
9,6479
8,7838
3,9971
4,0032
4,0768
4,1953
4,7899
9,0779
9,2722
9,2335
9,4111
4,4858
4,5537
9,5390
9,3798
9,2471
4,5450
9,6833
3,5213
9,3477
4,2184
9,4206
4,7074
4,5104
3,8177
4,0697
9,7109
9,2736
9,5724
9,7568
9,3571
4,0324
9,4792
10,1210
9,4079
3,7433
4,3594
4,7382
9,4738
9,6220
9,0491
9,1302
3,9978
4,8207
4,5099
4,1234
4,4181
9,6356
9,3842
9,4272
3,6395
9,1699
9,4278
4,5461
4,7999
4,5702
4,7574
9,5703
9,1657
4,0223
4,6837
4,7387
4,2812
4,1987
4,3909
9,5690
4,8583
3,7767
9,2644
4,1692
4,1442
4,1209
5,0755
3,7707
3,9350
4,7268
9,2249
4,6507
9,2251
9,3077
9,2023
9,5858
4,5651
4,5684
9,3052
8,9772
4,0560
4,1430
8,9750
9,5887
9,7529
9,0179
8,9716
9,3677
9,5151
4,3860
4,4008
4,5791
9,7367
4,1858
9,6223
9,8356
9,3134
9,2088
9,4951
4,2278
4,6681
4,5181
9,3305
4,7581
3,9416
9,4944
4,5658
9,9612
9,1533
4,0894
4,4952
9,3634
9,3171
4,5895
4,0102
8,8742
9,4974
9,2479
9,7177
9,2299
9,5633
4,4183
9,5004
4,4763
3,7308
4,5889
9,8566
10,0205
9,6630
3,9832
9,4572
4,2636
4,2352
9,7894
9,5028
4,6772
4,0199
4,5520
9,3558
4,4809
4,0928
4,5328
9,4531
4,0721
3,8055
4,3049
9,4527
4,5681
9,2213
4,6364
9,7977
9,8080
9,5118
9,2610
9,5651
10,1336
10,1497
9,4963
9,5724
9,0007
9,0893
9,5965
4,7802
9,6945
4,1860
4,2358
9,3046
4,6342
4,1459
9,6290
4,6448
9,5514
4,1427
4,3858
9,5944
9,3664
9,0294
9,7741
9,6033
4,8242
3,9736
4,0422
9,9366
9,7159
9,7664
3,9020
4,0835
4,2717
4,2835
4,0153
4,0117
8,9759
4,0312
9,0990
4,3607
4,7120
9,4412
4,8492
4,2100
4,0263
8,7206
4,7062
9,0280
4,6385
9,6079
9,4862
4,2995
9,2898
5,3178
9,1756
4,5596
8,7223
3,4079
3,6313
4,1730
4,1105
9,2868
4,1982
9,1670
9,3524
10,0438
5,0459
4,1941
9,8709
4,6058
4,2247
4,2180
8,9710
9,4361
4,8967
9,4018
4,8455
4,3023
8,9079
9,8757
4,4357
8,9277
9,7322
3,7166
8,9869
9,4911
8,9947
4,3938
9,8773
9,0370
3,9789
9,3900
4,7592
3,8820
4,8318
9,5882
4,2082
9,4869
4,1582
4,3859
9,5474
4,8273
9,6403
3,9117
4,4483
4,3464
4,5546
3,9748
4,1330
3,9897
9,7959
9,5257
3,7409
9,3330
4,0366
9,4268
4,5587
9,4437
5,0260
5,0384
9,7085
4,2558
4,2890
4,4223
4,9275
9,6924
8,9351
9,3627
3,8008
4,4017
4,3907
3,6424
4,8876
4,2773
3,9111
9,6478
9,4690
4,0260
4,7913
4,3503
4,4462
9,1554
9,4185
4,0795
9,4388
9,1999
3,3895
4,4247
9,6182
9,9078
4,7274
4,2502
9,6930
9,7299
4,4540
4,1532
9,1887
3,7450
4,3032
9,4507
9,5470
9,4995
4,3406
9,1629
3,7800
4,7923
3,9668
4,0308
4,3389
4,3493
9,3679
4,1825
4,6167
4,1752
4,4025
9,5202
4,4511
9,5322
4,1194
9,1152
3,8964
4,4665
4,7730
4,1135
4,1920
9,8185
4,4945
4,2816
9,4888
3,8885
8,8842
4,0624
9,1074
4,2393
3,9164
5,0357
9,3416
4,1737
9,5500
4,1189
9,4274
4,7126
4,3211
9,0148
9,3447
4,5751
4,6489
9,1551
8,9898
9,0420
9,3517
9,5038
9,7552
10,2115
9,5435
4,7311
4,0165
5,0149
4,7359
4,2550
4,3368
4,1897
3,9670
9,0758
4,6184
3,8243
9,4470
9,2440
9,5851
9,5125
4,4784
9,5780
9,4149
9,1206
4,4941
9,0990
9,7208
9,7675
9,2758
9,0538
4,2075
9,3682
4,7384
4,1232
9,7278
9,1099
4,2827
3,6131
4,4707
9,3352
4,2875
9,0589
4,2355
9,6839
9,3191
9,6001
4,5586
9,3747
9,8065
9,6449
3,6066
3,9011
9,3440
9,3655
9,4741
4,7703
4,5223
3,9600
3,6787
9,4097
4,0968
4,2224
5,0130
4,0778
4,7367
9,1975
5,1383
4,3141
4,4966
9,3579
9,5010
3,8631
9,4540
9,0822
9,2845
4,1006
4,3996
9,7743
9,5039
9,6028
9,1989
9,1220
4,0150
9,2288
3,8284
3,3952
9,2602
4,3682
9,4020
4,0339
9,5839
9,6785
9,9419
3,8444
9,0542
9,6747
4,3046
9,7118
4,4058
3,8322
4,3899
9,5705
4,7441
4,5385
4,4211
3,9047
4,4392
4,1938
9,2611
4,1032
3,9764
9,5652
4,3940
9,4780
4,6977
10,1088
9,4162
4,3570
4,6934
4,0944
3,8121
4,4777
9,1229
4,0131
9,3921
4,6125
3,9582
4,1004
3,5753
9,4641
3,9025
9,4373
9,6488
9,9168
4,0177
9,6526
9,3746
9,6098
4,4066
4,2434
9,3699
9,3305
4,0490
9,1719
4,5900
8,7920
9,3929
4,0636
4,5761
4,8818
4,1398
9,6763
9,0595
3,9885
10,0635
9,7035
4,2711
9,5514
4,7629
4,1430
9,1380
4,4840
4,4850
4,4275
3,8253
9,3676
4,2104
4,1072
4,1973
4,0867
9,4312
4,4977
9,6465
4,6388
4,6343
9,8455
9,2661
4,1510
4,4857
4,3682
4,5378
4,4835
9,1849
9,6226
4,1365
4,4992
9,4774
9,8623
4,3963
4,7250
9,7056
9,5178
3,5922
9,4443
4,3549
9,6690
8,8897
9,8517
4,4594
3,8553
9,3021
9,4163
4,6453
9,3172
4,2854
4,8467
4,6434
4,3229
9,4396
9,1777
9,5372
9,4624
4,6224
9,7596
3,8741
3,9137
4,8313
4,8699
4,5128
9,3472
4,5374
9,3311
4,3387
4,4493
9,2324
9,5715
4,4551
9,5676
3,7519
4,3763
9,4880
9,2236
4,2435
8,8965
8,9911
3,7038
4,1005
9,4504
9,6793
9,1423
9,5702
4,1241
8,9791
4,8233
9,1306
9,5119
8,9066
9,8933
4,1852
4,3728
9,2109
4,5526
10,0513
9,8945
9,6219
4,3916
9,8860
9,5972
4,4367
4,3556
4,4306
3,9253
9,6954
9,1472
3,6851
9,0270
9,9535
9,5364
9,4131
9,5084
10,2082
5,1933
3,8278
4,1763
3,7833
3,9031
9,2808
9,3301
9,4604
4,5545
4,6745
4,2125
9,7122
9,6886
4,2002
4,6971
3,7516
4,7649
9,2549
3,8663
4,0027
4,2318
9,4018
4,3040
4,3442
9,5760
9,2992
4,2013
5,2524
9,4096
4,3599
4,5611
4,2427
9,4185
9,0903
9,4346
9,6276
4,3213
4,1796
9,2504
9,5528
10,0287
9,7830
4,3663
4,4171
4,4167
9,2364
4,3929
9,4013
4,2710
4,4222
3,7966
9,6103
9,2026
9,6178
4,5076
4,3785
4,1948
9,3177
9,3505
4,6719
9,1106
4,3203
4,7943
4,3105
3,7805
9,9090
9,0173
3,9995
4,5501
9,1924
4,6816
9,6111
4,3416
9,7541
4,1997
4,4024
8,9967
9,8350
4,3491
9,7441
4,7711
4,6269
4,2512
4,0015
9,6120
4,0685
4,1486
3,9796
4,4323
4,0501
4,7310
9,5911
9,7267
8,9065
4,2918
4,4026
9,3388
4,8016
9,1476
4,0140
4,4312
9,7719
4,9216
4,1792
9,5899
9,2258
4,2337
4,0353
9,2493
9,1385
4,4503
4,7251
4,3016
4,0166
4,1940
9,2865
9,8164
8,9754
4,7662
9,5424
4,1044
3,7988
4,4129
9,0107
4,2149
4,4903
4,3889
3,6267
4,2890
3,6116
9,5920
9,4704
9,3352
4,7401
9,6144
3,4746
9,0008
4,8150
4,2382
9,7508
4,1947
4,4499
4,3174
4,0294
3,9183
4,0273
4,5909
9,1921
9,4370
4,5649
3,8520
4,0674
4,5188
9,6023
9,0342
4,6128
4,6544
4,5774
4,0255
9,6008
9,4421
9,1224
3,5460
9,0071
4,1271
4,2701
9,0371
9,0546
4,4571
3,9587
9,4041
4,2987
3,7436
4,4789
9,6221
4,4559
9,2651
3,9035
4,3597
9,8867
4,6353
9,5593
9,0544
9,0960
9,2570
4,9234
4,8398
3,8577
9,4667
3,9663
8,7958
4,3650
9,5218
3,8665
8,6697
4,2251
4,6062
9,0614
4,4395
9,1416
4,0687
9,1161
4,4107
4,0388
9,7350
4,4416
9,5883
4,7759
4,0304
4,6201
8,8817
9,5006
4,4256
4,3838
9,4013
8,9778
4,2153
3,9662
5,1077
9,2947
3,9390
4,0932
9,8329
9,4113
8,9124
9,2857
4,0438
4,1453
9,9199
9,2810
9,8764
9,6170
9,8076
3,6339
4,4449
4,1582
4,7545
4,4601
4,2389
3,3446
4,7702
4,5134
9,5214
9,3742
4,7623
4,0814
9,2454
9,0150
4,3959
9,0746
4,0227
9,6140
4,3552
4,2341
9,6457
4,0664
9,1584
4,7129
4,3884
9,5313
9,5453
3,5655
3,9122
9,4734
4,2269
4,2503
4,3695
4,4640
9,0515
9,4700
9,5267
4,7362
4,1915
9,0834
3,9430
9,5312
9,6225
3,6618
4,2253
9,3602
9,3789
4,1485
9,1462
9,1118
9,3308
4,1854
9,3425
9,9377
9,4960
9,6826
4,1473
4,5368
9,0854
9,6357
9,6276
4,3640
4,6220
4,6795
4,3644
4,8867
4,5356
4,8927
3,9641
3,8579
9,7059
3,9311
9,8226
4,0005
3,8350
4,5927
9,6745
4,3275
9,1215
4,0532
4,3084
9,5353
4,7204
9,1051
4,9067
3,9945
4,3997
9,6557
8,6894
4,6424
3,9427
9,4703
9,1849
9,2315
8,9741
4,2021
9,7128
4,1349
4,5500
4,8699
3,9148
3,7856
9,2427
9,5722
9,7137
4,2780
4,5617
8,9641
9,3550
4,3145
9,2606
9,3692
8,9949
8,6900
4,2110
3,8781
4,8186
9,5725
3,4163
3,5273
9,4689
9,5082
4,6180
9,3987
4,2439
9,1624
3,9990
4,1164
4,3923
4,1002
4,9228
4,8583
9,6228
3,6937
4,5829
4,5130
9,8134
9,3478
9,7984
9,0482
4,1365
9,1847
9,5196
8,9958
4,3929
4,6033
9,8167
4,5384
4,2455
9,2106
4,7307
4,5955
9,3076
9,3691
4,1121
9,4945
8,7321
9,9435
9,6343
4,4767
4,4837
4,2350
4,1300
4,0973
4,1559
4,6826
4,3339
5,0053
4,0238
9,6900
9,1978
9,4631
9,1579
3,9129
4,4802
8,9695
4,6462
4,1877
3,7924
9,4284
4,2507
9,0759
4,2995
9,9138
4,0493
9,0904
4,2463
4,2508
4,4019
3,9512
9,3614
3,7931
4,0980
9,6268
9,5082
3,8754
4,1621
9,5828
4,2935
3,8324
4,5755
3,7725
4,2629
9,8169
4,3898
4,2302
9,2687
10,0245
9,0242
9,7879
9,4064
9,0939
4,9735
4,4288
4,5614
4,2582
9,4223
4,4753
4,8323
9,4497
4,0513
9,5692
3,9851
4,1450
9,5211
9,7872
9,5578
9,5365
9,8071
9,5206
4,6740
8,9674
4,4647
4,5117
3,7853
9,6136
9,2670
9,1487
9,4736
9,2330
4,2268
4,7680
9,7033
9,6742
9,5341
9,0412
9,7732
4,4395
9,1569
9,6556
4,5286
9,7341
10,1229
3,9153
4,3312
4,5349
9,7028
9,6816
9,4206
9,3876
3,3381
4,5002
3,8108
4,4642
4,5295
4,2608
3,9375
4,6725
9,5485
3,7403
4,6986
4,4666
9,5222
9,2782
3,7375
9,4160
9,7044
4,2086
3,8628
4,4115
8,8727
9,6155
9,2259
4,2337
9,4716
4,3860
9,5657
9,2603
4,0653
9,3962
10,0174
9,6861
4,0536
4,6454
8,9294
9,1964
4,1296
9,4265
9,5253
9,1218
4,2409
4,1616
3,9089
4,8256
9,4607
9,7633
4,6454
9,1126
4,0697
9,9771
4,5676
3,6998
4,0624
9,4732
9,7533
4,1962
4,3401
4,3614
4,3792
4,0012
9,2608
4,4609
9,5339
4,6248
4,2453
3,6205
9,2231
9,1727
9,8639
9,4703
9,4935
9,4235
8,8172
3,8929
8,9031
9,2905
4,4140
9,2876
4,0942
9,3593
4,8166
4,3746
4,4384
3,8228
9,2781
9,1152
4,1071
9,5031
4,4290
4,0529
4,8489
9,4760
4,2979
9,5796
4,3599
10,1124
9,5086
9,6699
4,5952
4,7037
4,5339
9,4674
4,4542
3,7613
9,5193
9,4896
9,1352
9,5427
4,6184
9,0346
4,1496
9,3041
9,7892
9,4071
9,2276
4,3004
9,5603
9,8981
4,7137
5,1687
9,2919
4,1210
9,2736
9,4856
4,0283
9,0947
9,5812
9,5013
9,3536
9,5287
9,2307
9,3520
9,2272
9,3821
4,7493
4,1945
4,1695
9,1516
4,4637
4,8101
4,5950
4,3865
4,3367
3,9571
8,8570
4,3795
4,1578
4,5230
4,4107
3,5883
4,6554
4,4287
9,6058
9,9931
8,5635
9,4720
9,3058
4,5337
10,0034
4,4121
4,3631
9,7012
9,3267
9,5724
4,5534
4,3633
9,5383
8,9555
8,8933
9,7452
9,0321
4,4117
8,9800
4,3437
9,6846
9,1311
9,2498
4,6364
9,5517
9,6445
10,1231
9,0083
4,0648
9,3553
9,5912
9,4544
3,8907
9,3853
9,3635
8,6048
3,8442
4,2726
4,1072
4,6757
4,4759
4,6681
3,8837
4,2228
4,6230
9,6459
9,8469
9,6414
9,4590
4,3750
9,1755
4,7519
9,7179
4,9480
9,4952
9,1871
4,2925
9,4820
4,2722
9,3451
3,8100
9,6372
9,9402
4,2948
4,5477
4,5567
4,2283
9,1792
4,2365
9,1899
9,7428
4,5544
4,3176
9,3220
4,2701
9,7492
4,5440
9,2176
9,0573
8,9525
9,4033
9,4552
4,4487
3,3321
4,4814
9,3623
9,2367
4,6376
8,9883
9,4956
4,3718
8,8615
4,2566
4,1673
9,5793
4,9098
4,3962
4,0320
9,6478
9,3965
4,0598
9,3847
9,0620
3,9996
9,5604
9,0634
4,6109
9,5037
4,8470
4,5899
3,6634
3,7377
4,1979
8,9553
9,3990
9,5303
9,1105
5,0773
4,4675
9,3524
4,4005
4,1958
4,3546
9,7392
5,1083
4,0931
4,8348
9,3197
9,6062
9,2591
5,0159
9,3693
4,5214
9,6294
3,8541
4,3143
9,4738
4,1791
4,0769
4,2653
10,0448
4,3635
9,3395
4,1007
4,4254
3,9821
4,9404
4,2109
9,7419
9,3519
9,5751
4,7932
3,9103
4,5413
9,2371
9,7505
4,2656
4,3380
9,4296
3,8229
9,5279
9,3046
4,4845
4,0471
4,1273
10,0101
9,0702
4,4031
4,8288
4,3153
9,5720
4,8426
10,0254
9,5652
4,6946
9,0569
4,1090
4,8797
4,3720
4,0208
4,2437
4,5144
4,5870
4,2745
9,9108
9,2732
4,5148
9,4564
9,2084
5,1203
4,5160
9,5427
10,0758
3,5979
3,7149
9,6388
4,8136
9,6887
4,4710
9,2811
4,4476
9,7030
9,1073
10,0394
4,4680
3,9707
9,2976
9,5638
4,2870
9,7393
3,7676
3,5419
4,4997
4,1454
9,1837
10,0725
4,0960
9,5407
3,9574
4,0683
9,7119
4,2902
4,2109
9,1947
4,0759
9,4621
9,2732
4,2331
4,4777
9,4093
10,0463
4,4286
9,6194
9,2238
4,4097
9,3329
4,1955
3,7975
9,6308
9,5179
4,4120
9,3483
9,5427
4,9232
4,6698
4,2584
9,3960
3,4969
9,6964
4,4257
5,0226
9,1321
9,5832
10,2534
4,6128
3,6963
9,5127
4,1005
4,1065
9,7299
9,2661
4,8307
4,1409
9,4380
4,4526
3,9873
9,5204
9,5580
3,9124
9,2670
4,8724
4,5795
4,0087
8,9954
9,2733
8,7252
9,6429
4,6470
4,5500
4,1344
9,0072
3,4187
8,9929
4,4047
4,3003
9,4415
4,1220
3,9114
4,5799
4,6673
4,6274
4,8945
3,6621
4,3418
4,0666
9,7350
8,9485
9,7214
9,8784
4,1363
9,7237
9,0698
9,4580
3,9749
9,1351
4,0921
4,6498
4,7985
9,2001
8,9945
9,4791
3,9087
9,9752
4,6155
4,3419
4,5589
9,6192
9,7793
4,1107
9,4408
4,6825
4,4256
9,7452
4,0919
4,2597
4,0738
4,1562
9,6284
9,6321
4,4571
9,5848
3,5865
9,5162
4,9333
3,9617
9,5850
3,9691
3,8396
9,1010
9,7351
4,4724
4,0680
9,3237
4,0794
4,0197
4,4146
3,8516
9,8534
3,8198
9,3247
9,0426
9,5898
9,1846
9,3760
4,8435
4,1209
4,4006
9,7711
4,8850
3,9904
4,4344
4,7962
4,4640
4,3766
9,4450
3,9960
4,5506
9,1714
4,5309
9,7444
9,5588
4,1282
9,5692
9,2466
4,6820
9,1295
4,1310
9,7256
4,2373
8,9517
3,8130
3,5916
4,2613
9,6018
4,6426
9,6608
4,5917
4,2936
9,9185
9,1559
4,3381
4,5863
3,7815
4,1680
9,3735
4,9749
9,8646
4,4062
9,0271
4,2418
9,3583
9,0679
9,4371
4,6778
4,7684
4,5715
9,3150
9,2469
9,1427
9,3845
4,5243
9,0463
4,0530
4,2413
4,2065
9,8927
9,7380
9,5349
9,7905
3,4908
4,5637
9,4078
4,7573
4,6695
9,3592
4,4537
4,3564
9,8075
9,1488
8,9026
4,5565
3,9862
9,1185
9,0899
9,0722
4,6914
4,3083
4,3736
4,3453
4,8138
9,4436
3,9824
3,8087
9,4216
4,9113
4,4771
9,7715
9,0371
4,0679
4,3394
9,2590
9,6297
4,0076
9,5515
4,7237
4,2531
9,3404
9,4468
4,8650
4,5412
8,7103
4,6604
4,3242
4,7208
9,5983
8,9962
9,2031
4,0992
4,1988
4,5988
3,5585
4,2066
4,0188
4,4243
4,2783
9,6988
9,4481
4,4487
9,0823
4,2414
4,3503
9,6263
9,8128
10,2441
9,2824
3,9818
4,4193
8,7888
9,5406
9,5248
8,6623
4,2859
9,3179
4,5518
9,5540
9,1432
9,3675
4,2915
9,3282
4,7790
9,8477
4,9324
10,2591
9,2404
9,4486
9,5845
4,9449
4,1617
4,3314
9,1076
4,3965
9,6474
4,1055
9,8849
9,3661
4,4117
4,4946
4,7112
9,3003
4,2056
4,0378
4,3163
9,4334
4,0390
4,1286
4,4844
4,0578
9,3753
4,6086
9,0604
4,2912
9,2176
3,6052
4,8974
4,8892
9,0234
4,2047
9,2553
9,5280
9,5808
9,9262
9,2966
4,7876
10,0701
9,3887
4,5989
9,6185
3,4857
8,8800
4,0012
3,9468
9,3378
3,5602
9,5556
9,3211
4,4582
4,1496
9,6475
4,4235
4,8479
9,8014
9,6282
9,5637
9,3814
4,3947
9,0927
9,4757
9,2195
4,1704
4,8231
9,6115
9,4188
9,3786
9,5513
9,8024
9,3716
8,6770
9,2216
9,2591
4,5340
3,9300
5,0812
9,0452
9,3397
4,0578
9,5792
4,4934
9,6896
4,1497
4,2870
9,5864
4,4109
4,4264
9,4839
9,6187
4,1099
3,7506
4,2158
9,4406
4,0100
9,7174
4,2076
4,7090
9,2887
4,0945
9,1486
9,8620
4,2569
4,4549
9,1881
3,8575
9,1092
9,7781
4,4636
3,9859
3,7262
3,7434
4,4256
9,5098
4,1802
4,1438
4,7342
3,9477
9,7074
9,0053
9,3234
9,4818
9,7286
4,3780
9,0424
9,1237
9,8436
8,8361
3,9725
8,9591
4,1907
4,7454
9,3562
4,1764
4,8753
9,2387
9,7956
9,1852
9,1739
9,4354
9,6546
4,4067
4,8491
4,4845
4,4395
4,2343
4,5181
4,0480
9,4300
4,1887
4,6366
9,3262
9,5656
9,4505
4,0795
4,3065
9,3246
3,8432
9,5478
4,2918
4,4709
9,0406
4,3189
4,3829
9,1653
9,6566
9,7558
4,1100
4,0686
4,7310
4,8338
4,1368
9,2467
4,4326
5,1009
3,9444
3,9300
9,6439
4,5648
9,3250
4,4152
4,8690
4,1253
9,9446
9,3490
10,0422
9,3342
3,9996
4,4347
4,9471
9,5201
9,7999
4,3022
4,7453
9,3397
9,4118
4,0043
9,6033
9,3940
9,5509
9,2122
4,3523
9,1661
4,0624
4,0061
4,7048
8,9915
3,7325
4,3846
4,7225
4,6399
9,1724
4,2623
8,6760
9,1503
10,0451
4,9031
4,4627
4,2665
4,3906
9,3649
9,0330
9,2240
3,8618
9,1928
5,3836
4,0780
4,5369
3,9716
4,8406
9,3668
4,7320
9,0432
9,4739
9,6611
4,1989
4,2650
4,5638
4,7725
8,9447
4,3771
4,2469
4,3928
4,5462
9,3414
4,0083
9,9844
4,4267
9,4987
9,5574
4,1210
3,8955
4,1035
9,3746
4,7626
4,1562
4,2799
4,6835
9,2621
4,1589
9,0276
4,3903
4,4525
9,4605
9,4673
4,4231
8,9819
4,0606
9,9739
3,8150
4,5447
4,5496
9,7085
4,1377
4,0920
3,6870
9,9103
4,1084
9,3297
4,6790
4,1177
4,6428
9,5414
4,8278
3,8387
3,5453
4,1740
4,0394
9,3397
3,5751
4,4862
4,0927
9,3858
9,8342
9,3402
8,6027
4,3859
9,3776
9,2336
4,2041
9,0626
4,5115
4,1652
4,2720
4,4747
4,6533
9,3015
4,5483
9,3067
3,9095
4,2163
9,4502
4,3873
9,5981
4,3485
4,5467
9,5071
9,1482
3,7403
9,0751
9,3898
9,0998
3,4808
8,7165
3,6553
4,2259
9,5555
9,3167
9,7695
4,7190
4,4918
9,2532
9,2203
4,1114
9,7110
4,2613
9,3085
4,4569
9,6907
4,2119
9,7622
4,0172
4,4635
3,9268
9,3512
4,2974
3,7902
9,3342
4,7353
5,0025
4,9569
9,7388
9,5002
9,4218
9,1347
8,9489
4,4836
4,1212
4,1526
9,3981
9,3982
9,7426
9,4556
9,2273
8,9608
4,2048
4,6453
9,0306
4,7552
4,0917
9,1974
4,5475
9,9598
9,3068
9,6066
8,7771
5,0592
4,0851
9,2017
9,7210
9,3720
4,4521
9,6192
9,7162
9,5972
9,4639
9,6134
9,7385
4,4912
4,1572
4,8530
9,1590
4,2357
4,0507
9,7522
3,8691
9,1534
9,2458
9,1242
3,8636
4,1378
9,3735
4,3366
4,3117
4,4348
9,7136
3,6100
9,4702
4,7051
4,4035
4,1003
4,1469
5,0927
9,5566
9,2183
4,5948
3,9905
4,5042
9,1842
9,6206
9,4362
3,6513
9,5086
9,1455
4,0502
9,4069
9,2808
9,0598
9,1808
4,3948
4,9072
4,4136
4,4884
4,4473
9,4147
4,4619
4,7653
4,4937
4,9239
4,5535
4,4794
8,9853
4,7236
4,1179
4,4584
4,2317
4,0117
4,6565
8,8919
9,5677
9,1314
10,0156
4,2265
4,1769
9,0000
9,4011
9,2005
9,4730
4,4523
9,6170
4,1016
4,3276
9,6185
3,7942
4,5320
4,3406
9,0618
9,3331
9,4574
9,4969
9,4227
9,2547
9,8450
9,6180
4,2160
9,1944
3,9127
4,7747
4,4488
9,2171
4,2985
9,5013
9,5106
4,4320
9,7034
9,9300
9,7060
4,3464
4,3704
4,4244
9,5985
9,3161
9,2743
9,2674
9,4856
4,2795
9,5982
9,4503
4,8334
4,4234
4,3250
4,5900
9,5424
9,4845
9,4267
3,9913
9,4314
9,6948
4,5887
4,7841
9,1602
9,6345
9,2711
3,9944
3,9147
9,7161
8,8685
4,4597
9,3927
9,3593
4,1646
4,1483
4,3559
9,5683
9,1521
4,5464
9,4314
4,7573
9,3924
4,4568
9,6758
3,9169
9,6508
4,2478
9,9418
4,3593
4,8943
9,2833
4,2439
9,6820
3,6322
9,9167
9,6443
3,6888
4,0677
4,4137
4,6293
9,0879
9,6669
4,5789
4,1718
4,5027
4,2638
3,2714
4,0736
9,3010
9,7317
4,9832
4,1636
9,3881
4,8734
4,3288
4,6066
9,3681
4,6926
4,0866
9,0277
3,9796
9,3569
4,5227
3,9977
4,4769
9,6650
4,0102
3,9094
8,8728
4,4707
4,1751
9,4912
3,7652
4,6131
9,3911
9,4032
9,1530
3,5383
9,6295
3,3918
4,7419
4,0102
4,0454
4,8905
4,6222
3,8414
4,1014
4,4710
4,3857
9,1810
9,0984
9,8865
5,1220
9,3027
8,9994
4,3648
4,6713
4,3242
9,1071
4,3603
3,7803
9,1032
4,4491
9,4657
4,7141
9,2866
9,6042
8,9337
9,4627
4,2607
9,6239
4,5970
9,3913
3,8227
9,4384
9,1594
4,5022
9,0626
4,4259
9,1825
4,3695
4,0792
4,7099
4,1638
9,5445
9,7622
9,6941
8,6622
9,2437
9,3792
9,3860
4,0237
4,3598
9,9028
4,7900
9,5769
9,2900
4,7227
9,2733
9,3674
4,7538
4,9211
4,5966
4,1161
9,3197
3,6658
9,3565
9,7290
4,1156
4,5590
9,2197
4,6234
4,3176
3,8759
9,3568
4,0112
4,4422
3,7184
9,4841
4,0472
9,2903
4,4584
3,6723
9,6960
9,8090
4,3648
4,4254
3,8252
4,5062
4,1268
4,7620
3,5169
9,3000
4,3541
4,3468
4,5835
3,9779
9,0934
3,5910
9,2034
4,0847
4,5170
4,5174
9,4732
4,4558
4,4404
9,3115
9,8072
9,2567
4,1241
4,7676
4,0359
4,0832
4,5961
4,4766
4,2729
4,6097
3,8908
4,5206
4,1834
4,0215
4,3858
4,7517
3,7416
9,2154
8,9484
3,5670
4,3484
4,9236
9,3681
4,7800
4,2640
4,2889
9,3380
9,6552
4,0149
8,9701
9,4606
9,5071
9,8824
4,3092
4,3047
4,4370
4,0909
9,5824
8,7891
8,8754
4,0522
4,5885
4,9108
9,1258
3,8447
9,5230
9,4311
9,6928
4,6744
9,3540
9,7913
9,2772
10,0396
9,3844
4,6029
9,3450
9,3084
4,5195
4,8696
4,3636
4,5477
4,2303
9,3297
4,5760
4,4836
9,3884
4,2014
4,5590
9,7869
9,0686
3,8430
4,4008
4,1103
5,0091
3,9638
9,2441
9,1714
9,6336
9,4119
4,7328
9,4681
9,2656
4,0638
9,3768
9,6889
9,7353
4,1942
4,0507
9,7449
9,3069
9,3852
9,3306
8,9129
9,6079
4,4051
4,0116
4,5419
4,2421
9,8236
4,3367
4,3593
4,3431
9,2459
9,2746
9,5243
10,0777
9,2267
9,6860
4,0807
4,0151
8,9573
9,4579
4,0994
4,0315
9,3396
9,0705
3,6895
3,6065
9,5509
3,6950
4,5882
4,4350
4,2820
4,2979
9,2679
4,5761
4,4718
4,3044
9,8295
3,8894
9,6899
9,9205
9,1970
8,8838
4,6696
9,4652
9,5454
3,6442
4,5090
5,1328
9,3181
3,9700
9,0097
3,8411
4,2741
9,6318
4,3344
9,0782
4,7331
9,3374
4,3545
4,2373
8,9948
9,1133
3,9397
9,6148
9,4675
9,1100
9,4104
9,5657
9,5604
9,1305
9,5959
4,0070
8,9310
4,4335
4,7062
4,4587
3,9566
4,6270
9,5014
4,6119
9,4641
3,8060
9,3717
4,2602
9,2554
9,5012
3,7763
4,0832
4,1447
9,8320
4,0714
4,4693
4,6183
4,4338
4,4119
9,3347
3,8655
4,3745
3,9613
4,8980
4,6370
9,4909
9,3811
4,3808
9,1600
4,6188
4,4758
9,1524
9,3261
4,0477
5,0414
9,8084
9,5064
3,9546
3,9392
4,4287
8,9535
9,1043
9,2440
4,6128
4,2529
4,2799
4,4192
9,2381
4,2492
4,0463
9,8149
9,5110
9,4003
9,1500
9,8263
8,8463
3,6207
4,5323
4,6397
4,6914
4,5727
9,3390
4,5784
3,9435
4,5491
9,0258
4,2379
4,7489
4,5228
3,9169
9,0423
9,4962
3,8802
4,2952
4,1519
4,1239
4,3185
4,0616
3,7045
4,1397
4,5963
4,1690
4,5399
9,2886
9,9362
9,1860
9,7502
9,2993
9,7150
4,3400
4,2757
9,9922
9,0466
3,8658
4,0864
3,9364
3,7756
4,2476
4,4522
4,1261
4,3816
4,6729
4,2106
9,6127
4,8068
3,8847
9,1431
3,8095
9,7057
3,4544
4,3153
3,4786
3,5293
4,6491
4,0282
9,5940
4,9524
4,0840
4,3281
4,3451
9,3405
9,6917
8,9741
3,6946
9,4658
4,2560
3,8687
9,4553
9,2467
9,6272
4,2055
3,5824
4,2618
9,5324
9,5618
4,0834
4,2056
4,3881
4,2393
4,0751
4,4490
3,8215
4,2087
4,1731
4,0261
4,6097
9,1819
9,1386
9,0152
9,9350
3,9222
4,3041
4,8524
4,2877
4,8675
4,4862
4,6160
9,3474
4,4347
4,8928
4,3480
4,3143
9,4829
9,7706
4,9121
4,7754
9,6024
4,4506
9,2868
3,6711
4,1459
4,3107
3,9049
4,1615
3,8121
9,6636
4,4339
9,0266
4,3366
4,4168
4,4842
4,8207
9,5956
4,1643
4,4021
8,8614
4,2778
9,6381
4,5717
9,1712
9,0839
4,1829
3,6537
4,0427
4,3339
9,7083
3,8781
4,1956
9,1021
8,4300
3,4844
9,8032
9,8640
3,7679
9,5505
4,5791
4,5190
9,2874
8,8885
4,4435
9,8302
4,5419
4,2348
4,4338
8,8522
4,9013
4,2679
3,8232
4,2509
4,4199
4,6777
9,6583
9,4244
9,2824
8,9005
4,3868
4,5552
4,1635
4,1728
9,2987
9,2952
4,5107
9,4991
9,6101
9,7274
4,9460
4,5239
9,4789
9,0937
4,3342
9,6083
4,1506
9,1160
9,5543
4,1994
4,4092
3,8948
4,5310
3,8964
4,6742
9,3112
4,5211
4,5192
9,1240
5,1911
9,2927
9,5402
4,3138
4,8277
9,1836
4,4604
9,8841
9,3952
4,2406
8,8963
8,9982
9,1879
4,4463
9,3474
4,1941
9,1572
9,2154
4,2179
8,8691
3,7992
4,0344
4,6477
3,9708
9,2836
4,9414
9,6556
4,5271
9,8223
9,4915
8,8238
4,6445
9,3990
4,4574
4,2259
9,8051
3,7572
4,3792
4,4029
9,1271
9,3414
9,3069
4,0707
4,2663
9,3064
3,9657
9,6099
4,2557
9,6245
9,5115
9,4028
3,6587
9,6951
3,9997
4,4286
9,3247
4,5451
9,3044
9,6526
4,5394
9,2267
9,2308
9,5433
4,5632
4,2229
4,8513
4,0291
9,3751
3,4060
9,3589
9,9372
3,7046
4,2478
9,4117
3,8645
4,3728
9,4769
9,7466
4,6693
4,1880
9,4443
9,2840
9,6234
3,8599
9,5263
3,7979
4,6555
9,5402
3,9105
4,5952
9,0314
4,6737
4,1502
4,3004
4,4565
9,3622
4,3368
4,9789
10,0105
9,5361
9,6534
9,5852
9,1850
4,0885
9,5091
3,6788
4,1714
9,1099
4,1331
4,6244
4,1645
9,2213
9,4320
4,0890
4,1236
9,0931
9,2566
4,6084
4,7546
9,1541
4,1141
9,3945
8,9768
4,2328
5,3277
9,2484
4,6233
4,1836
4,1738
3,8184
9,0880
9,4628
4,2204
8,9523
4,2199
9,1062
4,5250
4,0971
4,7268
9,3709
9,1249
8,9359
9,1461
9,2439
10,0535
4,1810
4,3579
3,8981
4,5127
9,0206
4,4588
4,5236
4,3026
4,1327
9,2829
4,4968
8,9058
4,5897
8,9575
9,0335
3,8129
4,4903
9,5136
9,5667
3,4988
3,8758
4,0329
4,4298
9,2532
4,5145
4,4368
4,3150
9,7362
9,1910
4,0715
4,3190
9,5594
4,3526
9,4764
4,0731
9,5370
9,5240
9,6220
9,7051
4,3445
9,5049
4,4526
4,4296
3,9351
9,8051
4,3002
9,2461
9,8034
5,0325
3,5744
4,2062
3,7492
4,1867
3,9317
4,9190
9,0220
8,6037
4,2072
9,5006
9,6834
4,1982
9,2344
9,8307
9,0595
4,1713
9,1168
10,2745
4,3684
4,3020
4,2763
9,3529
4,3238
9,1944
9,3539
9,3815
9,8464
4,9409
4,3306
4,7876
3,8511
4,3367
9,0132
9,6685
4,1421
4,1795
4,6637
4,9005
3,6775
9,0760
4,6995
9,2148
9,2788
9,3506
9,5080
9,2496
9,2838
3,8867
3,9613
4,8834
4,1123
9,4168
9,4676
4,8746
9,5532
9,4912
4,6366
9,0165
9,3876
4,1764
4,7867
4,4854
4,1593
4,1927
9,2238
3,9680
9,2948
4,6870
10,0735
3,7729
4,2249
9,8516
9,2221
4,4988
4,3710
4,3276
4,2774
4,1769
8,7555
9,8838
9,6443
4,2842
4,3689
9,1213
3,6281
9,4539
4,3752
4,0799
3,7986
4,3711
4,2675
9,4621
4,7902
4,4531
4,2776
4,1058
9,6338
4,1887
9,4594
4,2611
9,1339
4,5031
9,0502
8,8663
5,2850
9,3526
8,9542
4,1997
4,6015
3,8299
9,6977
8,9667
4,1487
9,1178
9,2605
4,4205
8,9223
4,4096
4,7912
9,3514
4,4148
4,7667
9,4698
9,5525
9,8344
3,8913
4,5886
4,5219
9,3294
9,4917
4,3285
4,6112
4,4324
3,8762
3,9907
4,1686
4,0068
9,3427
4,4633
4,5385
4,0745
4,0754
4,1644
4,1533
9,6255
9,4902
4,0878
4,6631
3,7968
4,9152
4,3662
4,0574
3,5781
9,7135
9,5895
9,3022
9,3525
9,5795
9,4343
4,1262
4,5781
3,9921
9,9662
9,1185
5,3549
4,3692
9,4740
4,6098
4,2383
8,5235
9,5430
4,3905
4,5808
4,5026
9,0395
3,9371
4,6463
8,9161
4,3193
9,4656
4,4407
4,0631
4,2194
9,6837
4,5369
9,3159
4,2261
9,9121
3,7466
9,5674
9,6649
8,9865
3,9276
4,1963
4,0516
9,0807
4,9163
9,6941
4,1666
3,9290
9,5725
9,9756
4,8410
4,2666
4,8971
9,6580
3,9790
9,4176
9,1787
3,8251
4,4725
4,1027
9,3292
4,0495
4,3216
4,7104
9,7675
4,4958
9,3179
3,9997
3,8085
3,8792
3,9336
9,6922
4,4968
3,7611
4,0632
9,4189
3,8181
4,2745
4,3751
3,8460
4,1827
4,5107
3,8622
4,0956
9,3066
4,5246
3,5196
9,1570
8,6930
9,6515
3,6862
4,1989
4,9159
4,3232
4,0478
4,0149
4,4590
4,2114
4,1590
9,2871
3,5393
9,4796
4,2049
4,5656
4,5140
4,6967
4,0661
4,5627
4,0823
9,3205
4,9248
9,3227
9,5364
4,9454
4,1442
9,4465
4,0552
4,7635
4,2536
4,3798
9,7515
9,4092
4,6098
4,0601
4,9623
3,8967
4,5636
9,7223
9,1560
8,8354
4,1940
9,5453
9,2877
5,0431
4,7580
3,9914
3,9840
9,0497
3,8162
4,2770
9,6037
3,8475
4,4009
4,3915
4,3426
3,6845
9,6068
4,3211
9,3839
9,0677
4,7029
4,4811
9,3552
4,3584
9,6778
9,0605
4,4599
9,3463
9,6802
4,4398
9,8710
3,6282
4,0566
4,0012
9,0855
4,4649
4,1915
8,8367
9,4713
4,9476
9,3283
4,3033
4,1486
4,6147
4,3328
9,1834
4,2501
4,2522
4,1456
4,2820
9,1580
4,0952
4,5081
9,1340
4,9374
4,9605
9,7158
3,5061
4,0056
4,0927
4,5104
4,3890
9,3386
4,8506
8,8355
8,9258
4,2355
4,1578
9,2802
3,9967
4,1358
3,6403
4,8052
4,2805
3,9538
4,5632
4,5233
4,2578
4,6935
4,5656
9,4474
4,2701
3,9980
4,1252
9,4287
9,3203
8,9216
4,3139
4,6799
9,3773
4,7132
4,6102
9,1611
4,5964
4,0260
9,0078
9,7996
4,6860
9,3517
9,5555
4,4737
8,8494
9,5632
4,7514
9,4262
4,2217
3,5076
4,1399
3,7536
4,0710
9,1424
4,3769
9,4381
9,2772
4,0942
9,6079
9,1831
8,7935
8,9672
4,2284
4,3460
4,7199
4,8094
9,4077
9,4120
4,1343
10,0474
4,6948
3,6856
9,2425
3,9243
9,3991
9,3281
4,9034
3,9314
4,8801
9,7036
9,4410
8,8990
9,0714
4,7198
9,0659
4,2542
4,1947
4,2517
9,8529
3,9602
4,4864
3,9756
4,6085
4,3182
9,1649
9,3821
9,8860
9,2294
4,2028
4,3512
9,6010
4,7957
4,7999
9,9104
9,1482
4,3040
3,9025
4,3718
4,3451
9,8650
4,1886
5,0085
4,2531
9,6095
4,1481
9,7796
4,6895
9,1327
8,7225
9,6111
9,7804
4,1309
4,1846
4,5829
9,7863
4,5656
9,4003
4,3253
4,7145
4,3685
4,5712
9,1203
9,2364
9,6471
9,1806
4,0542
9,0796
4,2921
9,3518
4,6997
9,4240
4,3430
3,8387
9,3507
3,7912
9,2158
4,1791
4,1844
9,2307
4,9340
9,3876
4,6982
4,4464
9,0222
4,7610
4,1181
4,5424
4,2239
9,4728
4,5065
4,3404
9,1221
4,1999
8,8765
4,2560
3,9656
9,4608
4,5304
9,0578
9,7278
9,9662
9,9956
9,1986
3,9175
9,1505
4,2440
9,4250
3,8122
4,3336
9,2624
4,1745
4,2585
4,3161
4,3570
9,6905
4,4871
4,8577
4,5884
4,3825
4,2271
4,8210
9,2221
4,8379
4,7245
4,7491
5,0445
4,8623
9,7788
9,3152
9,3148
9,6790
9,7286
4,3181
9,5247
3,8303
9,6818
4,4087
4,0077
9,7833
4,6328
4,5754
4,2169
4,3644
9,0508
4,7527
4,4140
4,4337
9,6262
9,0321
4,7241
9,2500
4,6127
9,0632
9,7784
3,8236
4,1996
9,7643
4,6523
3,9343
4,7413
4,0914
9,0156
4,2100
4,9956
9,6584
9,0007
4,4000
9,4411
9,3967
4,6870
3,6568
9,1773
9,4292
4,3458
4,3505
3,9054
9,4221
9,8305
4,3237
4,6949
4,4631
4,7501
9,4667
9,2205
4,5128
9,4471
4,3711
4,3913
4,1643
9,9345
4,9525
9,4972
3,9215
9,8821
4,0442
9,4351
3,9532
9,5467
9,3864
3,6630
9,4605
4,4217
4,4517
9,3793
4,3301
4,0254
4,4389
4,6178
4,1580
4,4982
4,0847
9,5327
4,7365
8,7193
4,7489
4,1341
4,7833
9,3840
4,2741
9,7171
4,4692
4,6045
4,3428
4,6297
4,6936
9,5443
9,1567
9,2546
4,3729
9,2214
4,7801
4,8703
9,1614
9,5855
3,9193
3,7965
4,7517
4,2524
4,7650
4,5139
9,7961
4,3208
8,7526
3,6311
9,8365
4,7079
9,0764
9,8944
4,3977
9,1575
9,0385
3,3654
4,6804
9,2831
9,6077
9,7070
9,8195
3,6526
4,3188
9,5751
4,3023
9,3988
9,4192
3,9706
3,9854
9,1069
4,1215
4,1656
4,8713
9,0855
3,8142
3,8620
4,6536
9,3315
9,4854
9,3751
9,3508
9,4771
4,1444
4,0489
4,4758
9,0799
9,6003
9,3257
4,6576
9,4034
4,5522
9,3096
4,3415
3,7677
4,3107
9,6012
4,2492
4,3540
4,3028
4,4364
4,2464
4,1612
5,0468
4,3058
4,5484
3,8892
4,7437
9,7095
9,1583
9,1204
4,5548
4,0796
10,1174
3,8655
4,1130
4,3762
4,1041
4,1317
9,5787
4,4538
9,9576
9,0965
4,4970
9,3542
3,8827
3,8596
10,0181
4,1707
4,4453
3,8266
4,0746
4,1570
8,9171
4,5584
9,1520
9,4309
4,4716
9,2038
9,4564
4,5025
4,2046
4,0582
4,4104
8,5842
4,9722
9,8988
4,0157
9,4328
4,0980
9,6737
9,2321
8,9892
4,4004
9,5585
9,3767
4,3125
3,9287
4,2801
9,3007
9,3954
9,8392
4,1843
4,3996
3,7097
9,0365
4,7538
9,3182
9,5888
4,2578
4,7957
4,3552
9,4313
9,5821
9,0752
9,5619
9,5445
3,8789
4,7375
4,5804
9,2210
9,8073
9,4235
9,8022
3,9695
4,1487
4,5648
9,7752
10,0220
4,3649
4,1422
9,5308
4,6193
3,5071
9,7485
9,1529
3,9363
5,1125
4,2628
4,6275
9,1187
4,8504
9,4760
9,3017
8,9730
4,3268
4,2923
9,4285
4,4528
3,5823
4,3968
4,2414
4,4759
9,8994
4,4765
4,3782
9,3110
4,1999
9,3852
9,3741
3,7915
4,3157
4,2224
4,3393
4,5000
4,3395
9,3045
9,3131
5,0353
4,3830
9,1659
4,1388
9,4060
10,0986
3,6715
4,6989
3,5670
4,5728
3,6038
4,3963
5,1539
4,1050
4,2868
4,3781
4,2451
9,5194
9,1571
4,3118
9,6168
3,8225
9,7765
9,2063
9,6190
9,6948
4,1476
9,2124
9,3886
10,0103
9,4550
9,1514
9,4092
3,9313
3,9024
4,2946
9,7411
9,4897
4,0393
9,1779
9,1144
4,4112
4,5524
9,6080
9,7329
9,2211
4,1341
4,5211
4,3008
3,9951
9,3926
8,6410
9,3303
4,5907
4,2135
9,3219
9,5943
3,7576
8,9742
5,2560
9,3515
4,3385
4,0672
9,2096
9,3768
9,0118
4,3153
9,1124
4,1160
4,2458
4,5892
4,3025
9,2690
4,9826
4,1955
4,2610
4,5318
4,0194
4,6497
4,4015
9,7581
9,1766
4,0722
4,3982
9,5954
9,7218
9,6640
4,4261
4,9600
9,8414
9,5956
4,0263
4,0446
5,0723
4,3222
4,2400
9,7449
3,8732
3,9426
4,5493
3,9994
9,3072
4,6490
8,8816
4,4032
3,9825
9,7106
9,4245
9,4595
9,4046
9,5497
4,5095
3,8004
4,9250
9,6834
4,1284
4,4479
3,9841
4,4064
9,4237
9,6147
4,2457
9,0906
9,1825
4,9164
9,6646
4,0930
4,1936
4,5271
3,7851
4,3424
8,9671
4,1326
3,9426
9,2075
4,8845
9,6604
9,1564
9,1420
4,3552
9,7811
4,5740
4,0503
4,4890
9,7212
4,1193
9,3504
4,4590
4,6462
4,3902
4,3023
4,4779
9,0830
9,2423
8,8621
4,2503
4,5013
4,3868
4,5873
4,7880
9,4604
4,5303
8,9899
9,5152
4,1661
4,0983
4,7634
8,9953
9,5441
10,0910
4,3234
4,4793
9,1301
4,2094
9,4452
4,7112
4,2738
9,3165
8,9623
9,0924
3,9635
4,3243
9,9911
9,3727
9,2502
4,0339
4,3728
9,9131
4,5488
9,2156
4,4171
9,0071
9,4678
4,2264
4,4697
9,3896
9,7387
9,3584
4,5423
3,9621
9,3999
9,0955
4,5858
4,4208
9,2166
4,7281
4,1436
4,0021
4,1195
4,7080
9,2845
9,5183
9,3171
9,4114
9,3293
4,2413
4,0805
4,3779
9,4092
3,6370
4,3254
3,6979
9,2547
9,4895
4,1700
9,3366
9,4622
4,1888
4,4383
9,1700
3,9581
4,2331
9,1144
4,3059
4,2074
10,0019
9,6607
9,3439
9,1261
4,6614
4,3004
9,3323
9,4566
9,0259
4,0819
8,9752
9,4564
3,9085
9,5063
3,8985
9,7495
3,9197
4,4841
4,6874
4,1936
3,8936
3,7147
4,2038
9,7508
3,8081
4,4947
9,4859
4,7401
3,9422
4,0378
9,3145
9,0460
9,0973
9,3033
9,6359
4,5995
9,2720
9,5115
3,6617
4,5951
4,3538
4,8243
9,9164
9,3178
9,7314
4,1362
9,4357
9,6125
4,6073
4,2251
10,0681
9,0488
8,8821
4,6154
5,2099
9,2011
9,6461
4,2038
3,9145
9,5193
8,6864
4,3530
9,5621
4,3530
9,4182
9,7733
9,5701
8,8824
9,4576
4,2034
4,3425
10,0635
3,9400
3,7763
9,2867
9,8446
4,1028
9,5190
9,0996
4,2413
9,1932
9,1959
4,2363
9,5574
9,6126
9,6489
9,5979
4,4214
4,8119
9,7701
4,8244
4,0705
9,4230
4,3949
9,3082
3,8588
3,8471
9,7505
9,9889
4,1555
3,9648
9,4970
9,2309
4,2040
9,1650
9,2198
4,6507
8,9620
3,6008
9,4700
4,0810
9,5280
4,1812
9,3197
9,3211
8,8686
8,7386
5,0414
9,7343
9,3058
3,6514
9,4254
4,5999
4,4928
4,8247
4,0867
4,7068
4,8228
9,1928
9,8384
3,7514
4,3115
4,4503
4,9129
9,5111
8,7009
9,5617
10,0733
9,7123
9,8088
4,7371
9,6825
9,0502
9,2725
4,7721
4,5468
4,6400
9,1728
8,8009
9,1494
4,6099
4,3360
9,4868
4,4405
4,1457
9,2849
4,6299
9,3291
3,9381
9,5541
9,4902
4,2922
9,4565
9,4502
9,3089
4,0627
8,8702
4,3680
9,4129
4,2682
9,6765
4,3290
4,2621
9,0035
9,9734
9,4509
4,3428
4,0133
4,5221
4,0589
9,1903
9,5541
3,6979
4,3784
3,6372
4,1659
4,5478
9,6128
9,7812
9,4417
3,8048
9,7950
9,8680
9,5704
9,6383
3,9577
4,4728
9,2654
3,2847
5,0150
9,5688
4,4141
9,4730
9,4594
9,3812
3,8683
4,7202
3,9533
3,9050
9,2609
9,0277
4,4983
4,2643
4,4800
10,0802
4,5228
9,5770
9,1802
4,1150
9,2791
9,4295
9,2504
4,2736
4,5878
9,1966
9,2201
4,3050
9,1213
4,4978
9,5308
9,0624
9,1538
4,4228
4,5209
4,3862
4,2582
9,3444
4,9504
4,1233
4,2793
4,4341
4,7886
4,7703
4,6758
9,1247
9,1642
4,7522
9,4746
4,0030
9,6505
8,9071
9,5522
4,6217
4,7490
4,1249
4,4641
9,3975
9,5519
4,0268
4,6836
3,6801
3,9205
3,7864
4,4735
4,1623
9,3496
4,5308
9,7552
4,0195
4,2296
9,0527
4,1893
3,9631
3,9643
4,5617
4,1355
4,1898
9,3751
9,7296
4,3753
4,5390
4,8643
4,3221
9,1449
4,3809
4,3699
8,7148
4,6310
4,3534
9,2269
9,3294
8,7646
9,5397
4,2689
4,8523
3,7770
4,4409
3,9019
9,1709
4,1439
4,7054
9,5930
4,4740
9,1137
3,9857
4,0742
4,9528
8,6324
9,2085
9,4206
9,5590
9,5421
4,0400
4,5450
8,7271
9,4567
3,6624
8,9476
4,2152
4,7684
4,4596
4,1023
4,8071
4,0052
3,5409
3,7423
3,4654
4,9643
4,5357
9,1289
4,3247
4,2901
9,2366
3,9954
9,3901
9,2368
3,7961
5,1143
9,4000
9,6923
9,1645
9,0753
3,8347
9,8457
4,1567
9,1415
8,9954
4,0795
9,2488
4,0396
4,7841
4,4912
9,2144
4,5133
3,9286
4,3025
3,7359
4,6103
9,3404
4,6468
9,2798
4,2706
9,3248
9,9454
3,7495
4,2766
9,8855
9,4984
4,1779
3,8491
9,7578
9,4160
4,2480
4,0122
4,5800
9,5208
4,3734
9,7837
8,7422
4,4185
4,5428
9,5326
9,4887
8,8542
3,8819
4,3587
4,7662
4,1413
4,1317
4,0559
3,9480
4,4805
4,0435
9,7407
8,9696
9,3532
4,8825
4,3969
4,1934
4,1477
4,1452
4,0094
10,1123
9,3736
8,8680
3,9401
9,1799
4,5973
4,3907
3,8515
9,6315
5,0680
4,4231
9,1882
9,5687
9,7717
9,1127
4,0536
4,0823
4,1159
3,9841
4,2309
9,9542
9,7877
8,8833
3,7895
4,8808
10,2411
4,4224
8,7266
9,2689
9,5848
9,4648
9,0970
9,3883
9,3097
9,5625
9,6644
4,5878
9,4928
3,8192
4,3988
3,5248
3,8539
4,4153
4,6252
9,5140
9,4976
9,4305
4,8237
9,4945
4,1708
3,7036
4,4904
4,2567
4,1652
9,6259
3,8425
9,6565
3,9319
9,4777
4,5317
4,1545
9,7838
9,2697
9,5474
4,8099
9,4745
4,8546
9,6043
4,3695
4,0941
4,7735
4,3696
4,1739
4,5742
9,1238
4,3061
9,9619
9,8852
9,4874
4,9017
9,3199
4,6439
9,2219
9,5467
9,4168
5,1473
9,4646
9,5297
9,4885
8,9905
9,6535
9,5087
3,9320
9,1335
4,4491
9,4766
4,5687
9,8716
9,8506
9,0798
4,1374
4,6047
4,9010
4,2592
9,3428
9,6057
9,5842
4,2721
4,4279
4,4918
4,0500
4,3240
4,0917
9,5583
9,3400
4,9569
9,4244
9,8740
4,8499
9,3319
9,5484
4,2015
4,4307
4,5612
9,4406
9,3748
4,1810
9,1355
9,7245
4,1943
3,7808
4,4544
9,4727
9,2436
4,0628
4,1515
9,6065
4,3453
4,6310
9,7198
4,6840
9,0761
9,1249
4,4129
9,8759
9,0664
4,2189
4,4890
9,0475
4,6168
9,6291
4,0280
8,8569
9,5622
3,6571
4,0223
4,6885
9,6115
4,7009
4,1615
4,4750
3,7585
4,5227
4,1791
9,5737
4,2849
9,4199
8,5010
9,2087
4,0190
4,0840
9,6801
9,2314
9,3255
5,0845
9,5596
4,5361
4,1931
3,9865
9,4984
9,3641
4,8039
9,9935
3,6772
4,8626
9,0467
4,2144
4,7372
9,5472
9,6874
9,4575
4,5029
9,4496
4,7161
4,4623
4,3877
4,4336
3,9120
9,9864
9,6389
4,4095
9,0000
4,2720
4,2237
4,3957
4,3457
4,1843
9,7572
4,1913
4,0330
9,1106
8,9678
4,3759
4,1562
4,9295
9,2009
4,1090
9,7101
4,2466
4,7429
4,1025
4,0834
3,9885
9,6567
3,7941
4,0346
3,9204
4,1402
4,1859
4,2201
9,3332
4,0417
9,3060
4,3454
4,4483
4,1718
8,9934
4,4561
3,8807
10,0265
9,7011
4,0509
4,1533
9,7924
4,4502
4,3356
9,3514
9,4302
4,7064
3,3388
4,4860
4,5240
9,1455
4,5940
4,5900
9,1144
3,8183
9,5873
9,3614
9,2485
4,0586
4,6578
4,4350
9,3479
4,2214
9,2332
9,2943
4,7530
9,6219
4,4550
3,8584
9,5484
10,1341
4,3606
4,4952
9,0745
10,0647
9,6002
4,6102
9,4809
4,3070
4,6227
4,5115
9,5246
4,0040
4,5624
9,4184
3,9535
4,5185
9,4125
4,7218
4,0299
9,4532
4,3877
3,8160
9,1438
4,8139
9,6714
9,4064
9,1071
9,0044
4,5800
3,4061
8,9207
9,8850
8,4953
4,2664
4,3766
8,8696
9,3534
10,1307
3,8975
4,6122
9,1628
4,4585
9,1267
9,2566
5,2385
4,4188
4,8062
8,8863
4,5077
9,7018
5,7162
4,2998
9,3439
3,9812
3,8910
4,9673
4,6092
4,2440
9,1659
9,3609
4,2934
4,4680
9,1818
4,5252
4,4562
4,2311
9,4200
4,1698
9,3780
4,9756
4,5302
9,0721
4,2128
9,1916
4,4742
9,6808
9,4207
9,2651
4,4858
4,1441
4,2085
9,6772
9,1210
9,4115
4,7647
4,2412
4,5462
4,1725
9,3574
9,8959
8,8285
9,9655
9,6909
4,2574
4,3024
4,3878
4,6368
4,2109
4,9800
9,8846
9,3310
4,5936
9,2646
4,1321
5,2507
3,9697
3,8440
9,6127
4,2846
4,5751
3,5625
9,6417
4,5038
3,9624
9,0342
3,8952
4,3773
9,6573
4,0650
4,1799
3,7298
9,6321
3,9631
4,3601
4,0021
4,4266
3,8632
9,7671
4,5083
4,4293
9,8282
4,2611
9,6818
9,1602
4,5728
4,6185
4,6959
9,4295
9,5723
4,5717
4,3775
3,9930
3,7402
4,3322
3,8946
4,3903
9,6277
4,5517
3,7926
9,4726
10,0407
3,8031
9,7694
4,4647
9,5321
4,3349
9,6236
4,6471
9,3690
4,2184
4,6429
9,3613
4,7255
9,3135
9,1020
4,3615
3,7180
4,1945
9,3601
9,7999
3,3569
9,6056
3,8753
4,2340
4,7017
3,9984
4,3871
9,1971
9,4528
9,4893
4,0725
4,6484
4,1941
4,2275
9,7347
4,1325
9,6011
9,0658
9,4241
8,7660
4,3372
9,3947
3,7957
9,4893
9,3154
9,4148
9,0289
4,4401
4,0629
4,2700
4,0122
3,6610
8,8158
4,1663
3,9810
3,9264
9,3995
4,3328
4,3417
8,9256
4,4024
9,0720
4,2062
9,2160
4,3118
8,7791
9,2333
9,0855
9,0109
10,0381
4,2405
4,6529
9,2525
9,6344
8,9029
4,2494
9,3994
3,9970
4,3404
9,3600
9,6686
9,4842
4,9716
4,4208
3,7657
9,3226
4,3158
4,1179
9,4590
4,3537
9,2660
9,3524
4,7116
4,4637
4,5045
4,0785
4,0608
4,3925
4,3251
9,2018
4,4397
9,2251
4,1835
9,2583
9,0222
9,4203
4,5559
4,3378
4,0272
4,8591
9,8090
4,0978
9,1467
9,6147
9,0408
9,3014
4,7815
9,4100
4,0248
4,2286
9,5227
4,7099
9,6223
4,5046
8,8375
9,0953
4,4944
9,6489
9,2009
9,1543
10,0564
9,5370
4,1059
9,4501
9,7238
3,5455
4,6075
4,0690
4,5188
4,4356
9,4233
9,5476
4,6379
4,4559
8,7970
9,6601
4,1455
4,3669
8,8214
3,8303
4,9331
3,9054
9,5268
4,1675
3,8813
9,0922
4,0722
4,5317
9,2355
3,9632
9,7209
4,2330
9,9646
10,1168
9,0692
4,3928
9,0416
9,5898
5,4762
4,0134
9,7735
4,1814
4,4349
3,8758
4,4089
9,1069
9,6621
9,2216
9,2473
9,6190
9,6261
4,6829
4,5615
4,8041
9,5932
4,2801
4,0796
9,3638
4,8983
4,3573
3,8764
9,3016
4,0244
4,7802
3,7653
9,3858
9,0589
9,6078
8,7645
4,4125
9,0000
9,6242
9,1520
4,3306
4,3295
9,3342
4,5068
9,1065
3,8512
4,0547
4,7462
4,7383
4,2761
4,2812
9,4451
4,3863
4,1055
4,8341
4,3717
4,3741
4,3467
4,6443
4,2109
4,5235
3,9569
3,9650
4,6781
9,4904
4,1074
4,4103
4,0854
4,5148
9,5748
4,1148
9,5362
9,6558
9,5545
4,0718
3,8449
3,9859
3,5875
4,1120
9,7469
4,7083
4,4556
9,7390
9,5417
9,3946
4,3637
3,8077
4,1743
4,3541
4,0721
4,9406
3,6768
9,3256
4,4118
4,6248
3,9767
9,7116
9,5570
9,4288
9,6208
8,5977
4,5938
9,4023
4,4707
9,0669
4,1838
9,2490
8,8654
9,7877
4,2011
8,9798
4,3411
9,3731
4,3502
9,2123
9,0702
4,1366
3,8646
4,4352
9,8392
9,7160
9,9846
9,1820
4,6308
8,7714
4,4232
4,6106
9,2253
4,5343
9,6429
4,5082
4,2551
9,1412
3,9858
8,8911
4,8377
9,3556
4,7062
9,1365
9,0900
9,3045
8,9215
4,5611
9,1651
9,2917
9,7825
9,6252
9,0794
10,1759
4,0755
4,1954
9,0013
4,6308
4,1622
4,1464
9,4758
4,3741
3,7678
4,6721
9,4530
4,1093
4,7485
9,4559
4,6293
4,3513
4,2688
4,3509
4,1804
4,5289
4,7148
4,3743
4,3773
9,3028
9,2712
8,9530
4,2318
4,1996
9,4131
4,5013
3,5852
4,0705
4,0494
4,2033
9,7096
9,0259
4,1695
3,9899
9,4759
9,7816
9,6088
9,6116
3,7252
4,0651
3,7757
9,3739
4,4111
9,7952
9,1660
9,4025
4,9260
4,5557
4,5051
4,3077
4,4826
4,4611
4,4902
9,0204
4,0309
4,7645
8,7978
9,7779
4,6738
4,7760
9,3164
4,7951
4,2899
9,7648
8,9546
4,0238
3,8750
8,7111
4,2427
9,8655
9,6979
9,5027
3,9898
4,0295
10,0367
8,9283
9,0205
4,5088
9,6415
3,4494
4,1677
9,2456
4,1127
3,9956
3,9155
4,2432
4,1229
4,1250
9,6304
9,2011
4,6091
9,3701
4,6545
4,0134
4,1568
9,0634
4,6357
5,0210
9,4605
4,5173
3,9429
9,2791
9,5366
3,7775
9,6217
9,4754
4,2645
4,5369
9,0227
3,7322
9,1979
4,1638
4,4671
3,8211
9,2837
8,9600
8,7063
4,1424
4,6062
4,2117
4,3173
4,0895
4,7588
9,4071
4,2961
9,8275
9,2696
9,2497
5,0310
9,3598
8,9780
4,5147
4,3676
9,6899
10,2489
3,6888
4,3720
9,8861
3,7551
9,8248
4,5487
9,8438
9,2441
9,5914
4,1125
9,4214
4,3344
4,9597
3,8332
4,2551
3,8131
9,0499
3,7980
3,9760
9,4795
4,0527
9,1220
9,7341
4,0917
4,3857
4,3544
9,4940
9,3616
9,4559
9,7395
8,7419
4,1330
4,3625
4,4913
9,1854
4,7410
4,1535
3,8795
5,2045
4,0762
4,6735
3,7308
9,5308
3,8475
9,5219
8,9844
3,9695
9,7230
4,1924
4,3217
4,1819
9,5446
4,0619
9,7280
9,2656
4,6395
9,3665
9,2556
9,5637
9,0367
4,1931
9,8090
4,7742
3,7348
4,1907
9,2250
3,9306
4,4602
9,0197
9,5330
4,3398
4,4632
4,6097
4,3658
4,5939
4,4102
9,0216
9,4903
9,3751
9,6091
9,4564
4,7197
4,3504
3,9815
4,2546
9,4169
4,5453
4,5340
9,2320
3,9536
4,1750
4,5017
4,8947
3,9990
4,9423
4,2151
8,8774
4,4218
9,6049
4,6969
9,0080
9,3788
4,4187
9,9457
9,2950
4,2265
4,5077
4,4700
9,9105
4,3644
9,3204
9,8337
9,2068
4,2752
4,2665
4,3663
4,0346
4,2335
8,9177
9,4196
3,8476
4,8579
4,0815
4,3567
4,1589
4,6990
5,3978
9,9396
9,5572
9,3967
9,4323
9,3734
9,1955
4,2219
4,4633
9,5598
4,6185
9,5841
9,0238
9,8698
9,3319
4,2956
9,3580
9,2712
4,4738
9,3034
9,4633
3,9251
9,7392
4,2849
3,8553
9,1890
9,7908
4,0810
4,6195
4,5432
4,8403
9,3700
10,0296
3,8986
9,0823
9,2873
10,0249
4,4588
4,3779
4,5775
4,3425
9,4324
4,9991
4,2321
3,9309
4,1765
4,4821
4,0168
3,8579
4,2251
4,4221
9,3231
9,6802
4,5094
4,7891
9,4238
9,5978
4,4808
4,1382
9,6553
4,1871
8,9899
3,6942
3,8589
9,1009
4,4759
9,3518
9,7694
9,7428
4,0288
9,6789
4,2985
3,7725
4,6917
9,2373
4,5162
4,2583
9,3660
4,1177
4,0836
9,7638
9,6369
9,1633
9,4625
9,2805
4,7265
9,8970
4,7727
9,3603
9,8005
4,3300
4,3678
3,7686
9,0362
9,0621
9,4741
4,3571
3,8576
9,3680
9,8524
4,0439
9,7127
9,5043
9,5363
9,5319
3,8838
9,2071
4,4207
4,6558
3,5813
9,6168
9,5922
9,4630
4,4818
9,8676
9,4425
4,4037
3,8175
9,1952
9,3784
4,0725
4,1752
4,0544
3,9754
9,1019
4,2082
3,9570
4,5199
4,5382
8,7095
9,2656
8,9778
3,9564
9,4674
4,3110
9,2562
9,0101
4,4094
4,2243
9,6479
4,7702
9,4985
9,0229
4,3077
3,9471
9,4836
9,6046
9,5202
9,0898
3,9650
4,8798
4,2283
4,0136
9,3939
9,6522
4,1819
4,1654
9,1904
9,0332
9,0826
4,4724
4,7059
3,1833
4,7006
4,3715
9,3627
9,3635
4,4621
9,4917
3,6633
4,7365
3,5795
4,6893
9,3062
9,1326
4,1684
4,6316
4,0878
4,8615
4,0277
9,2839
8,9946
8,9973
3,6255
9,5175
4,5272
4,2693
9,1827
4,0453
4,0630
9,0405
9,4674
4,7723
9,3864
4,3462
4,7800
4,8993
9,4338
9,2910
4,5900
4,1835
4,5557
4,1282
9,0072
9,4482
4,7881
4,0068
4,2137
9,2529
4,3343
4,1163
3,8140
4,1296
4,5981
4,6054
9,7463
3,4029
4,1415
9,5309
4,7140
4,2711
9,4117
4,6140
9,5609
4,2683
3,5669
4,4340
9,3851
4,6358
4,3741
9,4824
9,1111
4,0006
9,5309
9,8080
4,6486
4,7265
4,2833
9,0674
4,2427
9,4997
4,2063
5,0940
5,1474
9,8160
9,3144
9,1271
4,2105
9,0024
4,1633
9,6412
4,1165
10,2116
4,0038
9,3620
4,0131
9,1052
4,5620
9,5802
9,4924
3,9728
9,2541
8,9928
4,3561
9,4325
9,2557
9,1832
3,7346
9,3333
9,2736
9,4316
9,4377
8,8140
8,8985
8,7183
9,9034
4,1723
4,0752
3,7545
9,4875
3,9784
8,8407
4,8074
3,9322
4,6653
4,0905
4,1999
9,0704
4,4878
9,6641
9,2548
4,2932
9,7510
4,0094
4,6922
9,8459
9,4806
4,5641
4,1959
9,7906
9,1800
4,2259
4,4826
4,1045
4,2682
4,5751
9,0899
4,5347
3,8934
9,8770
9,4066
3,6310
4,3180
3,6877
9,1595
9,7340
4,6298
4,0559
4,9041
9,1617
9,6843
9,0121
4,5329
4,8045
9,4723
9,1703
4,5445
9,4130
9,6109
9,6788
9,4209
4,7605
4,1232
9,2584
9,4292
4,2412
4,1303
4,6391
4,5345
9,5277
5,0022
4,0652
9,3712
4,3661
4,2874
4,3116
10,0913
4,5919
9,6910
9,4799
4,6444
3,9463
9,7259
9,7486
4,6392
9,7438
9,2581
9,5975
4,0384
9,2766
4,5740
4,4572
3,9989
3,9885
3,8441
4,0208
4,2422
9,2153
4,1285
4,6883
9,5314
4,4666
4,7423
9,2006
9,5541
4,2885
9,3321
4,2530
9,6153
3,8700
3,6794
9,7649
4,6378
9,2690
3,7514
9,0527
4,4078
9,3277
4,2396
9,6507
4,5303
4,0344
10,0339
4,6611
9,4048
4,1615
4,5908
9,7472
9,8375
4,5912
4,5429
9,3220
9,9655
4,3602
3,7898
9,5293
4,0235
9,5262
9,1961
4,7617
9,0793
4,3483
8,7047
3,8719
4,4831
9,9762
4,4860
8,8660
9,1182
3,8629
4,3058
4,1632
9,6105
9,1048
4,6690
3,6015
4,5119
3,9314
4,0522
9,5710
8,9920
3,8037
9,7064
4,4770
9,7835
3,9534
3,7153
4,4728
9,2237
9,1903
9,7579
4,2517
4,5695
4,9026
3,6963
3,8696
8,8919
3,7022
9,9447
4,0722
4,7856
9,7469
4,3403
9,8965
4,1681
9,0797
3,8976
9,1051
9,9301
9,7093
8,9322
9,5001
9,4754
4,4709
9,7141
9,3423
9,3356
9,3487
4,0878
4,4699
3,9337
9,6276
4,5515
9,1970
3,7321
9,7769
4,5967
4,2924
9,2147
9,1148
9,4260
8,9488
4,5819
9,3666
9,4287
4,6679
4,6213
9,0173
8,8961
4,1996
4,3858
5,0455
4,0886
4,5386
9,3992
9,0987
9,7831
8,9225
4,5339
4,9739
9,2854
4,3866
3,8773
4,0078
9,5709
4,8826
9,4658
4,5258
4,1137
3,9733
3,9361
8,8801
8,6058
9,2021
4,0271
3,6901
4,9478
4,1589
4,5205
9,3113
3,7022
4,1794
9,5900
4,6954
4,5960
9,4940
4,7689
9,4000
9,9576
9,2934
3,7866
4,7049
3,9453
9,1310
4,0216
3,9532
9,2914
4,3368
9,2643
9,1027
4,4545
4,2869
9,6409
4,3965
4,0432
4,1753
3,9123
9,3449
9,6952
4,1274
9,3687
9,3463
9,7279
9,4921
4,2005
3,9177
4,3148
9,3882
9,3063
4,4838
8,6929
4,1604
9,7659
4,4849
4,4238
4,4283
3,9753
4,4278
9,3892
8,8740
9,2314
9,5983
9,5215
4,2936
9,4621
4,6297
9,4574
4,6357
9,6621
8,9244
4,0475
9,2524
9,8384
4,3536
9,4698
3,8834
9,6772
9,0648
4,8299
4,4556
4,0926
4,1625
4,5060
4,5800
9,5340
9,1039
4,3888
3,3867
9,0524
8,9354
9,7759
3,9561
4,8556
4,7040
4,7221
9,1150
4,4251
4,2300
4,0989
4,4099
3,6784
9,7218
9,6858
4,3362
9,7222
9,3286
4,3381
4,0079
9,3454
4,0916
3,8656
3,8140
9,3919
8,6554
8,8911
4,1147
4,6871
9,5888
9,3563
9,8293
9,5483
9,1675
9,6591
9,1590
9,5213
4,7971
9,6239
4,2571
9,6080
4,0156
3,7756
9,7158
4,0467
4,5646
9,6433
4,5446
4,5319
9,5546
4,3979
9,8533
3,9549
4,7607
9,1687
4,6332
9,1626
9,5770
4,2076
9,4892
4,1316
8,8279
9,8508
9,1832
9,6307
9,1863
8,8535
4,3230
9,3259
4,2642
5,0584
9,3461
4,2944
9,3936
3,8420
4,0699
4,7656
4,2193
9,0189
4,5718
9,5966
9,5117
9,8264
4,5002
9,2548
4,3501
4,1637
4,5010
5,0203
4,6170
9,7339
4,2788
4,1989
9,5268
9,3863
9,4845
9,4088
9,2886
9,6540
4,4483
3,9103
9,2693
9,3241
9,8123
9,9163
9,0905
8,8313
9,3644
9,6553
4,3934
4,1950
4,8743
4,1533
4,1383
4,1414
9,1901
4,3715
9,6260
4,2094
4,3906
3,9192
9,2107
4,3408
5,2492
9,3148
4,2121
3,7938
4,1921
3,8578
4,5980
9,2196
9,6958
9,5063
9,1856
9,5034
4,1038
4,4123
9,3357
4,5646
9,3454
9,0907
9,6028
4,7986
4,6756
4,4902
9,5359
4,0385
4,2624
4,2849
9,5172
3,8976
9,6336
4,2978
8,8498
9,0945
9,0494
4,5912
4,6375
9,4174
9,1363
3,8047
9,9184
4,5625
4,3955
4,1465
4,4564
8,8127
4,3479
9,8926
3,9212
4,5520
10,0254
9,5511
8,9818
8,8189
9,2372
4,4257
4,3637
9,4642
3,2813
3,7593
3,8787
9,5155
4,8316
9,7266
4,1459
9,2130
4,1758
9,3967
4,5857
9,6841
9,5465
4,3061
4,0593
4,1061
9,2819
9,2552
4,5376
4,4547
3,7735
4,3537
9,5195
4,9890
4,5045
9,6532
4,9132
9,0082
4,1162
5,3825
9,2594
9,1077
4,5395
9,3130
9,4653
9,9351
9,6374
4,5129
3,8740
9,3894
9,3639
4,4531
4,4994
4,0190
9,2030
4,6786
3,7983
4,2449
4,2044
4,3352
5,0279
4,4235
9,0991
3,9821
4,4281
4,2842
4,3475
4,7041
4,3062
9,4442
10,0113
8,7493
4,5037
4,8351
9,1293
4,8895
3,9797
9,8611
4,8270
9,5402
4,2984
4,7655
9,3823
9,4968
4,3521
4,0996
4,3003
3,8919
3,8366
9,3388
3,6786
9,5264
4,2865
4,4771
9,3433
3,9793
4,6076
4,3262
9,1035
9,3372
4,8249
9,2944
9,4210
9,3247
4,4517
9,5066
3,8436
9,1341
4,6736
9,8674
4,2560
5,2953
4,6241
4,3978
4,7375
9,6831
3,9354
4,8009
9,4609
3,8200
4,3175
9,6491
9,3830
9,1745
4,5818
9,4872
4,8516
4,6044
5,0017
9,4674
4,3239
4,3590
8,7452
9,1269
3,8274
4,2191
9,2546
3,9232
4,8955
3,9714
4,0237
3,7167
9,0333
9,0382
3,7572
9,1728
4,5713
4,8113
9,5956
4,3665
9,3660
9,3694
4,2402
4,0745
8,6284
4,0920
3,6683
9,9291
9,2324
9,7534
4,3851
3,9259
4,3058
3,9513
9,2421
9,7883
4,5636
9,9634
9,6220
3,8128
4,2341
9,3914
9,7004
9,4221
4,5388
4,1271
9,5371
8,8644
4,1132
9,3778
9,8110
9,1838
3,8955
4,0354
4,0588
9,3774
9,6612
8,8045
4,1103
9,1338
9,1411
9,0624
4,4532
9,1923
9,7996
4,0718
9,6736
3,6456
4,4638
3,3347
8,7681
4,4489
3,7281
4,1607
9,6181
3,8405
4,8144
9,5511
4,0608
8,9398
4,5355
4,2149
4,5088
9,8550
4,2768
9,4796
9,5047
4,3304
8,8030
9,0467
4,6137
4,6258
9,1919
4,3395
8,9226
4,5788
4,2981
9,0749
3,2612
9,2026
3,8830
3,9563
4,4579
8,8932
4,3427
9,4772
4,5556
4,5745
9,2341
3,6531
3,7797
9,1065
9,6275
9,6039
9,7110
9,6042
9,6458
4,6972
9,3992
9,4797
8,8307
4,4839
9,4313
9,1025
3,9532
9,4100
9,6682
9,6602
9,4087
3,6691
4,5289
8,2696
4,0919
9,2999
9,0352
9,5223
9,7346
4,2362
10,0718
4,6075
4,2334
3,7864
3,7851
9,7801
4,1357
9,6833
3,9200
4,4225
9,5559
3,4229
4,3542
9,3194
4,5438
9,2926
9,1477
8,6968
4,0669
4,8211
4,4863
4,8731
9,5655
4,3538
4,1829
9,2700
9,5393
4,3310
9,6684
4,3460
4,7923
4,5458
4,2106
4,3954
9,3993
8,7981
9,4883
9,3920
4,1466
9,7694
4,1530
4,0408
10,1913
9,1559
4,1080
4,3670
9,1794
4,5025
3,9563
4,2475
3,9919
4,0984
4,2301
4,1540
4,7973
9,5598
9,1182
9,4267
4,8504
4,2103
4,7224
9,4208
9,5927
4,5919
9,3888
3,6412
9,0311
9,6710
9,2530
4,2803
8,9824
4,4268
9,8900
9,5165
9,0721
4,3680
4,5130
4,4556
4,3221
8,8842
3,6828
4,6801
5,1296
9,3925
9,0423
8,6223
4,2368
9,9831
4,5759
4,9674
4,4481
4,3238
9,5754
4,1284
5,3155
4,2255
9,0583
4,4827
4,7248
4,4792
4,2132
9,2025
9,4346
4,4467
3,8554
9,5187
4,6575
9,6659
4,1702
9,1446
9,4637
4,5942
4,4415
9,2717
4,1754
3,9421
9,3739
4,5328
4,7713
3,6591
4,7870
4,3359
8,7225
4,2259
4,2654
3,8305
4,1836
4,5268
3,8496
9,4305
5,3308
4,3985
8,8431
4,2399
9,3371
9,5477
9,4530
9,7520
9,2515
3,9901
9,6125
8,9096
9,3854
3,8649
9,2499
3,5764
4,2926
4,6814
9,6081
4,7897
9,0366
4,2137
9,3373
9,3385
9,1974
9,6698
4,7791
5,0181
5,0994
4,2939
9,2042
3,8470
4,3139
4,3895
8,9757
4,2259
9,3775
9,1309
4,5680
4,5158
4,6819
4,2370
9,1297
4,6604
9,3539
3,8544
9,4965
9,6937
9,2121
8,8894
4,3631
9,8997
4,4769
4,7998
9,5015
8,9727
4,2443
4,4414
3,4262
4,7560
4,3401
9,4301
4,2737
3,8830
5,1287
4,2499
4,3287
4,4181
4,6612
4,2878
4,5847
4,7068
9,1733
3,9416
4,0292
9,5371
9,7567
4,2594
4,4983
9,6203
3,8829
9,0906
4,5654
5,0486
9,2840
4,8218
9,1510
4,7415
9,5119
4,3237
9,7745
3,5932
9,4763
8,9770
4,4698
9,1020
4,4356
4,0418
4,5013
4,0437
4,6525
3,9578
9,7923
3,5133
9,3207
4,0261
9,2634
8,8555
4,1119
4,2000
9,7157
3,6154
4,2261
4,4196
9,4384
9,8508
9,1552
9,4034
4,5647
9,1506
9,2721
9,5747
4,1932
9,5178
3,9668
4,0670
4,4383
4,3878
4,2914
3,6916
4,6241
3,9872
3,5347
4,5735
3,7106
4,7225
9,6662
4,0399
9,5852
9,0089
4,4334
3,6249
4,7927
4,3557
4,1356
8,9332
4,3510
9,2381
4,0514
4,7905
9,4577
4,5762
9,3272
4,4757
9,1962
9,3596
3,9510
4,1156
4,3336
9,8976
9,3282
3,7938
4,2439
3,7996
4,3467
4,3230
9,6366
3,9662
4,0531
8,7722
4,3243
4,0781
9,9045
9,6671
3,9571
9,0616
3,5213
4,5548
9,6716
4,3369
3,9944
4,2906
4,2556
9,7665
4,6958
3,9480
4,2410
4,7909
4,4557
4,8582
9,4288
4,7690
9,3175
9,6838
9,8051
9,2353
4,2519
9,0166
3,9603
3,9864
4,9228
9,3195
9,5975
4,1384
10,0631
9,0653
4,0900
9,6436
10,1105
4,3676
8,9321
9,6106
9,4304
4,3926
9,4618
9,7109
9,6701
9,6959
9,2409
4,1246
4,1395
4,0193
4,3482
9,7992
4,0544
4,8532
9,2247
3,9387
4,1979
9,1591
3,9291
9,2800
9,5423
4,4282
9,6363
8,9976
4,3783
9,3202
4,1537
4,2089
4,3227
4,1845
4,6237
4,3453
3,9692
4,7161
9,0871
9,2724
4,2707
4,1839
4,0424
9,3938
4,7631
9,1032
4,4877
9,2107
9,3223
4,5246
4,6974
8,8386
8,8084
9,4125
9,2604
9,3619
9,1466
10,0064
4,1285
4,4565
4,0446
9,4758
9,2570
9,1478
4,2464
9,0582
4,4422
4,7853
9,3923
9,3103
4,2422
9,6256
4,3422
4,3587
9,2864
3,9712
4,6624
4,1120
9,5738
4,7149
9,3605
9,8492
4,2060
8,9136
9,5361
4,2822
4,1980
9,6247
3,5979
4,4077
9,6382
9,1186
3,9304
9,4129
9,3056
9,4191
9,6277
9,5984
9,7190
9,6237
4,2347
9,2828
9,3244
9,6794
9,3753
9,7857
4,5655
9,4887
9,1413
9,3557
9,3211
9,1757
9,1420
4,0321
4,6616
9,7465
3,8450
9,1425
9,1337
4,3093
9,1682
4,3499
9,4913
4,2329
4,1471
9,3911
8,9846
3,9971
4,2419
9,7808
4,4103
4,3104
9,0772
9,2390
4,8293
4,0054
8,7564
3,8721
3,6698
9,6394
9,3818
4,7633
9,3232
9,5500
3,6746
9,6439
4,3505
9,1420
5,0261
4,6200
4,4718
4,6677
9,3086
4,5271
9,1032
3,9255
3,8277
4,2573
9,2195
9,1147
9,8148
4,6401
3,7492
9,3267
4,9204
4,6471
8,8983
9,4371
3,9932
9,5098
4,6484
4,6598
4,1553
4,5457
4,4182
3,8709
9,4315
9,6950
9,2360
4,6741
4,4873
9,2148
9,1612
9,4819
9,3685
4,4199
9,3048
4,3750
4,2811
9,4769
9,5155
9,6923
4,5875
9,3361
9,8665
4,3420
9,2609
4,1158
4,1851
4,1088
4,5189
9,7161
9,3019
3,9584
4,7450
4,1487
3,9819
9,1077
4,2807
9,3706
9,1561
4,1495
9,2007
4,2896
4,7280
4,4307
9,2874
3,7108
9,1643
4,8801
3,9799
4,4545
9,8249
4,9807
9,3692
9,2915
4,5042
9,1701
9,6544
5,1461
4,0524
9,3866
9,5841
9,4900
9,0591
9,5908
9,6783
9,6165
4,7301
9,5082
3,8222
5,2220
4,2027
9,6884
4,4315
3,6502
4,2469
4,1052
9,0624
4,2962
4,2821
4,3804
4,7779
9,4632
9,3788
9,7986
4,4332
9,3521
4,4689
5,0634
9,4491
4,6840
4,4931
9,1829
4,3580
9,3524
3,9214
9,0401
4,6838
4,2179
4,8422
9,5096
4,1177
4,3859
3,8301
4,7891
9,8783
4,5095
9,3017
9,5068
4,1518
4,6206
3,6217
9,9948
9,3801
4,7328
9,5089
9,5475
4,4407
4,1711
9,1973
9,5633
8,5446
9,6259
3,9743
9,4240
9,6250
9,3844
4,1524
10,0734
9,2678
3,9327
9,4950
9,1561
9,8090
9,3210
4,1585
4,2158
9,0222
9,2033
4,7223
9,1690
4,3585
9,7841
9,2987
9,3108
9,5440
4,1638
4,0406
9,6668
9,4950
8,8528
9,3169
9,5780
4,5982
4,7900
4,1437
4,0017
9,4634
9,0765
9,2686
3,5982
4,6749
4,9170
9,7930
4,4659
5,1356
8,8150
3,8808
3,4554
4,4252
4,2413
4,0306
4,2952
9,6251
4,5970
4,2085
3,8239
4,7621
4,4690
4,0114
4,1461
9,2060
4,9695
4,2094
4,2235
4,1678
4,5561
3,9649
9,2151
4,4537
3,9595
4,3461
9,6587
9,0950
9,6858
3,9494
9,1635
4,4307
8,9051
9,7293
9,4340
4,5646
9,0961
4,6123
4,2704
10,2239
4,7711
4,1735
9,6999
4,3998
9,3953
4,2156
9,2799
9,8680
4,1894
9,0804
4,4868
9,1983
3,6275
9,3377
4,4086
4,4781
4,4551
4,5020
8,9451
3,5303
4,3655
9,0091
3,7905
3,7320
9,0040
4,2329
4,6844
8,9217
3,5337
4,3560
9,2850
9,3706
9,3682
10,0666
9,4534
4,4963
4,2585
4,2556
4,3392
4,5346
9,1227
9,0903
4,4684
4,3857
3,8200
9,3233
9,7955
4,4190
9,1897
9,5837
3,9446
4,4205
9,4463
4,4408
4,5034
4,3970
4,1017
3,2955
9,0702
9,2571
9,4971
9,6436
9,5649
3,7442
9,2810
3,5815
4,2734
10,0297
9,0065
4,2326
9,5226
4,1601
4,1889
4,0122
9,0382
9,5705
9,2153
4,3934
4,5143
4,2051
4,0840
9,7073
4,0287
9,0361
3,9611
4,2905
9,3658
4,2873
9,2529
9,4980
4,6972
4,5459
9,2561
3,9953
4,5470
9,2475
9,0898
4,5932
9,1196
8,9415
9,4039
9,8249
4,6918
9,5195
9,9181
9,5582
9,6912
8,7936
4,8188
9,0715
4,4338
4,7143
3,8655
3,7569
4,0123
9,6012
4,0814
9,1681
9,2770
9,2160
4,6180
4,2187
9,7480
9,2259
4,1900
4,3953
8,8986
9,6164
9,9519
4,3243
9,2449
4,6086
3,9490
4,2298
4,9479
9,4642
4,3605
9,2265
9,6430
9,6184
3,8717
4,4862
9,3987
4,5727
4,5879
4,1462
4,3390
9,4318
9,0893
4,6711
4,3012
4,5063
4,0803
9,1728
4,5453
4,4878
4,6575
3,7423
9,3905
9,8445
9,0931
4,6336
3,8721
9,8499
4,3077
4,8940
9,8197
4,5282
4,3341
9,7337
9,6953
4,0323
4,1027
8,8870
9,1078
9,7767
4,5459
10,1889
9,4901
5,0946
9,4142
9,8062
4,2029
3,7152
4,0416
4,3707
9,4010
9,7045
8,9601
9,2607
9,9348
4,3090
3,9507
9,1554
4,0431
9,0537
4,4963
4,0569
9,6958
3,9516
9,3860
4,5929
9,3835
9,1512
4,0812
9,7302
4,4156
4,7851
4,1965
9,4838
4,3009
4,1447
4,0824
9,2719
4,2097
4,5474
9,3256
8,9593
9,7355
4,4346
4,5553
4,3681
9,5315
3,9116
4,1184
9,2509
9,5462
9,4819
9,0072
9,4567
9,4823
9,0676
4,6174
4,7305
4,1789
3,4321
8,9219
8,9765
9,4411
9,9865
4,5000
9,6684
9,9575
4,3084
9,3040
4,1271
9,2854
4,2264
3,5480
4,9490
9,4413
9,2266
9,1443
3,6698
9,4532
9,1523
8,8662
9,2722
9,3000
3,6886
9,2182
4,2638
4,3493
9,2929
4,2972
4,6711
9,8786
4,2556
9,4877
4,1114
4,7192
9,7399
4,3768
4,4838
4,0260
9,7038
9,7921
4,6779
4,2149
3,6266
4,6668
4,8580
4,1240
4,7112
4,3030
4,7606
4,3037
3,9453
5,0225
9,8744
9,3568
9,0482
3,9756
3,7440
9,8160
9,8033
9,6531
10,0489
3,9736
4,2114
9,5121
9,7406
9,1862
4,2758
8,9893
4,4271
3,8693
4,2466
4,2280
3,9402
4,0356
4,0097
4,4515
9,5611
9,5776
8,8217
4,4499
4,3370
4,4548
3,8614
9,6752
4,2301
4,3779
9,6478
4,4130
4,8418
4,1787
3,9539
4,9466
4,3099
9,3063
9,8115
4,8896
9,7713
3,5604
4,8358
3,8042
8,8742
9,3885
9,1564
9,7111
9,5035
4,5819
4,5777
9,4685
3,8827
9,6347
9,2504
9,5807
9,6737
4,3636
9,5017
9,3645
4,5538
4,2258
9,2308
4,5732
3,4416
8,8330
9,3967
8,7829
4,6144
4,9765
4,1545
9,4479
3,6447
9,5773
4,4210
9,2405
4,3881
9,6252
4,4248
4,7257
4,1135
8,8498
4,0501
3,8588
4,3291
4,1871
9,3870
3,6742
8,9557
9,5788
4,0021
4,0695
10,1332
4,6859
9,4800
4,0872
9,7685
4,2323
4,2360
4,4953
4,3990
4,5949
4,1458
3,7340
9,3478
9,3439
4,7916
8,9964
4,4944
9,1824
3,9854
9,9490
4,2359
4,2012
4,7402
9,6838
4,1261
4,9694
9,1257
9,4396
3,8960
3,8492
3,9823
9,3975
9,1953
4,0684
8,6074
8,8829
3,8682
4,2851
4,5433
4,4059
4,4428
4,7428
4,0086
4,3559
3,9769
8,9971
4,3121
10,0154
9,2801
9,1829
4,3948
9,2127
8,9761
3,9868
9,2213
4,0892
9,3417
9,2030
9,0443
4,5748
4,6170
9,4634
4,1465
4,2210
4,7243
4,4144
3,8669
9,3739
9,0651
4,5545
9,2997
3,8690
4,4530
4,1268
9,6913
9,1562
9,5066
4,4179
9,7256
9,8497
9,2770
9,0126
4,2965
3,8897
9,2660
4,6195
4,3759
3,9107
3,5926
4,1890
4,2749
3,8690
3,8054
9,5580
4,1719
4,2141
4,7381
4,0438
9,4845
4,5637
4,2779
9,8628
9,6099
4,7068
4,6434
4,6527
4,8896
4,5943
9,7739
9,6051
9,7279
4,5644
9,7776
4,2388
9,9018
4,1187
4,4856
8,8738
9,8637
4,1435
9,3769
4,3219
9,8851
5,0230
3,9680
9,6469
8,7241
8,6862
5,0086
4,8127
9,1221
4,3588
9,3984
8,7964
3,9867
3,7420
9,6974
4,2792
4,6526
4,3187
9,3286
8,8625
9,0147
3,9830
4,1117
9,6957
4,5072
9,6833
4,3591
4,6359
9,7509
4,4607
5,2518
8,8446
4,6532
4,5299
3,9808
9,1504
4,1024
9,7236
9,8583
4,3109
9,3524
3,9126
4,9428
9,6930
9,4453
8,8859
9,4556
4,4208
4,0968
8,8168
5,2515
4,9843
4,4631
8,9729
9,0365
9,4720
3,9602
9,3384
9,6681
5,1702
9,5005
4,3936
4,5050
9,0802
4,4277
4,1844
9,6361
9,6452
8,8695
5,0710
3,4321
9,1585
9,3492
8,8636
4,1565
4,5237
4,5184
4,3341
8,9763
9,5461
9,3091
9,2732
4,3224
4,6201
3,4338
4,8310
9,2596
4,3371
9,6679
4,2174
9,7544
4,2694
4,1530
3,8829
9,7703
4,7651
4,4465
9,3254
8,8330
9,5385
9,3150
4,3486
4,0655
9,6864
9,5526
9,5438
9,0574
9,0609
4,2062
9,4961
3,5279
4,7116
4,5114
4,4031
3,9319
9,2898
9,3339
9,3241
3,9662
9,2017
9,3187
4,1467
3,6329
4,5537
3,9112
4,8413
4,5627
3,8992
9,6252
5,0072
4,0477
9,3819
4,1722
4,6250
4,3726
9,5043
3,8114
9,4861
9,3633
5,0875
4,0635
9,1867
4,7637
4,5204
9,7283
4,1710
3,7996
9,7883
3,8046
4,0410
9,6485
4,1864
4,5902
4,1586
9,6727
9,4566
4,4501
4,5157
9,9204
9,0625
4,1081
4,2390
9,2749
4,2746
4,2776
4,1690
4,0484
9,1588
9,6681
9,1343
9,6015
9,6691
4,0981
10,0381
4,3715
4,0244
3,9820
4,4184
4,5237
9,2316
9,0507
9,3320
4,7537
4,4989
4,4289
9,2186
8,6694
4,1532
4,3636
4,2608
9,4888
4,2739
4,5416
4,5260
4,7330
4,9241
4,0955
4,7487
9,3999
9,1841
4,3807
9,3120
9,1894
9,6461
9,7871
4,0577
4,4894
8,8734
4,2562
9,9407
4,6778
4,0792
9,3328
4,4047
3,6208
9,9442
4,4363
4,0625
9,7156
9,5426
3,8232
9,3769
9,3975
3,9729
9,2825
9,6688
3,9882
4,2058
4,4399
4,6805
4,2690
9,4754
9,3192
4,4872
9,3875
4,3664
4,5330
9,4184
9,2055
9,7259
9,0926
9,5218
9,2901
9,8267
9,5630
4,1429
4,7783
4,3684
9,3166
9,5954
9,3006
4,5662
4,0796
4,2143
4,1943
4,2661
9,3017
4,4426
4,8785
9,3591
4,5676
4,3274
9,1118
4,6475
4,2401
9,4820
9,3110
4,4109
4,2714
4,4527
4,4678
4,6770
4,2322
9,5436
9,3822
9,6890
8,6265
4,1255
4,9706
9,2926
4,7373
4,4285
9,3625
3,4214
9,4381
4,2437
4,2148
4,1967
9,7247
4,2149
4,8998
9,0168
4,6808
9,5143
4,1926
4,5596
9,1720
4,1541
9,8223
8,8929
4,0851
4,0009
8,9087
4,4630
4,0548
3,9983
4,3143
9,5134
4,0556
9,6032
4,6352
4,7457
9,3559
9,2815
9,4463
3,9691
4,1851
9,7416
9,2055
9,6188
4,7642
4,6245
9,2764
4,4842
4,5444
9,1699
3,9030
4,6849
4,1050
4,4689
9,2491
9,5544
9,0906
3,9782
3,8633
4,0666
4,2811
9,5612
9,5769
3,8516
4,8544
9,3562
4,3542
10,1885
3,4258
4,5176
9,5678
10,2769
4,2195
9,7716
9,3371
4,5561
3,7229
5,1253
9,4168
4,0176
9,0092
9,4055
4,2607
4,4165
9,4613
4,2641
9,2738
4,6740
4,3973
9,3068
4,3505
9,4916
9,9854
4,3079
4,3740
3,8540
4,0289
8,4784
4,3483
9,1772
4,2489
3,7590
4,3895
9,1744
9,8791
4,3356
3,8833
4,8859
9,3832
9,3401
9,4258
4,0571
4,6508
3,9720
4,2091
4,1553
4,1282
9,1595
9,4334
9,5184
3,9763
8,6897
9,0976
9,8693
8,9997
10,0307
9,2798
9,6675
4,3755
9,9031
9,1597
4,0986
4,3158
4,3051
4,2665
4,2854
9,5251
4,4711
4,4294
4,3996
4,6772
4,3393
4,0600
4,3501
9,4747
9,1101
3,6433
9,6313
9,3334
9,6868
9,0569
9,9318
9,3918
4,3773
9,9921
8,8778
9,2182
9,8570
4,5592
4,1209
3,9645
4,2486
4,2295
9,4937
4,0849
3,7794
4,3935
9,7390
4,5607
3,7369
8,9655
9,7629
4,2049
3,8980
4,4925
4,7962
9,2196
9,6651
4,5281
4,1439
4,6582
5,3257
4,6384
4,6927
4,6669
3,9446
8,9494
9,0960
9,6430
8,9683
9,6194
9,0282
4,3430
3,4386
4,1617
9,4522
4,3293
9,2226
8,8169
9,1947
4,1557
4,4235
5,2015
4,3325
9,3059
9,3591
9,3995
8,7677
9,4800
9,4658
9,0884
4,1834
10,0206
4,2045
9,0546
9,4807
9,5833
9,5269
9,3685
9,2182
4,8613
4,5503
9,9128
9,6954
4,4698
9,4122
9,4516
4,6440
3,8915
4,2698
9,4588
9,1337
5,0408
4,1403
9,2745
9,2098
9,5798
4,2536
4,9648
9,3746
4,2972
10,1801
4,1575
4,1777
9,4309
3,6856
4,5229
9,3880
4,0358
4,0536
3,7406
3,9823
4,1046
9,3477
9,2137
4,4272
4,0061
4,5293
8,9371
9,6223
4,2176
4,3626
3,6736
3,8995
9,4735
4,3519
4,5614
9,0995
4,2235
4,2969
4,3868
9,5615
3,9873
4,2954
3,9942
10,0910
4,6004
9,9654
9,6327
10,0074
4,3478
9,1114
9,5093
4,1987
4,3295
4,4108
9,4918
4,4247
3,2335
9,2579
3,4660
4,7445
4,6722
4,1267
4,8319
4,0138
4,4397
3,9917
4,7086
4,4932
4,4624
9,6713
3,9342
4,8400
9,4819
4,2194
9,4902
9,1835
9,4893
4,4585
4,3841
4,4765
9,1562
9,2686
9,2921
9,2989
4,1388
9,4563
9,2911
4,0586
4,9244
4,2925
4,1841
9,0853
9,7213
4,4194
9,5543
9,5311
4,5982
9,9812
9,7648
9,1259
9,0221
9,2671
4,2002
4,3235
9,2311
9,6069
4,3922
9,5953
9,5417
4,3310
4,7776
4,4966
4,0136
9,4911
4,4081
4,3437
4,0610
9,5048
4,5017
4,3421
9,1449
4,5083
9,6919
8,7760
4,2684
4,0139
4,2908
9,5950
9,0542
4,8026
9,1869
9,5489
9,3713
9,8417
9,3483
9,4586
9,3107
9,4152
3,7309
9,5045
4,1198
9,4574
9,2881
4,2016
9,1287
9,4096
4,4869
4,2475
3,9089
4,9417
4,7341
9,9078
3,9797
4,1225
10,0283
9,1711
9,6554
3,9997
9,6526
9,5174
9,5622
4,7052
8,9861
4,5577
4,3152
9,2090
9,3267
9,6163
4,1713
9,4867
9,4050
9,1889
4,0128
4,4482
4,0722
9,4590
4,3440
3,5708
3,9180
4,0896
4,1933
3,9238
9,5955
4,1699
3,7518
4,2942
9,6322
4,4656
9,4763
9,0301
8,9853
3,7765
4,6022
4,4138
9,3690
4,3410
9,8365
4,4928
3,9888
3,7594
9,1079
10,1610
9,5858
3,8474
9,1353
3,6980
4,2609
4,2917
9,6586
9,2317
9,5959
4,5458
9,4957
4,7830
9,2770
4,8349
4,5901
8,8938
4,2397
9,9052
4,6590
10,0882
3,5885
9,3182
8,9816
9,4399
4,4570
3,7637
3,9932
4,4406
9,1240
9,7017
3,9210
9,6896
9,2849
3,8644
3,7235
4,2562
9,5618
4,1780
9,1268
9,1176
9,0940
3,5017
4,9038
9,2186
4,9598
4,0769
9,2713
4,8370
4,2736
9,4735
4,0110
4,0621
4,2563
4,2927
4,1688
3,7573
9,0510
4,9160
9,2826
4,6367
9,2726
4,6045
9,3259
9,5235
4,6387
3,7736
9,3134
9,3468
4,1220
4,2136
9,5503
3,9693
4,5191
10,0546
9,6044
9,9859
4,4346
3,9037
4,2678
9,0017
4,3247
4,8689
4,5654
4,3243
4,2182
3,6005
4,4119
4,5796
9,6156
4,9899
9,0754
4,3836
4,4871
4,3758
4,3762
9,5934
4,3345
4,0682
3,4699
9,7748
4,3495
4,4455
9,0005
9,8810
4,4352
9,1209
4,1564
9,1543
4,7181
4,0723
3,9008
3,7346
4,2399
4,1638
9,7365
9,1078
9,6697
4,5009
4,1531
9,6550
9,7468
5,0851
10,0827
4,0445
4,4676
8,9325
9,4758
9,1108
4,5968
9,5984
4,1927
4,6553
4,7515
9,4741
8,9090
4,2585
4,1923
9,5588
4,5023
9,1363
9,2132
4,3712
9,1684
4,4777
9,2833
4,4840
4,4998
9,2466
4,2923
4,2145
4,8912
9,7873
10,0338
9,4565
9,1738
4,7038
9,5473
9,3191
4,4207
9,7233
4,0348
9,2842
4,4566
4,7279
4,5681
4,2516
3,4614
9,3286
4,4498
9,1297
4,0962
3,6298
3,3405
9,1724
3,8586
5,0058
4,3252
4,7698
3,6529
9,7050
9,5046
9,4387
4,8010
4,7640
4,1708
8,8700
9,2964
4,2819
4,5915
8,7434
4,7638
3,9835
4,6377
4,2394
3,9650
9,3117
4,3551
4,3788
4,1495
10,0009
9,2694
4,2137
4,2105
3,8993
4,1724
4,5144
4,1581
4,0731
4,3557
9,2298
9,9392
4,3954
10,0254
9,1571
4,0352
3,9860
4,5871
9,4622
3,8239
4,2947
3,9274
4,1946
4,4070
4,0252
4,2804
9,2679
4,5275
4,3940
9,0159
4,0541
9,7772
4,1066
9,3015
5,5080
9,5409
4,4095
4,7778
3,9818
4,1245
4,4972
9,2859
9,0047
9,4273
4,7567
9,7755
9,7688
4,0735
3,9207
9,2422
4,5915
4,6169
4,3173
4,1842
4,5541
4,1540
9,2198
3,9901
9,6311
9,7090
4,0790
9,9034
4,2674
9,0972
9,1220
9,2869
9,0854
3,7338
4,4363
4,3144
9,9335
9,3647
9,3539
4,5348
3,9068
10,0825
4,0057
4,2708
4,0461
9,2681
9,5456
9,2673
9,1028
9,4412
4,1350
3,6604
4,0442
4,1761
3,8956
9,3984
9,2488
4,5148
9,0184
4,1756
8,9672
8,8500
9,4194
9,2932
9,4340
3,7526
4,4600
3,9484
8,8516
4,2304
4,8148
4,2832
4,4210
4,6256
9,2034
9,9148
10,0148
9,6220
9,6757
9,2534
9,7617
3,6670
9,2828
4,3447
4,1477
4,5371
9,2731
4,1483
9,3571
4,3265
9,7007
4,3311
4,4521
8,6973
4,4210
4,3365
4,4259
9,5577
4,1082
4,3747
4,7015
9,3540
9,5744
9,3148
4,0298
4,0076
9,4743
9,7719
4,3287
9,4069
9,2912
9,2544
4,7035
4,7510
9,2912
4,0548
4,7479
4,5148
3,9270
9,2313
9,4553
4,3628
9,2518
4,3410
4,0421
9,4474
4,0960
4,9475
4,4769
5,3832
9,3616
9,4640
4,7661
9,8318
4,7549
9,5581
3,9579
9,4420
9,1651
4,1990
4,5653
9,3129
4,8190
4,3872
9,4810
4,5269
4,6589
4,2550
3,9783
3,9704
10,0906
9,4096
8,6651
4,0721
4,1492
4,5773
9,4413
4,3162
4,4669
4,1110
4,1951
4,5720
9,3575
9,0100
3,9265
4,0788
9,1507
4,6396
4,5398
4,3920
4,4564
4,4310
3,6463
3,8904
4,3235
4,6982
9,3809
4,4014
9,9279
9,4012
9,6426
9,6714
4,0417
5,0231
4,4913
10,0294
4,3307
4,5989
3,9797
9,2904
4,9196
9,1908
9,7121
4,5658
4,1100
4,3797
4,1119
9,0390
4,7739
9,2164
9,8320
9,2059
4,1908
9,2257
4,5537
4,1470
4,4234
9,2175
3,4397
9,5490
4,6096
9,2004
9,6690
9,2533
4,1358
4,0487
9,2644
4,4341
9,1448
9,3866
9,7722
4,0899
4,6819
9,3753
8,7505
9,3164
9,3980
4,5480
4,3141
4,1941
3,9858
4,1253
4,4024
5,0528
4,9022
9,8599
9,0178
9,1341
9,1191
4,1599
4,3323
9,1940
4,9471
9,2907
4,1389
9,2329
4,3037
4,0231
3,7688
9,4449
3,6876
4,1730
9,3955
9,3677
9,5716
9,0563
4,2320
9,4643
4,9296
9,4509
4,3373
4,2694
4,4063
9,9335
4,0091
3,9672
4,1662
9,5205
9,6587
4,4454
9,1147
9,3372
5,0900
4,0535
9,3491
9,6846
9,8999
3,9491
4,2704
4,2701
9,0507
9,7507
10,0358
9,8505
4,5860
4,3819
4,2721
9,6677
3,8814
3,9052
3,8734
4,3484
9,7581
4,0171
9,7273
9,6033
9,4547
4,0186
9,5600
9,7053
4,2507
9,5701
4,6238
4,5094
4,8106
4,0863
9,1408
9,6262
3,8535
4,4188
8,6716
4,7635
4,4264
9,2152
3,6411
9,2834
4,5094
4,2058
4,4660
4,7898
4,3621
9,3582
4,5050
3,6994
9,9027
9,2378
3,9589
3,8473
9,1470
4,5059
3,8273
4,0887
9,7756
9,9335
4,3099
4,1526
3,8919
9,5139
4,4061
9,3302
4,3329
4,7846
4,6161
5,0010
5,0151
4,0847
9,5428
9,4186
3,9091
4,3105
9,1242
9,5683
9,5422
4,7200
8,9825
4,2916
9,6049
4,1141
9,7096
4,0599
4,5914
4,3175
4,0487
9,7899
8,8628
9,6823
4,0056
9,1976
9,5380
4,6481
9,1650
3,7371
9,2865
9,1509
4,4356
9,4800
9,3655
9,2750
4,3581
8,8539
4,5546
9,4139
8,5924
9,4776
9,3570
9,1258
4,7994
4,5948
8,9766
4,4813
9,5948
4,2657
4,7958
4,1675
4,6890
3,9462
9,5304
9,9481
4,5630
3,7448
4,2805
4,1925
9,6227
4,1908
4,4159
9,2024
4,5351
4,3095
4,3053
3,7268
4,3592
9,6808
9,3328
9,4562
9,7203
9,4983
9,2484
4,7422
9,2773
4,2407
9,5262
4,4091
9,9111
3,7732
9,5987
3,8468
3,4330
9,2702
9,5404
3,8984
4,7741
9,5234
9,5587
9,2217
3,7801
9,4519
9,3396
9,5974
9,3366
8,4564
3,9792
4,1973
9,1300
3,8116
8,8652
4,5026
9,6210
3,9510
9,3521
9,3494
4,5585
4,3507
9,3211
9,5072
9,7219
9,3100
4,5686
9,4161
9,6871
9,4190
9,1303
9,8621
4,0593
9,8067
4,0307
9,7725
9,5422
4,2587
8,5592
4,2706
9,4300
9,5539
9,3824
4,0247
9,5827
9,8448
3,9659
4,4796
4,2217
9,3592
4,6426
9,3069
4,0043
4,0162
9,1460
9,0866
4,4666
3,9415
9,3724
9,5149
4,3553
9,1373
9,3783
9,6600
4,3227
3,9993
9,8242
9,3410
9,3343
4,0533
9,1097
4,1977
9,1273
8,9298
8,8723
10,0978
4,6158
9,6635
9,4401
3,9546
4,3240
3,4850
9,2399
9,2055
9,2233
9,6024
9,7022
8,8853
4,3717
3,7435
4,2466
9,5007
9,6577
4,0287
9,2470
9,6107
9,2417
9,3844
4,3939
5,0748
4,8379
4,1882
4,1901
4,2840
3,9139
4,5008
4,2046
3,9417
4,6842
9,5411
9,3704
9,5146
9,8122
3,8333
9,2355
4,4324
4,2434
4,2212
9,4870
3,8234
9,5660
4,3315
9,2303
4,4656
8,7902
9,3822
9,1877
4,9836
9,2657
9,8276
3,9242
4,0016
3,7834
4,2192
9,8014
4,6906
9,6638
3,9252
9,4922
9,5915
3,5391
9,5224
4,4241
4,3867
9,6302
4,6976
9,7888
8,9987
9,0414
3,9068
9,2294
9,3598
9,1048
9,0207
9,1705
3,9811
3,3389
4,3867
4,6380
8,8032
9,3330
9,6881
4,3368
4,6716
9,6194
4,1053
9,4146
9,2097
4,6050
9,8134
4,2148
9,3188
9,5511
4,8221
4,7326
10,0344
3,5243
3,6598
4,0579
4,4864
4,6288
4,4571
3,7591
4,0876
9,4193
4,3949
3,7734
9,6893
4,3786
4,8853
3,8497
9,7430
9,3767
4,3607
3,8198
9,6345
3,8398
9,0575
4,4349
4,5479
9,1199
4,6266
9,6227
9,1285
9,4474
3,5458
4,7393
9,0937
9,1376
10,1278
4,6638
3,7196
9,2460
9,2456
4,0694
4,3672
4,0443
9,5289
4,0543
9,5130
4,4244
4,3406
10,1311
9,5288
4,0968
4,1223
4,1472
4,0647
9,1245
9,7215
9,4287
4,0612
4,1614
3,9538
5,1389
4,6879
9,6113
9,8519
4,9810
4,1683
4,3190
9,6486
4,2126
3,7272
9,7614
9,8023
4,7315
3,7534
4,3477
3,5602
4,4850
9,4122
9,0371
4,2804
9,6059
3,9869
4,3866
4,4115
3,9563
4,8059
3,7540
4,0799
9,3612
9,2561
4,4071
4,3857
5,1406
9,2924
4,7211
4,5020
3,6281
9,5881
9,2168
4,0720
4,9676
9,8471
3,7759
4,1675
4,2570
9,1147
4,1826
3,7156
4,8678
4,0060
4,6120
4,7810
4,3216
9,3737
4,9667
9,2314
3,7068
4,3616
9,6781
3,7332
4,6238
4,8674
9,7400
4,0581
4,0850
4,2381
9,1423
3,7585
4,2308
4,3076
4,2339
9,8327
8,9105
9,5427
4,6063
9,4407
9,3250
8,9446
4,1426
3,9166
9,3893
3,9254
8,9814
3,7989
4,7886
9,0934
9,2554
5,0664
4,1249
3,9253
4,1533
4,7291
9,2892
9,4012
4,5865
4,1131
4,5974
4,1087
4,3477
9,4232
4,0639
9,8208
9,3102
9,1163
4,5079
8,8986
4,8896
9,3024
4,3410
9,6541
9,4583
9,5122
9,4617
4,3751
9,2454
4,9312
9,3540
5,0042
4,5483
4,4281
4,4500
9,5861
9,3729
3,8992
4,8112
8,9199
3,9120
8,8440
4,3460
4,2842
9,0051
3,9825
9,7218
9,0397
4,5778
4,5023
10,0319
9,0485
4,2633
9,5281
5,5698
4,1051
9,3962
9,4403
9,4626
4,5795
9,0973
9,6147
4,2437
3,9655
4,4362
9,4153
8,9863
9,2285
4,2078
4,2943
4,0436
9,2437
9,1448
3,8909
3,9761
9,6046
10,2639
8,9780
4,2929
4,2627
4,7843
9,5792
4,8464
9,8331
4,8269
3,5766
4,5864
3,9973
9,5997
9,8493
9,2404
9,4367
9,4926
8,9524
9,1610
4,1344
4,3119
4,3767
4,4800
4,4180
9,3018
4,3888
9,5758
9,5304
4,6984
4,3827
9,7434
3,8446
9,9440
3,9911
4,2397
9,0355
4,3046
5,2394
4,5745
4,7387
9,4261
9,1544
9,3007
4,8676
9,7457
9,8236
3,7777
4,1313
9,7387
8,7944
9,2585
4,4389
9,2304
3,9835
4,2079
4,0821
4,7074
9,3226
9,6501
8,6630
9,2881
4,6549
9,6245
9,0393
9,3623
4,2695
9,0085
4,0411
4,1707
4,3264
9,7097
9,5572
4,0514
4,4744
3,7110
4,3704
4,7389
9,3102
9,4707
9,8853
4,4185
4,6374
4,8274
3,7459
9,1669
9,7631
9,1492
9,1090
8,9679
4,4161
8,9230
9,2205
9,3823
4,4774
9,3104
9,1497
9,7210
5,0210
4,1043
3,5698
9,5655
4,0358
9,4520
4,3608
4,1086
4,1681
4,2657
4,1829
4,0828
4,3256
9,6312
4,2839
4,1493
4,3738
4,4141
4,8639
9,2667
4,6024
4,5326
4,5223
9,6695
9,2204
4,6047
4,4528
9,6372
9,2125
9,5153
9,7152
4,2875
4,7775
9,5936
4,3873
4,6741
4,9671
9,3974
9,3895
4,2133
3,5884
9,2241
9,4316
4,1177
9,6079
9,3784
4,6869
5,2551
4,7540
3,3692
9,1129
4,3287
4,6919
8,9541
4,0500
3,8184
4,0211
4,8119
3,4297
9,3494
4,0194
4,0348
3,7266
4,4350
9,5551
9,1566
4,2433
3,5948
4,0211
4,5911
9,6844
9,4681
9,3587
3,7492
4,2959
4,8294
4,2408
4,6716
4,4028
3,5100
8,7400
9,4667
9,5924
9,6236
9,0586
9,5808
9,4442
3,9008
4,6080
9,8215
9,6646
3,8856
4,5154
9,2090
4,6190
9,4659
9,8454
9,5341
9,7508
4,6725
4,2563
4,3169
4,8776
9,5047
4,4225
4,1598
4,3892
4,6930
3,8612
4,5610
4,2724
9,7190
9,0857
9,3161
9,1647
4,7254
4,4051
3,9749
4,3092
3,6731
4,0375
9,5022
8,8586
4,4260
4,3467
3,9885
10,1400
4,1141
4,4094
4,1546
4,1758
4,5945
4,1426
4,2687
4,4017
9,2899
9,0508
3,9098
4,1088
4,2331
4,9624
4,8427
9,4028
5,0001
4,6895
9,3274
3,9997
4,5001
9,0240
9,2581
3,9794
9,1557
4,3686
4,4191
4,6845
9,2065
9,3859
9,4088
9,1427
4,5098
3,8557
4,7996
4,2149
4,0534
9,5630
4,0562
9,3386
3,9330
4,1076
9,4535
4,2764
9,1627
4,2194
4,2398
3,6677
9,9429
5,0111
8,7402
4,5628
9,1906
4,4449
9,7129
9,1053
10,0107
9,9044
4,7875
9,4792
9,5962
4,1023
9,6737
4,4244
4,3618
4,0427
9,5065
4,0491
4,7362
9,4463
10,0372
3,4860
4,1345
4,3746
9,2661
9,3612
9,5091
4,5251
4,2711
8,8976
9,1633
3,7557
9,5496
4,4543
9,3371
9,4423
9,3425
4,1271
3,9589
9,5923
3,9734
9,0535
9,2492
4,5278
4,2817
9,7047
5,1519
3,9160
3,6590
9,5919
9,5675
4,7363
3,8073
9,2321
9,1715
3,7497
4,6936
4,3869
4,4296
4,9510
4,3981
9,4829
4,5355
9,3803
3,6766
4,2147
9,3883
8,7270
4,9667
9,8272
4,0511
4,2447
4,4485
3,7859
4,7816
9,4521
8,7119
4,7760
4,1740
9,2639
4,2836
9,4724
5,0224
9,6982
3,9232
4,2283
3,8178
9,3130
4,7400
9,5508
4,4775
3,5562
4,0072
4,7084
3,5735
4,7389
9,7728
4,2391
3,9946
4,6443
4,5378
4,2801
4,0460
8,9983
9,2468
4,2504
4,6314
4,1845
4,3058
4,8871
4,4327
4,0075
9,4949
9,5964
9,7941
4,2665
4,3461
9,5639
4,2435
9,2474
9,5278
10,0107
9,4233
9,4066
4,4470
4,0622
3,8790
4,2587
9,1758
9,2865
9,5648
9,6215
4,5359
9,4800
4,3753
9,2584
9,6488
4,5118
4,4284
9,2393
4,7994
4,2957
9,3585
4,3717
4,3183
4,4157
3,9548
9,5020
9,7187
4,3350
4,1182
3,9209
9,6271
9,4243
8,6926
9,3407
9,1665
8,7567
4,1217
4,3708
9,2223
4,3424
4,2073
4,6217
3,9944
9,1580
8,9214
4,2090
3,8194
3,6600
9,2568
9,5666
9,1499
9,3983
9,6374
9,4121
4,2995
4,3613
4,6786
9,4623
4,6797
8,7683
4,3931
9,4592
4,5735
9,3986
3,7615
4,2227
9,5687
4,0944
4,5459
9,4652
4,9971
4,7817
4,6832
8,5031
4,1085
4,8979
9,0690
4,2771
10,2231
4,6766
4,2147
8,7897
9,5530
4,1778
4,3274
4,9284
4,3394
9,5595
9,1580
4,3931
10,0057
4,6066
8,9888
9,2977
4,6806
3,7144
3,8975
9,8371
4,4310
4,0465
9,1306
4,7636
4,4465
4,8246
4,1793
9,8514
9,5565
9,0795
4,5830
4,1507
9,5308
3,9741
3,9177
4,7069
9,3599
4,0714
3,9948
9,3547
4,0946
9,6011
8,7613
9,5986
4,3100
9,5565
9,6977
9,6964
9,3326
9,6762
9,8267
4,3980
4,7171
9,3617
9,8363
4,3755
4,3991
9,0108
9,1674
9,1825
4,0156
9,9490
4,0691
4,1558
9,3610
3,4332
3,9110
8,8775
4,1509
8,8660
4,2750
4,0907
4,7419
9,5662
9,7955
3,9870
4,5435
9,6293
4,0001
9,2317
9,2125
4,0055
9,2190
4,0103
4,2035
9,3336
4,8588
9,0961
9,3403
3,7768
3,9142
9,1566
9,9497
4,0436
4,6599
9,5881
9,9961
9,5600
3,9829
4,8572
9,8153
4,0624
4,2856
9,3385
9,4096
9,7131
3,9764
9,2994
9,1974
4,6611
10,0008
3,9480
4,8313
8,7100
4,8797
4,5028
4,1542
4,9321
9,2522
9,4055
4,3313
9,0066
4,4621
4,0592
9,5715
9,1856
9,7289
9,2689
8,5370
3,8615
9,1041
9,6860
9,4432
4,7743
4,5748
4,5967
8,9217
9,8687
4,1728
3,9382
9,0367
4,1551
4,8863
4,5749
5,1695
9,1248
4,3454
5,0447
3,5240
8,8785
3,7342
4,4115
9,3684
3,7458
9,2140
4,1352
9,8477
9,3863
3,8758
9,4896
4,2267
4,4589
4,6136
8,9173
9,2130
3,9154
9,4995
4,2858
9,4618
3,7038
9,1971
4,4667
9,5466
4,3186
8,7425
4,5930
4,4480
4,5710
9,4391
5,0762
9,1194
9,3377
4,7461
4,2840
4,1749
3,9755
4,4961
4,7455
9,0553
9,1284
9,6184
4,1875
9,6505
3,9764
4,3287
9,1115
9,7249
9,8970
9,2088
9,6863
9,1338
3,2801
3,3791
9,5044
9,3168
4,3755
4,3276
4,2425
4,3618
4,3415
4,3944
4,3387
4,9198
9,0802
4,3476
4,0616
10,1615
9,4221
9,1825
4,0528
10,1120
9,4350
9,4718
4,2166
3,6369
3,8555
9,5946
4,5476
3,8491
5,0830
9,2967
4,3519
4,6646
8,8678
4,0800
4,4691
9,0421
9,3461
4,4624
9,3084
4,9951
4,3216
4,6398
9,3465
9,1356
3,8129
9,2179
4,1481
4,5699
9,1761
4,5150
8,7318
9,4534
4,1520
4,6061
3,7924
9,2257
3,9368
3,2080
9,3259
8,9853
9,5195
4,1822
9,3146
4,1422
4,7367
4,1321
4,4992
4,4016
8,9393
9,4219
9,5745
4,6935
3,9505
9,6484
3,9038
4,0938
4,3450
9,5478
4,5742
9,2636
3,8084
9,4894
9,5228
9,4464
9,2912
4,3162
9,8083
8,5924
4,6901
4,7943
9,6878
9,3953
4,0353
9,3130
9,4247
5,1733
4,3653
9,3647
9,4208
4,7913
8,9281
4,4677
4,1145
4,0028
9,4894
9,8701
9,4446
4,4770
9,9129
4,6055
4,2385
9,7639
9,8034
9,3978
4,9452
4,3726
9,4950
9,5522
4,2627
9,4206
9,0101
9,4393
4,0284
9,1027
4,2833
4,1040
5,1642
9,1345
8,7600
9,4247
4,2805
4,6336
9,5041
9,6559
5,1983
4,2890
9,6333
4,2936
4,0014
9,3415
3,6833
3,9294
3,9595
5,1730
4,1079
4,1000
9,5168
4,1999
9,7688
9,4633
9,1954
4,5348
4,3105
9,5411
9,4219
9,7057
4,5056
9,6585
9,8281
4,1891
4,4626
9,6841
9,6491
3,9566
9,4476
9,5405
4,3151
9,7133
9,6885
4,5233
9,2181
8,5966
9,3803
4,5037
4,1767
9,4152
9,9393
4,2700
4,2773
9,6316
4,0529
9,5629
4,1741
3,9592
9,2878
9,2597
4,2001
4,3394
3,8539
4,0981
5,1562
4,0258
9,6545
4,0045
8,8484
4,6497
4,5258
4,3774
9,7677
4,3699
9,3445
9,2541
8,7914
9,8865
9,4178
9,6782
9,2231
8,7454
8,9223
5,2044
9,7118
4,7196
4,4214
4,2991
4,1514
3,9795
4,5218
3,9032
9,9634
4,4151
4,3548
4,5443
9,5348
4,6087
9,7113
4,9368
9,4587
8,9582
9,1779
4,4826
4,3742
9,8450
4,9713
3,9358
4,1013
3,5640
4,0252
3,5638
9,4792
4,4724
4,2480
9,7384
9,2060
9,2680
9,1702
4,5644
3,8397
8,7867
4,4359
9,3168
5,0939
9,3218
4,1941
9,4922
9,2106
4,4744
9,3929
4,3668
4,6353
4,7481
9,0871
4,7699
3,8139
9,0488
4,3729
4,2415
4,2880
4,4557
4,5750
9,8151
9,0157
9,8253
4,3209
4,0125
4,4896
4,1084
9,5789
4,5250
9,3513
9,7566
3,9791
9,0810
4,2796
9,7534
4,7082
4,0532
4,0676
9,7700
9,3410
9,7208
4,6171
9,1910
3,9207
4,2118
9,4170
4,1121
9,1032
4,2871
4,5309
4,3787
9,3595
3,6500
9,4465
4,2200
8,8100
9,5321
4,1831
3,9023
8,9600
3,6299
10,0869
4,6987
9,3438
9,5889
3,5493
4,0708
4,4400
4,6077
4,0090
4,3179
3,8914
4,5353
9,4991
3,6698
4,6901
9,3788
4,1911
9,3935
4,3591
4,3344
3,4827
4,3793
4,1483
4,3880
9,7266
9,3388
4,3125
9,3012
9,1581
4,2682
9,0021
4,1558
4,0795
9,4515
4,1310
4,2666
9,1944
4,5084
9,8888
9,6261
9,0918
4,6668
3,5523
3,6729
9,5496
4,1726
4,1406
4,2193
4,2478
4,1906
4,3625
4,1745
4,4427
4,0774
4,3414
9,3757
4,2039
9,3013
4,5328
4,4884
4,3714
9,2249
4,0835
9,9159
4,0222
4,8861
3,3306
9,7256
4,6113
9,3710
3,9437
4,6592
3,8596
4,5057
4,4114
3,8402
9,0650
9,3883
9,0833
9,7936
9,9098
8,9973
9,6590
9,6984
9,5792
9,1719
4,8183
3,9964
3,8630
4,2781
9,9809
4,8585
4,2933
4,6838
9,2464
9,1520
9,4225
8,8592
3,6973
9,2450
9,7266
3,9632
4,0683
9,5526
9,2698
4,8637
4,1145
5,0523
4,1058
4,7178
4,2833
5,0224
4,1312
3,9982
9,0784
4,5903
4,3981
4,0062
4,0349
9,5171
9,4898
9,8590
4,0094
9,5687
4,9593
9,5974
9,5069
4,8903
4,1720
4,1134
4,4605
4,4414
9,2517
9,4750
4,1516
3,5928
4,2852
4,5396
9,3758
9,1038
9,2920
8,9971
4,5572
9,0176
4,8132
9,7560
9,5984
4,2506
4,2975
4,3915
3,9334
3,9708
4,1025
4,4050
9,7096
9,1695
9,2958
5,0704
4,0221
8,7510
9,7754
4,0986
9,5673
3,8272
4,0991
4,3884
9,6234
3,8961
9,4531
4,1620
9,2048
4,5031
5,1399
9,4809
9,2688
9,9987
4,0708
4,6234
4,3680
4,7909
4,1668
9,6028
3,9553
9,4133
4,0368
9,4533
9,3831
9,5926
9,7165
3,8888
4,9983
4,3472
4,7656
9,0099
3,9715
4,4396
4,6090
3,1347
9,9415
4,2409
9,5061
9,3418
3,9023
4,7003
9,3911
9,1025
9,6906
4,1267
9,4743
4,1547
4,7371
9,0871
3,6664
9,6180
4,3875
9,6256
4,1779
9,4700
3,8309
8,8448
9,8335
3,7504
9,0901
9,4695
9,8782
3,8694
4,1947
9,1874
4,4042
4,3956
9,5462
9,4452
4,3817
4,1395
9,2405
4,1835
9,9651
4,1463
9,6937
3,8138
9,5162
9,6981
9,5019
9,3533
9,6417
4,8967
4,1248
4,0169
9,7287
9,2796
10,0391
9,9601
10,2382
3,6192
4,6135
4,5281
9,6125
4,2419
4,3834
4,6652
4,4014
4,1770
9,4224
4,4260
4,3949
4,0384
9,0341
9,6295
9,9916
9,9005
4,3839
4,5726
4,1855
4,4280
4,2715
8,7380
4,8132
4,6399
9,1647
4,7404
4,7251
9,2592
4,1632
4,5968
9,9542
4,4239
9,6622
3,9189
4,6167
9,2570
4,9682
5,3894
8,9392
3,9949
4,4499
4,3768
3,9657
4,0255
9,4788
9,0000
3,7001
3,7963
9,1530
4,2443
9,2570
4,3444
9,3816
9,4912
4,1419
9,3029
3,8536
8,9464
9,4706
9,4660
4,6528
4,3093
9,4317
3,8749
4,3195
4,0042
9,4765
9,2953
4,4030
9,7164
4,2371
3,9724
9,5026
3,8321
4,7534
9,9185
4,4643
4,1588
4,2217
9,3065
9,7334
9,5399
9,0225
9,2385
4,8132
9,8659
9,4669
4,2163
9,4280
9,2682
9,2854
9,4222
9,7243
3,6854
9,5520
9,6108
9,0766
9,7282
4,1042
3,9469
9,6019
9,3789
9,4498
4,2656
9,6764
4,2646
9,5265
9,6007
4,2336
4,6771
4,2952
4,7158
9,4590
4,4373
4,1485
9,4092
4,3876
4,2594
4,1770
9,6445
4,6091
9,1393
4,0623
9,6332
3,8171
9,5631
4,0163
4,1741
4,3587
8,9791
4,6015
4,2468
4,7093
4,0283
4,4421
4,0813
4,4197
9,1808
9,3731
4,9162
4,3132
9,0115
3,9924
3,7114
8,5903
4,7440
9,1651
9,3688
4,7569
9,3261
9,8195
9,8355
4,0048
3,8955
8,7902
9,7559
8,9406
5,0235
4,7867
4,1978
4,3422
4,2942
9,7190
9,3725
9,3144
3,9263
9,3338
4,9120
9,4670
8,9955
9,3941
9,0332
9,0523
4,4721
4,1376
3,8324
3,7599
9,7695
4,2387
4,4718
3,7798
9,8472
9,4632
3,4983
9,6216
4,3506
4,6929
9,7853
9,6848
9,3799
9,8190
8,9265
3,9164
4,1120
3,9495
5,0000
9,4975
4,2012
4,4868
4,1106
4,4608
9,7094
10,0738
4,6409
9,4263
9,5515
4,7575
8,9173
9,2842
4,2265
9,2333
4,2863
9,4436
4,2797
4,2795
4,1093
4,5597
9,0145
9,1266
8,9983
4,1671
4,5780
4,4115
3,9405
4,1466
9,1882
9,9111
9,1802
10,0399
3,1893
4,2931
4,2393
9,4940
4,5210
5,4631
3,7702
9,6359
9,6649
4,0988
9,6342
3,6984
9,7949
4,2307
4,8302
9,6791
9,6304
4,8636
9,5330
9,4413
9,2353
4,2542
4,3761
4,1741
9,8941
9,6204
4,5641
4,0554
3,8863
4,1138
5,0911
9,5654
5,1005
9,5030
9,5559
4,8446
4,5464
9,2793
9,5528
3,3195
4,4517
9,4323
9,2712
3,9940
4,9812
4,2366
8,6950
4,2542
3,9742
4,2079
4,2631
4,8230
9,4503
9,4470
4,2955
9,7453
4,6574
4,3078
4,1608
9,7051
4,5373
9,5720
4,5314
3,4790
4,0929
4,0395
8,4596
9,1692
4,2509
3,8652
8,9569
4,4229
9,1454
3,9933
4,0269
9,8425
9,3344
9,4101
4,0836
9,2116
4,4391
4,3541
4,1544
4,0200
4,2808
8,8654
4,2839
9,6016
3,9119
9,0453
9,2607
4,2847
4,0371
4,0953
3,6944
4,1919
4,1974
8,6432
9,9851
9,7112
4,5471
3,8664
9,3564
4,5080
5,1383
4,4704
9,1930
9,1468
4,0058
4,3726
9,1786
4,6372
4,3257
9,3521
4,3642
4,6460
9,3467
9,4949
9,4657
4,3040
4,9346
9,9046
4,2129
9,7709
9,7699
9,9330
9,1421
3,5247
4,1659
9,3278
9,2965
9,8078
4,6583
3,7200
4,4037
4,4985
4,5261
9,0702
4,3762
4,1080
9,2427
8,9667
9,5154
9,8258
3,9683
4,1322
9,1349
8,9421
4,2982
9,2067
3,7448
9,3427
9,6687
3,9261
4,7492
4,5825
4,1889
9,3835
3,7939
9,1798
9,7328
4,1934
10,0278
5,0777
4,3445
9,9274
4,1479
9,6181
3,5220
4,2530
9,1561
9,7453
4,1842
4,3505
3,8116
9,6625
9,4720
4,7187
4,2763
3,6006
4,1534
3,9831
9,4381
4,1628
9,1871
3,7908
4,1413
4,4491
5,1895
5,4873
9,1573
4,9506
4,6091
4,3969
4,1948
4,3983
4,3626
4,3351
4,4445
3,8988
4,1149
4,4133
4,7312
8,9895
9,5087
4,0052
3,8289
3,9406
4,4189
4,2233
9,2726
9,2892
4,5780
4,4122
4,2677
4,9996
4,4771
9,7761
4,3051
4,3144
8,9339
9,6429
4,8286
4,5584
4,4710
8,8867
4,2052
4,3828
4,2549
8,7304
3,8822
4,2695
4,1921
4,4638
4,4569
4,0007
4,4406
8,9688
9,0281
4,2010
9,5657
4,3061
9,7394
4,6949
4,6715
4,3035
10,2283
4,4658
4,6163
4,1810
4,2962
4,3726
9,5271
4,2007
9,2223
3,8446
9,2691
4,2531
3,4170
4,1498
4,6424
9,3849
4,3214
8,7820
3,7026
4,3404
3,8824
9,4781
4,6349
4,6785
9,4641
4,0118
4,5662
9,0453
4,4464
9,8875
4,1102
9,7311
9,9108
4,2157
9,0182
4,3677
4,4252
9,6806
3,9427
4,1739
9,2028
9,6884
9,4024
9,0384
3,5257
9,6260
9,5447
9,2573
4,0164
4,1838
9,2308
4,4942
4,1598
10,0070
5,0080
9,1176
4,6285
4,7216
3,8034
9,5128
4,1414
9,7112
4,7983
3,8205
9,7235
4,4464
4,4981
4,3091
4,4551
4,1357
4,7270
9,4286
9,5495
4,0743
4,2934
9,7839
9,2796
9,3866
9,5832
9,8733
9,4806
9,0840
4,4283
9,3658
9,3725
4,6904
9,7262
3,5676
9,4767
9,8061
9,0165
9,3420
4,4246
9,3354
4,3331
9,3778
4,8930
9,5066
9,6739
3,9914
3,9563
4,6825
9,2246
4,3044
9,2963
9,6471
3,8068
9,7443
4,3065
9,2795
9,6669
4,2218
3,8956
8,9861
4,5723
4,9099
3,9933
9,4319
4,4184
9,3924
9,3922
9,2622
4,1260
4,2525
4,2046
4,1331
5,0460
4,2143
4,7517
4,3165
9,3487
4,3077
4,5559
8,9567
3,9081
9,1611
9,1003
9,0119
9,3595
3,2554
3,8598
4,4130
4,2956
3,8337
9,3192
4,7283
4,1170
9,2819
4,5126
3,7278
4,4829
3,8520
9,3376
9,3176
9,3742
3,9529
3,9289
3,5482
4,0272
4,0542
3,9986
3,7571
9,4051
4,1353
9,7532
3,8042
4,3768
4,1876
4,1121
3,9860
4,5820
9,2175
4,1733
9,2496
9,2362
4,4400
4,3976
9,4031
4,2569
9,0599
4,6394
4,0608
4,8181
9,0306
4,4603
9,8818
9,6638
4,4066
9,0140
9,1938
9,0948
4,4699
4,2458
4,9190
9,5021
3,8480
9,1530
9,6861
9,5930
9,6988
4,1067
9,0280
4,8366
9,6286
4,5098
9,1660
3,9858
9,3889
4,4030
3,9282
4,5718
4,1528
9,0162
3,9647
4,7136
3,9815
9,4793
3,9415
4,1833
3,6869
9,0534
3,7744
9,3585
4,1085
4,1917
3,7094
3,9115
4,4614
4,5199
4,6789
4,7775
4,7642
4,6031
4,1610
9,5565
9,4879
4,0365
9,6007
4,6090
5,1486
4,4478
8,7108
8,7989
4,5074
4,6213
4,4121
4,4893
4,4815
9,3220
4,1757
3,8601
8,7985
4,0911
4,6255
3,9812
4,8024
9,1818
4,4801
4,5341
4,8781
4,5136
4,5093
9,2006
9,9223
9,1012
9,5976
4,5268
9,6970
9,6903
3,8370
3,7063
9,5650
4,3136
4,2616
4,4400
9,6289
8,6697
4,4736
10,0341
3,7695
9,1586
4,6624
3,6774
9,0511
4,1474
4,5550
4,1080
9,1458
4,3933
9,3951
9,5321
4,4533
9,3065
3,9631
9,1778
9,5155
9,9076
9,9132
8,6083
3,7165
3,5889
4,5151
4,0298
4,2899
4,7836
4,3785
4,7022
9,3137
4,9817
4,5772
9,6545
9,7992
3,9360
4,4165
4,0688
8,9275
4,8259
8,9996
9,3795
4,2098
3,8934
9,2120
9,2942
9,2713
9,4158
4,5419
3,9594
9,7753
4,2226
4,1660
9,0213
9,5063
9,6881
9,5586
4,4607
8,9907
9,5940
9,3866
9,5372
4,2782
4,5022
9,3458
9,3446
4,5418
4,3015
5,0090
9,2431
9,3787
4,4532
4,0266
9,2182
4,0865
9,6203
3,9615
4,1817
9,5136
4,3024
4,2674
9,5592
3,8791
5,0135
3,9748
9,1705
4,1100
4,5273
9,1469
9,3213
4,3848
4,2669
9,4379
3,9714
4,3836
4,3711
4,7557
3,8599
4,0971
4,5453
4,5793
9,3138
9,1281
9,1821
9,4576
3,9558
4,8958
9,4890
4,5153
9,0951
4,1675
8,9634
4,0428
4,2547
4,2416
4,4270
9,4155
9,1741
9,3620
9,5317
3,6550
9,3900
9,0411
4,5354
4,5875
9,9967
9,2693
9,4751
9,5651
4,0526
4,9062
4,4529
9,0537
9,7040
3,3149
4,7403
4,0649
4,5926
8,8124
4,4128
9,3274
4,5141
4,5412
4,1439
4,6616
3,9196
3,7955
5,1880
9,6920
9,0150
4,7611
4,6964
3,8414
9,1476
4,6699
9,4779
9,1298
4,5659
3,9132
8,9618
4,0423
4,0667
9,4321
4,8189
3,9147
4,0400
4,3214
4,0381
4,3909
4,1344
4,5597
9,5617
9,4855
9,1144
4,6376
9,0179
9,1963
4,2962
4,1364
4,3142
9,3785
8,6526
3,7094
3,6049
4,2963
4,5399
4,0873
9,1327
9,6266
8,9661
9,2400
9,3638
9,7482
9,4905
9,1707
9,6811
9,5634
3,9860
4,8478
9,6019
9,4412
4,1110
4,3193
9,7130
3,9445
9,2262
9,1445
9,3931
9,5619
9,3806
9,3061
9,1293
9,6729
9,4030
9,8802
4,5665
9,6024
9,1417
3,8985
4,4237
9,2924
4,5664
9,5222
4,1313
3,6554
4,0529
3,5003
3,9457
4,6637
9,3024
4,4807
9,2039
4,6218
4,0381
4,2662
4,4732
3,4981
4,2617
9,2528
9,8019
9,0876
5,1819
3,9409
9,3705
4,4316
4,8454
4,1538
3,9276
3,9481
3,9925
4,3175
4,5101
3,7034
9,5028
3,8233
9,5874
9,1554
3,7563
3,9533
4,8196
9,7601
9,0771
4,6692
9,3621
9,2818
9,7457
9,1060
4,5172
9,1379
4,0864
8,9607
4,3210
9,1289
9,2491
9,0090
4,0579
9,1289
3,8643
4,2267
9,0693
9,6408
9,5951
4,2359
4,1716
4,5013
9,2397
4,0304
4,7435
9,6343
3,9853
9,5288
4,3997
9,6376
8,9698
9,7687
4,4718
4,3002
4,8872
4,5227
4,1647
9,3146
9,5179
9,5532
9,4371
9,7077
3,8746
4,6411
9,7048
3,5892
4,1686
4,3746
4,0227
9,2261
9,4554
4,6225
9,6392
4,6727
4,3895
3,7577
9,4563
4,8413
3,9622
9,9239
9,3006
4,7058
4,2090
9,0223
4,3396
9,9923
3,8832
9,4158
9,3216
3,6490
3,9623
9,3380
4,2044
4,9620
9,3339
9,4706
9,9074
4,9110
4,7099
4,6259
4,4706
9,2949
4,0563
9,3288
4,2391
9,5784
9,1435
9,2257
9,7346
9,3674
4,6733
4,6883
8,7604
9,5051
10,0463
9,2745
3,4654
4,6371
9,1435
9,3285
4,6702
4,3312
4,5666
4,8843
3,9733
10,0021
9,3832
4,9021
4,4724
9,3846
4,2296
3,4825
4,9081
4,3801
4,4754
8,9403
3,8800
8,8805
4,1854
4,3856
5,2230
9,4629
9,0161
9,0241
4,1927
9,3874
4,5939
3,9512
4,1995
4,3283
9,2874
5,3267
4,4796
4,0847
9,3909
4,5806
9,5654
4,5883
9,6637
4,3477
9,5078
4,3205
9,1928
4,2662
3,7542
9,8641
8,9018
3,9913
3,8436
9,7350
3,9952
3,9739
3,9689
4,1543
9,2517
4,5135
4,1272
9,9263
9,5920
4,5090
3,9717
9,3686
9,5788
4,4131
9,6085
9,2696
4,7370
9,0387
4,2549
5,1650
4,1116
9,3493
9,6407
9,5024
3,9412
4,3932
9,6617
3,9406
9,8791
9,4970
3,8871
4,5183
4,0043
9,6896
8,9458
3,2849
4,3906
4,0822
4,1801
3,9782
4,1367
9,4914
9,6558
9,0241
4,5050
8,9734
3,9977
4,0896
9,2811
5,1460
4,1703
9,2807
4,1979
9,8726
3,9617
3,8211
4,6070
4,4716
9,3853
9,6799
4,3756
9,3376
4,5967
9,3389
5,0419
4,9018
9,2987
9,3161
3,8010
9,5123
8,7764
9,6129
9,1049
9,4746
4,5084
4,7301
9,1227
8,9950
9,9607
4,2575
3,8989
9,4859
9,3695
4,7616
3,9241
3,5420
4,9776
4,2912
9,5737
9,6620
4,4228
9,2054
9,1615
9,4839
4,9645
3,8775
4,8382
3,8007
4,4621
4,0206
3,9783
4,4527
9,5479
9,6636
9,6275
4,0576
4,8479
9,2710
10,0535
9,0040
3,8073
9,8637
9,4578
4,2742
5,1154
4,0393
9,3373
4,1298
4,4945
4,1903
4,2700
4,1013
4,0434
3,6559
4,0640
9,4402
4,4067
8,8542
3,6016
4,2685
4,1077
3,9552
9,8088
4,4164
4,0166
4,3085
4,3264
4,3904
4,6772
9,7171
9,4002
4,1875
8,9939
4,2111
9,9862
4,0234
9,4892
4,6251
9,1903
3,5954
9,1027
9,8457
4,4674
4,3434
9,1129
4,3789
4,0220
4,5974
9,7125
4,9151
4,3826
4,0725
4,1586
4,6505
3,8985
4,1445
4,0574
4,6036
9,3072
9,8242
4,2086
3,9606
3,9908
4,7143
4,3221
9,8495
4,4121
8,6858
9,2114
9,2611
4,1640
4,5189
9,3171
4,5736
9,5754
3,7820
4,3397
4,3350
4,2647
9,4174
4,6304
4,6615
9,5685
3,8342
4,2123
4,6222
9,5118
4,1411
4,2836
9,4000
4,1858
9,4145
4,3188
5,0313
9,7700
9,5292
9,4067
3,8302
4,6058
4,8573
8,9988
4,1780
4,4923
4,2664
4,1988
9,5574
4,3988
4,3582
4,3660
9,2452
4,2297
9,2309
9,1957
4,6563
9,1352
4,3371
4,4054
4,8886
9,5265
3,9645
9,1194
4,5541
9,5789
9,4608
9,7401
4,4570
8,9260
4,2195
4,1847
9,4212
9,3580
3,9193
4,5052
9,2700
4,8096
9,6114
9,2627
9,1054
9,3098
3,3245
4,2986
4,7035
4,5240
9,4268
9,2929
9,5361
9,6348
4,2242
4,5228
4,6166
4,2460
4,4610
9,3037
8,8863
9,4988
9,1799
9,3064
4,1838
9,8509
9,2836
9,0143
3,9730
9,5081
4,7322
8,9464
9,4350
4,2390
9,0449
4,1099
4,7216
3,8795
3,9281
8,9467
3,7835
9,8683
9,8206
4,7312
4,6502
3,8379
4,1672
3,8457
8,7554
9,2694
3,7948
9,4708
9,1653
8,9664
4,4661
4,3127
4,7613
3,8711
9,4056
9,6780
9,6631
4,2801
9,0544
9,2946
4,5365
4,7792
4,5567
4,7634
9,3736
9,6132
4,6016
8,8698
9,3162
9,0708
4,5048
9,3414
9,4135
4,0078
4,5112
9,3267
4,5461
8,8202
10,3348
4,1035
4,1496
9,6483
4,1681
4,1593
9,6780
9,8683
4,4270
9,2924
5,1444
5,0280
9,7864
9,4322
4,2973
4,4028
9,1905
4,3065
4,2034
9,1946
4,0074
9,2942
9,4205
4,4240
8,8563
4,1589
4,2875
4,3553
3,8566
8,6292
4,1697
9,9072
4,6087
4,0958
9,6535
4,5956
4,8100
9,3908
9,2935
9,6920
9,0511
3,8246
4,2653
9,7764
8,8086
4,4351
4,1216
9,6249
4,2983
3,8397
9,5538
4,3261
9,5563
8,9266
9,5244
9,7441
4,1652
9,0615
4,9564
9,4326
4,5690
3,7468
9,1176
9,4741
9,5262
4,4299
4,4644
8,8940
4,6937
3,5022
3,9081
4,0774
9,5097
9,3489
4,4248
3,9059
4,2571
4,4264
8,8780
9,2286
4,2144
4,2088
9,6013
8,8784
10,0162
9,5045
4,5746
9,3024
9,8557
4,5668
4,0846
4,5767
9,2644
9,3807
4,4603
9,8916
3,8189
4,0403
9,6500
4,0071
9,4308
10,0461
4,4466
3,9499
4,3749
5,2364
4,4987
3,5406
4,0549
9,4422
3,8069
9,5758
3,5394
9,2568
3,6904
4,4333
9,8152
4,3866
4,6957
9,2090
9,5851
9,0849
9,5736
8,7778
4,0831
9,6021
4,5927
4,1533
4,7340
4,4805
3,8661
5,0114
4,1403
9,2475
9,1983
4,5071
4,6173
4,6942
4,3383
3,8747
8,9885
4,3180
4,2198
3,9725
4,4061
4,6231
4,6449
4,4440
9,4193
4,3704
4,0006
10,0610
9,3558
9,5964
9,4505
3,6928
4,8409
4,3452
4,7952
9,0331
9,7116
3,9855
9,4448
9,4933
9,5254
9,2161
4,4366
9,2304
4,3628
9,3983
9,3513
9,7595
9,0519
9,4718
9,4012
9,2390
4,0599
4,3739
8,9898
4,2304
5,1589
9,4101
9,2069
9,0180
9,4363
9,2564
4,1999
4,2716
4,0674
9,3336
4,8100
8,9751
4,7528
9,0960
4,5863
4,1618
4,3348
4,4290
4,2108
9,7680
9,7895
4,6328
9,8757
4,5978
3,9667
4,6757
9,6652
4,2570
9,2066
4,8256
4,1634
4,4087
4,3918
4,1391
3,6812
3,6695
4,0260
8,9206
3,9488
4,4758
9,4747
8,9997
9,0996
3,7179
9,8562
3,9561
9,2903
3,8847
3,7182
9,5665
9,2379
4,4867
8,6240
4,5127
9,0557
4,7931
9,5277
9,4164
3,9091
9,6834
9,1593
9,2812
4,3423
9,0652
8,8972
9,4036
9,7752
9,3112
9,5553
3,8221
4,2112
9,8049
4,2880
4,5304
4,6060
9,3730
9,4448
3,5059
4,0717
10,0076
9,1585
8,8863
9,4248
4,3567
9,2825
4,3533
9,4299
3,8062
4,6054
9,5875
9,1296
9,8839
9,0136
4,3645
9,2737
4,5494
4,1612
4,0823
9,3791
9,5126
4,4173
4,2140
4,2827
4,7040
4,0945
9,2435
4,4301
9,1224
9,4689
3,8615
10,1554
4,4942
9,2879
4,9046
3,8184
4,3474
4,0523
4,2048
9,2949
9,0837
4,5493
5,2704
3,9565
3,9649
9,2628
4,5485
4,5618
9,8376
4,5861
4,6519
9,4926
9,4917
9,4905
9,5667
9,1339
9,2026
4,0310
4,1088
10,1861
4,2235
3,7385
4,3198
9,1644
9,7860
4,8266
9,2493
4,3919
9,5888
3,8698
9,0759
3,8100
9,2887
3,4019
9,3974
9,1772
9,2985
9,2227
9,2400
3,8591
4,1895
9,8450
4,0522
4,1754
4,6589
4,5359
4,7239
4,6539
9,5243
9,3087
9,2457
9,4810
8,9696
3,8013
4,3701
9,4270
9,3838
9,2514
5,0936
3,8694
4,1665
4,8266
4,3183
4,0581
4,6169
3,8104
4,2668
4,4167
4,7857
9,0098
4,3108
9,5943
9,0852
9,5747
9,3943
4,3776
9,5105
3,7785
9,0589
8,6293
3,9098
9,5657
4,4383
9,6074
4,1067
9,5675
8,8228
4,8311
3,5280
5,0209
9,1674
9,6726
4,1963
9,7207
4,3660
9,0821
3,9676
9,7910
4,2077
4,1896
9,7939
3,7447
9,7838
3,7118
9,4898
9,4865
10,1152
4,0336
8,9282
4,0374
4,9625
4,5807
4,1066
4,2599
4,3565
9,1659
4,1298
9,3772
9,6245
3,6694
4,4815
9,2549
4,6175
9,2847
4,5463
4,7849
8,8584
9,2291
8,9991
4,6510
9,6054
4,1676
4,5050
9,5237
9,2283
4,4771
9,9565
9,6870
9,3907
9,3702
5,1278
8,8340
8,9725
4,4002
9,0408
4,1590
3,8969
9,6590
9,4393
4,2233
9,3438
4,1596
4,1685
4,3370
4,0707
4,1086
3,5336
4,8596
8,9644
9,1841
5,0845
4,6359
4,1976
3,9933
4,8275
4,1776
9,3097
8,7931
9,2805
9,2728
4,3046
4,4047
9,3844
4,6276
4,4499
4,2105
4,1322
4,2260
9,6947
9,6162
9,5363
9,7649
9,4779
9,5276
4,8571
9,2925
4,1280
10,0335
9,2541
4,0130
4,0629
4,0531
9,5013
4,1858
9,4546
4,5620
4,6515
4,0602
3,8059
4,5766
4,7106
9,2863
9,0570
4,1467
9,4040
4,6479
9,1628
9,3850
9,2159
9,6635
4,0604
9,5145
9,4971
4,1618
9,4002
4,6232
9,6605
9,3867
8,6650
8,9566
4,3786
9,2401
4,7897
4,5869
9,4132
4,6695
9,4915
4,5756
4,6062
9,6205
9,0333
4,3747
9,4810
4,6224
4,7176
9,0985
4,3603
9,0441
9,1551
4,2901
9,4471
4,0519
4,0258
9,6835
4,4915
4,3196
3,6238
3,6270
4,5466
9,1104
4,0159
9,2575
4,1590
4,4610
4,2628
4,2182
4,0447
4,3062
9,3957
4,6779
4,2837
9,4748
8,8385
4,3376
4,8421
8,8438
9,4287
4,8989
3,6616
3,9800
9,6132
4,5643
3,5492
4,3659
9,2316
9,3322
4,3774
4,0819
9,1018
4,2358
9,2461
4,6553
9,3815
4,4121
4,0677
8,7821
4,0777
9,1891
3,9142
9,3958
8,7308
3,9751
9,4079
3,6631
9,1993
4,2785
9,6991
9,3634
4,2648
9,4777
4,6766
4,2087
4,4644
9,8844
9,3825
9,2800
9,4247
4,0265
4,4805
9,2689
9,4355
9,8360
3,8712
8,8303
9,1045
4,4817
3,7989
9,4664
4,8972
8,9108
3,9646
3,7299
4,9622
4,9107
4,5581
9,4890
9,5660
9,5008
4,8762
9,0447
4,1693
4,7574
9,6044
9,4175
9,1903
4,3007
4,6499
10,1015
4,7158
9,4695
9,8878
9,7219
4,1236
4,0973
4,9413
4,2770
4,0385
4,4975
4,4141
9,3342
3,8534
9,3208
9,6894
4,6732
4,2600
4,2829
9,3078
3,9624
9,6294
9,3171
4,0680
4,1078
4,1592
9,3698
4,3391
4,5645
9,1548
4,3884
4,3966
3,8082
9,3952
8,6345
4,4237
3,6390
8,7667
4,3657
9,5942
4,5155
9,8158
4,3938
4,4661
4,1716
9,9551
8,9480
9,3637
9,6318
4,2065
3,7501
4,0853
4,5877
9,5932
3,9263
4,1183
4,6191
3,7931
9,4798
4,0812
4,2287
4,2822
9,4653
9,0632
3,7835
9,1938
3,9988
4,3519
3,9299
4,2215
9,1281
4,1641
9,1121
4,7834
4,5926
5,2582
4,3774
9,3137
9,4417
3,5652
9,9151
9,3887
3,7256
9,3606
9,4652
9,7305
4,8210
4,3172
3,4148
4,2806
9,0944
9,0933
4,1011
9,3074
4,6467
9,2465
4,6558
9,3590
4,8380
4,5651
3,9714
9,2275
9,4918
9,1833
3,9768
4,3447
3,9009
4,6300
9,8820
9,4320
4,3897
4,1264
4,0078
8,9633
9,1085
9,9597
9,3549
9,5867
9,2618
4,2455
9,4465
4,5439
4,3529
9,3589
9,5659
9,4233
9,4417
4,0689
8,8173
4,3711
4,8692
9,3827
8,8026
9,5874
9,5507
9,3910
4,4320
9,1481
9,3234
5,2241
10,0990
9,5803
9,3585
4,3940
4,8102
3,9002
9,2620
4,1277
4,2270
9,0951
8,7719
4,6285
3,9012
4,9560
4,8046
4,2868
4,8116
4,5769
4,7161
4,6388
9,4518
4,6355
9,3523
8,9032
9,6307
4,1708
9,0732
4,2551
9,0395
10,0156
9,5629
9,4763
9,2899
4,2163
4,7315
9,2443
9,3178
3,9358
9,4180
9,3910
4,4553
8,8818
9,4489
4,6056
8,8766
4,2628
3,9641
3,8368
4,6369
4,1506
9,5076
8,8878
9,3566
9,3670
4,9894
8,9627
9,3264
9,6093
9,7697
8,9384
10,2145
4,4455
9,7672
3,6216
4,4938
8,7165
9,9521
4,1280
9,6778
4,7505
9,1018
9,1360
9,0655
9,3286
4,3333
4,7391
9,8602
5,2527
3,7767
4,2881
4,0362
4,3785
4,5932
9,2108
4,3585
9,7857
8,7099
9,6688
3,6585
9,5418
9,6052
4,2525
5,0032
9,3340
9,1077
3,9224
4,3863
4,6881
4,2360
3,9481
9,2441
4,9469
9,3186
9,6115
9,3319
9,2671
10,3561
9,5745
9,8757
4,4910
4,0250
4,4611
9,0734
4,5402
4,3429
4,3924
9,3510
4,6501
4,6133
4,5162
9,8291
9,8897
9,5387
9,2536
3,8146
9,6444
9,2172
4,6501
4,1553
4,6266
4,2024
3,7038
9,0509
9,2644
3,8412
3,8075
9,2571
9,8284
3,9797
4,2336
9,6046
4,8099
9,6376
9,7594
8,9512
3,9066
9,5838
9,8214
9,2252
4,5781
4,3487
9,3991
4,5079
4,1756
9,9260
4,2319
9,7570
9,4261
9,2332
3,7626
9,1392
9,0070
4,9949
9,1830
3,7803
8,9106
3,9712
4,0455
4,5369
4,7338
4,3296
4,3632
9,4004
9,5974
4,0426
4,2729
4,7179
4,2195
4,4189
4,6213
4,5149
4,3843
9,3029
4,5577
9,6885
4,1624
9,3643
4,1220
4,2807
9,2056
9,6632
4,2135
4,3456
4,3002
9,3209
9,0722
9,4609
4,3863
3,5685
3,9313
9,7970
4,1821
4,1561
9,7477
9,4276
4,8042
9,2050
9,3197
4,4565
3,4783
9,5547
9,1753
9,3289
9,6072
4,3607
4,4579
9,5864
8,9277
9,0032
4,1532
9,2842
4,8368
4,4429
4,4954
9,5404
4,8362
9,1449
4,3971
3,7442
8,9281
8,7638
9,0958
4,6499
9,1274
9,4822
4,3802
4,5239
4,3344
9,7713
9,3305
4,6203
9,2153
3,9987
9,6840
8,8982
8,7332
4,3353
9,5472
9,4987
9,6125
5,2414
9,7425
9,7761
9,2052
4,7373
4,8083
9,4162
3,9570
4,4490
4,1176
9,3129
4,3334
9,4931
9,2533
9,0854
9,2166
4,6916
3,5540
9,3407
9,5191
3,9388
4,2324
4,0693
9,4945
9,3257
9,8317
4,3971
4,3056
8,6997
4,0851
4,0765
9,5334
9,3586
9,0403
4,3567
4,3891
3,8360
9,5237
9,0326
9,4139
3,8233
9,7536
9,2959
3,7530
3,4496
9,3733
4,4461
3,9745
4,2865
3,4843
8,7731
4,2888
4,4542
3,7076
4,3032
9,3802
9,4156
4,0898
9,9087
4,3706
4,2962
10,1734
4,1479
9,8892
4,0666
9,1435
9,8910
4,4794
4,8909
4,3743
4,2969
9,8346
9,5755
9,1631
9,0832
9,1073
9,4633
9,2319
4,2971
4,9909
9,8885
9,4385
4,1136
3,9814
4,1972
4,4449
4,6590
3,8729
4,1237
4,4683
4,2839
4,1107
9,0938
4,5146
4,0875
3,6332
9,5625
3,9787
9,2647
5,4098
9,3686
4,6062
4,3244
9,6132
3,7011
3,5604
4,0430
4,5395
4,0830
4,2906
9,4284
4,7053
4,3399
9,2046
9,3594
9,2860
4,3533
3,8242
8,5724
4,3434
4,2996
4,1154
9,1265
4,2014
9,4869
9,3100
4,5214
4,3151
9,5105
4,8434
3,6558
4,2284
9,9531
9,5903
3,9597
4,5419
8,9336
4,2702
3,8583
9,5815
3,7825
9,5060
9,1876
9,9707
4,1418
9,4066
4,5707
9,4463
4,5495
4,2298
9,6195
4,0122
4,6703
9,6729
9,7556
4,1173
9,2758
9,2920
9,4301
4,5611
9,7086
3,8167
4,1692
3,5543
9,4383
4,4318
9,9048
9,4948
9,6474
4,4989
9,1803
4,5890
4,2396
9,7380
4,5534
9,0829
9,8427
9,5357
4,3340
3,6288
9,2310
4,6824
9,4258
9,4416
4,4143
9,9051
4,1985
4,5561
9,7475
9,9212
5,2527
9,5347
9,4336
4,3106
4,5304
4,5248
9,1040
9,3356
8,9114
9,6828
4,5586
5,0602
9,7349
9,3272
4,6675
4,1431
3,8199
4,5522
4,1627
9,8818
9,2179
9,3534
9,5350
3,8529
4,1480
9,6177
4,3536
4,4070
8,6564
3,9782
4,3516
4,2371
4,3826
4,2316
3,8868
4,5559
9,0696
4,3682
9,1342
10,2578
9,3307
9,3286
4,2758
3,4411
9,5630
4,3385
4,1775
9,3572
3,8855
9,3863
9,3563
4,3740
4,6056
9,4266
9,2305
9,3361
4,6278
9,1929
4,0224
9,4387
4,6148
9,3720
8,8610
4,4971
4,2248
8,9461
9,9714
9,4229
4,3371
8,9561
9,2415
4,0056
4,1706
4,0563
9,7014
4,6657
9,3783
9,1891
3,9615
4,2428
3,9173
4,3175
3,5788
4,2144
9,7499
4,3603
4,2457
3,7336
9,5084
4,0910
4,1165
9,1222
9,8141
3,9742
4,2487
9,2983
4,5281
9,3563
4,7782
9,4719
4,1048
9,5019
9,1365
3,6154
3,3778
4,0324
9,4415
9,8364
3,9742
4,6831
9,2806
4,2035
3,9137
9,5505
8,9544
4,6850
4,9360
9,3833
9,4039
9,2776
4,6191
4,0101
4,9214
4,2219
9,2493
4,2757
4,5658
9,6539
9,3056
3,5570
3,7665
9,2827
3,9452
9,1747
9,4085
9,9094
4,6179
9,2900
4,6242
9,0740
3,6563
3,9101
4,5816
3,8580
3,0134
4,5819
4,3681
4,5474
4,1578
4,3747
10,1337
4,6040
9,7141
4,5482
4,2727
4,5017
9,3412
4,4970
9,3324
9,5661
4,5189
8,9495
9,1894
3,7578
3,4545
4,0299
9,3712
9,1656
4,1724
3,8843
9,8890
9,2337
9,4433
4,1501
3,9471
4,1845
9,6655
9,2521
4,5468
9,3820
4,2512
4,4370
4,1870
5,0789
9,1356
4,3098
4,8089
3,8776
9,3852
4,2314
10,1812
4,7600
4,7239
4,3718
8,9093
9,4715
9,4657
9,1886
4,0917
3,6570
4,2028
3,8170
4,0914
4,7612
4,5701
9,4264
4,5988
4,5629
9,5482
9,2850
3,6882
9,3524
4,2577
4,7028
3,8819
4,9834
3,9562
4,9281
9,5416
3,5322
8,8265
9,3189
4,4821
4,4339
4,5429
3,9493
4,2315
4,4009
9,3919
4,8890
3,9283
9,6814
4,6409
9,2618
4,5238
4,3826
4,9434
3,3164
4,3757
9,1430
3,9838
9,2777
9,2988
9,3785
4,1575
9,9860
4,4688
10,3306
4,4380
9,5687
9,0812
4,1271
4,8212
4,4367
4,6788
9,6512
9,4666
4,9116
4,4732
9,2823
4,7821
9,3268
9,8887
9,2837
4,4363
9,3221
9,4831
4,2584
4,7947
9,9301
9,3110
4,8319
9,0318
9,6165
9,7903
9,3742
9,3438
9,1359
9,3144
9,4348
4,7373
3,6865
9,6312
9,2215
9,4388
8,8615
4,7201
3,8824
9,0755
4,0391
4,2681
4,2862
9,3122
8,7987
4,4080
4,3093
3,6824
4,9817
3,6625
4,4907
4,5148
10,0715
4,5178
9,4473
5,1088
4,7875
9,4650
9,2492
4,5172
4,4333
4,3690
10,0356
3,7925
4,2454
3,8195
3,6376
4,5411
10,4387
9,6770
9,6012
3,6566
9,1526
3,5936
8,6972
9,0991
9,3260
9,3704
8,9720
9,2749
9,6949
4,7140
4,4389
9,5861
9,7243
9,5439
9,4274
9,0091
4,1778
4,2228
3,7798
4,3047
3,8671
4,3762
4,7531
9,3472
4,1964
9,5483
9,2651
4,5272
3,9250
4,0367
4,6874
3,8374
9,2039
4,2991
4,6009
4,5701
4,7848
4,2484
4,4603
9,7007
9,4987
3,8198
9,6229
4,2924
9,2880
8,8130
9,5770
9,6351
9,0725
9,7140
9,3467
9,0366
4,3289
4,5855
4,4456
9,0016
9,5529
4,6871
9,6849
4,4402
4,3315
4,6583
3,9927
9,0555
4,2801
4,5234
9,1027
9,4147
4,3317
4,5347
9,8828
4,7250
9,6121
9,7530
4,6213
4,1596
9,5008
9,2621
9,3020
3,6416
9,0299
4,6612
9,3909
3,7735
4,6016
9,7109
3,5687
9,1253
9,4236
9,1368
9,3992
3,8804
9,7013
8,8567
4,3621
9,4523
4,5358
9,4240
4,4366
9,9365
9,1655
4,4316
4,2706
4,6672
9,6084
4,1911
4,2633
3,9182
9,1936
9,3433
9,3948
4,5756
9,2099
9,2661
4,1213
4,2567
3,6770
9,2064
4,3347
9,3848
8,9933
9,1173
4,0653
9,6252
9,1898
9,2757
9,4425
4,2237
4,2681
9,5581
9,6009
4,6456
9,4413
9,2037
4,5748
8,8751
9,4176
3,6153
9,1648
9,6979
4,0785
4,5434
9,4043
9,4561
4,4930
4,6975
9,4095
4,4291
9,4742
4,6977
9,8922
3,9661
10,1199
9,5897
4,9127
4,6586
4,5012
8,8422
5,1580
4,1426
9,6483
9,0537
4,6044
3,6995
3,7922
4,5426
4,3454
4,5366
9,6099
4,3471
9,1428
4,7519
4,2927
5,0014
4,1769
9,2339
4,4939
4,6786
8,7805
9,3824
9,0338
3,9852
9,1246
3,9724
9,0118
9,7305
9,7293
4,8712
9,6148
9,4771
9,1842
3,8386
4,2171
3,7634
3,5960
5,0477
9,3749
10,2459
9,5250
9,5312
4,5067
8,9658
4,3282
9,4894
9,8613
3,6320
9,6274
9,1552
9,5985
9,3132
4,0191
4,6433
4,7264
3,7416
9,5787
8,4704
9,1349
9,6616
4,5705
9,2149
3,8602
4,7086
9,7239
9,4567
9,3001
9,4717
4,6663
9,4460
3,9470
9,3189
9,2907
9,2348
4,0304
4,4531
9,4293
4,5390
4,6742
3,9474
9,2032
3,9644
8,7814
4,8030
4,0939
9,0672
9,0068
9,5088
9,2816
4,5563
9,9836
4,7207
4,7727
4,5804
4,5670
4,3862
4,2124
8,8991
4,2298
9,8188
4,3489
4,9986
9,3724
4,4673
4,1340
3,9359
4,5034
9,6136
5,0133
5,1009
9,3616
9,3286
4,1651
8,9745
3,9907
9,0989
3,9664
4,4815
9,5943
9,2322
9,3722
4,3466
8,9234
4,2252
9,0333
4,3247
9,4797
9,5439
9,9346
4,6718
9,7414
4,1874
5,0540
9,3013
4,0463
4,3205
8,6828
9,5637
9,3624
8,7783
5,2233
9,8708
9,2188
4,1660
3,7564
9,3747
4,9594
8,6935
4,7547
4,4428
5,1320
3,4591
9,7746
5,0429
4,5861
4,2870
4,4278
4,1196
4,2961
9,5321
4,6868
4,9430
9,2587
3,9285
4,5459
8,8666
9,6187
4,5970
4,1649
9,3300
3,9917
9,1656
3,4016
3,8689
4,2797
4,6905
9,4962
4,3965
4,3263
4,0417
8,9301
9,3674
3,7968
9,3040
9,4940
9,2930
4,2905
3,6000
3,9576
9,2970
9,2582
4,4400
9,6414
8,8719
9,4225
8,9128
4,0996
4,3911
9,3201
9,1453
4,5015
3,8098
9,4788
9,4066
4,2697
9,0894
9,3857
9,2936
4,1702
4,6479
9,5062
9,6287
9,3160
4,3654
3,7426
4,3672
4,2676
4,2969
9,8021
3,2542
9,9525
4,5539
9,3524
9,2907
5,1374
9,2980
4,5292
9,1708
4,3402
9,3316
4,8621
9,8488
4,1828
4,5511
5,2003
4,1106
4,1253
9,7192
9,1937
4,1011
4,1080
9,2905
4,7792
4,2717
9,2080
4,6336
4,1980
9,2270
10,0103
4,1112
3,9324
9,3960
4,4131
9,0873
4,0288
4,4617
4,5501
9,1343
4,5084
9,7079
4,6874
4,2153
9,1274
9,3821
4,7638
9,4642
9,9701
8,9841
9,5191
4,4128
9,8133
4,6170
4,7997
9,2209
8,9402
9,7981
4,3159
4,5030
9,6127
4,0892
4,3694
4,1718
4,2748
4,7072
4,7364
4,4704
9,5007
8,7914
4,5047
9,2051
9,1247
8,8630
4,1892
4,4526
9,9457
9,2789
3,8200
4,1563
9,9049
4,4158
4,3129
9,5796
9,4958
4,0828
9,2779
4,0767
9,2279
4,0191
4,5709
4,6099
4,2367
4,2539
3,8568
9,4454
3,9463
4,4496
4,0242
9,5686
4,7832
4,0935
4,4933
9,1792
3,8943
3,7302
8,9040
9,4473
4,2977
9,8801
4,7625
3,9555
4,6083
4,7072
4,3001
9,5036
9,5840
4,1776
4,1709
4,0130
4,2952
9,5683
3,9603
9,5970
9,4338
3,9915
4,1653
9,6579
9,0871
9,8057
9,4773
9,3069
9,1454
9,6092
9,5869
4,6074
4,7695
9,8385
4,7214
8,9431
9,1749
3,8973
9,0637
4,1977
4,7870
9,1639
9,0905
9,1123
9,8425
4,2229
4,0257
4,7308
9,8446
9,5125
3,9227
4,3281
9,0814
4,6061
9,0932
9,6906
4,1505
9,1866
4,5777
4,7661
3,7649
9,9197
3,5166
9,3195
4,5369
4,6960
4,5864
5,1821
4,6041
4,0071
4,1535
9,6399
9,2241
4,4765
4,4462
9,4411
4,1688
3,9321
4,2942
9,3929
4,0220
4,3114
8,4500
3,9089
9,5295
4,4571
4,5988
4,1005
4,2058
4,7428
9,5946
3,9499
9,5071
4,3980
9,2268
4,0225
9,6986
9,6774
4,6255
4,7344
9,4530
9,9683
4,7688
9,2856
3,8654
3,7217
4,1479
4,3119
4,5411
4,0144
4,5764
4,6279
9,4261
4,1243
4,4830
3,9118
9,3115
4,6319
9,7492
8,7849
4,3472
9,3530
4,1586
9,5721
4,6766
4,1410
4,7185
8,7649
4,2029
3,9640
4,1327
9,0350
4,9101
3,8039
9,4292
3,8419
9,1958
9,8535
10,0807
9,3530
9,4711
9,1196
4,8828
4,4201
9,2853
3,8080
9,1973
9,0067
3,9864
4,9165
3,7815
9,2595
3,6655
9,6574
9,4363
9,4351
9,7773
4,2460
9,5871
9,4920
8,6484
8,9925
4,9479
4,4226
8,9353
4,4883
5,0672
4,1716
4,6171
3,5638
5,0495
9,2376
4,2283
3,4442
9,4065
9,1220
4,4708
4,1035
3,8860
4,4504
3,6105
4,2421
9,4196
4,1785
4,1334
9,1394
3,8061
4,6549
4,2609
4,5499
4,1161
4,0389
9,5884
4,3427
4,3202
9,3808
4,1480
4,4899
9,5490
9,5047
3,9112
9,6949
9,7946
9,2180
3,9661
9,1000
9,5376
8,9276
4,1490
9,9751
9,1174
9,3966
9,5263
9,0450
9,6245
4,0718
9,5775
9,4546
4,3552
3,9074
9,5534
4,4557
9,2016
9,6419
9,7557
9,5202
4,2318
9,2473
3,8528
4,9369
8,7815
4,3064
9,8632
4,3964
4,7628
9,6402
4,3326
9,2258
9,5630
9,5793
4,5234
4,2360
9,1473
4,0243
3,8853
9,2153
9,2245
4,6298
4,5684
10,1140
9,9442
4,6767
3,1131
9,4851
4,0811
4,5795
4,1785
9,5416
9,0536
9,5582
9,5650
4,7699
9,1156
9,7644
4,6625
4,8037
4,1015
4,0984
9,3018
9,0765
4,9544
3,5808
9,9879
4,6383
4,5384
8,6785
10,1260
9,6614
3,5656
9,6614
9,4248
9,5853
3,7105
4,6102
9,3708
4,4320
4,1579
4,9745
5,5880
9,6510
4,4577
4,6882
9,4111
3,8109
4,5135
4,5850
9,2697
9,1431
9,4854
4,1610
3,9792
3,8054
9,1032
9,3076
4,1555
9,2161
4,1701
9,4915
4,8093
4,8170
4,4441
4,4126
9,9448
4,2359
9,4033
4,5102
3,9796
9,4335
4,3855
9,4159
3,9874
8,6161
4,8253
3,9603
4,2468
9,4882
9,6914
9,2034
10,0540
4,6766
9,4180
4,6536
4,5175
3,7737
4,7959
9,6636
9,3375
8,7569
9,7193
9,3631
4,6392
9,0519
9,5626
9,1196
4,2382
9,5000
9,4759
9,0964
4,1726
4,8893
4,7243
9,6853
4,0391
9,1122
9,2965
4,2976
4,0754
4,2303
4,4825
4,1171
4,4035
4,2934
10,0896
8,8383
9,0500
9,7372
9,1383
9,4417
4,2048
9,4681
9,5486
9,0740
4,3657
9,4338
4,5312
4,8363
9,4718
9,3703
9,1537
4,5805
4,2802
9,0350
9,0278
9,4409
5,1620
8,7439
9,7040
4,3498
4,4375
8,9369
4,2890
4,4743
9,5558
4,2967
4,4543
9,3150
4,5524
4,7297
9,4907
9,2571
4,1235
9,1481
9,6958
9,8091
3,9485
9,1444
4,4830
9,0023
8,5743
4,6340
4,2906
9,0592
4,6320
9,2465
4,2272
4,7711
4,8520
9,5006
9,2051
9,4724
4,9898
9,5879
4,4706
4,1109
4,7422
9,5404
4,2146
4,0931
9,5313
9,2242
9,0194
9,6875
4,4267
8,7770
9,4112
4,0475
9,2875
3,9635
4,5913
3,5128
9,3742
3,9273
9,0047
9,7132
4,0620
9,5851
5,1918
4,0606
9,2393
9,2818
4,3998
4,5772
4,4798
9,4275
9,4225
9,8264
8,9242
9,0725
9,1572
3,5638
4,1839
4,0250
9,4141
9,7415
4,4141
4,3245
9,7435
9,7706
9,1114
9,0337
9,1476
4,3064
8,6786
4,2431
8,7340
4,4584
9,0881
9,2270
9,2745
4,7069
9,0249
9,4209
10,0632
9,1788
4,6124
4,2828
9,7323
9,1215
9,4201
4,8387
4,1096
4,2082
9,9869
4,2591
9,3572
4,6430
9,0033
9,2568
9,6306
9,2852
4,7979
4,3972
9,2601
9,5318
9,0044
3,7937
9,5030
9,5130
8,8181
9,9001
8,7849
4,2100
9,9248
3,8238
9,4092
9,5838
4,6700
9,5748
8,9464
4,0514
3,8953
4,9721
4,4315
4,5273
4,1439
9,4293
4,2318
9,4150
4,4615
9,4461
9,6229
9,4452
4,4688
9,3074
9,4623
4,3076
4,9635
4,0495
9,5073
4,1000
4,1415
9,7938
5,1400
4,0910
4,2015
4,1016
9,4144
4,3505
4,5185
4,2630
3,8497
9,8074
9,5601
9,2251
9,2320
9,4519
3,5584
9,1870
4,5724
4,2310
4,4901
3,6786
8,8389
4,7281
9,7408
9,2870
4,2359
3,4973
9,9212
9,4968
4,1462
4,2153
9,6740
4,1807
4,4082
9,8087
3,9981
4,1505
3,4681
9,3811
4,3194
9,0810
4,6419
9,2734
9,7858
4,6830
4,1450
4,6266
4,4674
4,2340
4,0458
9,3101
8,4382
9,4452
4,5123
4,6958
9,4123
9,4504
9,3148
3,7570
9,3593
4,0348
3,8942
5,0314
4,1507
4,4310
4,5763
4,5754
9,6058
4,5616
8,7727
9,2352
4,1862
9,2265
3,6932
4,4985
3,9481
9,6431
4,3384
8,9604
9,3217
9,6710
3,9215
3,8834
4,4004
9,4736
9,5164
3,7471
4,3722
3,8068
9,5133
4,7070
9,6939
9,1727
4,6297
3,4311
9,4431
4,8778
4,7214
3,8205
4,0902
4,2226
4,3646
4,4380
9,0917
4,0028
4,1642
9,4863
3,8772
8,9985
9,0724
4,2054
9,5243
3,8984
4,4977
3,8329
3,9486
4,2354
4,2243
4,7967
4,3800
9,1884
8,9124
4,2031
4,5555
9,8529
4,0523
4,2879
9,7562
4,6094
3,9882
8,8611
9,7476
4,5158
9,6175
9,4250
9,3740
5,3699
9,4612
9,1507
4,3046
4,2309
9,7616
9,2497
4,2342
9,5253
4,3737
9,3698
3,7179
9,3241
4,2072
9,1689
4,2117
9,3913
4,5711
4,5841
4,5614
9,5275
9,6201
4,1099
9,6039
4,5404
9,1456
9,2663
9,3487
4,1003
4,1736
4,4455
3,8804
4,0992
9,4861
4,8243
4,0077
8,9601
9,6597
3,8008
8,9939
4,2586
9,2583
3,9313
3,6534
9,3513
9,3482
10,1537
4,0380
9,6548
4,0052
4,3965
4,1677
4,3035
3,6412
4,3439
3,9146
9,5109
9,1598
9,2919
9,4377
9,8193
9,2643
4,5948
4,3276
4,3515
9,4641
9,5382
9,3946
4,4561
9,2293
3,3223
9,8530
4,0239
8,8520
4,3879
4,2254
4,7539
9,2918
4,5611
8,9187
9,3102
4,2335
3,7805
4,0965
4,4955
9,2637
4,1724
9,3401
9,3597
9,3180
9,6865
9,6164
9,6863
9,8020
9,4188
4,2462
9,1845
4,5593
4,7429
4,9754
10,1268
4,2919
4,3356
9,0695
9,8048
9,1262
4,2265
9,6156
9,7746
4,4449
9,9851
9,7064
4,9585
9,4236
9,4877
3,5793
4,8044
4,3432
4,5795
8,8615
4,2561
9,5784
4,3760
4,2413
4,5216
9,2741
9,7092
9,6892
9,0740
9,5769
4,0200
4,5263
4,1655
4,5655
4,1269
4,0276
5,0297
4,8361
3,6572
9,3551
4,8085
9,4463
4,8823
3,9208
4,6204
9,4895
5,0187
4,4189
4,9704
4,5076
4,0911
4,3331
4,2117
9,1691
9,1528
8,9697
8,7003
8,8855
4,7186
4,4259
4,5142
3,7071
4,2783
4,2256
4,1659
4,0616
9,4462
4,0627
9,8905
9,5874
9,7364
9,3005
4,6777
3,9732
4,4255
4,2967
4,0814
8,8238
4,0545
4,6113
9,2662
4,7620
9,0520
4,3971
3,9015
4,3559
9,5882
4,1379
9,2093
9,6707
9,4529
9,3661
4,8261
4,8931
9,2855
8,9464
8,9930
9,5144
4,5937
3,9565
9,1645
8,6679
9,5416
3,3519
9,5429
9,8739
4,8338
4,1726
4,3470
9,5207
4,4515
4,8468
4,2053
4,6078
4,4438
9,1116
9,7312
9,5706
9,5636
3,8272
9,0089
4,4427
4,8057
4,1934
3,8684
4,3825
4,0945
3,7697
4,2758
8,7825
9,2751
4,3371
4,8371
4,2422
3,7249
9,1987
3,7894
9,3412
9,4470
4,3888
4,8853
9,1404
9,2030
4,5008
9,2801
3,7347
4,4342
9,9452
9,0490
4,6515
9,3664
9,7410
4,4073
4,5907
4,1092
4,2604
9,8006
10,2488
4,1978
4,1053
4,7862
4,0656
9,7605
4,2041
4,2369
4,3360
4,4586
4,9495
3,9996
9,5855
4,0483
4,3770
3,9400
9,3716
9,2331
9,3279
4,3742
9,5814
3,9771
9,7760
4,2269
3,7749
4,6161
9,1480
9,3677
8,8930
4,4219
3,5651
9,4160
4,8336
9,5718
9,6309
3,8198
9,1506
3,8116
9,0212
4,3422
4,6713
4,3728
3,7546
9,4771
9,0334
4,3064
9,2091
10,0823
4,1171
9,6234
9,3131
9,4269
4,0597
4,0636
4,4660
4,5494
4,4045
9,4519
4,0183
9,3993
4,3440
9,4645
3,9976
9,8842
4,7324
3,7157
4,7160
5,1181
4,8784
4,4875
3,8950
3,9600
9,5180
9,5611
9,4488
4,4928
9,2881
4,4237
4,6481
4,9785
8,8127
9,5954
9,7087
4,6229
4,5036
9,5512
9,2616
4,8928
9,3674
4,1597
4,0241
9,0961
4,1079
8,6751
4,2467
4,0844
4,1874
9,2154
3,7684
9,1025
4,2481
9,2587
4,8762
4,5623
9,2092
4,1946
4,1381
9,1966
4,1449
4,1137
3,9194
9,9605
9,3557
4,0519
3,8278
4,7050
3,8968
4,5145
4,8677
4,8558
9,3416
4,4057
4,1430
9,4071
4,4638
9,5495
4,3654
9,5026
4,7958
9,1754
9,5563
9,3746
4,0932
4,0739
9,1904
4,3639
9,1779
9,3521
9,6000
9,3073
4,6890
4,5009
9,2961
4,8741
9,3677
4,1002
4,2737
4,9176
4,5273
10,0804
4,3229
3,5375
4,1730
4,2725
9,0306
3,8013
9,0501
4,4011
4,1245
9,1355
3,6292
9,7868
4,2543
9,1123
4,0674
9,1639
9,3654
3,7027
9,3641
4,3807
4,3699
4,1044
4,0939
8,9418
4,0102
9,4408
4,6726
9,6858
9,8455
9,0636
9,6771
9,2047
9,5848
9,2563
9,4340
9,6778
3,8871
9,4973
4,5964
9,4074
4,5191
4,0912
9,8573
4,0533
9,4610
4,4840
4,1227
4,3492
4,3174
9,1993
5,2210
4,5296
4,6542
4,4424
9,4393
9,1297
4,7192
9,2577
4,4906
9,2771
4,3679
4,1543
4,7448
4,3762
4,3173
4,4673
4,2171
10,1023
10,1614
4,7967
4,2007
9,1250
4,5619
3,6299
4,3445
9,4667
4,4355
9,8752
4,7583
4,7532
8,8961
4,4356
9,2272
8,7173
4,1057
4,0749
4,8665
4,1065
9,6825
4,3557
9,2993
9,2388
3,8665
9,5435
3,7861
9,0093
4,2820
9,5819
3,6572
4,2176
3,8415
9,3827
5,2599
9,0864
4,9303
4,6073
3,3066
9,4054
4,3329
4,2865
9,5423
9,5453
4,4946
9,7777
9,1575
9,6456
9,5520
4,1188
3,9963
4,4141
4,0571
9,6007
4,6923
9,3856
9,8151
8,7179
4,3383
9,3076
4,9300
4,6106
9,5794
9,4025
9,6017
4,4980
9,1787
4,2572
3,9628
4,0236
4,4598
4,5960
9,9319
9,4764
4,1993
9,4368
4,6318
9,9500
4,3070
5,0331
9,4282
4,9741
4,2841
4,4998
9,3167
3,8681
9,0945
9,1933
4,4897
9,5852
9,0540
9,1362
4,1586
9,4919
9,3286
3,9022
9,6411
9,7173
3,9300
9,6338
4,5872
9,8297
4,5497
4,3074
4,4717
9,6586
3,6554
4,1583
4,4638
4,0367
4,0144
8,8391
4,4171
9,0031
9,0886
9,7929
9,4660
9,3134
9,9043
4,5197
9,5642
4,4608
4,5792
4,7107
4,3792
9,0986
9,6230
4,6248
4,0828
9,0568
3,6885
9,6874
9,0846
4,1130
4,0272
4,6155
4,8618
3,9575
4,4882
4,3525
9,0452
9,2909
9,8066
9,3587
9,8457
4,1708
9,0976
8,6769
3,6453
4,2590
10,1497
4,3134
4,7199
4,6844
9,0731
3,7531
4,3274
9,7058
9,3849
4,8603
4,1993
4,2169
4,4053
4,5064
4,1403
8,9830
4,5100
4,6223
4,2946
4,2176
3,9930
4,1889
4,5222
4,3852
4,5528
8,8626
9,4433
3,8623
4,5133
9,9081
4,0737
3,8450
9,2200
4,2706
9,5366
3,3767
4,2810
3,7273
9,2638
9,4209
9,8196
3,8644
3,7761
9,2311
4,3040
9,0375
9,8734
9,9840
9,8809
9,4456
9,4809
9,2879
4,8780
3,7267
9,2522
8,9685
4,3381
9,1022
9,5500
5,0375
4,8289
9,5079
9,6221
4,2131
10,1264
9,7426
4,0982
4,3052
4,0734
4,6097
4,9431
4,1991
9,7445
8,9234
4,4082
9,2178
9,2778
9,5759
4,0748
9,2727
4,0744
9,1391
4,4697
4,2508
3,5296
9,7606
3,8386
4,2875
9,5415
5,0633
4,4936
9,1458
4,6686
9,3605
9,7834
4,6159
8,7671
9,3551
4,1714
4,6485
4,5659
9,3876
4,4142
4,2388
9,3338
9,2275
9,1066
9,3666
4,0925
4,7915
9,2457
4,2745
4,3515
4,3855
9,3633
9,4637
4,6554
3,8512
4,5035
9,6322
9,0757
9,0196
4,7058
9,7626
9,9918
9,5800
8,9537
9,1737
9,5293
9,5977
9,1477
9,1083
9,1005
4,0586
4,6011
4,4744
4,3982
9,6985
4,9673
9,4226
4,3156
9,3277
9,7529
3,6963
9,3395
4,5527
4,6277
4,4155
9,3397
9,4329
4,8077
9,1174
9,6026
3,8257
3,5084
4,3331
4,0985
4,5155
8,5072
9,5415
9,3541
4,3647
8,9229
4,0731
4,4435
4,4502
9,4427
9,1035
4,4749
9,5000
4,3822
9,6351
9,5628
3,7044
4,3552
4,1908
9,7179
4,6930
4,1898
4,6131
9,1987
9,7644
4,2038
3,9428
4,1575
4,6843
3,7090
4,4104
4,1454
4,5956
4,2201
4,3750
3,9570
9,1135
9,7467
9,1912
9,6282
9,5870
4,7367
9,8173
4,4961
4,5749
4,0588
9,6196
9,0374
3,8755
9,2964
9,4033
9,1370
4,2062
9,8936
4,3953
9,4787
10,0471
4,7446
4,3470
3,6218
9,8417
9,3671
9,3230
4,6569
9,3607
3,8017
9,3456
4,1905
9,3924
4,6762
9,2993
9,4657
4,0381
3,7615
9,5649
5,1293
4,2229
9,4978
4,8125
9,3542
9,4767
9,3990
5,0689
9,4473
4,1733
3,1312
9,2906
9,4271
4,0192
4,1863
4,3401
4,0687
3,8381
4,8664
9,3743
9,5127
8,9922
3,9273
4,7316
9,5751
4,2582
9,0883
4,1650
9,7277
3,8892
4,0446
4,6227
4,5261
9,5316
9,7480
3,7574
4,3579
9,3116
4,4015
4,2480
9,5709
9,1241
9,1614
4,9652
4,8838
3,8617
3,8020
8,8584
4,1564
5,1124
4,3667
4,8498
4,4411
4,2495
4,0060
9,0714
4,0527
3,9971
9,4944
3,6109
4,0694
4,2458
4,2480
9,2743
9,4501
9,4268
4,3160
9,4264
4,5254
3,8915
9,2448
9,7463
9,6636
3,7823
4,2892
9,0853
9,1107
3,9982
4,5544
9,7522
9,4512
9,2167
4,7182
9,5633
9,2528
4,6325
9,6487
4,1965
4,2537
4,0864
3,8990
4,4442
9,8126
3,5742
9,1418
4,1990
9,1657
4,1830
9,2351
4,6783
9,4772
9,2425
9,3948
9,2857
3,8657
4,1549
9,3471
4,5393
4,2811
9,2809
4,2841
9,2541
4,8066
9,0524
9,0870
3,7587
9,5997
2,9696
4,5264
3,9887
4,2535
4,1341
4,4836
4,5123
8,9663
9,4401
3,3103
9,1494
3,6315
9,2223
4,1092
3,9907
4,0089
9,2520
9,0024
9,5314
4,2437
3,9191
9,1277
4,3202
4,0861
4,6236
4,6344
4,3790
4,1122
4,6442
9,5180
9,5569
4,4449
4,4190
4,8105
9,5417
9,0893
4,5877
9,4772
9,6095
4,5044
9,5607
4,5575
9,4532
4,2454
9,4046
9,5298
3,9394
4,6066
4,1477
4,7778
3,9376
4,0004
9,7213
3,4938
4,2947
9,6013
9,1915
4,0775
4,3204
4,1921
4,4611
9,2045
4,6275
9,2928
4,2100
4,3209
9,0326
4,7563
4,2028
9,0214
4,2325
9,6147
9,2222
4,8590
4,4093
9,3147
9,3922
4,3024
3,5921
4,0756
4,2058
4,2017
9,1057
4,7961
9,2510
3,7057
8,9198
4,2063
3,6588
4,2219
4,0525
3,9493
4,0238
9,7536
3,6956
8,7486
9,2100
4,7708
9,3991
9,6783
9,2111
4,3812
4,1479
5,1660
9,5047
9,0702
3,5088
9,2613
3,9289
4,8676
4,4515
9,1041
3,7137
4,2856
9,3203
3,9680
4,4517
4,5956
9,0573
5,0006
4,4843
9,1198
3,9338
9,2981
9,0631
4,2961
4,2611
4,2470
4,3661
3,8464
8,7885
4,6965
3,7036
8,6840
4,8668
9,1684
9,3978
9,4765
4,5895
9,5562
9,4975
4,2321
9,3720
4,6935
4,3984
9,1035
4,9383
4,2478
4,4548
9,4275
9,4922
9,6562
4,3094
9,2198
4,5528
4,0004
3,8273
9,7100
8,7263
4,1749
9,4221
9,1462
4,2990
9,1116
9,4002
3,6454
4,5392
9,3836
9,0390
4,7795
3,9809
9,2960
4,8178
9,3329
4,4186
4,6235
9,6729
10,0195
9,3860
4,3891
9,2543
9,6665
3,8377
3,4911
9,5206
3,7919
9,4089
9,4652
9,7080
9,5676
8,7240
9,4024
3,7560
4,0657
9,0679
9,6769
3,9244
9,6941
9,2453
9,7073
4,2004
4,7418
4,3981
4,6369
3,9395
9,3106
9,1671
4,3126
9,7144
9,7901
3,7186
9,4174
4,6900
3,7554
4,8610
4,5222
4,3024
9,0609
9,6510
9,8722
9,8081
4,4894
9,6723
3,6359
4,0527
4,1614
3,8131
4,1525
9,5956
3,6524
3,9376
9,1522
9,2056
9,3514
9,4064
9,9224
4,1599
4,1461
9,5541
4,5536
3,9886
9,9250
4,3511
3,8257
4,4489
5,0382
4,9728
9,0992
3,8990
3,8746
4,6375
4,0677
4,2475
9,4970
4,5429
9,5647
4,3144
9,4749
3,7342
9,1836
3,6250
9,3549
4,6793
9,1700
4,0674
9,4993
9,1699
9,2019
8,5718
3,8800
4,7279
4,8137
4,3873
9,0878
3,5261
9,6395
4,2103
9,6132
4,1882
4,4936
4,1319
4,1181
9,9677
9,4443
9,3599
9,4354
9,3759
3,8347
4,1640
9,6178
9,1966
4,3007
9,0780
4,3183
4,4062
4,3081
4,7905
9,9075
9,2705
4,7440
9,0909
9,3994
9,5775
9,2684
4,5364
9,7655
9,7134
9,1553
9,3817
4,2303
4,2540
9,4803
9,2922
9,1878
9,3943
9,1872
9,6770
9,3928
4,1679
4,5175
9,1904
9,3780
4,2325
9,5474
9,6539
4,6843
9,6933
9,6156
3,8979
9,2393
4,1546
4,1230
4,3081
8,9112
9,3186
9,3680
4,2255
9,2935
8,9145
4,7464
4,1530
9,8523
9,0326
4,2464
9,9034
9,5970
9,2772
9,5141
10,0676
3,7788
5,0040
9,9025
4,5035
9,3842
4,2596
3,9620
4,1548
4,5507
4,4973
9,8208
3,6670
4,5093
4,0114
9,3445
9,9494
4,1127
4,6029
4,8593
9,1776
9,6535
9,3087
3,8566
4,4592
4,7185
9,1107
9,4829
9,8000
4,3423
9,7315
10,1008
4,7378
9,7384
3,9629
3,9924
4,1301
4,3245
4,3280
5,1592
9,5571
4,2051
9,1434
3,9744
4,6431
8,9514
9,4048
4,1658
4,5302
9,4811
9,1347
9,5988
3,8299
4,6267
4,0920
4,6164
4,4509
4,4442
9,4410
9,5696
9,2364
4,6937
4,2816
9,4159
9,5983
4,8357
4,4547
9,3472
4,8675
4,4852
9,6598
9,2759
4,9040
4,4840
5,2844
9,1401
9,0154
9,7899
3,6625
8,9191
9,4828
4,9113
9,4374
8,9743
9,4570
4,1591
9,4302
4,3017
8,8383
3,9964
9,7905
4,3814
9,8301
3,6221
9,3728
9,3442
5,1278
9,6696
9,2352
9,3513
9,6821
3,9396
4,1490
4,0697
4,4247
9,3765
9,5975
4,1418
4,3673
9,0614
9,5794
4,5499
9,2736
9,4439
9,1684
10,1258
9,2874
3,9492
9,0666
4,3651
4,3433
3,6975
4,3614
3,9244
9,4450
4,4144
4,0941
3,9308
9,7086
9,6609
4,2266
4,1234
4,7596
4,1083
9,4877
9,3517
4,3274
4,3482
4,3921
9,3391
4,3226
4,6526
9,0363
3,8689
4,2033
4,3852
9,7805
9,4503
4,7557
4,6089
9,5092
9,4498
4,2863
9,3461
9,6212
9,2931
3,8065
9,3172
9,2599
3,6982
4,7502
3,6663
3,8290
4,4377
9,4720
9,6154
4,8552
4,3082
9,4002
3,6743
9,6414
3,6465
9,6937
4,3119
9,3700
4,6838
4,6653
9,2254
4,1614
9,7886
9,2614
9,3384
4,1096
9,8226
9,3449
9,5538
9,2520
4,3983
9,0710
9,3546
4,1778
4,4247
4,4356
9,7117
4,3836
8,3973
9,6511
4,2546
3,9512
9,6687
4,2012
4,1172
9,0958
4,4737
9,2048
9,6732
9,5684
9,9127
9,1832
4,9321
9,7461
4,4132
9,3047
9,7860
4,6091
4,2463
9,1164
4,3424
9,4182
8,9449
9,2374
8,9737
4,5120
4,1355
3,6525
4,1935
3,8847
4,1099
9,1151
9,1917
4,3734
4,4974
9,5166
4,3421
9,7071
9,0477
4,3073
4,5102
4,2412
4,2259
4,4711
9,5713
4,9564
8,7735
3,9086
4,0386
9,5145
4,0631
4,5304
8,8673
9,5088
9,0170
9,3874
4,4925
4,0246
9,3102
8,8541
9,0238
9,3733
3,7359
4,2005
9,5860
4,2825
4,4990
5,0066
4,3588
3,3723
9,1319
9,3312
9,4839
9,5993
4,7191
4,4766
5,1707
4,3422
4,3012
4,3994
9,7288
9,3521
8,8016
3,9650
4,1305
9,3377
4,0574
9,4704
4,5453
4,3220
9,5575
9,0387
4,1517
9,1354
3,9560
3,7501
9,9077
9,5894
3,8378
4,5963
4,4300
4,6719
3,7804
4,0701
9,5241
9,8235
4,5582
4,2968
9,4361
4,2405
9,2749
4,1515
9,3477
4,2251
4,3292
4,3947
4,1012
3,6270
9,5871
4,7576
4,1194
4,5088
4,5899
9,3972
8,7974
5,3330
4,1161
9,7479
4,7435
3,8871
4,2391
9,4841
4,0431
9,0906
4,7012
9,5915
4,5948
4,1031
4,4729
4,2442
4,7507
9,4416
3,9673
4,0967
4,0302
9,3691
3,9189
9,6432
4,5116
9,1079
9,6777
9,4130
9,5372
9,5258
3,8863
4,3401
4,1509
4,3192
9,7227
9,5503
9,5472
4,0716
9,7875
9,2610
4,3110
9,0091
9,6921
4,7018
4,4895
4,1603
9,8291
4,4586
4,8270
4,3837
4,5649
4,6721
4,4365
9,6787
4,1700
9,2748
9,6119
9,7457
9,1623
3,7129
4,7335
8,9231
4,4322
4,3098
4,2657
9,2157
4,4592
9,4890
4,5144
3,8113
4,7857
9,3713
9,7910
4,0968
9,4927
4,3906
3,7753
3,9179
8,9342
9,8189
9,0720
3,5914
9,5635
4,0407
9,3727
3,9671
4,4091
4,2657
4,7166
9,6921
9,6093
9,1900
9,7498
9,0752
9,5047
9,2291
9,5540
4,2491
4,4800
9,3524
4,5592
9,4713
8,9540
3,9855
8,8162
4,0675
8,8776
9,6327
9,2358
9,0342
4,6687
4,2069
3,8089
4,2650
9,7814
9,3403
4,5038
4,4241
9,5059
9,7306
4,3178
9,5957
9,2652
3,8037
3,9333
4,8845
4,5085
9,2917
4,4433
3,6354
4,9469
9,2324
9,4353
3,5605
9,7399
9,6215
4,0131
9,4686
9,2284
9,4046
4,2299
8,8863
5,3420
9,4356
9,7230
9,4911
3,7988
9,4412
3,8656
4,0734
8,9201
8,7676
9,0985
9,3235
5,0382
9,3433
9,7664
4,2985
4,1899
9,0644
4,0750
4,7900
9,4009
4,4927
9,6088
9,4313
4,5203
4,3093
4,5183
9,3477
4,2941
4,5128
3,9898
4,6206
9,2581
9,4844
9,9284
3,7929
8,9354
5,1964
9,1215
9,6422
4,3943
4,9495
9,3641
9,2816
9,2255
9,6796
9,7351
4,1546
4,2946
9,7887
9,1539
9,5454
4,6303
3,9339
4,1068
9,9708
9,2350
9,0396
9,4281
9,6282
3,6145
4,6733
10,0755
3,6688
4,4154
4,3145
9,5222
3,9655
4,0896
4,1170
3,9276
4,2566
3,8664
9,1774
4,3102
4,5045
4,0033
9,3135
4,5896
3,9519
4,0530
9,4600
9,2037
9,1942
9,0791
8,8884
9,6763
9,7285
9,6328
9,1765
4,3025
3,8282
4,8949
4,3279
4,6856
8,9636
4,2510
3,5600
3,9952
3,8565
3,6151
4,0230
9,6767
9,5305
9,8265
3,9354
9,2129
9,4691
9,4285
4,2067
3,9891
3,9167
9,5231
3,6234
9,4049
9,4196
4,2223
4,3985
9,5809
9,3622
9,7052
4,4915
9,5921
9,3352
9,4783
4,3788
4,2381
9,5749
9,4920
9,2926
9,5384
8,8221
3,8466
4,5402
9,6247
4,5031
3,8808
9,4519
4,2169
9,7687
4,4715
9,4216
4,0192
4,6099
9,3757
4,2090
3,7088
9,5495
4,1930
4,6485
4,1346
8,8033
9,5431
8,9668
4,6646
9,2102
4,2197
3,5482
4,1766
3,7842
3,9962
9,8218
9,9496
4,2682
4,7971
9,5412
9,3544
9,9434
3,9560
9,3777
4,2882
9,7779
9,3308
9,1126
4,6940
4,9901
4,7595
4,5149
4,4365
3,8800
4,6336
4,6294
3,4997
4,9272
9,5603
5,1709
4,2338
9,5794
9,0901
4,0742
9,7305
3,8046
8,7553
9,4363
4,5900
4,4919
4,6108
4,2233
9,3813
4,4425
9,1905
4,2674
3,8396
9,0802
4,1362
4,0693
9,4596
9,6270
9,6297
4,1742
4,1722
4,1822
4,4441
9,1094
9,1465
9,6897
4,7042
8,8325
4,3782
4,7301
9,2505
4,4272
4,4814
9,6843
4,1025
4,1143
4,8107
5,0025
3,9092
9,7911
9,1726
9,3235
9,4736
4,3828
4,1463
4,5157
9,1062
4,5148
4,0339
9,6916
4,3727
9,3376
8,8617
9,3221
4,0192
9,2199
9,2498
9,2000
9,7254
9,0804
9,3481
4,7244
9,5663
3,6743
3,8431
4,3727
9,4624
4,2455
9,4619
4,3374
9,6175
9,8866
4,0264
4,1702
9,6327
4,5654
3,7569
9,7156
9,4236
9,2644
9,3193
3,6552
4,6625
4,1275
9,2562
8,8545
4,2858
4,5160
8,9883
4,2954
3,6733
9,3966
3,7987
3,4848
4,1965
9,5877
9,2221
9,5625
9,7981
4,6721
9,4427
4,7146
3,8638
4,8865
4,0023
3,8700
9,3799
4,1113
9,4321
4,2517
4,7150
3,9652
4,2929
4,4278
4,4358
4,4328
9,3837
4,9417
9,8798
4,3609
4,4500
9,4844
3,4985
4,2919
9,3784
3,7327
9,4062
9,1021
9,6632
4,0689
9,2257
3,7595
4,5624
4,1672
4,3422
9,1196
9,2884
9,1449
9,4743
9,1019
9,7694
4,0944
4,4578
9,2030
4,3686
4,5384
9,4049
9,5869
9,0071
4,1058
9,4806
4,7266
9,6453
3,9804
9,4342
9,3027
4,5003
4,3695
4,4806
9,8405
4,3559
9,6826
9,5672
9,1962
9,4129
4,4658
3,9556
4,1890
9,3699
4,0000
9,5598
4,4387
9,9013
4,3053
9,3960
9,3436
9,5188
4,7211
4,2760
9,2229
9,1032
9,8545
8,9414
4,1532
4,2083
4,8216
9,4713
4,4492
3,6148
4,7484
4,3769
4,2830
9,1257
4,0424
4,0798
4,0752
9,2480
9,3147
9,8452
9,7130
4,6051
9,5593
4,1809
9,0902
4,3002
9,3695
4,3740
9,2114
9,3941
4,1689
4,5280
9,3492
9,5221
9,5946
4,0134
4,0035
9,4672
4,4949
3,9099
9,7326
9,4745
9,2432
4,3414
9,4507
4,3933
4,6909
9,6594
9,5848
4,6585
8,8305
4,1875
9,3986
4,2858
4,3569
4,4644
3,4923
3,9347
9,8206
9,2414
9,8315
9,0597
9,3884
4,4584
9,3477
9,5435
9,2309
9,2795
4,8214
9,0956
3,7230
4,5220
9,7786
9,4915
9,4551
4,3478
8,8429
4,3255
10,0404
9,0914
4,3893
3,9442
4,3682
9,3489
9,1527
4,2816
4,2601
3,7581
4,1482
4,1398
10,0034
4,7015
4,6043
4,3291
5,1430
9,6087
3,7592
4,6107
4,8994
9,5851
4,9535
9,1549
9,5897
4,0404
9,4935
9,0983
9,1394
9,7654
4,0545
4,4616
4,2510
9,3149
4,3107
4,2936
4,8264
5,0602
4,1013
4,8790
4,2907
9,1867
9,1754
9,4455
9,4731
4,1601
4,4594
4,7676
9,3457
4,4069
4,3299
9,2936
9,4952
4,7553
4,4355
4,7288
9,1576
9,1394
3,6423
9,0114
9,6899
9,1676
4,4995
4,5338
9,2799
4,6296
9,2418
9,3484
4,1404
9,7501
4,4470
4,8188
4,5232
4,2755
9,2883
4,4876
9,6578
4,2726
3,9070
4,4797
9,2146
4,4665
9,9131
4,1730
4,6500
3,8425
4,5333
4,4818
9,3041
4,5656
4,3225
8,8141
4,2463
4,5690
4,3045
9,2215
9,0628
4,3551
4,4164
9,3390
3,5688
9,1323
4,0193
9,0525
4,4252
9,3863
9,1001
9,8268
4,6896
8,6642
9,0626
4,6167
4,0157
4,2201
8,7915
4,0633
9,3534
9,0088
4,6200
4,2249
8,7873
3,4158
4,6401
9,2563
9,3100
4,6805
9,8349
4,6179
4,0346
9,9791
9,5403
9,3315
3,9108
4,4054
9,2622
4,4654
4,2532
4,6940
4,7137
4,0833
9,0337
8,8321
4,0860
9,0767
4,2060
9,8073
9,5689
4,6711
9,2951
3,7750
8,7181
3,5790
3,8902
9,6028
9,2834
4,8000
9,1341
9,5011
4,0923
4,0976
9,2075
4,2270
4,2190
4,6434
4,0903
4,3516
3,5447
9,4639
9,4871
4,5512
9,4361
4,7158
3,9431
4,2993
4,1052
3,7643
4,2669
4,7133
4,9335
4,3983
9,2345
9,3839
4,1429
4,5918
4,2831
4,4907
4,7624
4,1702
4,0035
9,7018
9,9647
3,6955
9,5510
9,4239
4,9280
4,2708
9,5626
9,3274
3,9462
9,2361
9,5478
3,8619
8,8555
4,5529
4,1345
4,2587
4,1495
9,1788
9,2707
9,1885
9,5117
9,2557
9,1463
4,4833
9,6169
9,3268
4,2205
9,3975
3,6412
4,5172
4,2562
4,4815
4,1702
3,5426
4,3373
4,4540
4,4348
4,5892
4,7631
9,4436
4,2863
4,0160
4,3799
9,3241
9,2062
4,0890
4,6387
4,2640
9,2899
4,3605
9,7464
9,6818
9,7813
9,3608
9,5343
4,0997
9,8057
9,3809
9,2833
4,5075
4,3268
9,1447
9,5614
4,0211
8,8303
3,9396
4,3763
9,7477
3,9507
4,1556
3,7459
9,2675
4,6879
9,0088
4,1183
9,1112
4,4063
8,7849
4,3769
9,7223
3,9841
9,6582
4,1940
4,9138
9,4469
3,5632
8,9945
4,1801
4,2474
4,1871
4,5197
3,9038
4,3315
5,0594
9,3827
4,2649
9,2929
4,4617
9,3096
9,4964
4,6545
9,6905
9,2082
4,0517
4,4753
9,7524
3,9178
9,4688
9,6734
3,7035
9,4470
3,9680
4,2657
8,9354
9,2020
3,9621
4,9097
4,2715
9,6240
9,4923
9,2320
8,9487
9,7978
9,2824
8,9057
9,7392
4,6432
4,5526
9,6358
9,8249
9,4864
9,7744
3,3961
9,4708
9,3115
9,5945
9,4509
9,4724
4,5264
9,4499
4,4014
3,7516
10,0402
3,3334
4,7274
9,3272
10,1556
9,2288
4,5301
9,4884
4,4207
9,1829
9,0565
4,5459
4,2202
4,5352
4,3846
9,2645
4,1618
3,9757
10,0845
4,0950
4,5806
9,7770
4,1991
8,7918
9,7358
10,0739
4,1585
4,2454
4,3196
9,3862
4,4581
8,7740
4,5071
9,4823
3,9885
4,3556
4,0735
9,3214
4,0858
8,4695
4,9003
4,3647
9,5236
4,9447
9,9430
9,8115
9,7845
4,5708
10,0463
3,2558
3,9734
9,2858
3,9191
9,1634
4,4873
4,3252
9,1275
9,0147
9,0822
9,5401
4,3121
9,1189
4,7174
9,7651
3,4105
4,3143
4,0403
4,6943
4,5842
4,3284
4,3176
9,8283
4,0902
9,6365
9,6176
9,4899
4,4870
8,9695
4,3169
9,4111
9,5493
9,6228
9,1726
3,8470
9,3202
4,4411
8,7182
4,2504
3,9253
4,0699
9,3072
4,1128
9,9642
9,1963
4,4231
4,6186
4,5000
9,6508
4,7885
9,2076
9,4763
4,5226
9,5855
4,0346
9,2835
4,2560
9,1192
9,7621
4,2475
9,1907
4,4470
4,0971
9,4988
5,1883
9,2268
3,8609
8,5109
9,3939
9,5820
4,2628
9,7113
3,9640
9,4150
4,4053
9,5691
4,6098
9,5881
9,4144
3,8201
3,9838
9,3522
3,9153
9,9745
4,8078
9,6391
8,6485
4,0048
9,4367
3,7919
4,2215
10,4669
4,1176
9,1273
4,4796
4,4193
4,0170
4,3698
4,5068
9,3201
4,2790
9,2413
4,0252
9,4734
9,0965
4,5832
4,0761
4,4096
4,3815
9,4308
8,6513
9,5503
4,1398
4,0605
9,3722
4,7780
9,2991
3,5921
3,6805
9,7015
4,1561
9,4929
9,3591
9,1414
9,3902
9,3732
3,6304
4,8908
4,5402
3,5975
9,2095
3,9691
9,3976
4,2920
3,6282
4,5199
3,8006
4,3008
4,4915
9,9670
4,6927
9,2986
9,4762
8,9421
4,4538
3,9801
9,3343
4,3510
9,1675
4,0907
9,8890
4,2108
4,5033
8,8353
4,0817
9,3534
3,7872
3,9503
9,1114
4,2903
4,7043
9,2209
4,1745
9,3175
3,2735
9,9982
3,8572
4,3294
9,1396
3,7924
4,1103
3,8041
9,3561
4,3647
4,2424
4,1676
4,0866
8,9464
9,4937
9,6682
4,9448
4,4476
4,3618
4,2603
3,8446
3,9754
9,2094
4,4341
8,8363
4,3217
9,0015
9,3005
3,9713
9,0509
3,7640
10,1180
4,9527
4,7039
4,1046
9,3229
9,2650
4,0301
9,0858
9,4763
4,6152
4,8886
9,3478
4,3610
9,3838
9,8659
8,6967
9,5045
8,8945
4,3037
9,2480
3,9297
4,7024
4,0897
9,2567
3,7865
9,4279
4,6591
4,3316
3,9505
9,1000
3,9506
9,3861
8,8064
3,7521
9,1002
8,8751
4,3139
3,7501
4,7342
4,1188
9,3383
9,3712
9,5415
3,9968
4,0949
9,6806
9,9624
4,1925
9,4100
4,2875
4,6869
9,6042
4,1752
3,3262
4,7092
9,5093
4,3850
4,6714
9,7497
9,5057
9,1164
4,5287
4,5654
4,5504
4,4735
9,3678
9,0851
9,1469
4,8964
4,1244
9,4774
4,5189
3,9739
9,3763
5,0716
4,4041
9,2981
9,2690
8,9991
4,3487
4,5665
4,3750
3,9745
9,0745
9,3577
4,6595
9,9150
9,3269
4,1665
4,2416
4,4004
8,8977
4,7347
4,1626
9,5797
9,5635
4,6197
9,8834
4,2623
9,1684
8,4988
9,1924
3,7407
9,4576
9,1467
9,5938
9,3328
4,2038
4,2829
4,6029
4,2599
9,9405
9,0937
3,7781
4,1572
4,6651
4,0044
4,3946
9,3242
9,4394
4,3039
9,4814
3,8148
4,6854
4,8011
9,7225
4,8125
4,1538
9,4927
9,4322
3,7123
4,3594
4,5361
8,9897
4,3130
4,5652
4,3719
4,5413
9,2810
9,1767
4,2401
4,0360
9,6368
4,6248
9,5520
3,8835
3,6724
9,3796
4,0604
4,1303
9,3627
4,6429
4,5610
4,2218
4,5332
4,5296
8,9690
3,9513
3,8376
4,4469
4,2317
9,9632
9,0655
8,9271
4,6288
9,2385
9,4051
4,6166
9,6895
9,3217
4,0770
4,3497
9,8302
8,9477
4,3676
9,3858
4,4007
8,9179
9,3197
4,1705
4,3245
4,5007
3,7411
4,4918
8,8758
4,4711
4,5783
4,2241
3,9058
9,6509
4,9073
4,0913
4,6239
3,9843
9,3051
9,4803
4,4022
4,1590
4,0574
4,0263
9,8533
4,6370
9,8881
9,2355
5,0077
3,9648
9,3672
4,7038
9,2953
4,4736
9,6065
4,6887
4,3893
4,0565
9,2471
9,2455
4,1137
4,3811
4,9161
4,1328
8,7469
9,5977
9,1121
4,2114
4,0433
9,2674
4,5414
4,0019
9,8615
4,9869
4,5557
9,3600
3,7672
3,6578
9,0752
4,3470
9,2751
9,1649
4,6000
9,0995
4,4457
9,5951
4,0799
4,0906
4,6727
3,5230
9,2831
4,8654
3,6737
4,3593
4,1700
4,5369
4,1293
9,4989
4,0234
10,0245
4,3118
9,2116
4,1340
4,0513
4,5604
4,6154
4,6345
4,0168
9,1914
4,2957
3,7748
9,3550
4,9232
4,4019
9,3545
9,2384
9,2858
4,4284
9,3293
4,3530
4,0472
9,2534
4,5105
4,4568
9,4613
3,9809
4,3015
4,3842
4,5830
5,1317
4,3801
4,1867
4,8402
4,3110
4,2554
9,6645
4,1959
4,5259
4,5086
4,6265
5,2202
4,6098
8,9424
4,1678
3,1888
8,7346
3,6550
5,0090
9,2870
4,4770
9,2374
4,5974
4,7852
9,7750
9,3678
4,2508
4,5702
9,2633
9,5313
9,4337
9,2939
4,1766
4,0537
4,4816
4,6692
9,6388
4,5420
4,1654
9,3974
4,3791
4,6661
4,9941
8,5638
4,1990
9,4443
9,4508
9,8734
4,2359
4,5504
4,1922
9,1774
9,4464
9,4193
4,0122
8,9665
9,9708
4,0381
10,0081
4,1254
9,4687
8,8379
4,4531
9,1753
9,0213
4,0584
4,8143
9,3238
9,9730
9,4763
8,7338
9,0653
4,2629
3,7618
3,5537
4,3489
3,9215
4,7715
9,4865
4,6724
9,4663
4,1120
3,9343
4,2519
4,5111
4,1009
4,0369
8,9780
4,6411
4,5129
3,8942
3,9364
9,4448
9,3597
9,5678
4,6461
8,9316
9,7839
3,5311
9,5303
9,3039
3,5721
9,1941
9,2816
4,1127
3,6808
9,7896
4,4982
9,1430
9,1581
9,1419
4,4394
3,9825
9,2323
9,5683
9,1765
8,8987
4,4555
10,0565
3,9531
9,2083
9,3084
9,5427
9,1586
3,7061
9,0813
3,9611
9,0199
4,3164
9,1156
4,1243
9,3141
4,7909
4,3307
8,7030
4,3987
9,0097
4,4199
9,5397
8,7162
4,7104
9,7308
4,1596
5,0631
4,7007
9,3644
9,5771
4,7343
9,1334
9,3267
4,5724
9,4210
9,3848
9,2889
3,7267
4,2585
4,2420
9,3735
4,1696
3,9509
8,8638
4,8050
9,8180
9,4093
3,9085
4,1915
8,9777
3,9244
3,8220
9,0256
9,2385
3,8617
4,3622
3,9888
9,5137
9,4618
9,2813
4,1594
9,6544
4,3205
4,9278
9,5732
9,5966
4,1398
9,3007
3,8134
4,1464
9,7286
9,1986
9,4726
9,4557
9,1624
9,5432
3,6793
9,0915
4,1620
4,7466
9,3801
8,9695
9,1023
9,4216
3,8044
4,7373
9,5619
3,7973
4,4561
4,0871
4,0364
4,0497
4,2419
9,2436
9,2890
5,2964
3,9169
9,1823
4,2322
9,4343
3,6918
9,3449
4,3884
3,9208
4,4611
9,8135
4,4250
4,6518
9,4984
4,3298
9,7440
9,4211
9,9082
9,6429
3,9206
4,3107
4,5444
3,8129
3,6119
4,4803
4,3726
3,6395
9,0013
4,0666
9,3681
4,0439
4,9157
4,3981
9,0101
4,3724
8,5752
4,2458
4,2711
4,9989
9,4903
3,7295
8,6666
9,3675
9,1212
5,0690
9,7796
9,5868
4,7817
9,1787
4,2451
4,9265
4,6581
4,3222
9,6001
4,1829
4,5588
4,8046
3,7394
4,3378
9,3639
4,2318
4,2487
3,7911
4,6335
9,3899
4,7047
4,6949
4,2941
4,5943
3,7159
9,5833
4,2230
3,8760
9,3131
4,6897
9,3561
9,5149
4,0375
4,4383
4,3720
4,2349
4,6776
4,2277
9,7540
4,9406
9,3923
9,7077
9,2973
4,2843
4,5360
4,6009
9,7811
4,4359
9,6229
4,5813
3,9943
9,2802
4,1405
9,8978
9,0965
9,0162
9,3248
4,4249
9,3578
9,4997
9,3376
4,3279
9,3256
4,4765
4,7798
4,3039
4,3764
4,1603
3,9542
9,5873
9,2794
4,3799
3,9399
9,1539
4,5299
4,0376
4,5074
9,5533
9,5204
4,4603
3,8976
9,1678
9,2061
3,8791
9,3137
8,8156
4,5015
10,0558
3,9508
3,8242
9,5165
4,0690
4,4925
4,4962
3,4637
4,2461
4,0645
4,6824
4,2229
9,3396
4,1900
9,0772
9,2859
4,7915
4,2145
9,0312
9,8819
4,7850
4,8080
9,1271
4,8240
4,9298
4,5179
3,9101
9,5516
9,4304
9,7031
9,6049
4,3400
9,5593
9,7556
9,6288
4,1961
9,2633
9,4487
9,3394
9,4901
4,5666
4,7769
9,2809
3,2763
9,1790
4,2412
9,1734
9,2865
9,8504
4,1985
9,6814
4,4634
3,7359
4,2266
9,7626
4,3800
3,9677
4,7458
9,6538
9,2374
9,3587
9,8210
5,3037
4,3662
9,4468
9,4184
9,7287
4,6262
3,9568
4,6368
4,2145
9,2048
5,0325
4,4934
9,4459
4,2783
9,6563
4,6453
4,0393
4,2622
4,2992
4,2671
4,3961
4,2604
9,4890
9,3130
4,8307
4,0356
4,6991
4,6318
9,2962
4,4514
4,2489
4,2895
4,6859
9,3845
3,9666
4,0837
9,1734
4,2056
4,6802
4,6482
4,6009
4,3773
9,5674
9,0475
4,6165
9,8645
9,7952
9,0291
4,1055
4,4585
8,9008
9,6097
3,6889
9,0915
8,8418
4,1999
4,0917
8,9470
8,9509
9,7683
9,1936
4,7493
4,0163
9,5266
5,1219
9,0552
9,2745
4,4407
3,9056
4,3011
4,2292
9,0894
9,1570
3,4485
4,5635
9,4694
9,3059
3,7348
8,9820
3,7822
9,2526
9,3360
4,5996
4,5023
4,0932
4,2529
9,4362
3,9633
4,4430
4,2014
9,1473
9,5180
3,9638
9,6721
4,1864
9,8474
4,2408
4,8880
4,2045
4,4357
4,3059
9,2688
3,7496
4,3800
4,6389
9,4347
4,9640
4,1130
9,2614
4,9065
4,5814
4,5046
4,9409
9,5314
4,4898
4,0310
4,3617
10,0217
4,5143
4,3120
9,7018
9,7326
3,8972
4,1882
4,0943
4,1942
9,3972
4,4611
4,7800
9,3532
4,1512
9,2951
4,7178
10,0956
9,0910
9,0676
3,9073
4,9282
3,8375
4,6993
4,6379
9,3318
9,5026
10,1470
9,9435
4,3661
8,9548
3,9753
4,2469
9,2390
4,0653
9,5934
8,9787
4,7436
4,4337
8,6639
4,4680
4,1851
9,3359
4,3104
4,5900
4,2190
4,3609
4,8125
4,7592
3,6286
4,5334
4,3252
9,2495
9,5308
9,5692
9,2363
9,1276
9,4882
4,1308
9,4458
4,5324
9,4343
4,3290
4,6776
9,4357
9,8473
9,9103
9,2967
4,0168
9,4405
4,1893
3,9094
4,8046
4,5662
9,6503
9,5434
4,4148
9,1286
9,5758
4,9875
9,2424
4,4617
9,6068
3,9184
9,9350
4,4734
9,6798
9,4355
9,5870
4,1638
9,3144
4,4775
4,4012
4,4657
9,6866
9,2473
4,6631
4,4173
9,3619
8,5573
9,6136
4,2767
4,1092
4,2360
4,0743
9,8663
9,5814
9,3055
8,9866
4,4990
4,6382
9,2207
9,3982
4,2941
9,5092
9,4867
4,7918
9,5474
4,4724
3,9755
3,6050
9,3664
9,2902
9,8278
9,5948
9,3915
4,2164
4,1589
4,4140
9,6868
9,0892
9,3086
3,8980
4,7340
9,2778
4,1926
4,4346
9,4949
9,4506
4,2915
9,2039
9,5887
9,1189
9,6445
9,1245
9,5771
9,8652
3,8613
4,2581
9,4173
9,6480
9,4278
9,7946
9,5492
4,3561
9,5654
3,9874
4,3710
9,3758
9,5379
3,7117
9,5562
4,5775
9,4882
4,2741
9,2190
4,4412
4,0273
9,0433
8,9424
9,9269
3,9033
9,1291
3,6959
4,1117
4,2102
4,0855
4,0974
4,9047
4,1036
9,0924
8,9823
4,3120
9,1135
4,7236
5,0381
4,4382
9,4853
9,4745
9,4519
9,9451
3,7908
4,4683
4,1535
4,5315
3,8934
4,4754
8,8471
4,3778
4,1792
3,6371
4,2671
9,6754
4,2711
9,0824
4,0100
3,9536
9,8555
4,0139
9,5492
4,6711
3,9678
8,8643
4,3652
4,8395
4,0872
4,1052
4,0458
4,2542
9,2655
9,3762
4,4805
3,9397
9,4080
9,2940
4,1020
4,7597
4,1426
9,7115
4,0183
4,5466
4,1719
9,1965
4,3152
4,7234
3,7527
3,6770
9,5358
4,3105
4,5796
4,3926
5,1623
4,5306
4,1914
4,7858
9,3334
9,8161
4,5280
4,5104
4,5049
4,1703
9,5863
4,5955
9,1194
9,2411
3,7708
9,5956
4,2058
9,2094
4,1722
4,0032
4,0311
4,3048
9,1290
4,5693
9,4535
4,4923
5,1278
9,2895
4,4294
9,1916
4,6841
9,5060
3,6912
9,6403
9,6350
8,7948
5,0175
9,2673
4,0970
9,5448
9,8051
4,0363
4,3508
4,7950
9,3081
9,1946
4,2724
4,5366
4,4513
4,2230
9,9777
3,7294
4,1530
4,5255
3,6901
9,6709
4,5252
9,3110
9,2883
9,4117
3,9589
4,8440
4,3870
9,0826
4,0301
4,5977
9,2753
9,2921
4,1285
4,3691
9,4024
4,5449
9,1280
4,5862
3,8025
3,9802
4,4466
4,3031
3,9884
9,1221
4,2751
9,1615
9,5032
3,7176
9,0191
9,2137
4,3515
9,6235
9,5176
4,2126
9,7523
9,5467
9,0510
9,2709
9,4917
9,2556
9,5096
9,7420
3,8656
4,0945
9,7587
9,5093
4,3111
8,7969
9,4426
4,8104
3,7008
9,5985
4,2561
9,7189
3,9676
4,3279
4,5203
3,9728
3,7208
9,6109
4,6954
5,1460
9,5264
9,6433
9,1361
9,1909
3,8279
9,6057
4,4605
9,7301
3,4613
4,0616
3,9669
4,4947
4,1694
8,8580
4,2116
4,1347
9,6892
3,9723
4,4355
4,4377
4,4523
9,5599
4,6054
9,8878
9,2246
4,2915
4,0207
4,0611
3,9525
9,5246
9,0936
9,3339
3,9698
9,2853
9,5624
4,4853
3,9430
4,0387
3,8143
4,4282
9,3587
9,5178
4,1788
4,2844
4,8832
9,3867
9,5156
4,3087
9,6282
4,1405
4,0792
4,4754
8,6731
3,7423
9,6809
4,4451
4,2181
8,7968
3,9430
3,9665
3,8936
4,3205
9,9227
4,3393
4,5138
10,2086
4,4002
9,0144
4,2247
4,2100
4,3662
8,8357
4,3528
4,2386
9,5326
4,8307
9,3483
8,9255
4,1050
9,6695
9,6659
9,9345
4,3761
4,2962
4,3947
8,9824
8,9361
9,3541
10,1864
9,2468
9,5992
9,4760
9,4616
4,2195
9,3586
3,5700
9,3451
9,2243
9,6354
4,5736
4,3833
9,3459
4,9037
9,6210
3,9353
4,5263
4,6264
4,5054
4,7248
9,4402
9,5725
4,0557
4,8313
9,1902
9,6152
10,0209
4,1683
4,5280
3,8000
8,9442
3,9855
4,7057
4,6815
4,6661
9,6202
9,6200
9,4598
4,5280
9,2242
8,9105
4,2220
4,1554
4,6439
9,5879
9,3465
4,9066
4,0610
9,2424
4,3081
9,1382
3,8309
9,3271
8,9211
4,4995
9,1439
4,0203
4,5252
4,2825
4,6140
4,9672
8,8927
4,1066
4,8820
9,4990
9,4354
4,6386
9,2548
4,6267
4,2869
3,7810
9,3886
4,3839
9,0256
9,1632
9,5174
9,0320
9,1398
4,3905
9,6357
8,9023
9,4133
9,5545
9,1189
4,3049
9,7943
4,3028
4,5101
4,3299
9,0705
9,1688
4,3288
3,9728
4,4595
4,5911
9,1546
4,0546
3,8453
9,7580
4,1675
3,8924
9,7735
4,4442
4,2238
4,7075
4,2788
9,3045
4,4144
4,4877
9,3965
9,8063
5,0651
4,0198
4,1442
9,3549
3,8135
9,5593
9,2861
4,3508
9,5562
4,8210
4,5706
8,9516
9,8894
4,3115
4,2978
4,6424
4,1241
10,2987
9,4874
9,2608
9,5190
5,0855
4,1667
9,5091
8,9068
4,2292
9,2985
9,7143
9,4612
9,6598
4,3351
3,8992
4,2296
3,9266
4,5636
4,2431
9,3317
4,3421
4,0365
9,1114
9,0796
4,4788
10,1000
4,6914
9,3516
9,9397
4,4430
4,1018
4,4307
9,2719
9,0259
9,7567
3,5412
4,8945
3,9727
4,3115
4,1377
5,0140
4,3955
4,1707
4,4044
9,2787
8,7741
9,4551
9,4530
4,4772
4,1646
9,7030
4,7149
9,1983
9,4184
9,6144
3,9436
4,8978
4,2209
4,6165
9,4415
9,1072
9,0511
9,8031
4,6810
5,1206
3,9827
9,0959
9,0078
4,5628
9,2534
4,8904
4,8793
9,2663
9,3156
9,6886
9,1022
4,4722
4,0566
3,7765
4,3968
10,0912
8,8194
4,2151
3,8475
3,8237
9,9591
4,5528
4,6228
9,1007
5,0436
4,4887
4,4494
9,2758
9,8230
4,3799
9,6012
4,1629
4,6124
3,9087
4,0325
4,7804
3,8640
4,2043
3,8077
4,0703
3,6892
4,6990
4,2549
4,4186
9,0701
9,3736
4,0046
9,6021
9,1551
4,1556
9,3385
4,5270
4,3601
9,8757
4,7997
9,3916
5,1393
4,0056
4,3492
4,0894
9,6221
4,1787
3,8151
9,4529
3,9852
4,6974
9,3994
9,6226
9,1580
4,6587
4,6887
3,7736
9,4433
9,1066
9,6823
4,1812
9,8082
9,2277
9,2926
4,1168
9,3059
4,1483
9,3386
9,0528
3,9068
9,5272
4,5263
4,3518
9,7465
4,0777
9,0335
4,0552
4,6039
4,4111
8,8261
4,2102
9,5565
4,2938
4,1923
4,3234
4,1396
4,6869
4,3683
4,2554
4,2243
9,2551
4,1339
9,1680
4,4320
9,2177
4,5670
4,4295
4,4981
3,8596
8,6096
4,7760
4,4919
4,2540
4,4097
4,0705
4,5734
4,0602
4,0596
3,8760
9,4615
9,5809
4,5908
9,5454
4,1491
8,8614
4,2871
4,0504
9,2514
4,7837
4,8969
9,4707
3,7165
9,4829
4,5733
9,2785
4,0763
4,0122
4,6593
4,3932
8,5004
4,3055
4,3153
8,7352
8,9252
9,2969
3,9582
10,0488
3,7477
3,8113
4,1936
9,6120
9,2281
4,7254
4,2692
4,2619
9,7949
9,0617
9,2165
9,6410
4,3144
4,0247
9,2670
4,1568
3,9904
9,3314
4,2793
9,1189
9,2919
9,3976
9,1755
9,4226
4,6804
10,1756
4,0679
9,1820
9,4932
9,8054
9,2767
4,1123
4,7753
10,0686
9,3189
9,3530
9,1931
9,9072
3,9666
9,0113
4,1209
4,4530
5,1640
4,7400
3,8979
9,1019
4,4922
9,1697
4,3403
4,9259
4,3004
4,6836
4,6107
4,1444
9,2774
4,4110
5,0450
4,3928
4,5706
4,3581
4,7085
10,0279
4,5208
8,9587
8,8525
4,1339
4,5824
9,6692
9,9932
4,3525
9,6357
4,5654
9,4127
9,9314
4,5403
4,5936
9,3086
4,5646
4,2314
4,4964
4,8419
4,8716
8,8865
9,9039
9,2070
3,9512
9,7054
4,2836
8,9920
9,5206
9,4851
4,0497
4,4960
9,0137
4,9854
9,5784
9,3180
4,1136
4,5243
4,4768
4,5992
9,2865
9,5132
4,5814
10,0023
3,7999
9,9100
4,8858
4,4606
9,1257
9,5416
5,0765
4,7992
9,1565
9,0552
4,4634
4,3937
4,3342
4,2418
9,6877
9,3186
9,1969
9,3954
9,5181
8,8779
9,2965
9,4184
9,3881
4,1196
3,7591
9,8193
4,5183
4,3427
4,1911
4,3659
9,0826
9,6500
9,0001
9,0623
4,3604
4,2863
9,4339
4,2917
4,3830
4,3405
3,7493
4,3136
9,2776
4,6098
9,3946
9,6864
4,2297
4,1816
4,2909
4,1156
4,5490
9,5193
4,1321
4,6664
4,4270
4,1815
4,5016
4,2797
4,2036
4,2232
9,5072
4,6172
8,9768
9,9059
9,7526
9,4645
4,3642
4,1089
9,5205
4,4444
9,5959
4,2833
4,6497
9,4662
8,8864
4,4854
4,2292
9,4449
4,1090
4,6659
4,1080
9,8687
9,4185
3,0833
9,1994
9,4654
9,5242
4,5516
9,7332
9,4769
3,9398
4,4781
9,6528
4,7350
9,3860
3,4138
4,4577
9,3703
4,1753
4,8419
5,0499
4,1684
4,3037
4,5335
9,1187
3,6790
9,2400
8,9984
3,8336
9,3779
9,6296
4,7344
3,6950
4,1479
9,2939
4,2531
4,3149
3,8475
4,1937
8,9334
4,5025
9,2632
4,1578
4,7176
4,2863
9,0864
3,7239
9,6875
4,1693
9,2780
9,5875
10,0260
4,1749
3,7384
8,9539
4,4779
9,4455
4,8952
4,2944
9,5107
4,4675
4,3823
9,5502
9,2031
4,3510
9,6846
4,1750
10,0365
4,5578
3,8935
4,1995
3,9572
9,5910
9,3114
4,2229
4,1322
4,1430
4,2031
4,0461
4,6533
9,4448
3,8597
4,2481
3,9415
9,4480
3,8274
9,1978
4,4134
9,5149
4,6538
3,9185
9,5036
9,1555
4,2830
4,3179
9,8663
3,6788
9,0068
4,2475
3,8939
9,5145
5,0846
3,8455
4,2576
4,2018
3,9607
9,7024
3,9024
9,1310
4,3069
9,4205
4,3061
9,2956
9,6526
4,3874
4,0106
4,0418
4,5403
3,4713
4,3806
9,8204
9,0866
9,3091
4,6376
4,4322
9,3934
4,2950
9,2205
9,6193
9,5309
4,7205
4,9667
4,4957
9,5920
9,5244
4,5809
4,4995
9,2256
4,0324
9,4243
9,5848
9,6482
4,3810
4,0242
8,7379
4,2022
3,9677
4,4784
3,7440
4,8328
9,0668
4,1058
8,9139
4,6229
4,7773
4,8281
9,1837
4,7097
9,4384
9,2798
9,0292
9,6341
10,1309
9,1426
4,0613
4,3648
8,7861
4,9506
4,5119
3,7200
9,3710
4,6134
5,1451
9,4776
9,3599
3,4376
9,4023
9,7827
9,3442
9,1439
4,2781
9,3056
4,1213
9,5564
9,4180
9,4284
4,5428
4,7252
4,7795
3,8251
4,0775
9,2797
5,0392
9,1705
4,2211
9,6573
9,6635
3,7023
4,0220
9,6502
9,2747
3,6894
4,2070
9,9618
9,9011
4,1675
9,1849
4,1232
8,4815
9,2667
9,5356
8,9343
9,4823
4,5680
9,0044
4,7289
4,2472
4,3681
9,5268
9,1657
4,1978
9,8125
4,3086
4,2370
4,0607
8,9107
5,1126
4,4518
3,9848
9,3467
4,6998
9,8858
4,3868
4,4912
9,0627
9,4638
4,1428
9,5393
4,2166
3,7306
3,8081
9,0336
9,7749
5,1485
4,6778
9,9062
9,2388
9,2916
9,1428
4,3452
4,4889
9,7255
4,3747
3,5016
4,6724
9,2234
4,5299
9,6348
4,4442
4,2446
4,0185
3,9863
4,0924
9,1540
9,4722
9,3032
3,7342
4,2930
3,6999
9,4000
4,7756
4,0991
9,5006
3,9956
3,9932
8,9914
4,2629
9,0669
9,2887
9,7689
9,0521
9,9922
4,5311
9,2872
4,4574
9,4604
4,2054
4,1373
4,9270
9,2725
9,1438
4,3091
9,0587
9,3329
4,2712
3,6836
9,0606
4,1657
9,1769
9,8043
4,4458
10,0716
4,5266
9,4678
9,3954
4,2719
3,8950
4,0174
3,9932
4,3857
4,0076
4,8512
4,7477
3,5673
4,0075
4,7706
3,6212
4,4299
9,2388
9,2369
4,3675
9,5879
4,2394
3,9124
4,3235
9,7556
3,6060
9,5969
9,3757
3,9337
4,3587
9,5127
9,3219
4,7437
3,9466
4,2272
9,4410
9,1792
4,0664
4,5638
8,9651
9,6813
9,8067
9,3778
4,3764
4,5554
9,3819
9,2780
4,2553
9,5642
9,4648
4,6076
8,7258
4,1733
9,0699
4,9395
9,5734
9,3490
8,9573
9,0500
9,3164
9,2550
3,8565
9,6551
4,8117
4,2627
9,3188
8,8533
9,3175
4,3967
8,5760
4,0675
4,3170
3,7148
3,9912
9,2971
4,3849
3,6936
9,1542
4,4786
9,2421
9,4314
4,3341
4,0350
9,1317
9,1804
9,6019
4,3648
9,2768
8,8409
4,1606
4,7168
9,1227
9,3651
3,8429
3,8331
4,2078
9,1930
4,6500
4,5693
3,9088
10,1583
9,4026
9,7812
8,8146
9,8984
9,4093
4,0611
9,0668
10,2878
9,6340
3,9061
4,7010
8,9301
9,2892
9,2465
9,3632
3,8389
4,0263
4,2060
9,4832
3,7966
4,7791
4,5682
8,9875
9,7303
4,1378
9,0126
9,6781
9,3131
8,7346
4,7789
9,2930
9,4825
4,7375
4,2084
4,1778
5,0095
3,9159
4,2742
9,4052
9,3249
9,5728
9,6669
9,5502
9,1528
8,9888
9,5144
4,1714
4,3563
3,9318
9,1894
9,0088
4,3381
9,6136
3,9059
4,5368
4,6514
4,1106
9,2217
9,8740
5,0490
4,4969
9,7216
3,6989
9,8254
9,7164
3,9707
4,2141
4,0960
3,7936
4,4461
4,0439
4,1610
4,7582
4,4798
9,3937
9,6803
9,8459
4,7852
3,6281
4,6260
3,5456
4,7541
9,1054
9,3989
9,0402
4,4479
4,9190
9,1342
4,6880
4,6879
4,4871
4,4126
9,1717
9,5419
9,5827
4,0694
9,6288
4,6840
4,5877
4,5243
4,1547
4,4771
4,4545
9,1189
9,7232
8,8244
4,8769
4,1489
4,6470
4,7376
4,4125
8,8945
4,8989
9,1064
9,3309
4,8645
9,0934
9,3943
4,5912
9,2042
4,3053
3,9148
4,5652
3,5486
9,1072
4,5241
4,7118
4,3969
4,3922
4,6353
4,1525
4,2303
9,5103
9,2611
4,6331
9,4095
4,3234
3,7563
9,4434
9,2122
3,7338
9,2173
3,5762
3,9131
9,3000
9,2243
4,5317
5,0580
10,1330
4,5250
9,1936
4,2573
9,3269
9,5980
4,6612
4,8578
4,4098
9,3399
3,9941
4,1538
4,3389
4,4334
9,5561
3,8772
8,9610
9,6881
5,2792
4,3995
9,5680
4,1323
4,4971
9,6411
4,5855
9,1168
4,2394
9,7049
9,9031
4,6025
4,0905
4,4829
5,0081
8,3662
4,9674
8,9675
9,6505
4,2662
3,8792
3,8985
9,1845
4,1253
3,9932
4,3328
3,9569
9,5037
4,0138
8,9737
4,5881
4,1844
9,2354
4,8025
4,7090
4,4052
9,7706
3,5669
4,0232
4,0847
9,0674
8,7825
4,4238
4,0594
9,0460
3,8982
9,2393
4,4833
3,6132
4,8820
4,3481
4,7763
8,9238
4,5252
9,3929
4,3897
9,8722
4,4180
9,2217
4,9296
9,3559
3,9739
9,6120
9,2609
4,2788
9,6837
4,7682
9,9749
9,3294
4,8219
3,5107
4,0940
3,8619
4,7960
4,4879
4,7716
4,5194
4,2459
4,4874
4,9445
9,5563
9,6104
4,3431
4,6708
4,8214
9,1606
4,6281
4,3948
4,1901
4,9372
4,6728
9,3700
4,2817
4,4925
4,1249
9,3890
4,2126
9,3887
4,1489
4,1374
4,5441
4,1246
9,5952
4,3481
4,3947
4,4213
9,5000
9,4326
4,0785
5,2667
4,3165
4,1653
9,2678
9,5214
9,1432
4,1391
9,4733
4,1507
9,2440
4,3858
4,5012
9,4785
9,1375
4,7518
9,5002
4,3004
4,5707
9,0033
4,0999
9,4194
4,1863
3,8456
9,0425
9,3918
4,1822
4,2997
4,2884
4,4549
9,4619
8,8507
8,9392
4,3863
9,1486
9,3417
4,1434
9,5071
9,6323
9,0521
4,0347
4,2638
4,6270
4,5691
9,3576
9,5101
9,4951
4,7753
9,4299
3,5380
4,1117
4,6841
4,0708
9,8096
9,2101
3,8315
9,5620
4,0037
9,4678
3,9974
4,3066
9,4256
8,9131
9,5771
9,1272
4,5279
4,3321
9,1028
3,6646
4,1088
9,3049
3,9677
9,3376
9,5890
3,8628
9,5736
4,5591
4,4414
9,6012
3,7606
4,7301
9,5460
3,8588
5,0197
4,1055
9,2151
9,3366
9,3766
4,1995
4,5681
9,4168
9,0367
4,4554
3,6003
4,4597
9,1383
4,0242
9,1335
3,6595
9,1598
9,1535
4,4692
9,6506
9,8086
4,3755
9,4517
9,5319
4,4537
3,9595
4,1436
4,3014
8,8342
3,7186
4,0944
9,3145
4,0605
9,8921
4,8220
9,6220
9,1177
4,2743
9,2461
4,6601
4,7245
3,9330
3,9324
9,1686
9,4451
4,3353
4,1452
3,7935
9,3880
3,9316
9,5958
4,2424
4,2785
3,7710
4,1965
4,3052
9,2347
4,5404
4,5071
9,6862
4,5157
9,5027
4,6071
4,4331
3,8440
9,1066
9,1752
9,0832
4,8457
10,0907
9,6298
4,3175
9,8178
9,1110
9,2291
9,5495
4,2656
9,9320
4,5624
4,2515
4,9738
9,1031
3,8980
4,3069
9,6206
9,7015
4,3339
4,2422
4,6961
4,5664
4,2700
4,3830
4,2234
4,1593
9,3571
3,8951
3,9814
9,4240
9,0787
9,2969
3,9724
9,1622
4,3860
9,9356
3,9738
9,2628
4,2323
9,6743
4,4761
3,9067
9,6978
9,7970
3,3393
4,8284
9,1023
9,6985
4,2144
4,4021
4,8169
4,5778
9,4025
4,2448
9,0544
9,7193
9,0395
3,9335
4,4176
4,8488
4,2477
4,5682
4,7679
4,2154
4,2042
3,9121
4,2807
9,4454
9,1151
4,7190
4,1409
4,6040
3,7705
4,1787
3,9977
4,6027
9,7855
4,2862
4,3695
4,9188
9,8330
4,4916
9,8838
8,9396
4,6502
4,0509
4,4436
9,5325
3,9602
4,9679
3,9002
4,0288
8,8163
9,4258
4,2590
9,6216
10,0251
8,8540
4,2363
4,2460
4,4763
9,4231
4,4297
4,2046
4,6000
9,9520
9,2306
9,2327
9,7863
9,1727
9,9504
8,6211
4,5370
9,1983
8,9001
8,7842
4,7615
9,2319
4,4392
4,3076
4,0672
9,4755
4,3638
9,4135
4,2529
9,3817
4,1480
9,0122
9,7649
3,4451
4,7110
9,3971
4,2536
9,0729
4,3237
9,5141
9,6133
4,6290
3,8355
3,8072
3,8221
3,7617
4,1338
4,2222
4,5135
9,4363
9,6703
4,3776
4,3573
9,4324
8,6418
3,8618
9,3198
10,0174
9,2137
9,0455
9,6586
9,6432
4,1106
4,7320
4,4852
9,6797
9,1727
4,1455
9,4997
3,9719
4,5417
9,1212
9,7736
9,6776
4,4915
4,5391
9,9732
4,1749
4,2725
4,3759
4,1354
4,8129
9,2656
4,7635
4,8005
4,4031
4,3246
4,0789
4,0370
9,7592
4,6865
4,3734
9,3677
3,9923
9,3615
4,1394
9,4617
4,7366
9,5589
4,0592
4,2499
4,0791
3,7256
5,1702
3,7868
4,2208
9,2644
9,3308
4,0610
9,5999
3,9720
4,0700
4,5269
9,4294
9,4978
4,3225
9,8577
4,5614
9,4370
4,5998
9,2850
4,2879
8,9830
3,7962
9,4783
4,8921
9,1105
9,2859
9,5363
9,4566
4,5719
8,8588
9,3980
9,0986
4,2634
4,5165
9,2115
9,4643
4,2875
4,3975
9,1006
4,2431
3,7515
9,2945
9,4939
4,3927
9,2080
9,3276
9,6607
4,4093
8,7616
3,8425
4,1530
4,4877
4,4251
4,2592
9,6532
9,5190
4,2442
4,6365
4,3067
3,9637
4,5557
4,2838
3,8393
4,2484
4,1708
4,3016
9,0632
9,1471
4,0316
4,5233
4,3650
3,8286
9,7786
9,1301
4,4458
4,6722
4,4239
8,5541
4,5197
9,5098
4,1917
9,3004
9,2971
4,9168
9,6954
4,4008
10,1364
4,2485
4,2809
3,8450
4,4112
5,0501
3,4408
9,2040
5,0465
4,7194
8,8967
4,6226
3,5247
3,9178
9,5315
4,4074
4,7324
8,8630
4,5377
9,4512
4,5958
3,9729
4,0578
4,4365
9,5269
9,1246
4,6597
9,8986
4,3076
4,6346
4,5137
4,2889
3,5867
4,4836
4,1786
4,6973
4,6963
9,2522
3,7164
4,3907
4,5171
4,1986
3,9883
4,4224
9,7980
4,0682
4,4346
9,3494
4,5798
9,5509
4,1146
9,6283
4,6857
9,5171
4,4157
3,7342
4,0349
8,9652
9,3162
9,4395
4,7194
4,3190
4,4062
3,7987
9,5405
4,8214
4,7071
4,1812
5,0861
4,2047
4,1457
4,0773
3,9648
4,7835
3,9909
4,8993
9,9553
4,2290
9,5118
9,1672
4,0236
9,4296
4,5347
4,3532
9,3041
9,5987
3,5451
9,1535
3,9192
9,8498
8,7382
9,2674
4,0625
9,4388
4,3773
9,4834
9,3001
4,5696
8,6689
9,1298
4,1194
4,2622
8,8962
4,4476
9,4084
9,5000
4,4679
9,2666
4,2985
4,0507
9,6204
9,2531
3,9668
9,1132
9,9350
4,0932
4,3647
9,3617
4,2369
9,1835
9,2657
4,3148
4,5265
9,3940
4,4951
4,1638
8,9256
4,4897
3,6795
4,8447
4,1838
4,3425
4,3379
4,1451
10,0755
9,4175
9,5750
8,7702
9,1799
9,5828
5,1676
9,2576
4,4743
3,9065
9,6360
4,0770
4,1020
3,9190
4,1400
4,1422
9,1116
4,3274
5,0459
4,2754
9,7407
4,3112
3,8184
9,0382
4,0344
4,1689
3,7741
5,0658
9,5389
9,4498
4,8991
8,5884
4,0087
4,0271
4,6775
4,2276
4,2675
3,6990
4,0510
4,6387
9,1315
9,5376
9,2017
9,2401
4,5372
9,6398
3,7939
3,9300
4,3495
9,2493
4,0215
9,6240
4,1223
4,0649
9,4030
4,2076
4,6956
4,3414
4,5110
9,7689
4,1749
9,6701
4,3627
4,2229
3,5464
4,5726
9,2849
4,6157
9,1103
9,5108
3,9729
9,4670
4,3266
9,3710
9,5207
4,7075
9,3580
9,5981
4,1923
4,1297
4,2968
4,1746
9,4539
4,1035
9,3139
9,2300
9,8680
4,4637
4,6873
4,3924
4,6447
10,1849
9,4766
3,9268
9,4006
3,6504
4,7075
9,5882
9,0981
4,2271
4,0789
9,4155
4,0221
9,5350
9,2861
9,6186
4,2595
4,0890
9,3307
4,8166
9,0819
9,5051
4,0023
4,3975
3,9186
9,6927
8,9435
9,6529
4,3959
9,2570
3,5108
9,5685
4,5777
3,9252
9,0126
3,4586
4,9039
4,4095
8,8658
9,4216
9,5119
3,9865
3,5948
4,3364
9,2237
4,1625
4,5750
4,1511
10,2460
3,9748
4,4306
3,9502
9,8777
4,6514
9,3912
4,5598
9,2756
9,7567
3,8313
4,4500
9,5267
4,0759
9,3995
4,1654
4,3186
9,4498
4,1792
4,4285
3,8469
4,0159
9,3637
9,4178
4,2349
4,0833
9,6100
9,2361
4,6558
9,7768
9,7380
9,6420
4,0376
4,2906
9,6579
3,3767
4,3114
4,2494
3,7701
4,3083
9,5394
3,6456
3,4785
4,4530
8,6701
4,9007
9,2032
4,1590
4,9903
4,1934
4,1966
4,8478
3,7687
4,2753
9,0003
4,5486
4,5393
9,6516
3,8068
9,1431
9,6694
4,1423
9,3120
3,8156
4,2420
3,8318
3,9976
9,7612
3,9513
4,7237
9,4158
4,5897
10,0424
3,8208
9,7415
9,4190
4,2624
9,1821
9,2988
3,6471
4,6278
9,8202
9,9294
9,6553
3,9079
9,1737
4,1429
4,2655
4,5313
9,7490
8,7009
9,4502
4,4368
9,6692
9,3605
9,2543
3,9750
3,4044
9,1519
4,6478
10,0984
9,1840
9,4668
4,2881
9,7145
9,4455
9,2063
4,3200
9,7744
4,3199
4,1907
3,8457
4,3053
3,8553
8,9461
9,5829
9,6216
3,5664
9,3889
4,5278
9,4519
4,8642
4,0554
8,7173
4,9292
4,6965
4,1086
9,2765
3,9333
9,5660
4,5927
3,7851
9,6011
4,6940
9,1547
9,8085
9,4063
4,3478
9,0904
4,3162
9,6151
9,1419
4,3142
9,1559
9,5958
9,1519
4,7518
4,3403
4,0954
9,6159
9,2188
10,1602
4,3771
4,4845
9,1632
3,7974
4,2449
3,4392
3,6458
9,9356
4,1986
4,3974
4,3703
4,9479
9,0662
4,7876
9,4820
8,9829
3,6011
4,3816
9,3293
9,0559
9,6889
9,3789
3,7322
4,6143
4,4037
4,2136
9,6584
3,6300
4,2923
3,8531
4,3273
3,6555
9,8827
8,8521
8,8580
4,3251
4,9635
9,6045
4,2685
9,4716
4,6465
9,2777
4,4378
9,5605
9,1636
4,1839
8,9022
4,6752
9,6105
9,3308
4,8303
4,6890
9,8097
5,1692
4,6081
9,1881
9,4432
4,5588
9,0585
9,2699
3,6249
9,4965
4,5246
9,4751
9,1943
4,3130
4,4320
4,7545
9,4533
4,5412
9,5757
4,4381
3,7909
4,1532
9,6718
4,4749
4,9530
4,5183
4,0826
4,9055
4,1508
4,2511
8,9923
9,1764
9,1676
9,1799
4,4310
8,8586
9,4326
3,6704
3,8142
4,2708
3,8054
4,9779
3,3641
9,1834
9,2684
8,7824
4,3478
3,9636
4,4944
4,1941
4,4574
4,3370
4,7074
9,6565
9,2021
4,1012
9,5660
3,9464
9,6677
8,5424
3,8467
9,6287
9,4704
9,8666
4,0443
3,9277
4,5920
3,9685
4,3209
5,3804
9,3166
3,9996
3,5825
4,7728
4,1003
9,2777
3,9585
4,5644
9,3768
4,2171
4,2947
9,5990
9,3684
9,8207
4,0072
4,7011
9,4810
4,5276
4,8467
9,4253
9,0067
4,1549
4,5066
4,2512
4,3756
3,6055
9,2702
4,5471
4,1836
9,6538
3,6247
3,9290
9,5067
9,4392
4,4798
4,2648
4,9116
4,5208
9,3217
9,7719
3,7772
4,7591
4,4654
9,5563
4,5701
9,4820
4,2636
9,3149
4,1611
4,6759
9,3712
9,7699
3,7753
4,4345
4,2144
9,0274
4,3748
9,7059
9,1541
4,3253
4,6221
3,6490
8,8487
9,3716
4,4836
4,1777
9,4918
9,2087
3,8699
4,0658
4,6669
4,2737
4,2835
9,2581
3,9700
4,2796
9,5196
9,6507
5,1261
4,6554
4,0584
3,9493
4,2504
4,9173
4,4952
4,2813
9,2195
8,9759
4,7351
9,0483
9,1806
4,8373
4,0878
4,1677
4,4779
9,7364
9,6540
3,9416
4,0523
4,5368
4,5685
9,6061
9,6040
4,4167
9,4458
9,6476
4,2438
9,1809
4,3531
4,3547
4,4368
4,0522
4,5754
4,9823
9,5356
4,4687
9,7745
4,2362
9,1865
4,6809
9,3202
9,5273
4,1518
9,2654
3,9680
4,7310
9,1101
3,7979
9,4144
9,4627
9,4057
4,5213
4,6204
4,3316
4,6134
3,8290
4,3011
4,2460
4,1731
3,6717
5,1678
9,0519
9,0081
9,6622
9,0473
4,2011
4,1399
4,5383
9,3767
3,9982
4,0430
9,3995
4,6062
9,7276
4,6483
9,9151
9,1212
4,4651
9,4777
3,6754
9,3205
9,4140
9,3502
9,8647
9,2329
9,7795
4,0575
4,3237
8,8656
9,7585
9,4790
9,3405
4,2176
8,6073
9,7383
4,6883
4,3774
9,9613
8,6909
10,0888
4,6109
9,4255
3,8418
9,2264
3,8305
9,1928
4,5402
4,6554
4,9450
9,3647
9,1604
9,5675
4,2879
4,3353
9,4020
9,6709
4,5448
4,2296
9,5300
3,8053
4,1760
9,3043
4,3182
9,7511
8,9676
3,7498
4,8128
4,3187
4,2442
4,3997
4,0239
4,1543
4,0228
4,6329
9,3149
4,3989
4,1186
4,6804
4,3824
9,4020
9,0214
4,7404
3,5250
9,5224
9,4772
4,7698
9,6378
4,4255
3,9030
3,9118
3,7937
9,4953
3,9506
4,4472
9,5016
9,2797
4,5304
9,8253
9,2587
3,9386
9,3773
9,1143
3,9655
8,9523
9,4206
9,0721
9,1983
4,2039
9,5548
9,1736
5,1220
4,1134
4,1215
4,4553
4,6470
9,6185
3,7891
4,8099
9,4114
9,2088
8,8463
3,6882
9,4650
5,0947
3,9123
9,3605
8,9352
3,4495
4,4049
9,5997
4,1452
4,1296
9,4515
9,2466
9,0376
4,0942
4,3983
4,2000
4,3080
9,6984
4,3607
3,9734
9,5132
9,4283
4,5719
9,4136
4,1600
9,4259
9,4540
4,4283
4,4570
3,7477
9,2951
9,5777
9,7359
4,4029
9,1429
4,5619
9,5504
9,8276
4,1004
4,9662
4,5528
4,5086
4,1319
5,0282
4,4203
4,1507
10,0514
9,9334
3,7922
9,3210
9,7560
9,4087
3,9478
3,2854
4,2396
3,7160
3,8918
4,5638
8,8054
9,0397
4,5918
4,6696
9,1617
9,2748
9,2700
4,4639
4,3558
4,1649
4,2855
9,3402
3,8169
9,6032
4,2439
4,2212
4,1853
9,4163
4,5177
3,6913
9,7601
4,1357
4,6622
4,9155
4,6827
9,1394
9,3478
9,2114
9,4296
3,9895
9,2265
4,1448
9,6060
9,4447
3,8271
4,0517
9,1252
9,5404
9,6962
4,3060
9,3841
9,2854
9,1136
8,9696
4,2409
4,0258
4,0668
9,9360
4,5006
9,6176
4,3667
9,1730
9,3964
4,4003
9,0697
4,6124
9,1966
3,7519
8,8540
4,6313
4,4809
9,7451
4,4083
9,5121
9,1618
3,9049
9,3600
9,2205
3,8357
4,3595
9,5657
4,6285
4,9360
4,4471
3,8057
4,6109
4,4276
3,5788
9,1740
3,9498
3,6302
9,1138
3,8754
3,6666
9,3814
4,5945
9,1318
4,4747
9,3917
9,3594
9,5293
9,4184
9,5620
4,4925
4,1833
9,3690
3,9525
4,3357
10,2267
4,6210
9,7474
4,0834
4,8250
4,1053
4,1879
9,6732
4,5318
9,4189
9,5139
9,2766
4,4933
9,4873
9,5749
9,6852
4,6740
9,7829
9,0064
8,7593
8,9112
4,6276
4,0509
4,4090
9,3793
3,8396
8,7715
5,1125
3,7942
4,6320
9,7679
8,9999
8,7973
3,9978
3,7417
9,6770
9,3845
8,9538
4,1466
4,7048
4,6154
9,8563
4,8063
9,6785
9,1681
3,6721
4,7016
4,4427
4,1745
9,3890
9,1692
4,7066
3,7303
9,0307
9,6551
9,2328
5,0678
4,6069
4,2028
3,7422
3,9548
4,7808
4,1915
8,8694
4,7315
4,3448
3,7263
8,9174
4,7000
9,8730
8,9632
4,3480
9,2843
9,4852
4,2281
9,4349
9,5308
8,6616
9,1613
10,2514
4,3139
4,1754
4,1632
4,4900
5,0689
9,7110
3,5746
9,3833
9,9401
4,1619
4,2649
4,1343
4,5211
4,2461
3,2876
4,6017
9,4271
9,1083
4,4760
4,7358
4,3879
3,8297
9,1348
9,1808
4,3447
3,8591
4,8032
5,0797
8,7864
4,7183
4,4883
5,1749
4,2802
9,6012
4,3925
3,8927
4,4802
4,1346
3,8571
9,1400
4,0290
9,5451
9,5243
4,6687
3,9814
4,2893
9,1945
4,3976
9,0669
9,7762
9,4297
4,1748
9,4124
4,5486
4,4905
9,0368
3,9876
9,5691
9,3799
4,7918
9,6169
3,6555
4,3845
4,4918
4,4346
3,8693
4,2371
3,9679
4,0215
4,6220
8,7678
4,4770
9,3191
4,7943
4,4689
4,3396
4,5042
4,3534
4,3837
4,0669
3,9857
4,3016
4,1615
3,7842
4,1296
9,4335
9,4606
9,2658
8,9704
4,4086
9,4624
4,4498
9,5296
5,3155
9,3905
9,3106
9,3162
4,1840
4,2877
9,0537
4,2144
9,0534
9,4062
9,0750
9,6374
4,2812
9,3398
4,3493
3,9615
9,3033
4,3485
4,5702
9,7008
4,6282
4,4782
3,9357
4,0352
9,1736
9,4355
4,5087
4,7984
8,7303
4,1865
4,1578
4,6296
4,5423
4,1709
4,1077
4,4941
9,6170
4,2429
4,4208
9,4355
4,2769
9,4568
9,5301
4,3999
4,0255
4,2857
9,8234
9,9339
9,6373
9,8190
4,0612
9,2404
10,1522
9,0434
9,4633
9,6791
9,7304
9,3448
3,8971
4,3947
4,1544
9,5233
4,4857
4,2634
4,2967
4,4512
9,4144
4,4900
9,3978
3,9231
9,6336
4,1509
9,6755
9,6076
4,1002
4,1569
4,5448
9,8689
9,5022
9,6214
4,3432
4,4670
9,7539
3,8067
9,4380
9,8954
4,3961
4,1123
4,2238
8,9416
9,2303
4,1706
4,4920
4,2962
4,1997
9,4617
9,5741
3,9752
3,9027
9,1116
9,7511
9,0899
9,0808
9,5734
4,5397
3,9551
9,2872
4,4436
4,5970
4,1975
8,9517
4,4502
9,1609
9,5505
3,9459
4,6462
4,0925
4,7637
4,0300
4,5440
9,5955
4,6522
3,4268
9,7167
9,1154
4,2374
4,2059
4,7214
9,6057
9,2003
4,0746
4,1540
9,7725
9,5957
4,0622
4,4485
4,9714
3,5585
4,0877
9,5237
9,2776
9,3389
9,7034
3,7159
3,6225
9,2430
9,2236
9,3632
9,1139
9,6748
9,6507
5,1812
4,5695
3,8840
4,5378
4,4091
9,5998
9,8996
9,1548
9,3625
9,3740
9,4915
4,4409
9,2629
9,6192
9,1385
4,1299
4,1952
4,3193
8,9638
4,8971
9,1303
9,7195
9,5575
9,5439
9,4263
4,2243
9,3664
9,6293
9,1284
9,1337
4,0996
9,1858
9,3309
9,2098
4,6426
3,7037
4,1213
3,9376
9,2584
9,5345
9,4623
9,3509
3,8247
4,5108
4,5697
4,6007
4,2554
10,1733
4,7062
3,9276
4,1882
4,0704
8,9038
9,7164
4,2250
10,0852
9,5547
9,4115
9,9356
4,1878
4,1609
9,5099
3,7048
4,7474
9,1146
4,4140
4,7123
8,9990
3,7823
9,8549
4,7836
9,5332
3,9454
4,1425
9,0160
4,8937
5,0534
4,0135
4,0166
4,1575
9,5434
3,9064
4,7981
9,5252
4,3560
4,2731
9,4741
9,3063
4,3751
4,4432
9,3696
9,6497
9,3140
4,4237
9,3848
4,4788
4,8069
9,1455
4,0354
9,3537
9,1419
4,2265
4,1142
4,2609
4,5555
9,2026
8,8683
10,2527
9,2700
9,2996
4,0723
8,6761
9,0983
4,3153
4,2957
3,9390
4,5083
4,0072
4,6060
9,1308
9,6102
9,7989
9,4353
9,4436
9,2330
9,6141
9,2776
9,8958
4,2996
10,0219
9,2612
4,1334
9,3458
9,7415
4,4816
4,8247
9,5449
4,3469
4,0638
4,4330
9,7226
9,5805
9,6253
4,1340
9,4364
4,2908
4,7263
4,2388
4,1408
4,2122
4,1542
9,5286
9,3672
4,3300
9,2055
4,0436
8,9410
4,3936
3,8973
4,9612
9,3977
4,1617
8,9857
4,0391
4,4480
4,1165
4,2468
9,7873
3,8427
4,5711
4,4835
4,3559
9,4761
9,4757
4,0721
9,5136
9,7255
4,3391
4,3313
9,8565
9,1898
4,7691
9,3708
9,8870
3,7577
9,4539
4,3167
9,6735
8,7481
4,1159
9,0369
4,5727
4,5413
4,0780
4,0837
3,8328
3,8328
9,2499
9,8599
9,2520
4,2950
4,6061
3,3905
4,2987
3,9225
9,5063
8,8337
9,6679
3,8570
4,1820
4,6997
4,4249
4,5289
4,6305
9,1924
9,7175
9,3229
9,1788
9,5326
9,6672
8,8692
4,1616
9,0627
4,1777
8,9238
9,4862
8,8493
3,9681
9,3663
9,3909
4,7923
9,1631
4,5624
9,1474
4,2877
4,3526
9,3685
9,4096
4,4999
10,1106
9,7952
3,7884
4,6784
4,1005
9,5705
4,0830
8,9809
9,1533
4,3518
9,1748
4,0997
4,1257
8,7103
4,1251
9,1439
9,4636
3,9642
9,0336
9,3644
4,0315
9,0710
5,1257
3,6320
4,2534
8,8425
9,3098
8,9556
4,3854
9,7546
9,4047
3,9306
4,9068
4,7356
3,9286
4,2980
9,3437
9,4116
9,1033
4,2846
9,4788
4,1100
9,9650
9,3394
3,9395
9,9512
9,2455
10,0681
3,9071
9,8730
9,0121
4,2599
9,6324
9,4528
4,0938
9,4930
3,6704
9,8913
4,1170
4,7288
4,7828
9,3527
4,4688
9,6615
4,2044
9,8476
3,7419
9,6388
3,9039
4,3328
3,7280
9,4642
4,7142
8,8300
9,7676
9,1235
4,2126
4,2454
4,4531
9,3685
9,2750
10,1978
9,3747
4,6359
9,1498
4,2417
4,5400
4,0011
9,1968
4,4040
8,8775
9,8264
9,7998
9,2942
4,1619
4,8531
3,9764
4,0823
9,8009
9,2299
4,7249
4,1980
4,8529
4,0059
4,8452
3,8906
9,4985
4,3053
3,8618
3,7876
8,8934
9,5674
5,0653
4,0354
4,4827
4,1441
9,6083
4,2014
4,1221
4,3593
4,0956
9,3424
4,2841
9,0464
4,3239
9,2479
4,8846
3,7277
4,2614
9,4971
4,4487
9,0300
9,7719
9,3047
9,1663
9,6941
4,1492
4,0965
3,9309
4,0050
9,3843
4,3591
4,0603
4,1901
9,6261
3,7553
4,1299
9,0791
4,1326
9,6487
4,1155
10,0741
8,9492
9,0488
4,3010
9,7162
4,4612
4,0351
4,8354
4,4506
9,3501
9,4777
4,2481
3,4558
3,7291
3,5453
9,6829
9,3140
9,2612
3,9899
9,6061
9,6023
4,3878
9,4853
9,6040
4,4437
4,2706
4,7884
9,8494
9,1601
3,6938
4,5328
4,8885
8,8620
9,1063
4,2841
9,4249
9,3110
3,7213
9,2640
3,9519
4,4490
4,1445
4,1038
9,8517
9,7667
4,5584
4,3003
9,1474
8,9871
4,1728
9,2376
9,5500
9,5881
9,5114
9,5448
4,1617
8,5513
4,2517
4,6564
4,4734
4,6790
3,8307
9,6262
9,0927
4,1416
4,7232
3,7606
9,5414
9,6579
9,4946
9,2010
8,9060
3,9895
4,4535
9,3780
4,2633
9,0784
4,2753
4,3199
4,3777
4,5102
4,3338
4,6660
9,3599
4,3682
10,0700
3,8259
9,8492
4,1252
8,9104
8,9820
9,8919
9,7466
9,5182
4,4229
9,2418
9,5197
8,9253
4,1124
8,5192
9,6732
4,5825
4,5527
4,2627
9,5778
9,0661
8,9499
3,9948
9,5634
9,4858
9,5009
9,2366
4,0613
9,5039
4,7452
4,3575
9,8494
4,4564
4,4466
4,5038
9,6489
3,9159
4,0283
4,2456
4,5514
4,5062
9,2039
9,4323
9,5332
9,7099
9,8790
4,9657
9,2948
9,8713
9,6602
4,2756
10,2941
9,1200
4,8388
4,1845
9,8853
9,0193
9,6336
4,0649
4,7383
9,7712
9,1277
3,8520
3,9826
4,0195
4,7228
4,9101
4,3225
3,9847
4,6864
4,0504
9,4561
9,2455
4,5840
4,6803
3,9036
9,5284
4,6435
3,8951
4,3362
4,1478
9,5889
8,8170
9,3160
4,2556
4,4350
4,3080
9,5477
9,1056
4,1315
9,4029
9,3044
3,9455
4,2359
3,7532
3,9921
4,3026
9,3726
9,6973
4,3161
9,7094
5,2175
5,0267
4,5389
4,2595
4,7318
9,5072
10,1941
4,4087
9,7406
4,1083
9,1959
3,8503
8,6877
8,9259
4,4835
8,8013
9,1236
9,0749
9,1932
9,3803
9,3938
9,2183
4,6522
4,3535
4,3345
4,7717
3,9347
4,3081
4,3844
9,1427
4,3171
4,3271
9,2240
4,1809
3,9152
3,7261
4,6438
9,1487
9,2139
4,0011
4,3226
9,8099
9,4303
9,0643
9,5363
9,5663
9,5633
8,9345
4,3680
4,0491
4,6866
9,8436
4,4148
4,7892
9,6553
9,1286
4,6505
9,5418
4,8005
4,2361
4,9859
4,0490
3,8543
9,7310
4,4743
9,3598
4,4279
4,1306
4,2538
4,5588
4,6572
8,9602
4,8840
4,6164
4,2806
4,2187
4,4696
4,0875
9,1852
4,3185
4,1856
9,7759
4,7823
9,5094
4,1203
4,6297
9,1710
3,9607
9,5081
4,4514
4,4557
3,9037
4,2940
8,9684
3,8318
4,0941
3,8822
4,8729
4,4954
4,1274
3,6588
4,4755
8,7085
4,0828
4,0332
4,9400
4,4333
9,6512
9,6835
9,7130
10,1136
4,2654
9,3126
4,0603
4,0951
9,5529
9,3999
4,4845
4,3838
4,6972
4,0497
9,3911
3,7448
4,4585
3,9304
3,8033
3,9183
9,4559
9,2242
4,7606
9,2197
3,6547
4,2773
4,2679
9,4412
3,9703
9,5202
4,1361
4,6556
4,4353
9,5213
4,4682
9,7410
4,7285
4,2689
4,8438
3,8163
9,0976
10,1638
4,6445
3,9048
4,2049
4,7267
9,8152
4,3807
4,8380
4,3440
4,7486
4,4666
9,7023
3,9701
4,6435
4,1727
4,3276
9,5410
4,7182
9,5156
9,4758
4,2552
4,0724
9,1548
9,4049
9,0791
9,2722
3,8998
8,9465
4,7003
4,2180
4,0656
9,3046
9,3381
9,2542
4,4890
4,9677
3,9384
10,1236
4,0213
4,0690
9,1702
3,5902
4,0945
8,8331
4,3122
9,3262
4,1442
9,8433
9,6715
9,1170
9,5223
4,1579
3,9764
9,1589
9,3625
4,7272
9,1013
4,5961
9,5605
3,8796
4,4075
3,8987
9,3072
4,0544
4,6245
9,6116
4,2892
9,3563
9,8463
9,3649
9,7473
9,8996
4,4310
3,9162
9,5052
9,3911
9,5795
4,3045
4,0440
4,8235
9,2508
3,5889
9,3811
9,2755
4,2225
9,3654
9,3093
3,6123
4,5473
4,3630
9,6254
4,4912
9,4620
9,5474
4,8567
4,1818
3,9103
9,6123
9,5373
9,2341
9,1245
9,4923
9,2698
4,0073
9,6716
4,2650
3,9236
9,2933
3,5781
4,0695
9,2660
9,2038
5,0247
9,8334
4,7090
9,7290
4,1843
4,1150
9,5980
4,2779
9,6714
9,9536
9,5960
4,9854
3,6742
9,1878
3,9707
9,4471
3,8372
4,6625
4,7707
4,1943
4,4655
9,6893
4,2260
8,8871
9,3848
4,0674
4,5079
4,2582
4,7316
3,8198
9,7330
9,1893
4,1745
3,7361
9,8500
9,7247
4,6392
9,3751
9,8126
3,7490
3,7125
4,2281
9,4070
9,6979
3,9392
8,9776
4,2642
9,9044
4,3547
9,8886
9,2002
9,1450
4,5131
4,3529
4,1875
9,2661
4,2727
9,3782
3,4770
9,5347
4,5111
4,3756
4,5899
9,4036
9,7335
4,0925
9,0655
9,1225
9,6600
4,4284
3,9551
9,1144
3,7051
4,4388
4,8189
4,3049
9,3499
9,2351
9,3614
3,9759
9,3980
3,8349
9,3726
9,1379
9,8835
9,6161
9,5167
3,9519
9,1872
9,5536
4,2367
9,4005
8,8889
9,2746
3,7416
3,4878
8,8204
4,4254
4,1215
9,9348
9,7692
4,5893
9,3407
4,1008
8,8325
4,3100
4,3527
9,2578
4,0418
4,1729
9,9352
4,6663
9,7027
4,1793
9,1974
4,8426
9,4385
8,4855
9,0710
9,3786
4,2750
3,9500
4,7141
4,6195
4,8198
4,0453
4,0802
9,0486
4,3189
9,2834
4,9826
9,6155
4,6503
4,3493
9,1706
4,2780
4,4969
9,8980
4,4355
4,5329
3,8402
4,6166
9,2731
9,1082
4,5208
4,3634
4,1991
9,4043
9,5763
3,8767
9,2797
8,9747
9,2819
4,3893
4,6556
9,5480
5,0065
9,3423
3,9718
4,0943
4,2545
3,8782
9,6483
4,2930
4,3324
5,0159
9,5328
9,4225
9,0555
4,5180
4,4282
10,1238
9,2836
4,5007
4,3958
4,2499
9,2365
4,3419
8,9383
4,0640
9,1850
4,2551
4,4533
4,3313
9,1919
9,8260
4,5441
8,9614
10,2125
4,2584
4,3050
4,1141
4,4224
9,5465
4,4119
9,8691
4,6921
4,9466
9,1835
4,3917
4,2777
4,2226
9,0981
9,1387
3,9005
4,4525
9,2999
8,8778
4,2609
9,2641
4,4222
4,3007
3,6571
3,8482
3,8132
4,1987
8,7795
4,2017
9,2514
9,1586
10,0829
4,5813
3,9671
9,3199
9,1096
9,5619
5,2979
4,3324
4,5637
4,0149
9,3784
3,9760
9,3036
4,0141
4,3389
9,6203
9,3603
4,2425
9,5775
9,2658
9,8505
9,9893
9,7132
9,2222
9,8430
9,3383
9,0041
4,1745
4,0349
4,0926
9,2106
9,3182
9,6610
5,0325
4,4443
4,3804
3,6433
9,5765
9,4627
9,5443
4,6662
9,9322
3,9106
9,2296
3,9178
5,1381
4,4694
9,2686
9,4338
4,3741
9,3584
4,1482
4,3865
9,3957
4,3239
4,8425
4,0504
9,1080
9,2083
9,0368
9,5041
9,1991
9,8793
4,6269
4,4695
4,5385
3,9144
3,8987
9,3623
4,0943
4,0576
9,1021
4,6641
4,4323
4,6085
3,9774
9,5727
4,0184
4,5957
4,3877
4,1341
10,1317
9,2924
4,9678
9,4630
9,3397
9,6002
9,6055
9,8310
9,4174
9,5235
9,0912
9,3155
4,5400
4,3353
4,6274
8,9985
3,8826
4,1443
9,0495
4,2699
9,2640
9,1767
4,7881
9,3918
9,3744
9,3691
9,6227
9,9754
4,2960
9,5578
9,0651
4,4223
4,4619
9,8902
4,1611
9,6570
3,8739
9,3144
9,6586
3,1892
4,1737
4,0842
9,7397
5,3051
9,4054
4,5555
10,3853
4,3958
3,8246
8,9712
9,8318
4,4013
9,9244
4,4840
4,1904
8,8371
8,7917
4,2133
9,1310
10,0734
9,5407
4,0401
9,4841
9,2890
4,2116
9,6743
3,9534
9,2051
4,8166
4,6027
4,6940
9,4908
4,2263
4,3245
4,0638
4,0282
9,5370
9,5897
3,8518
9,1475
4,5181
5,1291
3,6329
5,0293
4,5261
10,1018
9,7914
4,6772
4,4447
9,1475
4,1951
4,1936
9,0848
4,5422
4,3041
9,5056
4,3001
4,7935
9,7468
9,4510
9,3218
9,6282
4,4209
4,5018
3,8200
9,1837
4,0905
9,7567
9,1184
5,0697
4,4305
9,5883
4,7188
3,8228
4,7042
4,2490
4,7399
9,1955
3,6416
4,2621
8,9548
4,4324
9,4524
4,3361
4,3041
4,3088
9,7371
4,0094
9,1394
4,7839
4,8843
3,4590
4,3877
3,8146
4,1383
4,0310
5,0340
3,4826
4,4629
4,1553
3,6877
4,5266
3,8287
3,6749
4,4100
4,1725
9,6542
9,5263
4,1205
9,1062
4,4229
4,3067
4,6766
4,0278
8,9573
4,1695
4,7426
4,3457
9,2326
9,3425
9,5446
8,9085
9,1203
8,8256
4,1172
9,6831
9,4981
9,3573
4,2874
9,8489
3,5460
9,3452
4,6730
9,1452
9,8303
9,7589
4,2943
9,6115
4,2737
9,1341
9,2649
8,9869
3,9724
9,4068
9,3052
4,2914
4,7889
8,9858
8,9634
9,2520
9,3485
3,8851
9,2692
4,6979
9,2876
4,3669
9,2695
9,4741
4,4978
4,7590
9,3543
9,1702
4,4348
4,5963
3,9768
9,7412
4,0352
9,6711
9,6330
4,9303
4,0859
4,7174
9,4266
9,6569
4,6647
9,4804
4,4399
8,9150
8,9651
4,5418
8,9786
4,3458
4,3330
4,1867
9,2023
4,1468
4,0693
4,4267
4,6583
4,0552
4,6856
4,3871
9,2890
3,6998
4,0762
4,3793
9,5898
9,9074
9,1117
4,3474
9,8159
4,2866
4,5726
4,4497
9,4172
4,1341
4,3662
4,2547
9,7897
4,4081
4,3197
4,5080
3,9100
4,6067
9,1718
4,1441
4,5393
4,4528
9,4890
5,0672
9,3751
9,3836
4,3112
9,9879
3,7936
9,1700
4,2795
3,7287
9,0884
4,0370
3,8214
9,4833
9,5504
3,4071
9,3501
4,5212
4,9097
4,0700
4,4420
9,6298
9,3181
4,9947
4,2192
9,1177
4,1423
9,3603
4,0795
9,0551
9,2086
9,1296
4,5796
9,3965
4,0623
4,9074
9,3726
4,2250
9,2548
4,1212
9,0431
4,2115
9,1204
10,0422
3,6979
3,7944
9,3882
4,2060
4,5594
8,7594
9,8908
9,6730
3,9897
3,7557
4,1820
9,3965
9,7192
9,5585
9,0520
9,3755
4,1618
9,2129
9,6066
3,8376
4,1405
4,1101
9,6799
9,7816
9,2017
4,1321
4,0538
4,3997
4,1891
9,3772
4,3479
8,9028
4,2179
4,3515
3,8669
4,7428
4,3435
4,2573
9,6228
9,5787
4,5999
4,4122
4,4297
9,1502
4,3003
8,9701
4,9924
4,4575
9,8931
4,4803
4,9931
4,4001
8,8756
8,9841
9,3267
4,7524
4,4230
9,0428
4,4588
4,7025
4,4250
3,9256
9,2652
8,9836
4,2295
9,6185
4,1152
9,8865
4,6245
9,0153
9,4117
4,3947
9,4150
9,3314
3,9550
4,5289
4,7237
8,5840
4,1969
9,4190
9,7810
9,7931
4,3185
4,3017
9,3040
4,2012
9,1640
4,9191
4,4467
4,1472
4,2320
4,2777
9,1503
4,5274
4,5873
4,6915
9,2272
9,0500
9,8191
9,3375
9,8385
4,2381
9,6284
8,8298
9,9349
8,9162
4,2958
9,5864
3,3825
9,2305
9,1290
4,0493
4,3642
9,5582
3,8707
4,3097
4,2674
4,9440
4,5553
9,5930
4,4530
3,9920
4,4452
4,4155
4,4233
4,6899
4,8814
3,9922
4,1393
9,5710
4,5160
3,7598
4,3349
9,1374
3,8415
9,3659
9,1470
9,1999
9,0579
4,3821
9,3070
4,1151
9,5446
8,9504
9,1185
3,9324
9,9214
9,6038
4,3658
8,9116
9,2107
4,2764
9,1035
9,1855
9,5462
9,5959
9,0125
4,5782
4,6060
9,0094
4,2112
4,0856
4,3853
9,1271
9,5609
9,6168
4,2117
4,5825
9,4279
4,5168
4,6793
4,6050
4,5245
9,5145
9,3595
4,5187
9,7881
9,2552
9,5077
4,3426
8,6801
9,5190
4,5018
4,0031
4,5452
3,8958
9,0754
4,3439
4,7021
4,5236
9,5995
3,9844
4,1617
4,0778
4,3104
4,4607
3,7989
4,0704
9,6759
4,7053
4,2135
4,1813
9,0743
4,0692
9,3389
4,5007
4,0259
4,5224
9,3067
9,2344
4,8947
4,4434
9,6714
5,2331
9,7845
9,2875
4,0583
9,4743
9,4520
4,5146
9,0595
3,9944
4,5264
4,2948
9,2420
9,5167
9,1679
9,2270
4,5784
4,2610
9,2147
4,2257
4,2380
9,5475
4,1587
4,1094
4,6643
9,1703
8,9873
9,2876
9,6792
9,4478
8,6182
4,9022
3,6807
10,0117
4,0411
4,3587
4,3108
4,1612
4,3001
9,4225
4,5134
4,0250
4,4868
9,0301
9,7801
9,3238
9,3253
9,5409
9,3253
4,7857
9,2865
4,0587
4,6258
9,5943
9,5446
4,3421
9,3110
4,8037
9,8418
4,6603
3,9912
4,5200
4,1791
4,7628
9,5688
4,5315
9,3873
4,3454
9,6264
4,6280
3,9204
9,7211
9,8327
4,5460
9,2222
4,2045
9,4714
4,0886
4,8074
9,5180
9,2557
4,1094
3,7486
9,5458
4,3642
4,5762
4,5249
3,9305
9,3750
4,1413
9,2140
3,8059
9,3456
9,0681
4,2502
4,5542
4,5523
8,9714
4,2578
9,4946
4,0068
8,8094
8,8947
9,4542
4,4836
9,4600
4,6500
9,4322
8,8834
9,4904
4,2851
4,0496
9,7247
4,6110
9,8491
4,3273
4,2690
9,4879
9,2345
4,1578
4,5339
3,7358
9,5663
3,9568
9,3613
9,1803
4,1072
4,5069
3,8358
9,4970
4,7469
4,4472
4,5513
9,2871
9,3814
4,1527
9,4742
8,8354
8,4784
4,1771
4,4506
4,4740
8,6446
9,7475
9,1461
4,0885
4,5178
4,0203
9,3506
4,8845
4,4152
4,8117
9,9231
9,4481
9,3348
4,4103
4,4154
4,2451
9,6318
4,3425
10,0590
9,2582
9,3602
9,6471
9,3928
9,2152
9,3709
9,1329
4,1571
4,7655
4,3244
4,8655
4,6076
9,6489
9,7855
4,6066
4,2088
9,5331
9,4487
4,2083
4,5508
5,0560
9,4015
4,5171
4,3982
4,5478
4,4218
9,4311
4,1250
9,5808
4,2354
9,3210
9,4384
9,4632
4,6059
4,6422
9,5410
4,4990
9,4761
4,3772
9,3754
9,2505
4,5342
9,2281
9,2116
4,1224
9,6460
9,5989
9,4245
3,7957
9,2012
8,6191
9,8117
3,7667
9,8546
3,9763
4,2875
4,0657
9,0730
4,3970
4,1669
4,3714
4,1784
4,2197
9,2741
4,0276
4,2470
4,4966
8,9440
4,2361
4,0935
9,9557
4,3686
4,0385
3,9774
4,3998
9,4936
4,1645
9,6595
5,0383
8,7601
4,0167
9,6806
9,4403
9,5242
9,5371
4,2580
9,1086
4,2889
9,5391
4,5974
9,2851
9,3342
3,9177
8,5340
9,3510
4,2673
9,4829
3,8622
4,7809
9,9760
4,7872
4,0204
4,7326
4,3901
4,3637
4,7084
3,8916
3,9158
9,5294
9,2820
4,0208
4,4709
4,1184
9,2559
4,9223
4,0955
3,9362
4,2296
4,4449
4,7126
4,0024
9,6846
9,3487
4,1294
3,9445
4,1714
8,9562
4,0106
10,2219
9,2169
4,3064
8,9594
4,1346
8,7849
4,6370
9,7076
4,1896
4,6188
4,2054
9,2347
8,8098
8,8073
4,3548
4,4496
9,5707
4,5300
9,5212
4,0038
9,3798
4,5317
4,3611
9,6489
9,4253
3,1372
4,2689
4,6576
9,6089
3,8417
4,6047
8,8943
9,5234
4,5886
4,4296
4,9686
9,1709
4,1608
9,0152
9,4664
4,6034
9,3837
3,7641
9,5038
3,4894
4,6443
9,2501
9,4929
8,9602
4,5024
4,3469
9,6350
4,1788
4,1987
4,1922
9,3589
5,1333
4,1548
3,6899
4,3185
4,7244
9,8310
8,9427
4,1478
4,9166
5,0706
4,0495
10,1656
4,5044
4,8381
9,6130
9,4042
9,5297
9,6556
4,2942
4,3619
4,1191
4,3763
9,4089
9,4840
3,5597
9,5017
9,3531
9,6004
9,7997
9,2181
9,7613
3,9568
4,8043
4,1842
4,3509
9,5289
9,6175
9,4814
4,7058
9,1415
9,3301
9,3369
4,5341
4,0120
4,6085
8,9024
4,7784
4,2311
4,9173
9,6559
4,6621
9,8429
4,9758
4,3756
9,7556
4,7206
4,5405
3,5652
4,2344
3,9059
3,7534
4,0881
9,3432
4,3473
4,2663
9,8865
4,4469
4,1490
4,6941
4,5417
9,5326
3,8160
9,0270
9,6760
9,8983
4,2215
9,2370
3,9939
4,3329
4,4360
8,9010
9,7204
4,2747
3,4317
4,5210
8,7625
8,7257
4,1422
3,9238
9,6707
4,0274
9,2288
9,3587
4,2940
4,3867
9,4833
9,4657
9,3965
9,2808
4,5085
3,2863
4,0407
4,5851
8,8723
4,5507
4,2522
4,0343
9,3374
3,7932
4,9202
9,4018
9,1472
4,3106
3,7939
3,8095
9,3624
9,6969
3,4497
9,1910
9,3700
4,1370
4,1982
9,3683
8,6994
5,1312
4,5158
4,8784
4,0949
9,3884
4,9526
4,7056
8,9780
3,8012
4,6015
8,9066
8,9183
3,7515
4,6572
9,5504
4,2097
4,3519
4,2080
9,6425
3,8232
9,2442
4,3816
9,8110
4,2861
3,9680
4,6937
4,2147
9,5074
4,1750
4,1830
9,2617
9,5690
9,7570
3,7865
8,9132
4,6587
9,4160
4,2028
4,8132
4,2878
3,7511
9,6027
9,3328
4,0369
4,5877
9,1757
4,4941
8,9644
9,3307
9,2383
3,9048
4,4641
9,6418
4,2201
4,3455
9,5501
8,9584
9,3747
9,5155
4,7841
4,1907
9,5257
4,2708
4,7253
9,5483
4,3019
4,2140
9,3239
9,3101
4,6656
9,9334
3,9550
9,7939
9,4986
9,5751
4,6002
4,3942
9,1446
9,7556
9,5050
4,6860
4,7731
4,5257
4,1239
4,7474
4,6560
9,1589
9,8448
4,4834
4,5248
3,6941
4,5621
8,9937
9,4669
9,5732
3,9794
9,1745
4,7464
4,4805
3,4754
9,5437
4,0664
5,2995
4,4814
4,3730
4,8264
9,1780
9,2189
4,2704
4,2208
4,7344
4,1909
4,1046
9,0213
3,8358
4,8112
9,2049
9,1646
9,2875
9,3828
4,4298
4,2823
9,5216
9,1445
9,4690
8,9421
9,5785
4,6288
9,5985
9,4180
9,1865
9,3473
9,5038
3,8612
5,3291
9,1528
4,8951
4,5005
4,2924
4,0514
4,2476
9,5828
4,2334
9,5554
8,9374
3,7258
4,2545
9,5293
4,5260
4,1111
4,1066
4,5876
3,6750
9,6818
4,1116
4,1316
4,2755
4,9667
9,2117
4,3367
3,9781
4,4921
9,4805
4,3006
4,2758
9,2438
9,0539
4,6217
4,0073
8,7910
9,4377
4,3887
3,6857
4,2602
9,7929
9,1591
9,3352
4,5175
8,9857
9,6723
9,9340
3,6538
4,5770
3,5557
9,2285
9,4548
9,7805
9,3773
4,3062
4,0790
4,2070
4,2953
8,8921
9,2624
9,7368
4,4508
4,3511
3,5413
4,3855
9,1000
3,7933
4,5547
9,6960
9,3829
4,2365
4,2523
9,7180
9,5036
4,0609
4,1180
3,8986
4,7668
4,1096
4,3583
9,0697
4,5945
9,3757
4,5751
4,6016
9,1351
9,3982
9,4125
4,5534
3,5602
9,1760
3,9439
9,6000
4,3726
9,6287
4,4905
9,3889
4,6219
3,9169
5,1394
9,2360
9,9959
8,7863
8,9104
9,4860
9,5074
9,0923
8,9508
8,8645
9,3866
3,7248
9,2148
3,5046
4,3095
4,0601
9,4048
9,2972
9,2848
4,6137
4,5687
4,4057
4,0938
9,3769
4,5616
4,7941
9,3676
4,4055
9,2201
9,2696
9,0426
9,3628
4,6977
3,8756
4,7687
4,8211
4,2950
4,6222
8,9900
4,2771
10,0350
9,4224
9,6459
9,4761
9,6133
9,4141
4,6810
4,4042
9,3724
4,2338
9,1196
3,9797
4,3493
8,9218
9,3874
4,6296
4,9460
8,9229
4,1713
4,0215
3,9731
4,6166
4,5075
4,4337
4,1652
3,8699
9,5851
4,1016
9,4657
9,3147
4,1986
9,4986
9,6237
9,4440
9,0851
4,2035
4,1689
4,6962
5,0234
4,5389
3,7620
8,8376
9,5831
9,4486
9,3075
4,4159
8,8858
9,0383
9,6817
3,7785
9,1924
9,3345
4,0038
3,8126
4,3721
4,5426
4,5213
9,6219
9,6860
4,1496
9,5489
9,5796
9,7376
3,7603
3,7099
4,0927
9,3967
9,0903
4,4426
3,8252
9,9623
4,1058
4,1125
4,5236
9,1827
8,8786
4,1125
9,2655
9,2703
4,0674
9,4864
9,5880
9,9101
3,5048
4,4869
4,6647
9,4189
4,3024
9,3882
9,4162
9,1304
4,0506
3,7944
9,4852
9,1642
4,0071
9,9185
9,1334
9,4750
9,4939
9,9168
9,1771
9,6930
9,0373
9,8443
3,7921
8,9516
4,4748
9,3837
9,6386
9,5650
4,5141
9,8536
9,2682
4,2769
3,9403
4,5763
4,5053
9,3710
9,5663
9,9948
9,3824
8,7814
4,1226
4,3316
9,4654
9,6437
4,5703
3,9895
4,4255
4,8207
9,1760
9,0870
4,4907
4,2223
3,5698
4,3242
9,2820
4,8534
3,9896
4,5311
4,3113
5,0041
4,3756
9,2377
3,8024
4,0006
10,0586
9,2942
3,9109
9,4235
9,2147
9,6991
9,6917
9,2782
9,4734
9,5756
4,0627
9,3602
9,2119
4,3669
4,8196
8,9568
4,5937
9,8859
4,1221
3,8952
9,4950
9,3274
4,8642
4,3761
9,9684
4,2490
9,5378
3,9606
8,6662
4,1806
4,9741
4,1605
8,8705
9,2374
4,4077
4,5280
4,6383
9,4148
4,9311
4,5996
4,2035
9,3819
9,6075
4,0418
4,6049
9,5415
9,2088
3,8604
8,6900
3,8188
9,3795
4,1107
9,7652
9,2519
3,9810
9,8335
4,0697
4,0928
9,3523
9,1801
4,2153
9,4412
4,1650
4,6218
9,0993
3,9569
9,7529
4,7437
4,2156
9,7227
3,6676
9,5160
4,0913
3,9572
9,4693
9,9474
4,0480
4,6532
9,1126
9,2126
8,8891
9,2618
9,6387
3,8027
4,5472
4,7703
4,1419
3,8524
9,3564
4,5417
4,0635
4,2290
9,1456
9,9569
9,7010
4,1702
4,5219
4,0589
9,5337
9,4628
9,6044
9,5327
4,5808
4,8740
4,2369
4,2617
9,2560
8,9050
4,4792
8,8764
9,5980
4,6298
9,4950
4,6772
4,1929
9,3954
8,9268
4,3288
3,9116
4,8500
4,1204
9,5613
4,6668
9,8155
3,3786
5,0049
4,0708
3,9982
9,7543
4,3367
3,9883
4,7815
9,4725
9,4449
5,0155
3,7752
4,1325
4,1561
9,2913
4,1315
9,7026
3,9583
4,4016
9,5341
4,6706
4,4874
4,1450
3,7442
4,2072
9,4511
9,5015
9,5983
4,3485
8,4323
4,9468
4,6547
4,1761
9,0405
4,5815
4,1857
4,2326
9,2343
4,2683
9,4747
9,8310
9,2407
4,0630
4,2792
4,5129
3,7947
3,9454
4,0051
4,3705
9,3876
3,5373
4,3863
9,3365
4,4140
4,4484
9,8085
4,6067
9,4071
9,2609
9,5639
4,1231
9,6105
9,6752
4,7070
4,2420
3,6121
4,5371
9,2436
9,3703
9,3440
4,2002
4,2508
4,5116
3,0932
9,5412
4,4778
4,4693
3,9092
9,1686
9,4517
9,3997
9,7251
4,5243
9,4606
4,6361
9,3764
4,0528
3,6195
4,3496
8,9302
3,5513
9,4240
4,4835
4,1941
9,3551
8,8173
9,2497
9,2517
4,6054
4,5125
4,5316
9,2170
3,9336
4,6562
9,4307
4,7563
9,3764
4,2689
4,5264
3,7914
4,1102
4,3448
3,6801
4,6245
4,6109
4,0496
4,0846
9,0861
9,3147
9,4441
9,3751
4,0792
4,2349
9,4723
4,6436
4,1265
9,6121
9,1510
3,9713
9,6576
4,1965
9,8568
4,1020
8,7687
4,1375
9,6583
9,1332
9,8380
9,2567
4,0016
9,6480
4,4377
9,4379
4,2691
4,3110
4,2799
8,7913
4,8548
4,4048
9,0646
9,4127
4,7083
9,5241
9,3681
9,7280
3,5889
4,3205
9,5057
9,7028
10,1186
4,1999
9,8027
9,7601
9,2320
4,3722
4,3451
9,4837
4,3179
4,3626
3,8818
4,3924
9,2271
9,7510
4,7817
9,2058
3,9874
9,0464
9,3353
10,0163
9,6104
9,6293
9,2659
4,4307
8,6853
9,3266
9,0413
3,8161
10,3231
4,0274
4,8560
4,2578
9,4917
9,4784
9,1677
9,5499
4,3606
3,9973
4,8268
4,3670
4,6759
4,3047
4,0171
4,7091
4,1897
5,2217
9,3758
8,9686
4,8041
4,4185
9,6791
9,2658
3,7753
4,8501
4,4130
4,6547
3,9979
4,6213
4,5518
4,3885
3,8999
9,0935
4,4300
4,6479
4,4648
9,4408
9,0449
9,4494
9,0133
4,3077
3,8160
9,3586
9,3118
8,9437
4,3521
4,3123
3,9133
4,7969
8,9047
3,9077
8,9866
9,2468
4,2454
9,1550
4,2640
4,0262
9,5597
9,3319
9,5106
4,4836
4,4402
4,0381
4,5049
9,3941
9,8015
4,5408
9,5903
4,8228
9,5059
4,7417
3,7441
8,8109
4,6884
9,4546
4,3325
9,5684
4,2614
4,2158
9,3143
9,3875
9,2575
4,5018
4,4481
4,0616
9,7362
4,0487
4,9056
4,0496
8,9393
9,7945
3,7081
9,2783
10,2799
9,3911
9,3898
9,3469
9,3198
9,0990
3,9775
4,1982
9,1266
8,9656
9,2524
3,8872
9,3096
8,9022
10,0017
4,4124
4,5337
4,2899
9,9374
9,4407
4,5487
9,3014
9,4513
8,7591
9,1295
9,5071
9,4481
9,8603
9,6792
9,3688
8,7804
4,8977
4,1888
9,1402
9,8601
9,4579
4,2285
4,2564
3,8984
4,5401
9,4635
8,9692
4,6979
4,9215
3,8087
4,0813
9,1551
9,6635
4,6480
3,8709
9,3790
3,8955
9,1350
4,4089
4,2988
4,4825
9,4235
4,2837
9,2946
4,1398
9,5012
4,1156
4,4205
9,5559
4,3649
4,4113
4,1649
4,3821
9,1379
9,8347
4,4419
4,0110
4,6084
9,1708
4,2711
3,9922
9,2914
9,5565
9,6366
9,7580
9,1256
9,4505
3,9499
9,3557
9,4440
4,2211
3,9242
4,4772
4,2712
4,2181
4,5997
9,1697
3,8909
9,0323
9,3986
9,4932
9,4537
3,9507
4,4925
9,2983
9,4551
4,5332
9,7836
4,7324
3,5834
9,2408
9,7002
9,3742
4,7761
9,2024
3,8047
4,4120
9,4298
9,6851
9,6840
9,2413
4,7661
4,9495
9,4765
9,6658
4,0938
4,0559
5,0065
4,9986
3,8959
9,1706
9,9076
8,9991
9,4534
4,3511
9,5003
9,3982
9,1672
4,1434
9,6549
9,6190
4,2327
9,1798
3,7609
3,9914
9,1103
9,8504
9,9124
9,8341
4,6726
4,2074
9,5170
9,7193
3,8349
4,2207
9,6652
4,4937
9,4206
3,8795
9,0878
4,3053
9,9946
4,9898
8,8837
9,3949
4,1155
9,7100
9,0465
9,0814
4,7398
9,3829
9,7333
4,3522
4,6204
4,1971
4,4162
4,6331
9,1790
8,9227
3,9053
4,1855
4,2310
9,4169
3,9969
3,9100
4,2488
9,5138
4,4174
4,0745
4,1831
3,5097
9,6614
4,1537
9,5854
4,0144
9,6304
8,8430
9,5407
4,0632
9,0566
4,2884
4,3136
4,4033
9,4967
9,3429
10,2005
3,9657
9,3669
3,7349
4,3238
8,9380
8,7854
4,1822
9,2486
4,2829
4,9460
4,2214
4,1826
9,2132
4,5244
4,2962
9,3275
9,4713
4,3270
4,2313
3,7722
4,4838
4,3472
4,6446
10,1271
9,0802
9,6187
4,1584
3,6814
3,9941
9,0295
9,4438
4,1123
9,2529
9,4863
4,6818
4,4373
4,1661
4,1035
5,0658
8,9205
9,8972
4,4182
4,2389
9,4166
9,5860
4,2430
4,6713
4,2139
9,5265
9,4557
8,8332
4,0414
9,1690
4,6516
9,2091
8,9872
4,1652
9,5141
9,5716
4,5221
9,6025
9,2002
4,2865
3,8194
9,1013
4,3468
4,0249
9,0610
8,8787
4,1883
9,7734
4,7185
3,6649
9,7963
9,2532
4,4107
4,9978
9,0048
9,3325
3,9625
4,3163
4,1861
9,5002
4,3871
4,1731
9,5018
4,8634
9,3682
4,3159
4,6267
9,3299
3,8817
9,7822
9,4892
3,8790
3,3630
8,7450
9,0559
4,8524
4,8143
4,3366
4,0896
9,3385
4,4441
4,5324
4,5363
4,8813
8,8611
4,0132
4,2524
4,4263
4,3492
3,6943
4,8644
4,3844
4,2307
9,1229
4,4165
4,1983
4,2461
4,4866
4,8305
4,8235
8,6445
9,3154
4,4282
4,6328
3,7874
3,6380
5,6926
4,4437
4,3731
4,1854
4,4422
8,9700
9,5734
9,6299
9,4859
8,8487
4,1160
9,7824
4,7242
4,0442
2,9911
4,6030
3,7920
4,0089
8,9962
9,3666
4,6923
4,4196
9,5348
9,4126
9,5440
4,0348
3,9070
4,0701
9,2974
9,5203
4,2325
4,3690
3,8632
4,3449
9,4965
4,6558
3,9824
4,4328
4,5231
9,6178
5,0907
9,6367
9,4176
9,3003
4,0526
4,7241
9,2926
3,8625
4,1454
9,4484
3,7917
9,4967
9,0754
4,1466
9,4355
4,1721
8,6374
9,3756
4,2148
3,7791
5,0229
3,9858
10,1883
9,5904
9,4612
9,0744
5,2184
4,0663
9,3311
5,0143
4,7227
5,0259
4,4624
9,6507
4,4071
9,1436
4,3334
9,3598
9,0480
3,7138
4,5991
4,2396
9,2936
9,2909
9,2128
4,3574
8,9620
9,6290
9,8492
9,3731
4,1542
9,2049
9,2122
9,2909
9,6903
4,5322
9,6522
4,1194
9,8833
9,6846
4,1494
9,5119
4,2349
9,2892
4,3405
9,3299
4,3694
4,5283
3,9044
9,1052
9,7990
4,2763
3,9401
9,4550
4,6072
4,4369
4,9315
9,6454
9,5863
9,4148
9,3943
9,3586
3,4335
9,1653
4,1297
4,7383
8,7719
9,0599
9,3185
3,8118
4,6656
9,6819
9,1152
4,7781
4,3863
4,1421
9,0615
10,1316
3,7775
4,9140
4,4271
3,6937
9,4407
9,6266
3,6928
4,1418
4,2124
3,8594
9,1479
4,7298
4,3566
4,9183
9,1882
4,1956
4,2800
3,7439
4,4305
9,2626
9,3269
9,3405
4,5513
8,9383
4,8380
9,5466
9,3574
3,8474
9,3477
4,4119
8,8589
9,5617
4,5365
3,8210
4,6419
9,6838
4,8934
4,2639
8,6076
9,3310
8,6806
4,4092
9,8358
9,2655
4,7539
4,9959
9,7410
4,6978
9,2061
9,5747
9,4093
9,2442
3,9904
4,3626
4,7496
9,5615
9,8590
9,6715
4,0071
3,5456
4,6141
9,5916
9,2101
9,4373
4,8482
4,6408
4,1456
9,8445
4,4986
9,4962
9,3485
9,6660
4,0705
4,7614
4,5969
4,5703
9,5556
8,6386
4,2003
9,4602
9,8925
9,4740
3,8978
3,8214
4,7778
3,6504
9,9953
5,0278
9,4588
4,5060
4,5060
3,9111
4,3776
9,5222
4,3182
4,3732
4,7653
8,6959
4,7335
3,9541
3,9912
4,4530
4,3890
4,0733
9,7022
4,8552
4,3245
9,5386
4,2773
8,9109
4,4202
4,2382
4,8132
4,1206
9,2584
9,8075
3,4603
4,4104
9,1612
4,2898
9,8930
4,5469
9,1843
4,5166
4,4817
5,1543
9,3036
4,3757
3,8358
9,4583
8,7024
4,4807
8,7728
3,7681
4,7835
9,6110
4,2822
9,4389
9,8331
4,9549
4,1142
4,4510
4,2884
9,4253
9,6980
9,5859
9,5360
9,4299
4,9149
9,7584
8,9609
3,8240
9,3412
3,4960
4,6693
4,6802
4,2931
9,6045
4,0878
3,0855
3,8615
9,4310
9,2979
9,7644
3,8540
4,6308
4,2461
4,5548
4,1411
8,8108
3,9471
9,4924
9,9782
4,0540
9,2568
4,3409
4,5027
4,6782
4,1597
9,3069
4,0578
3,9691
9,2708
4,3372
4,0596
9,5944
3,5094
4,0592
9,0346
9,5520
4,5018
4,0565
4,7679
4,5769
4,7171
9,9752
9,7667
9,2480
3,8205
4,5217
3,7052
3,9753
9,0241
4,2334
4,1058
9,4556
9,6471
4,0866
4,3835
4,1267
9,6076
4,4974
9,4292
4,1670
4,4730
9,8032
9,5554
9,5283
10,1018
9,2915
9,1279
4,7236
9,0034
9,6362
9,2393
4,3887
9,3556
4,1743
9,3794
9,7750
3,8602
10,0955
3,8359
4,3916
9,6506
4,2811
9,0715
4,4043
4,3917
9,6426
4,2584
3,7854
4,2172
9,0614
4,2265
3,9677
4,3018
4,0386
4,3084
9,2426
4,1340
4,5080
9,4136
4,7667
9,2326
4,3935
9,7568
4,9010
4,2688
4,1147
9,1448
8,9092
3,9689
4,2960
9,2993
8,9566
9,8628
4,4949
9,1971
4,3688
9,8120
4,2822
9,3260
10,1482
9,2995
4,4557
3,6729
9,2409
9,7698
4,9394
3,7265
9,3615
9,5894
4,6244
9,5398
4,0306
4,8740
4,5552
3,8064
9,0519
4,2134
9,4629
4,6099
9,3160
3,9877
3,6241
4,5794
3,7719
4,3223
9,2674
9,4292
4,4524
9,4082
9,5411
3,9960
8,8483
3,9850
4,4494
4,2634
10,1352
4,5680
4,1394
9,8647
9,3349
4,6693
9,5786
4,4811
4,5403
4,0680
9,6626
9,8120
9,8536
9,0193
4,3038
9,5089
9,5317
3,8621
3,9977
9,3244
4,4895
9,2432
4,4654
4,4091
4,9203
9,0965
9,6553
4,6085
9,3220
5,1375
4,4298
4,6876
4,6681
9,5831
9,2523
9,8319
9,3460
9,2370
4,5963
8,9063
9,7663
3,7922
3,9658
4,4386
5,2052
3,7496
4,2684
9,3615
4,3275
3,9204
4,2583
3,6120
4,5103
9,4932
4,9227
4,2774
9,9415
4,0136
9,1580
4,2778
4,9804
4,6533
4,5245
4,2511
4,4303
4,3673
8,9663
4,1403
4,2980
4,1653
9,5335
4,2322
9,3592
4,8879
9,2177
9,7292
4,1692
5,2013
3,9680
9,2824
9,9363
9,5126
9,3120
4,2777
4,2763
9,2194
9,4645
4,6663
8,6150
4,4404
9,5866
3,8729
4,4725
4,6826
4,6173
9,5632
9,6162
9,6943
9,4018
4,7070
4,0160
9,5517
10,0897
4,0040
3,8791
9,4598
9,7150
4,1422
4,0415
9,2752
9,6213
5,0331
8,8817
5,3975
4,1955
9,9070
9,5580
9,8353
4,7813
3,5746
9,3790
4,9967
9,0433
3,5482
9,1887
4,8422
9,4960
4,5547
9,3819
4,1421
8,7700
9,4283
9,3711
9,5087
3,8885
4,4477
9,2316
9,4672
4,2584
9,6099
4,8525
4,2642
8,8667
4,8928
9,6018
9,4795
9,3435
4,4417
9,4112
4,0247
9,5071
9,1017
4,3587
9,4259
4,0078
10,0189
9,0956
4,2827
8,8680
3,8407
9,1632
4,6657
9,7590
3,8866
3,9000
4,3057
4,1613
9,5064
9,0253
5,0174
10,0992
3,6574
4,3189
9,3512
5,1862
9,0474
4,0820
3,6273
9,1574
9,6065
9,4585
9,2890
9,0369
9,6831
9,3908
3,6514
9,5987
4,4457
4,2868
9,5628
9,1387
9,0042
4,3501
9,5012
4,1487
4,1131
4,2444
8,9679
3,8198
9,0709
4,2928
4,8297
3,5981
4,3339
4,4822
4,1038
4,3358
4,2594
4,1473
9,4198
4,4504
9,3773
4,4266
4,6836
4,5520
9,0209
9,5345
4,9380
4,7514
9,1797
4,3770
9,0766
9,5025
9,3402
3,5597
4,3157
9,1297
9,1216
9,2389
4,0863
4,4080
4,8964
4,3548
3,9888
4,4880
9,8545
9,7358
8,8357
5,2360
9,7194
4,2674
4,1933
9,8499
4,0901
9,2868
4,3408
4,1866
8,9707
5,0871
9,6567
9,5233
4,3686
4,1792
9,1905
3,7484
4,8185
9,3641
9,3919
9,2796
9,5148
4,0613
4,7932
4,1735
4,3888
9,8528
8,9731
9,5014
4,3736
4,7882
4,2631
9,2764
8,9091
4,5076
4,5183
9,8301
4,5729
4,4285
4,4418
9,4180
9,4503
9,0811
4,5492
4,1682
9,9763
9,5507
9,8033
3,8619
4,2205
3,7989
4,1230
4,3333
9,3687
8,9861
9,3188
4,8336
9,3303
8,7620
9,4294
3,9649
8,9944
9,4766
4,7472
9,1316
9,1070
4,6082
9,0885
4,3907
4,2794
9,1279
3,8224
9,2482
8,7986
3,5386
4,0286
5,0996
9,0469
4,6885
9,6767
3,2533
9,5721
9,2524
3,7630
9,1576
9,0604
4,5281
4,1496
4,9290
3,6492
9,2161
4,0306
9,2150
9,7108
4,1702
4,1571
4,7429
4,7064
9,3973
4,3068
9,9495
9,4695
4,2000
5,0058
9,3037
9,3730
3,6593
9,4853
10,1428
9,7468
4,5754
3,9746
4,0291
9,3087
4,4447
4,8790
9,0243
9,4741
4,5156
4,1867
3,9367
9,1260
4,1113
9,6221
4,7454
9,5533
9,7116
9,0270
4,5467
4,2470
9,3289
4,4475
3,8634
4,6232
4,4700
4,2342
4,4376
3,8685
3,7794
9,2225
4,0656
4,0362
9,1632
8,8861
9,0045
9,0354
4,2432
9,8351
4,3270
9,7067
5,0767
8,9677
4,0342
4,6952
4,9263
3,9155
4,6299
4,0862
3,6579
9,7882
9,1681
4,9890
9,5322
4,2910
9,1925
4,2550
9,2377
4,2837
8,9985
4,1269
8,9147
8,8434
9,4085
9,5423
4,6095
4,5985
9,5376
9,3035
3,7630
4,1532
9,0878
9,3917
4,4171
4,0786
9,5183
9,1366
9,0918
4,3233
9,4429
9,5503
4,0412
9,4610
8,9183
9,4650
4,7973
4,2496
4,9125
4,2996
4,6310
4,5830
3,5379
4,4799
4,4614
4,1298
9,6427
9,3468
4,9291
3,7605
4,0866
9,5011
9,6033
9,6824
4,7431
9,5147
9,8258
9,4254
9,1777
9,7407
4,8784
4,4687
9,4378
4,1129
9,2035
9,8621
9,3914
4,4059
4,1197
4,1160
9,4293
4,2220
4,0658
9,5451
8,9264
9,1355
8,7454
3,8651
9,9071
4,2968
9,9267
9,8579
3,4536
9,1085
9,2571
4,2849
9,3593
9,8110
9,2069
9,0024
9,3569
9,5913
9,5076
8,7242
4,1272
4,0061
4,1613
4,2300
9,0251
9,1521
4,3467
4,3088
4,3007
9,1495
3,9711
8,8365
8,7896
9,0811
4,3438
9,8440
8,9873
9,1767
4,7218
9,4673
9,4285
8,7920
4,6904
9,8262
9,2689
3,4767
3,9440
9,8641
9,3979
4,3908
9,5387
5,2278
3,9023
3,7362
4,3521
9,9917
10,0784
9,2295
9,0492
9,4015
4,7855
4,2178
4,7577
9,7227
4,1157
10,3271
4,6246
4,0823
3,9964
4,4176
4,6640
9,7288
4,3214
9,3170
9,3934
9,5225
9,3819
9,1786
3,9358
4,7736
4,4682
4,4876
3,6794
4,4229
9,6068
4,6766
4,1530
4,5581
9,0223
4,0672
9,3171
4,5894
4,3687
9,3909
9,2599
4,0599
8,9877
8,6252
9,7574
9,7151
9,0794
9,5245
8,8414
8,6405
4,5849
9,1485
3,8297
9,2393
9,5675
4,7302
4,2286
4,1055
4,7005
3,8524
4,5351
4,7845
4,5154
4,2892
3,9382
9,0367
9,5874
9,2850
4,8149
9,5353
4,4459
9,0450
9,2216
9,7129
4,3591
3,9483
9,5652
9,6579
4,4829
3,9357
4,1349
3,2961
4,4461
9,2684
4,6056
8,7526
9,4071
4,6469
9,6832
9,7396
4,1008
9,5818
9,5438
4,1492
4,0973
4,4613
9,1843
4,2925
3,5258
5,0968
4,5110
9,3416
4,2855
9,7207
9,3303
3,9713
4,3899
9,6880
4,3015
9,7747
4,2846
4,0085
9,6812
3,9907
9,5230
4,1122
9,1671
4,0376
3,8977
4,0770
9,4372
4,8893
9,6886
9,8427
9,5209
4,4814
3,5259
10,1750
4,0890
4,3450
4,2353
9,1372
4,7553
9,5430
4,2270
3,9182
9,3642
3,8971
4,0647
8,7174
4,2007
4,3719
9,4580
9,6262
9,3316
9,3119
4,0763
4,7481
9,3288
9,5414
4,6301
5,0427
4,5497
3,4751
3,7787
3,9441
9,4637
4,2992
8,3073
3,9690
9,4402
4,0884
8,8836
4,4646
9,5707
8,9959
4,6940
4,6135
4,2579
8,7950
9,5267
4,5046
9,5269
3,8654
4,6107
9,8940
9,4697
4,6420
9,1402
9,3694
4,3036
4,4483
4,7084
4,0450
4,3942
3,6889
4,5154
4,0056
9,2434
9,5008
9,1087
9,3738
4,3296
4,4816
9,6840
4,0582
4,0918
9,2871
9,4002
8,8228
4,1984
3,9380
9,2243
3,8863
4,0773
8,9737
3,6810
3,9781
9,5490
9,0512
4,0791
4,5649
9,1323
4,2920
9,4550
4,1418
4,0895
9,2130
9,8241
9,0345
9,0578
3,9987
9,0350
9,7295
9,4512
9,2603
4,6123
9,2210
9,5782
4,9605
9,5175
4,9292
9,2118
4,8340
9,6223
4,1762
9,4246
9,2577
4,1020
9,7882
8,9850
4,6315
9,7848
3,4944
9,3774
9,4038
4,0629
4,0929
4,1110
3,6600
9,5646
4,7420
4,3853
3,8821
4,4349
4,1933
9,1745
9,3348
3,8901
4,0481
4,3529
9,5533
4,2530
3,4448
3,3623
4,6126
9,4103
4,0926
10,0164
4,6547
4,9938
10,2069
9,4076
9,0107
4,5433
4,2103
9,4190
4,0800
4,1375
9,6589
4,6446
9,4175
4,5048
9,5814
9,3190
9,0636
9,5576
4,7263
9,4592
9,0535
9,8921
3,6180
4,5471
3,9604
9,7812
4,7679
9,1883
3,5801
4,1021
4,5158
4,7421
8,9993
9,3319
9,4914
4,6402
4,3019
3,9306
4,1182
4,7788
9,5457
4,3975
4,4207
2,8932
4,5228
9,9044
4,4508
9,9966
9,5942
4,9929
4,5644
3,8968
9,5855
4,3257
4,8213
9,7947
4,8798
9,4957
4,2441
4,1513
3,8632
10,2221
9,5076
9,1822
9,5625
4,4720
4,5059
4,1963
9,3996
4,5298
4,1052
4,4323
9,4257
4,0316
3,6513
4,1367
4,7379
9,7254
9,2005
9,4167
3,8621
4,8388
3,7983
4,4395
3,7211
9,2295
4,7183
4,3300
9,7348
4,2877
9,3887
9,6889
5,4543
9,6944
4,4463
4,2547
4,6171
4,4997
4,4606
9,7378
4,3904
3,8059
9,3343
9,5619
8,9864
3,3915
9,1639
9,4268
4,3286
4,2438
3,6332
3,7584
9,3973
4,1475
4,7026
9,4389
4,1412
4,5473
9,4738
10,1256
9,4982
4,3180
8,5264
4,0234
9,0073
9,3273
4,1586
3,9167
9,6244
9,1735
8,9399
4,4512
4,7040
4,7465
9,2034
4,2295
4,6284
4,8724
4,1228
9,2120
4,6203
4,3111
4,7235
4,2413
9,3362
10,0486
4,0695
4,3824
9,4458
8,8638
4,7197
4,0915
3,7100
4,5691
4,9393
4,0259
9,0597
9,1776
9,1482
9,7377
9,3989
3,9976
4,1697
4,4374
9,6179
4,4979
9,5027
9,4031
9,3674
9,2630
4,7812
9,7192
4,6703
9,7919
9,0842
9,7574
4,2934
4,4442
4,2169
4,2642
4,5399
9,0558
4,5961
4,6079
4,2409
9,6280
9,5207
9,6602
9,7757
9,2225
4,1539
3,9595
8,8433
4,4272
4,1144
9,1871
9,3869
9,2449
4,5867
9,2276
4,4129
4,4234
4,1887
9,7986
9,5120
4,2171
4,5150
4,4384
9,8327
9,5769
5,0136
9,3129
9,4037
4,6527
4,0802
9,0803
9,7252
9,5019
9,2831
4,3215
3,9194
9,4252
9,5093
4,9401
4,3791
9,7756
4,8156
9,1151
3,9158
4,9132
3,8387
3,9644
4,0149
4,7168
4,3530
8,7914
9,2812
4,8815
3,6059
4,0295
9,0983
9,9040
4,6888
9,1765
9,7068
4,5543
9,2794
4,4990
8,8845
5,0244
8,8506
4,4465
4,1841
3,5684
9,5527
4,5080
9,4940
9,1466
4,6593
9,5518
4,1457
9,6233
8,8960
9,7551
4,2475
9,6170
8,9916
9,4591
4,7365
8,8543
9,5452
3,9503
10,0113
9,3190
4,4469
3,7292
9,1466
4,4265
8,9285
3,9207
9,2676
4,2473
9,3160
4,6340
9,2748
9,4638
9,5275
3,9815
3,8176
4,3345
9,4808
3,9371
3,9534
9,5241
9,1361
4,7104
9,4549
4,2337
3,4913
9,5061
9,6168
4,0778
3,8304
9,2182
4,0109
4,0564
9,3060
4,5933
8,9091
9,0810
10,0671
9,2791
8,8773
4,7946
3,5454
4,1635
4,1004
9,3338
3,9932
9,2931
4,0590
4,2778
4,4901
4,3505
4,0467
4,0348
8,8120
4,7056
9,5914
4,6176
4,4004
3,9181
9,7758
4,1233
9,4485
8,9665
4,1121
4,2192
9,3999
4,8052
3,7670
4,3533
4,6712
9,3804
9,3426
4,1791
4,3680
4,1479
4,2571
3,8960
9,4918
9,6088
4,6237
4,1173
4,4452
4,6359
9,3558
9,5600
9,5932
9,7278
9,3964
9,2775
4,4026
4,0862
4,2227
4,1710
9,2067
9,4661
5,0088
4,8554
4,0411
9,4583
4,5614
9,2829
9,4309
8,9879
4,8258
9,2685
3,8063
9,2715
4,5497
9,3906
4,9401
3,7566
8,9346
4,7389
3,7991
4,0488
4,9446
4,3107
4,8274
8,8756
3,7971
9,5272
9,3079
5,1087
4,3547
4,7637
9,9051
9,2570
4,3692
9,3696
9,5652
9,4456
4,1246
4,6383
9,4201
4,0788
4,7782
9,4390
9,5377
9,0388
9,4963
4,1092
4,2083
9,5454
9,5258
8,9692
9,5470
10,0067
4,3802
9,1207
9,2483
8,8516
9,6147
9,2024
4,4981
5,0588
9,4662
4,4317
4,5695
9,5644
9,6877
9,8465
4,2707
5,1447
9,7092
4,4640
9,6316
3,8478
4,9752
9,1155
9,7171
9,2968
9,5502
9,1802
3,9555
4,3431
4,3511
8,9962
3,6014
4,2027
8,7994
9,2804
9,6152
9,5272
9,6427
4,4504
9,3672
9,2679
9,3745
3,9719
4,2988
4,1761
9,3801
3,9974
9,3735
9,5109
3,6213
9,3308
4,3654
4,5781
3,5092
4,4068
9,3412
3,8218
4,3320
4,0012
9,4514
9,1190
4,0547
9,4918
5,0688
9,1964
3,9785
4,3327
4,0322
4,4539
4,0984
4,3932
9,8592
4,5506
3,7070
3,7406
4,1045
9,3389
3,9672
4,2875
4,3377
9,6890
9,6670
4,9081
9,5646
3,9608
9,2277
4,6256
9,1346
9,1518
4,1127
3,8587
9,4628
9,3592
3,7350
4,5052
4,0262
3,8898
3,9097
9,4196
9,4984
4,3642
4,4585
4,4802
4,3926
4,2481
9,2221
9,7252
3,9277
9,3399
9,1972
3,7557
4,2107
9,5817
4,4032
9,3377
4,6739
9,5606
3,7047
9,6457
4,0058
9,5596
4,5142
9,3625
4,3110
9,2247
8,6362
4,2806
9,3915
9,6498
4,7073
4,3380
8,8925
9,1911
4,3414
4,5096
4,3067
4,0766
5,0588
4,2397
4,9824
5,0198
4,7126
4,5074
3,7401
9,1793
3,8912
9,3763
9,3251
9,7322
4,1104
9,0723
4,9235
3,9339
10,0983
8,7899
9,1983
4,4279
4,2645
9,6854
4,2157
9,3612
9,6541
4,3706
9,1164
4,3582
4,5338
9,8400
9,4772
4,1632
9,0326
9,3326
4,3981
4,1134
4,2235
9,4731
4,5370
8,9610
4,6877
9,0230
8,9661
4,6742
9,7713
9,2960
9,4496
4,0977
9,4144
5,0292
4,3279
4,3150
4,1041
4,0823
4,0843
9,3268
4,3878
9,6878
4,6476
3,7560
9,7829
9,3494
9,7318
4,5456
9,4385
4,5891
4,5511
3,8224
8,7719
4,1420
9,0660
9,2776
3,8792
9,2398
4,5901
9,3615
3,8745
4,1313
4,2055
8,9717
9,5850
4,4594
4,5454
9,2989
9,6820
4,2911
4,0474
9,2132
4,0265
4,2234
9,1871
4,3382
9,3508
4,9794
4,1982
4,4661
4,4699
9,6561
4,4527
4,3406
9,1735
4,6714
4,5443
4,2569
4,8297
3,8446
4,0434
9,5069
4,3032
8,4040
9,0876
9,4750
9,5301
9,3537
9,5366
4,5272
9,3232
3,6805
3,9518
9,3274
9,0637
3,7375
9,4461
4,0674
3,9851
9,2850
9,0235
4,5772
4,0424
9,5659
4,4174
9,8219
8,8170
4,7282
9,2112
9,8357
9,3941
4,1160
9,0315
4,2230
9,2407
4,5907
8,9455
4,3878
9,6209
8,8363
4,2495
9,4679
9,2171
4,6338
9,7950
4,0749
4,1707
4,2622
9,9760
9,7864
9,4658
9,4204
8,7762
9,5565
4,1172
9,0652
9,7248
5,0057
4,0229
9,2828
9,4102
9,5440
4,5474
4,3132
9,9718
9,0256
9,4382
8,9912
4,5705
9,5721
9,2142
9,7894
10,0366
4,4711
4,1898
9,5937
4,6958
8,7393
3,9969
9,5888
9,0874
9,6748
4,2620
9,8698
9,0223
4,9057
9,2885
8,9003
4,7612
4,4681
9,3261
4,0422
4,7660
4,3048
4,0260
9,5669
9,5465
9,4235
3,8681
4,5922
4,2696
4,3193
3,9278
8,8483
3,8058
9,6002
8,9831
4,2035
9,8018
3,9980
3,8051
9,2770
9,6731
3,7449
9,6380
9,5843
9,9819
4,0345
4,7548
3,8831
4,0871
9,4228
3,8233
3,4605
4,3708
4,1519
9,4678
9,4218
4,3499
4,9074
9,3823
9,6596
3,8748
4,0067
9,4558
8,9856
9,1406
4,1464
9,4051
4,1864
3,7872
9,5334
9,3132
9,6008
4,8395
9,5285
8,9141
4,1370
3,6363
4,2937
4,1925
4,1992
3,6610
8,9324
5,0244
3,9590
9,5729
9,6286
5,1195
3,7202
10,0525
3,5563
3,9389
8,9895
9,8895
4,0639
9,0884
3,8666
3,9856
8,9708
9,5447
4,1435
3,8144
4,0222
4,3387
4,2015
9,5481
3,7660
4,3368
4,2187
4,0216
9,2806
9,5429
9,3601
4,3698
9,6796
8,9170
9,4108
4,3009
9,8070
4,4338
9,5199
3,5381
4,3946
9,2448
4,0486
3,8304
9,4872
4,4775
4,7880
4,3370
4,0252
9,4834
9,5643
8,9929
8,9212
3,6403
4,8176
3,9661
9,7803
9,3194
4,4738
9,2954
9,5092
4,6299
9,2190
3,9343
8,8366
3,8866
3,2912
3,9522
9,4417
4,1430
4,0323
4,4338
4,3228
9,4988
4,0479
4,7323
9,2668
9,2913
4,7788
3,5970
4,0134
4,2240
4,7070
4,3914
4,3504
9,7487
4,4480
3,8919
4,1221
4,5870
4,4309
9,2285
4,4477
4,4221
4,3569
5,0470
4,6754
3,8344
4,1286
4,2429
9,1640
9,2265
4,3083
4,3739
3,6074
9,5556
3,9222
9,7286
9,5368
4,7359
9,4885
9,5447
4,6424
10,0769
4,1293
9,4171
9,6725
10,4475
9,7310
9,0086
4,5060
9,9924
4,3238
9,4757
4,8221
4,9300
4,4580
9,7499
9,1772
9,6421
4,8489
9,6641
4,5674
4,3557
4,2082
9,5897
9,5863
4,3429
10,0651
8,8447
9,3472
4,5779
9,4778
9,7429
4,2290
4,3087
9,7787
4,4275
9,2926
4,0139
9,2153
9,6429
4,0556
4,8923
9,3181
3,9636
4,8402
4,8096
4,0302
4,2163
9,5134
9,3450
8,8662
9,3632
3,8200
4,4884
9,7809
9,6415
4,5237
8,7946
4,0725
4,5369
8,7277
3,5559
4,6991
9,1985
4,4065
4,5928
4,1385
9,3974
3,8864
9,4435
9,2708
4,1069
9,6994
4,4138
4,5554
4,0305
4,4261
9,5608
9,3124
3,9018
9,2576
3,6504
9,8972
9,8353
4,6708
4,0436
9,2042
4,6325
3,9279
9,4672
9,3441
9,4606
10,1023
3,7637
9,1446
9,4112
4,0219
9,6053
9,8977
4,6978
4,3900
4,0027
4,1628
9,3307
4,3995
4,0530
3,8012
4,4938
9,7810
9,0926
9,1459
3,9892
9,6526
4,3766
5,0147
9,5700
9,8166
9,7079
4,1451
9,3658
4,6229
4,7461
4,9286
4,0383
4,8443
9,1584
9,5699
4,5663
4,3272
8,9062
9,3804
9,5757
4,1710
4,4835
9,5469
9,7450
9,7090
9,3688
4,0541
9,4989
4,3419
4,6074
4,8963
9,0605
9,1883
4,6083
4,3226
9,2304
3,4834
3,9862
9,1974
8,9903
4,8180
9,9639
9,4775
4,5772
4,1099
8,6980
9,1036
4,8273
8,9636
8,8441
9,1266
9,4082
3,7964
9,6166
3,8773
9,2734
4,4379
4,1240
3,9676
9,3798
9,4902
9,1933
3,8801
3,8081
4,4124
9,0105
4,2775
4,2255
4,3683
8,9194
4,7545
4,9022
9,5393
3,8917
9,2601
9,3055
4,0821
4,0403
9,5799
4,4209
4,2091
9,4077
9,6846
4,0637
4,6494
4,7810
9,8225
4,2418
9,1204
4,6120
4,2782
9,7666
9,5682
9,2069
9,6663
3,8838
4,3659
9,0630
9,6474
9,6467
4,3146
4,0119
9,4087
9,3255
9,8249
9,1953
9,7040
9,6578
4,0976
9,4295
9,5953
9,0558
9,7145
9,0564
3,7472
9,1907
4,2400
3,7841
9,2480
9,5724
9,1490
9,6278
9,0716
4,6019
9,0453
9,4039
9,4763
9,0107
4,1841
4,4076
4,5835
3,9682
4,8376
4,2616
4,1088
4,6974
4,5208
9,0447
9,6286
9,5547
9,6560
3,8250
9,5651
9,3973
4,1988
9,9611
9,4197
9,4113
3,7041
9,2160
9,8903
4,2134
4,5294
9,3806
9,7459
9,4033
9,6946
9,1038
4,4409
9,3347
4,4477
9,4667
8,8974
9,6885
4,4193
3,9867
3,8143
4,6777
9,7788
4,1618
9,5061
4,9521
4,7049
9,4096
4,6025
4,8720
4,0364
4,6591
9,6191
9,6357
9,2843
8,9059
9,1880
4,1616
3,8525
9,4032
4,6676
4,4478
9,2694
9,0348
4,6257
4,3447
4,7607
10,0087
9,8280
4,6142
4,4165
9,0220
3,9794
3,9232
9,9428
9,2156
4,2487
9,5450
3,4632
4,4630
4,5288
9,7289
9,5852
8,9970
9,5174
4,5797
4,6582
9,6582
9,7592
3,9628
4,2402
4,1190
9,0967
3,9490
3,9036
9,4376
9,8146
9,3114
4,0147
4,1124
4,0926
4,0300
8,7686
9,7534
4,6431
4,1308
4,8230
4,7566
4,0729
3,8320
9,2868
9,1996
4,6042
4,1495
4,6350
9,4662
4,0010
4,9730
9,4268
5,0522
9,4478
9,6780
4,6912
4,0070
9,3271
3,9762
4,9854
9,0306
4,0021
9,3974
9,1820
4,6936
9,0706
4,5409
8,7423
9,9813
9,1933
9,5130
4,0814
3,4422
3,8129
4,0302
8,6745
9,5179
4,6183
4,0900
4,1375
4,5304
9,2379
3,9813
4,2803
4,2019
9,3442
9,4272
9,4573
4,1274
9,4344
9,1628
4,1734
9,6235
9,1447
9,1854
4,1758
9,1180
4,5799
8,9673
3,8776
8,8663
4,4742
9,7979
4,2273
4,3107
9,3804
4,7444
9,2344
3,7059
5,4468
9,3417
9,4533
4,5840
8,6527
4,1985
9,0470
4,1603
9,1223
9,4603
9,5709
4,7756
4,1785
4,6890
4,5313
4,3852
3,8372
3,8109
9,9843
4,4086
3,9666
4,5637
9,7247
4,5215
9,3786
10,0089
9,0740
4,7031
4,2124
9,2999
9,5385
9,5488
4,4029
4,6727
4,4817
4,3617
4,4389
3,5606
4,2786
4,6373
4,8778
4,0355
9,0134
4,4481
4,4236
4,5403
9,5077
4,9723
4,3280
4,3152
3,9967
4,3567
4,4589
9,3244
4,6078
4,0481
9,4799
4,6802
9,4436
4,5034
9,1360
3,8074
4,2454
9,2128
4,2037
9,3031
9,3457
9,0201
8,7615
4,3583
8,9293
4,1369
9,5526
9,9441
9,4572
4,5638
4,1304
4,8295
9,8872
3,6018
9,2225
9,3839
3,4437
4,3507
4,3811
4,0785
4,4589
9,3547
9,1516
9,5043
4,2417
9,7298
9,1695
3,6821
3,4916
5,0900
4,0005
9,5622
4,3731
4,3660
4,5531
4,2514
9,1048
4,1759
4,5067
9,3723
4,0301
9,9756
4,4627
10,3990
8,9985
4,2666
9,0175
9,8676
9,3779
4,4326
4,1115
4,3230
9,1713
3,7270
9,1251
4,4263
4,2479
9,3663
4,2302
4,1197
10,3721
4,1044
9,5823
9,1774
4,5528
9,1192
4,8008
4,4985
9,1022
4,0504
4,2034
4,0951
9,8641
4,1176
9,5800
4,5153
9,6349
8,7260
3,3606
9,7479
9,5181
9,1186
5,2646
9,2015
9,1296
3,5413
4,4889
4,5585
4,4714
3,3250
4,3959
9,3049
9,3271
4,0306
3,7282
9,8160
4,2936
4,3578
3,5719
9,1714
4,9863
4,2761
4,9366
9,7193
4,4239
9,6224
5,0954
9,2967
3,7314
4,5557
8,9000
9,2207
9,3322
9,2866
8,9318
3,4805
4,3780
3,8559
4,3614
9,1456
4,3041
4,5023
9,7313
9,5162
9,4020
3,8173
4,5449
9,5300
4,5504
3,9887
9,2242
4,2258
4,5827
4,5169
3,8396
9,5091
4,6375
9,1792
9,5881
9,1941
4,3143
9,7001
4,2746
4,2397
9,2519
9,6952
9,3539
3,6164
9,7188
3,9150
4,4121
9,3960
9,2788
4,7831
9,5350
4,9073
4,4893
4,0363
9,0745
4,1898
4,0988
9,6476
8,8796
4,3293
4,3090
4,3171
4,4957
9,4190
9,3944
4,1400
8,6959
5,1065
4,2790
9,3943
9,6053
4,0783
9,5756
3,9890
4,2279
4,3350
3,8859
4,5042
3,9512
4,0958
4,2912
4,8900
4,3319
9,1847
4,2685
3,9918
9,5207
9,2449
4,2055
9,1847
9,3265
10,0291
4,6625
9,7856
8,8250
4,0923
8,8161
4,2509
9,2786
9,3872
9,7158
9,4830
4,5867
4,7425
4,8224
4,7724
9,0682
10,0113
10,0132
9,4777
4,2706
4,0081
9,2249
8,4736
4,0577
4,6783
4,7184
3,6974
9,4772
3,8977
9,5228
4,0321
9,1063
9,6373
9,1551
4,0247
8,8901
3,9933
4,6358
9,8647
4,7041
3,7347
5,1635
9,7444
4,1412
4,6658
4,0729
9,2246
9,3432
4,2294
4,4493
4,3004
9,9221
3,3078
9,7255
4,0014
9,2616
9,5811
9,4039
4,1410
4,0787
3,7936
10,0223
9,9549
8,8387
4,3018
4,4800
9,3364
8,7801
9,5295
9,4623
4,3649
4,5234
9,2062
3,8332
9,1444
3,9249
4,4304
4,7685
4,5071
9,8535
5,0131
4,4598
4,5434
8,9830
9,0252
3,8714
9,2438
4,0035
9,3697
4,1523
9,8089
9,5578
9,6008
9,7313
8,9307
4,1947
9,7007
4,1120
9,4669
9,2545
9,2978
9,5792
4,2353
9,9633
3,7148
9,4381
4,4580
5,4632
4,8526
4,0471
4,6791
9,3944
4,4119
4,4210
4,7388
9,5939
9,6757
4,5164
10,2942
9,5776
4,5337
5,1123
4,5559
4,3000
4,1572
4,7347
9,3490
3,4586
9,1944
4,0913
4,9166
10,0283
4,1908
4,6221
9,0004
3,7338
10,0014
4,1992
9,6197
4,0149
4,1329
9,7611
9,0109
4,6971
4,4310
9,7227
4,8381
9,8049
9,3267
4,1456
9,0362
8,8784
3,9915
9,6322
4,4584
9,6624
3,9946
4,2463
4,2662
9,0948
9,2222
4,0980
4,6236
9,0492
4,3495
8,8037
9,4375
4,5735
4,2323
4,4968
9,4528
4,3384
4,6787
3,7797
4,5024
3,8975
9,4237
8,8298
4,1823
4,1050
3,9311
4,4322
4,3425
4,7536
4,1655
4,7320
4,4925
4,3218
9,4915
4,3292
9,3068
4,7880
4,4481
4,6965
9,2701
4,5628
4,5876
9,1164
4,1407
3,9550
4,4153
3,5689
4,4766
10,4149
8,8946
4,8430
9,7915
4,0086
4,3090
4,0815
4,1203
8,9647
9,2261
3,6920
4,5881
4,5035
4,2228
9,4010
10,3293
4,3462
4,1649
9,2789
4,2573
4,5131
9,4106
8,8610
9,2818
4,4080
8,7566
9,1922
4,4814
4,6238
9,6467
9,0628
9,1953
4,1086
4,1553
3,7875
8,9906
9,3213
8,5504
3,3516
9,6650
9,6687
4,1019
9,4849
4,0844
4,0523
4,3799
4,3848
9,5837
4,5692
4,7598
9,3072
9,1830
9,7079
4,0128
4,4988
4,5505
4,6375
9,3007
4,1573
4,7763
4,6558
4,8125
4,4895
4,4840
3,7435
9,4826
9,2993
4,3718
5,1074
4,9470
9,6943
4,1951
4,1638
4,2698
4,4915
4,5441
4,4386
9,4558
9,7843
4,5417
4,2780
9,4838
4,3360
9,3629
4,3854
3,8743
3,5508
4,2521
8,7384
4,3529
9,6883
3,6085
3,5402
4,4703
9,7205
4,3759
3,9335
4,5396
3,6095
9,4588
9,5151
4,9319
9,8653
4,3227
3,8351
9,4255
9,3235
4,3633
9,4320
3,8002
9,1477
3,9846
9,4831
9,2246
4,3796
3,7598
9,8358
3,8644
4,6020
9,5385
9,3756
4,9098
4,2572
9,5184
4,2358
9,1889
9,3337
9,6404
4,2667
4,3771
4,7845
4,1698
9,0244
9,3776
4,1449
9,1477
4,6960
4,2891
9,5564
4,3394
9,3497
9,4759
4,6990
9,1075
9,4419
9,4849
9,5879
4,6425
4,3721
4,6856
3,9502
4,3942
4,4179
4,4678
4,4831
4,3781
4,1099
4,4370
3,9868
4,1040
3,9812
4,2102
4,2048
4,4853
3,8790
3,8052
4,4016
8,9123
4,6521
3,5260
4,2983
4,7098
9,1000
8,9479
9,3479
3,9178
4,5933
4,6978
4,1558
9,3797
4,2873
9,6504
9,3402
4,2686
9,4283
9,4148
3,8353
9,5940
4,2473
9,2202
9,5069
9,5000
4,2556
3,8670
4,3492
9,9003
4,6449
9,7918
9,7544
9,5913
9,1973
4,1082
9,1561
9,4639
4,5075
4,3262
9,7281
4,3548
3,9420
4,1402
4,1495
4,3820
9,0883
9,5138
9,1403
5,2643
4,7781
9,0648
3,7841
9,8195
9,1870
4,5494
9,7402
4,4252
9,0684
9,8880
9,9336
4,9128
4,6975
4,8390
9,4083
9,5302
4,5370
4,4037
8,8925
4,5467
4,3562
9,1481
4,3597
9,0500
4,2717
3,8561
4,2065
4,4454
9,2632
9,5587
4,5379
8,7231
3,9586
9,4729
4,6898
3,9825
9,0136
4,3978
3,8077
9,1484
9,6654
4,4283
8,5335
9,1387
8,9140
9,5147
4,3352
4,9097
4,5295
4,6738
9,7602
4,0920
3,8623
4,5514
4,0382
4,2094
9,4910
4,6796
9,4955
4,0755
9,1989
4,0825
4,1287
9,5738
4,5452
4,0203
4,4275
9,6773
9,1483
4,6679
9,5873
4,1710
4,5061
9,1824
4,2841
4,7148
4,4120
9,0132
4,0630
9,5676
9,8433
4,5547
9,0356
4,0305
3,7854
4,5272
4,1030
9,7112
4,0328
4,3829
9,4327
9,1823
3,7556
9,0053
3,7254
4,8248
4,0359
4,2736
4,2332
4,3687
9,7054
9,2093
4,7541
8,7883
9,8590
9,5839
4,2876
9,1490
3,8622
9,0592
4,1303
4,7401
4,3924
3,9592
8,8280
9,1230
9,3595
4,3227
4,3759
4,0820
9,2561
9,4974
4,6459
4,6642
4,0437
4,4759
9,2454
4,1053
9,3627
4,8720
4,2221
9,5529
3,7951
4,4220
4,6199
4,5334
4,6968
9,5335
9,1541
9,4945
3,8429
9,6624
4,0410
4,4677
3,9516
4,2563
4,4613
3,9853
9,4905
4,7672
4,1633
4,4292
9,3644
8,6409
9,2244
9,7968
9,5664
9,8317
9,0519
8,9251
4,2133
9,7722
4,3142
4,3432
9,5929
4,7060
4,1808
4,3482
10,1266
4,2095
4,4622
4,5374
9,5744
4,0943
9,4084
4,4091
4,9405
3,9163
5,3157
4,0568
4,7612
4,3234
4,4922
4,9123
3,8390
9,3198
4,5497
3,7206
4,0958
9,1416
4,6239
10,1317
9,3159
4,3030
4,0897
9,6814
5,1407
4,1322
9,7051
3,9985
4,2012
4,4105
9,4331
4,5009
9,2254
4,3362
9,1482
9,1500
9,7121
4,0092
4,4710
9,2918
9,5192
4,8316
9,5399
9,3358
8,7914
3,7946
3,8948
9,6008
9,2059
3,7300
4,2958
3,9472
4,3173
4,6467
9,3986
4,1558
9,7507
4,1678
3,6323
9,2874
9,6954
4,0884
4,6701
4,3185
9,6028
9,5104
4,7246
9,4529
9,6608
9,7517
4,2348
4,6394
9,5696
4,7914
9,3789
4,5859
9,1657
4,7494
4,4358
4,1789
3,9603
4,3339
9,3998
3,8879
9,4267
5,0738
4,0294
9,4671
4,1252
9,3497
4,1155
4,5074
4,1666
9,7083
9,3280
9,2848
9,8164
9,3461
4,2545
9,0408
3,7853
9,5103
9,4466
3,8503
9,3421
9,3727
9,2422
3,9777
9,3609
4,2462
9,5771
4,1402
4,4682
9,6942
3,8427
9,0526
3,0609
4,5872
9,8018
4,6563
9,2774
9,3054
3,6351
8,7938
9,5361
9,2777
9,6829
4,6811
4,1718
9,4715
4,0822
4,8255
4,1650
3,7695
9,5810
4,2927
5,0482
10,1311
9,3185
9,9219
9,0583
3,9038
4,4977
4,7369
4,5921
5,2463
4,3273
9,5017
4,4400
9,5301
9,7530
9,4508
4,5094
4,7886
4,8006
4,2205
8,9408
9,0199
4,5921
9,5265
5,2694
9,2805
4,1441
9,5049
4,4359
4,6904
9,1742
9,0695
9,7214
4,7714
9,1672
9,0422
9,8972
9,4807
9,3165
4,2893
3,9277
3,8500
3,8123
4,8333
4,5418
9,8488
4,2098
4,8826
9,0841
3,9834
4,8277
9,0403
8,9770
9,4570
9,3616
4,1897
4,4740
9,9244
5,0343
9,8585
4,4714
9,3770
9,7266
4,2898
4,2726
8,9469
9,1694
4,0964
9,2845
9,4440
9,6125
9,6675
10,0131
9,0848
9,3153
4,2220
9,1983
3,8957
9,5777
10,2662
4,0938
3,6669
4,6972
5,3117
8,9888
9,5412
9,1935
4,5317
4,0113
9,2997
3,9124
9,1854
9,6748
8,9377
9,5031
4,3917
9,2454
4,3045
9,6341
4,1082
4,2855
5,2141
4,4604
9,3789
9,3445
9,1231
4,4218
8,9031
9,4009
9,2912
4,0827
3,9739
3,8123
9,3741
4,0366
4,1378
4,2241
4,1366
9,1819
9,3638
9,6357
4,2444
4,1927
8,9805
9,3941
4,8609
3,7919
4,6096
4,5137
4,1594
9,5240
4,6371
4,4382
4,3240
9,5353
9,5905
4,2216
9,4720
8,6089
4,7549
5,0509
4,8734
4,1928
9,7756
4,6912
4,7613
4,1091
4,9127
9,7574
9,5888
4,6650
9,0679
9,2272
9,4112
9,2716
9,2695
9,0773
4,3265
9,1011
9,4466
8,9734
4,2037
4,7489
3,7980
9,8060
3,7817
9,9091
9,2599
9,8330
9,6695
9,7475
3,8616
4,2298
4,2301
9,1314
4,1981
9,2525
3,9009
10,0288
9,6208
9,3029
8,8858
9,4929
4,8226
4,1061
9,3394
9,3531
4,3969
3,7993
9,6213
3,9872
8,9565
3,9910
4,0343
4,0037
9,1403
3,8552
9,3979
9,8907
4,2703
4,5331
3,6495
9,1860
4,9575
4,3567
4,1373
4,1670
9,3826
4,3192
3,9806
4,6255
9,3381
9,5974
4,0844
9,1271
3,5206
4,2878
4,4291
4,2391
9,3686
9,9221
9,6696
4,3473
4,4490
4,1529
3,5327
4,6679
9,5564
4,2970
8,9505
4,0800
4,6063
9,2691
4,0039
9,4324
9,4187
9,1098
9,1030
9,3006
4,3754
4,3151
9,7255
4,5093
4,6484
9,4413
9,2048
9,9346
9,4815
4,2228
4,8913
4,3109
10,0138
4,2975
4,7784
3,7637
5,1816
9,2376
9,9896
3,9488
4,5153
9,8106
3,8283
9,3515
9,1205
4,1484
9,6406
9,4852
3,5410
4,1384
3,7690
4,4048
4,5769
4,6648
8,9811
3,9079
9,4221
3,9253
4,5201
4,4378
4,8475
3,4501
9,6132
9,7587
3,7980
4,2371
9,1038
5,0287
9,4427
9,5941
4,4884
9,1198
9,1710
3,8805
4,9349
4,2045
3,9380
9,8655
9,5137
10,0053
4,1546
9,5709
3,7161
3,8670
9,3285
9,3131
9,7041
9,6719
4,2737
9,5795
4,3936
9,4786
5,1652
9,2007
4,7656
9,5341
4,5205
4,1524
8,9364
9,1941
4,0073
3,8456
3,9293
4,2961
9,3222
9,0639
9,5514
4,4999
4,9092
4,1797
4,4459
4,4074
8,8550
9,6256
9,1770
9,1466
9,2157
9,1105
4,5107
4,8726
9,3730
4,2632
4,0280
3,9500
9,5700
9,2625
9,7129
4,2261
9,7966
4,5258
4,4194
9,6413
4,7306
3,5842
4,4794
4,3744
4,2303
3,8840
4,2145
4,3233
9,3690
9,5579
3,9529
4,8646
4,6531
8,9998
9,5160
9,5395
10,1687
9,2531
4,3688
4,4506
3,9860
9,5589
3,6302
9,6974
4,3706
4,2179
4,7368
9,4359
4,0424
4,4197
9,6197
4,0652
8,9636
4,5255
9,0067
4,4788
9,4619
9,6769
4,3024
4,1088
3,7320
3,9671
4,2609
9,1745
4,6706
4,1964
9,3875
4,3856
4,5217
8,5881
9,4952
3,4501
9,8737
4,3260
9,3970
4,5127
4,7505
9,5559
9,7987
9,3659
3,8912
3,9976
4,5129
9,2126
4,9417
9,2783
3,8469
9,7655
4,3705
9,3569
3,9772
9,2466
4,4435
9,7114
4,9437
4,0189
4,4401
9,2153
9,3327
3,8329
4,5009
9,1019
9,5844
9,5659
5,0646
9,6647
9,6615
4,3201
9,6713
4,5737
9,4080
4,5929
9,0594
4,5825
4,3127
9,1394
9,6302
4,4540
9,3193
4,0918
3,7274
3,9473
9,1999
9,5334
4,5663
9,3329
9,8465
4,2524
4,7730
4,1065
3,7519
9,2922
4,5831
9,2810
9,3018
3,9096
3,5768
4,6431
4,1063
5,1786
9,5797
9,8564
4,3662
9,3922
4,5364
9,1865
9,3641
9,6946
4,0669
4,3290
9,5280
4,4642
9,2711
9,4413
4,3488
4,3206
4,0146
9,5666
5,1667
9,5395
9,2509
4,5766
4,6021
4,6222
4,4548
9,4953
4,5900
4,7858
4,0626
9,1262
3,9986
9,4246
9,2509
4,0738
9,0119
4,3577
4,4907
4,5895
9,5295
3,9417
4,5934
4,3915
4,0836
4,4912
4,2095
9,5345
9,6365
9,1843
8,9043
9,4241
3,7882
4,5946
9,6283
9,2478
9,6948
4,9140
9,2779
9,4189
4,2692
9,2493
9,6499
9,5214
9,4012
9,4089
4,3966
4,8821
4,7237
4,4152
9,5801
9,7235
9,3417
4,6989
3,9834
9,5892
9,3332
9,5170
8,7370
9,8411
9,4850
9,5059
9,3227
4,4359
5,0256
4,5837
9,3668
3,8152
9,4460
4,0333
8,8522
8,8829
4,3471
3,8848
4,3722
4,1694
10,1794
9,0756
9,5087
9,2485
9,4771
3,9556
9,1393
4,2449
9,6818
9,2925
8,8765
4,5929
8,6436
9,0770
4,5999
4,5139
9,3089
9,0628
8,9250
8,9873
4,7754
9,8103
4,2502
9,4336
4,8104
9,8334
4,6498
9,4027
3,9171
4,5266
4,5258
9,9631
4,3003
8,8994
4,3900
4,5887
9,2208
9,4474
4,0562
4,1911
4,0402
9,2867
9,1470
4,4746
3,8969
4,0318
3,8363
9,3960
4,3135
9,4193
4,2665
4,8981
4,2517
9,4361
3,3400
4,4188
4,7412
4,1969
9,5217
3,7297
3,8910
4,6853
4,0680
4,0243
9,7412
5,2207
4,3123
8,5977
8,5311
4,0754
4,1584
9,4631
9,8389
9,1650
4,4678
4,0096
9,1730
4,4394
4,8131
4,2068
4,6128
9,4712
9,0486
4,1801
9,9779
3,8325
3,8712
4,3930
4,3430
9,9128
4,3265
9,6679
3,9918
4,6445
4,1746
9,0837
4,0804
9,1254
8,9774
9,1523
4,5792
4,0034
4,3927
9,1478
4,1477
4,2838
9,8269
4,6431
4,4967
9,1806
4,3434
4,2609
9,8238
4,3247
9,3805
9,3134
4,0502
4,1795
9,4579
4,9193
3,9894
4,2832
9,2932
9,1943
9,7435
4,9362
8,9264
9,0997
4,1570
3,7511
9,7256
3,6494
9,5373
4,1332
9,2957
8,6871
4,9892
9,1289
9,6517
4,9652
4,1479
9,1188
9,2895
9,9800
4,2961
4,0586
9,4813
4,2463
3,9732
9,6450
9,6691
9,5714
4,5283
4,1345
4,2399
9,5696
9,5458
9,8921
9,1064
4,4394
4,3497
4,7020
4,1232
9,4277
4,2331
9,6874
9,6481
4,4617
9,4925
4,8493
4,2404
4,8652
4,3587
4,5447
9,8638
8,9755
9,1287
8,7272
3,9167
4,6307
4,1844
9,7083
9,5651
3,5311
4,2860
4,3066
4,6117
3,4608
4,8262
4,2479
8,9521
9,7160
9,9202
9,5617
9,1701
9,3060
10,0398
4,7279
9,6540
4,5949
4,6326
9,5538
9,2494
9,0502
4,4598
9,5693
4,0212
4,4652
4,1176
9,7901
9,5981
3,5089
5,0801
9,2091
4,0211
4,2041
4,6756
4,1516
9,4364
8,8326
9,3665
9,1906
9,5268
9,1855
9,4622
9,8396
3,8972
9,5333
4,2438
3,8015
9,3032
9,6880
9,3683
4,3662
9,3684
4,2745
4,5742
9,3998
4,4137
9,3629
9,3602
9,0647
10,3906
4,2633
4,0045
9,2912
4,4120
9,5940
3,4580
3,9359
4,4649
4,4720
9,6101
9,3743
9,6542
9,2999
9,7034
4,1717
4,6291
4,0659
4,6831
4,6657
3,9687
9,3204
4,5773
5,1315
4,7773
9,6469
9,3928
3,8377
3,7563
9,5525
5,0606
3,7144
4,7829
9,3262
9,8066
8,9494
4,7004
3,4764
4,4150
9,5099
9,2824
9,4371
9,6441
9,1215
9,4092
4,5232
9,3641
9,7839
4,3551
9,1429
4,9516
4,4025
9,7942
9,7118
3,9382
4,2694
4,2346
4,3084
4,2884
9,8178
4,7488
9,2519
4,2751
4,8308
3,6148
3,9092
9,0558
9,4238
4,0469
9,1557
9,1597
9,6748
9,1691
4,4109
4,2468
9,1992
4,5071
3,9151
4,7820
9,6867
4,2962
9,7551
9,7525
9,0999
9,4340
4,0204
4,3606
4,3539
9,7116
3,9384
9,3614
9,1864
4,5150
9,4595
4,2127
9,0077
4,0189
4,4996
9,2983
3,3192
4,3753
4,3443
4,0311
9,3370
9,4846
3,8806
9,4935
8,4506
9,2498
9,1600
4,1684
4,0896
9,6032
4,0200
9,4482
8,9642
9,3677
9,2925
10,0409
9,6680
9,1857
4,2763
9,1439
4,6128
4,5401
9,5067
4,5707
4,4211
9,0032
9,2616
9,9700
4,4109
9,3415
10,1154
9,9644
9,1041
9,3741
9,6891
4,1585
4,5568
9,2747
8,9105
4,0552
4,7252
9,3262
4,3396
4,9579
9,3798
3,6044
3,9786
9,6220
4,3218
5,0424
4,2055
4,7498
4,3458
9,0140
4,0237
4,1780
4,1553
9,2823
9,3045
4,4360
4,4813
3,9290
9,5512
8,8215
4,1923
9,7421
9,3097
4,4655
4,2730
4,6513
9,5978
3,8186
4,4989
8,6906
9,1146
9,7757
4,2660
9,5322
9,5550
9,6219
3,7118
9,3328
9,0185
9,5279
9,8684
4,7972
9,1238
4,8798
4,2716
4,6352
3,7673
4,7818
3,9204
9,6401
9,9145
4,5012
4,0219
4,2540
9,6835
4,0684
9,2267
9,2005
9,0756
4,4876
8,9485
9,4673
9,0005
9,6179
8,8825
9,3830
4,0441
9,5263
9,7338
9,4596
3,9765
4,1797
4,2039
4,3908
9,6108
9,5454
9,7560
9,4056
9,4997
9,3708
4,0883
4,5272
9,5319
9,4280
4,1424
4,3174
9,5261
4,0614
8,9098
10,1301
9,2437
4,1393
9,3027
9,4959
9,3365
4,6905
9,0454
4,4912
4,2828
9,3251
4,1773
9,4507
9,3452
3,9275
4,6634
4,6912
4,4267
9,6702
9,6065
4,3005
4,5606
4,9318
9,0922
9,2153
4,0288
4,6659
8,8111
4,1304
4,4102
9,5332
9,6566
9,5350
9,4973
9,7313
4,6268
4,5807
9,2183
9,7470
9,7037
9,6426
9,2103
9,5191
8,8920
9,6054
9,3770
4,0777
4,6030
4,0224
9,3985
8,5023
9,7581
4,4714
9,1897
8,8341
9,4647
4,4280
4,5087
4,0452
9,9283
5,0713
9,5978
9,0411
9,5581
4,1215
10,1337
9,0035
3,9995
3,9192
4,1020
9,1124
9,3293
4,2579
9,5416
5,0305
3,9449
9,3901
4,7320
9,9321
4,2145
4,2892
9,1101
9,2653
9,6235
4,4501
9,6736
4,3026
4,5083
4,7454
3,9109
9,1375
4,0564
9,3093
9,6302
4,1060
8,9013
4,1391
4,1313
9,6336
4,5032
4,1611
9,5838
9,7628
3,7927
3,6928
8,9333
4,1652
3,7511
4,3539
9,7133
4,0504
4,2126
4,1760
8,7807
4,8276
3,9481
4,0803
9,2877
4,7022
9,3314
4,0344
4,5305
9,4133
9,4985
9,8574
8,6011
4,2722
4,3542
9,2619
3,8552
4,4070
3,9827
3,9387
5,1853
4,6501
4,1901
4,2908
4,6386
3,5978
9,6166
4,2231
3,8189
4,3504
4,3014
8,7558
9,1357
4,1436
4,3573
9,5396
8,9156
4,2950
4,0575
9,0690
8,9007
9,6288
4,4078
4,6402
9,9824
8,9821
9,2671
9,2949
4,1844
3,8242
4,3592
4,2272
9,7860
4,0689
4,6636
9,7263
4,3984
9,5329
3,9719
9,2946
9,2901
9,5727
4,6510
4,2857
4,0683
9,3690
9,1324
4,1615
4,0820
4,2929
9,0896
9,9535
9,5695
9,7655
10,0733
8,8338
4,0806
3,9336
9,1395
9,4388
4,4155
4,6083
9,5181
4,6444
4,1698
4,0184
3,8357
9,0312
3,8405
4,0809
9,4316
4,6857
4,6910
9,9897
4,3525
9,3119
9,9842
9,2432
9,6127
9,2090
4,7644
5,1520
4,5400
8,7649
4,4465
9,6185
4,1251
4,0687
4,2748
9,7985
9,8632
4,6674
4,0365
9,1632
3,9371
4,7351
4,2421
4,5227
9,4065
10,0298
9,5205
4,1763
4,3209
8,9686
9,1347
4,3529
4,3849
9,1674
3,7842
4,5289
4,3382
9,5776
4,4804
4,3212
9,3490
9,2122
4,5245
3,9229
4,6022
5,1030
4,3938
4,2171
5,0400
9,2930
9,2428
4,1052
8,6302
9,1073
9,6181
9,4959
4,7546
9,1214
3,8637
4,4062
9,6637
9,1224
4,6524
9,5503
3,8976
4,2868
9,7643
4,3305
4,3263
9,1504
4,7932
4,0535
4,0152
4,4359
4,8117
9,6659
10,0266
4,4292
4,1665
3,5742
4,0774
4,1801
4,2342
4,0194
9,7128
4,3832
3,4900
9,7392
4,1527
4,6657
9,8162
9,6759
9,1176
4,0254
9,7276
4,0852
9,2536
4,0840
9,1060
9,0365
4,3637
4,2116
4,2308
9,7397
4,4741
4,6652
9,5762
3,5892
4,2228
4,4530
4,0546
4,1689
4,3350
4,2711
9,2250
9,0813
4,2951
3,7951
3,5769
4,6219
9,8559
4,3842
9,6522
4,3973
9,1227
3,6493
9,6216
8,9383
9,2234
9,6922
9,9444
9,0766
4,0591
3,4667
9,2824
3,8023
9,3283
8,8248
8,7620
4,3047
9,6668
4,0175
8,9639
9,3794
4,6453
4,2320
9,5201
4,5553
9,5109
8,9580
4,5171
9,1733
4,6031
3,9091
4,1693
4,6135
9,7110
4,2254
9,3187
4,3702
9,3703
4,3066
4,5494
4,6551
9,2997
4,1801
4,0156
3,7431
4,3584
5,0401
9,3573
9,0736
3,9742
4,6960
9,1575
9,3128
9,5485
4,3164
4,2485
4,6370
9,4996
4,2816
9,5311
9,4716
9,5545
9,4992
4,5642
9,2392
4,5588
9,0799
5,0121
4,2880
9,0906
3,9675
9,6643
9,3440
4,8571
9,6010
4,4137
9,5126
9,8193
8,7632
4,4087
9,1112
9,7242
9,5808
4,3967
3,9342
9,5644
4,3880
4,4211
4,8571
9,1757
4,0239
8,6665
9,4033
3,3451
4,5991
4,1154
4,6541
9,6885
9,6588
9,5115
9,3884
9,9184
9,7362
3,6503
4,2140
9,3335
4,2712
9,6077
9,3889
9,4654
9,4836
5,0657
5,2325
3,8749
9,2126
4,4132
9,7772
9,4856
9,2730
3,5925
3,6875
4,9933
4,6322
9,5901
9,1666
4,2209
4,3314
4,4501
9,4274
9,0147
4,6961
4,3324
9,3989
4,2583
8,9931
9,2087
9,0632
3,0964
3,8937
9,6048
4,4919
9,2824
4,3425
3,3181
4,3417
4,0963
4,0567
4,7740
9,4135
4,8498
3,9988
4,3283
9,1397
4,1665
9,8938
9,7813
4,9093
3,2700
9,6112
9,5111
9,3221
4,3804
4,5514
4,4102
4,6121
4,4931
4,3540
4,2074
9,4267
9,5329
9,5432
9,7622
4,4309
4,1716
9,3687
3,7211
9,4075
4,0953
9,4703
9,4052
4,3450
4,3029
4,1292
4,6303
4,2071
9,7125
4,4371
3,9082
4,5314
9,2656
4,2239
9,2173
4,7228
4,3123
4,7100
4,5970
4,3026
4,2107
4,3906
9,3614
9,5309
9,4130
4,7271
4,6055
4,0303
3,8869
4,0243
4,4300
9,4000
4,3201
8,9996
4,5253
4,7444
9,2388
4,8006
9,4564
9,4266
9,2004
4,8123
9,2412
9,3027
9,6572
4,5249
4,3786
9,2978
9,0648
9,4213
9,3717
4,2650
9,0333
9,3387
8,8807
4,2046
4,3782
9,2878
4,4071
9,3078
9,7193
4,0580
9,0001
9,9711
9,1854
4,0885
9,5631
9,3929
3,8368
4,5577
4,6849
4,5592
4,7596
4,2321
9,7328
4,6744
9,2233
10,1483
3,8743
4,0470
4,2051
4,5447
4,7533
9,0939
4,0605
9,4758
9,7178
9,6579
9,1143
3,8163
9,1985
9,3012
4,6063
4,2149
4,5364
9,5743
8,5214
9,0618
4,3391
9,0183
4,5451
9,1691
9,6768
9,5804
9,6662
9,0122
9,2120
9,4793
8,9637
9,4184
9,8472
4,5143
9,3955
4,1223
4,2022
4,9969
4,1289
9,5129
9,7088
9,2942
4,1498
9,6052
9,7321
4,4497
9,5175
4,0706
9,4004
4,6616
9,5926
4,1752
4,4996
5,2097
3,7285
4,5914
4,2542
4,2990
9,2945
9,5935
9,5371
4,8107
4,4793
10,2398
4,3633
4,3542
9,6166
4,6504
3,8425
3,9510
4,3288
9,1774
9,0625
9,9088
3,9901
9,7497
4,6784
4,3815
8,9840
9,4771
9,3380
8,9236
4,4894
4,6040
9,1117
9,8424
9,1688
9,2500
9,1844
4,9031
4,0912
9,6449
9,6339
9,6069
8,7159
9,5621
9,4331
3,8672
4,3959
8,8755
9,3258
9,9548
9,3417
8,9658
4,0933
9,0194
9,7343
9,3240
4,7362
9,2535
4,0344
9,5712
9,0501
3,8854
9,2532
4,1004
9,1465
3,7268
4,4207
4,4194
9,5553
9,9422
4,5996
8,8982
9,8569
9,3661
9,7001
3,9913
4,2874
4,8141
4,0243
4,1493
4,6182
4,5552
4,6616
9,9760
9,5345
3,7283
5,0729
4,5055
8,9832
3,8660
9,2253
4,4253
4,0731
4,5924
4,6121
4,2128
3,7356
4,2846
4,5169
4,5129
9,5030
9,2277
4,4107
4,5692
9,5466
3,8836
9,1351
4,2898
4,9577
3,7699
9,1841
4,7054
4,3085
4,9336
9,0922
4,1108
9,7719
4,5310
4,6249
9,4467
4,1362
9,4113
3,7010
4,0289
3,8516
4,8419
9,6681
3,9848
9,4011
4,5584
9,4361
8,8531
4,0550
4,4623
4,2647
4,4611
4,8712
9,0685
9,3478
9,4069
3,9037
5,0959
9,1351
4,7924
4,4817
4,5014
9,6971
9,3397
3,9736
4,6603
9,5115
3,8976
4,6780
4,0878
4,3292
5,0400
4,2227
4,5775
4,4504
9,2553
9,7410
4,2333
10,0456
5,1340
4,0763
9,3424
4,3646
9,7205
9,1168
9,3901
9,3676
9,4473
9,9866
9,3458
9,2588
9,5990
4,4927
9,5638
3,6288
4,1221
9,4920
4,7889
9,5927
4,7992
9,5441
9,5348
3,5554
3,7814
4,6749
4,6043
4,8472
4,4299
4,3325
5,0708
9,1459
5,0037
9,2908
4,2188
4,3504
4,3272
9,4270
3,8271
4,6956
9,3733
9,9853
4,8089
3,9673
9,8583
8,8921
9,6613
4,4193
9,7104
9,4340
4,4293
4,1015
4,9131
9,2283
9,6661
4,1798
4,2135
3,6016
4,3457
3,7699
4,5307
9,5167
4,2750
9,5570
4,9418
3,6893
9,7028
9,8090
9,4392
4,8626
9,2713
9,5052
4,4713
3,9085
3,8020
9,1873
4,5530
4,2618
9,4578
4,5111
9,1179
3,7337
9,2820
9,1712
9,5421
9,2814
8,9298
9,0118
9,5845
9,2610
4,0794
9,2853
4,7601
4,4336
4,0255
9,0409
9,3544
4,5268
9,5302
9,8189
9,7064
4,5817
4,6557
4,5030
3,2274
8,9924
9,7640
4,3367
9,4240
4,0828
4,3870
9,0430
4,2426
9,1573
3,9309
4,3429
9,6067
9,4930
9,5402
3,3813
4,3858
4,1753
9,3185
10,1851
9,9549
8,9973
3,8211
9,5555
9,5659
4,9095
4,1805
9,2312
9,4797
4,4427
9,3670
4,4650
3,9108
3,9341
4,1687
9,7585
4,3892
9,8329
4,9291
9,0799
4,7873
4,6008
9,5604
4,4405
4,3294
4,8333
9,3087
9,5005
9,1597
9,5844
4,3191
3,7639
4,6459
4,0086
4,9881
4,2325
4,3962
9,0128
4,2639
4,0060
9,0727
9,4302
4,0998
4,1862
9,3318
9,1687
4,4231
4,3768
9,5801
4,3434
9,0296
8,7794
4,5703
3,8933
9,4645
9,2670
3,9938
4,0464
4,8551
9,2966
9,1226
5,0527
10,0156
9,1043
3,7586
4,4139
9,4792
4,4035
3,3178
4,0611
4,6699
9,3938
9,8462
9,2157
10,0732
4,6777
4,7184
9,4914
4,7919
9,7266
9,8702
9,3088
9,1610
4,3728
9,7058
9,4774
4,6066
8,8733
4,2216
4,2609
4,9926
8,9166
4,2497
8,9357
3,9630
3,9091
4,1196
4,2289
4,6545
9,6471
3,7343
9,1376
10,1100
9,4940
4,2981
9,4368
9,0080
9,0651
9,0157
4,2858
9,6196
9,1713
4,3461
3,8383
4,4322
9,0719
10,0080
9,5158
9,7144
4,5396
9,5573
4,1107
4,6776
4,1841
9,2364
4,6597
3,8070
4,7929
9,6006
9,4626
4,9912
4,5210
10,0574
9,0317
9,5042
8,8180
9,1885
9,2640
4,5711
9,0952
9,6469
8,7444
9,1260
3,8198
9,5699
9,4701
4,3987
9,5233
4,2663
4,9738
9,1038
9,2047
9,3545
9,3033
4,5562
3,8205
4,2529
3,9416
3,9123
9,4184
4,4527
4,4186
4,5085
4,3453
5,0405
4,2601
5,0431
9,3390
5,2161
3,7490
4,0240
4,0674
4,8977
4,1175
4,4660
9,4313
9,3490
8,9998
4,3684
3,7760
9,4844
9,8558
4,0287
4,7439
9,8300
9,0395
9,4823
9,5111
4,1415
9,0649
9,5107
4,4149
9,5467
9,4253
3,9778
4,2717
4,3489
9,2770
9,7731
9,5364
9,1263
9,3474
4,1349
4,2123
4,0951
4,4583
9,8639
8,9979
4,4267
9,3977
3,8687
4,0755
9,5623
9,3533
9,4868
9,5494
4,5238
9,5894
4,5313
4,1684
9,1801
4,1089
9,2735
9,2651
4,4937
10,0110
9,1610
8,9083
9,2584
9,0886
9,4363
9,3519
9,4511
4,1460
4,3147
9,6272
4,3298
9,6879
4,7008
9,8631
9,9668
4,1468
3,9177
4,8799
9,2347
4,1955
4,3133
9,6362
9,6578
8,9822
9,1799
4,2892
9,0558
4,5843
9,7642
4,4956
9,1437
5,1554
4,4507
9,5714
4,4995
9,4341
4,0264
4,4160
4,2740
4,0043
9,7263
9,0315
9,4613
4,0072
9,4483
3,8219
9,0069
4,3187
9,7235
9,4855
4,0774
4,3932
4,6628
9,2887
4,2241
4,2176
9,4901
4,5569
4,7344
3,6554
9,4260
4,0833
4,6736
9,1016
9,0221
9,1979
4,1079
9,8074
9,2848
4,6345
3,8092
4,3640
4,2104
9,2006
9,5182
8,8232
4,0990
4,0270
4,5335
3,8814
4,0014
4,4195
10,0470
9,2970
4,1981
4,0377
4,8647
4,3874
4,6991
4,2116
5,0505
9,3327
4,2229
3,9730
4,2605
9,1284
5,0085
9,5172
9,5218
4,0615
4,4615
8,9300
8,9038
9,6810
4,8421
4,2006
4,8358
9,3390
4,6731
9,2169
4,0887
4,1531
4,4157
9,5114
4,7178
4,2855
4,4938
9,0894
3,9618
9,2737
4,3850
4,6737
4,1647
9,9156
4,2881
9,5810
4,2196
4,5819
4,2583
9,4747
4,7012
8,8556
9,4738
5,0649
3,8801
4,4672
4,3443
9,4223
9,3204
9,3214
4,0029
4,4569
3,9533
9,2768
9,7369
8,9559
4,2393
4,1737
9,5283
9,3315
4,5228
4,9516
9,6193
4,2170
4,2041
4,0580
9,6182
4,5365
9,0284
9,7413
8,4086
3,6601
9,5144
4,4731
9,2162
9,8681
4,6977
4,5226
8,7197
9,5013
4,4537
9,4200
9,3571
8,7164
4,4160
9,3090
9,4546
4,9632
3,9527
9,7574
9,3349
9,7325
9,4237
9,6246
9,7172
4,4303
9,7216
4,3828
9,5477
9,2687
9,5194
9,7363
9,6670
4,0940
3,9355
4,9087
9,0154
9,2146
9,4494
4,5547
9,0533
3,9268
9,5456
3,7190
9,2269
4,5060
4,4953
4,5279
8,9572
4,8409
9,2822
9,3653
3,8985
8,5885
9,3672
9,5409
4,4198
9,1845
3,9904
9,4288
3,8434
8,8280
4,6217
8,6732
4,9472
4,3796
9,1542
9,7972
4,1503
4,2234
4,0729
9,3850
9,5822
9,5521
3,9009
9,4213
9,2921
4,2024
9,1567
8,6751
4,5304
9,3538
8,9571
8,6788
4,2898
9,4791
9,3763
3,6321
4,2168
3,8457
9,0645
9,5995
9,4486
9,3261
9,2472
4,7006
3,8109
4,6907
4,9377
4,1189
9,6129
9,1139
4,3394
8,8919
4,5147
9,7191
4,6768
4,8365
3,8854
4,4755
4,3959
9,1832
9,5162
4,1307
5,1262
9,5890
9,5704
4,8433
4,6434
4,5931
9,3082
4,1459
4,4840
9,3798
4,3874
4,0790
3,8990
9,0003
4,3727
9,7533
9,1623
9,6219
9,9382
9,8059
3,7961
4,5141
9,4891
9,4919
8,8402
4,4197
4,6190
4,2310
9,3703
4,1964
4,0601
4,4476
3,8926
4,2945
9,3818
9,0865
4,3411
4,4272
4,7399
4,1402
4,4591
9,4105
4,2704
9,5428
4,6506
9,5680
3,9888
4,8505
4,3691
3,9764
9,8367
9,8411
4,1642
9,7469
4,1022
9,3046
4,2419
9,6162
9,1291
4,3314
4,1032
9,1003
9,6794
9,0791
3,7986
8,8465
9,7745
9,1844
4,2495
4,4502
3,6589
9,3735
4,9640
4,8808
10,0755
9,4340
3,6822
9,5806
3,9579
4,4434
4,0050
4,8259
9,2959
9,4323
9,4702
4,8684
3,8976
9,5018
4,2764
4,7201
9,6280
9,6561
9,3712
9,4822
9,1814
4,3689
9,2052
3,9107
9,1173
9,8391
4,2935
4,5375
9,4804
4,5775
4,0793
4,4559
3,4034
9,4138
4,6573
3,4561
3,7542
9,1034
4,1233
4,7766
9,7694
4,3670
9,6168
4,3330
4,4585
4,7723
9,2993
4,3343
4,3239
9,3938
4,6854
9,5149
4,3331
3,9694
9,6667
9,4567
9,5085
9,2921
4,0925
9,6941
9,2023
4,0604
3,5410
4,4090
9,4682
4,1492
9,5709
9,2442
9,4831
9,2837
9,4112
4,4614
9,3953
9,1154
4,4544
4,2346
4,8571
4,4187
4,2291
4,4000
4,8534
5,2965
4,0282
4,2579
4,7998
9,7467
3,9744
9,4534
8,9689
9,5223
9,7199
4,0130
9,8815
9,4207
4,1009
9,2653
9,4298
9,3471
3,8632
9,6093
3,9965
9,1587
4,1987
9,1531
9,0501
9,6947
4,7290
4,1311
4,5769
4,4549
9,5417
9,4309
9,5437
9,0214
9,3060
4,2242
4,7967
9,5580
4,3670
4,6563
4,2982
4,1201
3,9494
3,8872
9,2150
9,3749
9,1205
9,1686
4,9208
3,8917
9,5167
4,4208
9,5239
3,9337
8,5791
3,9476
4,2038
4,8798
4,1352
4,6921
9,8655
9,1718
4,6738
4,4034
4,3304
4,5762
4,4508
4,3613
9,0409
9,0551
9,4469
9,3337
9,3286
4,2087
4,1730
4,9034
4,3209
4,4868
4,8692
9,3641
9,5074
9,3221
8,9724
4,7057
9,4615
9,5733
4,6271
9,3622
9,7177
4,0893
9,7550
9,5967
4,3202
3,7597
4,3298
9,7320
9,0334
9,7533
4,4930
9,6170
9,2560
3,7119
9,6238
4,5619
4,4166
4,2639
5,0411
4,4645
8,8643
4,5052
9,2259
9,4840
9,1620
4,1470
9,3514
4,4123
4,1031
4,2990
9,1161
4,0389
4,1785
3,8526
4,1963
4,2168
9,7091
4,4109
9,1966
4,6433
4,0667
9,4394
9,4240
9,7479
8,8750
3,6987
4,7988
3,6733
9,2776
4,4735
4,3677
4,2973
4,2870
4,1790
4,3269
4,4552
9,0253
4,4834
4,4482
9,8167
9,1924
5,0716
4,7246
9,0461
5,0651
9,7433
5,0026
4,2550
4,4071
4,6413
9,2080
4,8805
3,8896
4,7994
10,0432
4,3708
3,9461
9,7533
3,9944
4,6762
4,4176
4,2162
4,1037
4,4065
4,4263
9,2677
8,7063
5,2289
4,4161
4,7987
4,7505
3,9401
4,0874
4,2409
3,8552
9,1082
8,8934
9,7360
9,3849
9,1181
5,0923
4,6882
4,0354
4,7754
9,3353
8,9660
9,2276
9,1373
4,7280
4,5446
3,9929
9,2554
9,6590
4,5328
8,7915
9,3839
4,1768
4,3189
9,7126
4,3659
9,4183
4,2299
4,6025
4,2219
4,5750
9,2495
4,2862
9,3479
9,4154
4,7796
3,9869
4,8193
8,8960
9,1796
4,4016
9,1052
9,6587
9,6713
9,6679
4,5407
9,1234
9,2631
4,9439
3,9669
9,7287
4,4276
9,6951
4,3611
4,0875
4,6224
3,7015
3,4395
9,5390
4,9233
9,5435
4,5047
4,1720
8,9804
9,3762
3,6891
4,4518
4,1499
9,9027
9,6305
4,2017
4,4339
4,6972
4,6819
9,1018
3,8372
4,4888
9,6956
4,3364
4,3526
8,5233
4,3536
8,9075
9,7426
8,9725
4,1877
4,4220
9,2939
4,6668
9,7915
9,0766
4,3671
4,8072
9,6633
3,8280
4,6909
4,5683
4,4341
4,3559
9,0172
8,8234
4,5123
4,4386
9,3558
9,1966
3,9578
4,5238
4,6661
4,1936
4,4229
4,0096
4,4714
3,7555
4,3279
9,4992
4,0111
4,8080
4,8233
4,4942
9,3786
4,0785
4,1555
9,1916
9,6410
4,6069
9,2906
4,7144
9,1988
9,5505
4,3175
4,3594
3,9124
4,3976
9,5713
4,8512
9,1856
9,7318
9,4425
9,2775
9,2302
4,1825
9,3270
10,1311
9,3680
4,2782
3,9872
9,3226
9,1564
9,1811
9,6399
4,0203
4,3004
4,2986
9,3653
8,9690
9,4792
3,6939
3,5463
4,3419
9,4487
4,3056
5,0051
9,5889
8,8660
9,7393
4,7558
8,9422
9,1715
9,1067
9,9861
9,1761
4,8784
4,3971
4,4215
9,1633
4,7282
9,3502
9,3558
4,2165
9,3412
4,3615
9,1548
9,0748
4,5532
4,1488
3,9165
4,7011
4,8528
8,9772
9,0905
9,3748
4,7422
4,6091
9,2473
3,9594
4,4812
9,3990
3,6402
9,4757
4,1211
4,7329
4,3612
4,1027
9,0329
4,5785
4,2217
9,3265
4,4248
9,2241
9,3414
5,0125
4,6741
4,6428
9,5451
4,4925
4,3588
9,7781
4,4872
4,6987
3,9034
4,3242
9,5194
9,6267
9,4532
9,6220
4,4252
4,5988
9,0897
9,7785
4,0618
4,7478
9,9033
4,2537
9,8865
4,4672
9,7105
9,3187
4,1212
4,2250
4,3175
3,8829
4,2936
8,9894
9,4291
3,6282
4,8642
9,4058
4,2319
9,7063
9,9824
4,8609
9,3011
9,6301
4,2376
4,5176
4,8289
4,3740
9,6425
4,5642
9,3507
9,0445
9,5313
9,9392
9,5966
4,0884
9,0737
9,9152
4,8063
5,1026
4,4610
9,2395
4,4191
4,5062
9,2957
8,9269
4,5363
3,6926
4,6172
9,2289
4,0798
3,9503
9,1803
4,1778
4,6391
9,3058
4,1591
4,0813
5,1238
3,6321
4,6040
9,2878
4,1266
4,2464
4,2952
9,5316
4,6530
5,0108
4,5792
9,1039
4,7131
9,5953
4,1564
9,5667
4,4203
3,9745
4,7044
4,7135
4,5699
3,8163
4,1101
3,8539
8,9441
3,8358
9,7444
8,9587
9,5673
9,4802
9,4733
4,3109
9,3655
4,3280
5,5656
4,5609
4,4148
3,7509
9,4803
4,2036
9,4652
9,3395
4,7741
9,7710
9,2438
4,1738
4,1625
4,1578
3,8442
5,0609
4,2995
9,2174
3,7892
4,4000
9,7235
4,3252
3,9405
4,6291
9,4001
9,6235
9,0862
4,4455
4,4289
9,2208
9,6651
9,5211
8,8715
3,8476
3,9444
9,5603
9,3250
9,1808
9,1981
9,0009
4,3765
9,2685
9,3921
3,8113
9,5657
3,9754
9,4854
3,7814
9,6311
9,8375
4,1408
9,8642
9,8095
9,5464
9,2950
4,4026
4,4058
4,3929
4,1755
9,8304
4,5453
3,9226
4,5423
9,2507
4,7365
9,4766
9,4880
9,6579
9,7273
4,3549
9,1278
4,2134
9,1682
3,8708
8,9739
4,8634
4,3320
9,2016
9,0346
4,6740
4,0002
3,9141
9,3741
9,6878
3,5775
3,8646
9,3955
4,5725
9,3013
4,0025
9,6014
9,6674
4,8817
4,2540
9,0808
9,2008
4,0877
4,7795
9,1657
9,4409
9,0444
9,6529
4,1481
4,6096
3,7902
4,5185
9,0382
9,4047
4,3614
9,5171
9,1676
4,1448
9,6431
9,5080
3,9481
9,4655
4,3785
4,1748
9,2911
9,6863
4,1969
9,8910
4,6871
9,1140
4,6357
4,1073
4,4090
9,7623
9,1448
9,4794
4,7671
9,2229
4,8008
4,5275
3,9389
4,6163
4,1393
4,1504
3,7146
8,9920
4,5707
4,4784
3,8342
4,9349
9,4223
9,7345
4,3873
3,8049
4,3459
9,4604
4,3952
8,9881
4,3025
9,3617
9,2407
9,7553
4,3123
3,8249
9,3490
8,9349
3,9381
3,8109
9,3177
3,9907
9,7459
9,6091
9,5289
4,4119
3,9071
4,9318
8,9967
4,4406
9,4724
9,7032
9,5178
9,7723
9,1581
9,1428
8,9611
4,7980
4,3083
4,8119
9,6150
9,0228
9,4544
9,4685
4,3409
9,0860
9,1482
3,8525
4,5737
9,6839
4,0170
4,3778
9,4662
4,2024
9,2491
4,4763
9,4004
3,4412
9,2460
4,0357
4,2424
8,8885
9,1496
9,4679
9,3885
9,5538
4,6016
9,9692
9,2291
9,2063
9,0066
8,9486
9,0714
9,6752
4,2579
4,0298
3,9171
4,5251
4,4337
9,7440
9,7013
9,5368
4,8259
4,4562
4,5905
9,4381
4,2530
4,0788
9,2079
4,4434
8,8329
9,8311
4,9532
4,1076
9,3426
4,4307
4,4502
8,9487
4,2131
4,1524
4,4608
9,4340
4,1589
4,3086
4,2853
9,9451
9,3982
9,4501
9,5171
9,6529
9,0383
4,2743
9,5763
4,3168
4,5096
9,0234
9,6796
9,4064
3,7545
9,2972
4,4831
8,7405
4,6722
4,3033
4,1285
9,8320
9,6262
4,8290
9,8020
9,3470
4,1744
9,6135
4,4932
3,5879
3,7591
4,5045
9,5058
4,4105
3,8471
8,8712
4,2416
3,9864
9,2682
9,4957
5,1925
4,0103
9,2699
4,7548
4,1729
9,4048
4,4364
9,1228
3,9589
4,4946
9,6809
4,3051
4,2043
9,8176
3,6996
4,7080
4,0853
9,5868
9,7738
4,4776
4,3737
3,6406
9,5905
4,4682
8,7853
4,1413
4,8892
4,5319
9,5175
4,4092
9,0235
9,2405
4,4185
4,5459
4,2467
9,9273
8,8696
4,1993
3,8767
4,6706
4,4148
9,3878
8,8046
9,1576
4,4304
4,2164
9,4439
4,5597
9,5642
4,5102
3,9068
3,8566
4,2999
9,3130
9,2730
9,0484
9,3249
4,3488
9,4666
4,2082
3,9615
9,6605
4,0593
4,2027
4,4735
9,6906
5,0266
9,2322
4,3877
9,7035
9,0850
9,3666
9,5651
3,9553
3,7137
4,5947
4,3006
9,2592
4,3799
8,9412
4,4751
4,0963
9,2453
4,4475
9,6266
4,4205
4,3204
4,5371
3,9125
9,7025
4,1776
4,2093
4,0348
9,4109
4,1762
9,7387
9,0764
4,6732
4,3760
9,4476
9,9109
4,4979
4,5489
4,6828
4,3102
3,9556
9,2466
9,0488
8,7144
9,2774
9,4601
9,6474
3,5832
9,6243
3,9945
4,1371
4,1419
9,1793
3,8322
4,5507
9,5849
9,7895
3,9684
9,3432
9,2959
10,0854
9,1878
9,3694
9,7316
3,6762
4,8221
5,0304
4,4023
4,5520
3,8856
4,0606
9,2050
3,7883
5,1443
3,8106
4,8802
9,8740
4,1636
4,1469
10,0337
9,2494
8,9078
9,3683
9,2200
9,8471
4,5018
4,2220
9,8278
5,2436
9,4962
4,6516
4,2745
3,6744
3,9785
9,4565
10,2337
4,4667
4,7282
4,2433
3,4984
9,3342
4,3428
9,5044
4,2071
4,5279
9,1190
9,9045
8,8536
4,7574
9,0484
4,8805
4,3812
9,3657
9,6596
9,6113
9,4610
4,3399
4,5393
4,5952
4,1667
4,4012
9,4622
9,6199
4,3037
9,0461
9,1253
9,0614
8,9018
4,6684
9,5084
9,6817
9,4606
9,7375
9,7718
8,7882
9,0422
9,2495
9,3695
8,9825
9,3471
9,6155
9,2189
4,2694
9,7698
4,5077
3,9935
9,4317
4,6405
9,5380
3,7471
9,2667
9,3574
4,3377
9,4273
4,5235
9,8235
9,3952
4,7458
9,3204
4,1190
9,8732
3,9111
9,2662
9,3733
4,1134
9,3208
9,6948
9,4850
4,5713
9,3084
4,1466
5,0157
4,5134
4,1016
4,1964
9,6515
9,1788
4,2418
4,1063
4,4263
9,7226
4,0750
4,1290
9,6588
9,1482
9,4510
3,9257
10,1189
4,1476
4,2701
4,7488
4,5759
8,9323
9,2805
4,4384
9,4587
3,6875
4,4675
4,0076
4,8449
4,2569
9,2914
3,6162
9,6519
9,6215
4,4052
4,3287
9,3601
9,4414
3,9792
4,2689
9,7371
9,1844
9,7391
4,7561
4,0793
4,8739
9,2064
9,0236
4,6460
4,9082
9,1170
4,7885
4,4388
3,9950
3,9341
3,7597
9,4742
4,2825
9,9110
9,6245
4,2048
9,2503
4,4701
9,6390
4,9217
4,1705
9,7128
4,1986
9,2975
4,2674
4,0945
9,5440
3,8393
8,7589
8,8823
9,0086
4,6517
9,5083
4,5213
3,6478
3,8932
4,6456
3,8082
4,5234
4,4333
3,4805
9,6946
4,2408
4,3281
4,2122
9,2917
9,3421
9,1163
3,7679
4,7031
3,8605
4,3468
9,5468
9,3999
10,0052
4,4870
9,6189
9,3888
9,4128
4,3801
4,4544
3,8917
3,6846
4,5979
8,9745
3,6778
3,9051
9,3002
4,2879
4,4903
4,1199
4,7682
4,4143
4,0451
9,6635
9,7295
9,6595
9,4114
9,5480
8,3273
9,1201
4,4680
9,2743
9,7104
9,7482
8,9830
4,0747
9,2718
4,1738
4,0622
4,5299
3,9239
4,3068
9,3301
9,2149
8,9126
4,4260
9,2489
3,8954
3,9460
3,7716
3,9680
4,6782
3,8586
9,9065
9,3915
3,9899
9,8321
9,0347
9,3029
4,2408
9,3009
4,3744
4,5089
4,8103
4,2371
4,5444
4,7763
9,4421
9,3785
4,6110
9,1258
3,9678
9,0718
3,9730
9,4379
4,3738
9,2930
4,5201
9,1593
4,2356
9,3481
10,2913
4,5739
4,1662
9,8302
4,3169
9,4041
9,1699
9,4949
4,5170
4,3827
9,4926
5,1141
4,5726
4,4542
4,5908
4,4186
9,6969
4,5639
9,1447
9,3184
4,1754
4,7097
9,4819
9,5684
9,3334
9,7740
4,4123
4,6253
9,7730
4,2365
9,8946
4,8832
4,1038
9,1297
3,8192
4,3853
9,3586
3,9738
4,7764
9,7254
4,4721
9,4125
9,3629
3,7416
4,7046
9,5488
4,5466
4,3365
4,4678
9,5344
9,4556
3,4668
4,1917
4,3158
4,1606
8,9184
9,8152
9,5146
4,3897
9,1813
9,4354
9,4709
4,1790
9,5134
9,7542
4,4726
9,3339
9,6641
3,2566
4,7584
4,1199
4,0311
4,5198
9,6105
9,4600
9,4600
4,5329
9,6362
10,0418
4,0944
3,9266
9,5698
4,5761
9,3447
9,6630
4,2290
4,1907
4,0208
4,4832
3,8012
9,8636
4,2643
4,9731
3,9913
4,0495
4,3179
9,3366
4,4444
4,2243
4,2134
10,0067
4,0414
9,4524
4,0058
9,0138
4,8786
4,0892
4,4564
10,0176
9,0795
3,3733
9,7697
9,2857
9,5357
4,6726
4,7247
4,6615
9,9110
8,8235
3,7233
9,5176
9,5188
9,0709
4,6632
9,3163
5,0730
9,2058
9,5259
4,0035
3,6002
4,2047
4,7627
9,3618
4,1642
4,2292
8,9058
4,1502
3,6212
4,1305
4,1764
3,9930
4,4463
9,4685
8,8332
9,8237
4,6174
9,5573
9,3395
9,7158
9,7049
9,4995
4,1995
4,4237
8,9862
4,3997
3,8252
9,7297
4,3145
3,8648
4,5559
9,8833
4,5208
3,6701
9,6546
5,0043
9,5337
4,5287
9,4690
9,2727
4,2537
4,6506
9,0233
4,1093
9,4060
4,3825
4,6176
9,8522
9,2687
3,8618
9,7271
4,9896
4,0487
9,4647
9,5182
4,5426
9,7583
4,8920
8,9619
4,1991
4,7895
9,3517
4,8832
4,4176
4,2912
9,3004
4,0621
4,4755
9,6648
4,3026
9,4533
9,4922
3,7937
9,8597
9,6442
3,9133
9,2122
9,6673
9,4219
3,9001
4,2042
3,7504
9,5307
4,7222
4,0438
8,9164
4,2982
3,8711
9,2332
9,1744
4,3781
9,7457
4,1577
9,7778
9,1760
3,9407
9,0036
8,9565
4,2561
9,3399
4,0146
4,4767
4,5256
4,9476
5,0989
3,9746
4,5701
9,9203
9,2504
4,5544
4,8180
9,5089
9,4887
9,3151
9,4069
4,5126
9,8360
4,1689
9,1228
4,5299
4,0090
4,3617
4,4595
3,6506
8,9748
4,6885
4,5663
9,4055
9,2106
9,3416
4,5109
9,1443
4,3545
9,9773
4,0602
4,3806
3,8265
5,0508
4,4957
4,6780
8,9750
4,7552
4,5381
9,2878
4,2516
8,5988
4,5506
3,7682
9,1024
9,1933
3,8784
4,1292
4,1863
9,0580
4,1316
9,0572
9,2484
9,5185
8,9764
4,0841
9,5313
4,2711
4,3218
9,8467
3,7991
4,6710
3,9475
4,7370
4,2265
4,4375
4,2519
4,4622
9,1767
9,1312
8,8868
3,9879
9,5141
8,9842
9,1890
3,9462
4,4737
3,8560
9,0335
4,6501
9,8443
9,2081
4,8781
9,6640
9,5472
3,9361
4,2378
4,1485
9,2098
9,3223
4,7428
3,8758
4,3322
9,0241
9,6117
8,8174
9,7525
4,5861
4,6720
5,3623
4,7012
8,9938
9,0851
4,0569
9,1990
9,6305
3,6199
9,0527
4,6460
4,2589
4,5083
4,2573
9,6706
9,1721
10,1788
9,1130
4,3559
9,4066
9,2731
3,9509
9,8992
9,4777
4,1336
4,3440
4,5168
3,8745
4,5304
4,3292
9,4260
3,9399
4,9265
9,2251
3,9841
4,1213
3,9181
4,1821
9,5325
9,6965
3,9821
9,8014
9,0948
4,4539
9,3878
3,9202
9,7620
9,5516
9,8317
3,9901
4,6607
9,9963
3,6951
4,1756
9,5144
9,4172
9,3903
4,2909
9,0454
4,4773
5,0396
9,3971
3,3946
9,4402
9,6997
9,2330
9,8339
4,0640
4,3804
4,5485
4,5388
9,4506
4,4878
8,9870
9,1254
4,2747
9,0284
9,6516
9,2500
4,3162
9,2803
9,2799
4,5862
9,1561
9,5220
9,2031
9,4405
4,8246
9,4295
4,1571
4,5394
4,4756
9,7764
9,3918
9,4971
5,1455
3,8842
4,2459
4,4365
3,9333
4,7062
4,1454
9,6599
5,1384
9,2615
9,2613
9,3992
4,5154
4,4344
9,4054
3,5318
4,0354
3,9242
3,6924
9,3660
4,0809
4,3631
4,0093
4,2374
4,1324
4,2585
9,1921
3,7657
9,2472
9,2062
4,3868
4,2830
9,9694
4,5856
9,5483
4,4842
4,4447
9,8659
4,6177
4,1287
9,4864
3,9969
4,2908
4,4706
9,7040
3,8335
9,4954
4,7376
4,0492
4,1455
8,8081
4,6257
9,5629
4,1079
4,0634
9,5418
9,1210
9,8177
9,2728
5,0475
4,5682
4,6191
4,4961
9,5230
9,5687
3,9892
9,3346
9,2039
9,3158
3,9893
4,2095
9,2064
4,7573
9,9083
9,3272
9,4475
9,7655
9,7379
4,5279
9,7222
4,8020
9,1922
9,0045
4,3007
9,3674
9,4379
9,1611
4,3258
9,1766
4,5878
9,2854
4,5827
4,4364
9,3827
9,3630
8,7077
4,1019
9,2913
4,1618
4,0096
3,8254
4,1213
9,4538
4,9308
9,2841
4,1090
9,5302
9,7655
9,2099
9,9505
4,6203
9,3147
4,3468
9,3065
9,3192
4,3205
3,3464
4,3559
9,8151
9,2755
3,7252
10,2178
4,0773
9,2375
9,6916
9,4508
5,1248
4,4954
9,3942
9,5397
3,8969
4,4397
4,4863
9,4484
4,3342
4,1829
4,1648
4,6931
4,6714
9,3556
9,5748
4,1924
4,3883
9,6378
9,5245
5,0509
4,3404
9,8035
9,4083
9,1296
9,6777
4,3662
9,4552
3,9912
4,3732
9,6801
3,7702
4,2722
4,1814
9,3106
3,9531
4,0326
3,8363
4,8573
9,9144
9,7631
4,3549
4,5905
4,5189
8,8365
4,0578
9,5356
9,1779
4,2794
4,0809
3,6746
9,5972
3,6915
4,3681
5,1092
9,7144
9,1963
3,7259
10,0086
9,6283
5,0659
3,8138
4,7570
4,1545
3,8303
9,0712
3,8880
4,5081
9,3760
9,4573
10,0722
3,9835
3,8779
4,6679
4,3425
9,6882
9,4932
4,4505
4,3349
9,3884
9,6277
4,5297
4,4174
9,2017
3,9165
4,4252
9,6917
4,5410
9,2506
9,4485
9,8372
8,9428
4,1049
4,2905
4,6360
4,6751
4,0080
9,6484
4,9336
9,3893
4,6952
3,7812
4,2982
3,7178
4,3427
4,6023
4,2302
4,8260
9,2466
8,7666
9,5141
3,9138
9,3856
9,7362
9,5824
9,4800
9,8098
9,5770
9,7435
4,6178
3,9686
4,4836
4,9425
9,2215
8,7473
4,5485
4,7167
4,5350
9,5166
4,2580
9,7721
4,7096
4,4112
4,7721
4,5443
4,4686
9,4558
4,1076
9,4073
4,4079
3,9880
4,3474
9,4734
3,7969
9,4387
9,2988
9,0427
4,3923
9,8533
9,8751
3,7713
4,3217
9,3680
9,6209
9,1727
9,6269
4,3474
9,2515
9,4002
4,0420
4,3350
4,6472
9,4603
8,9629
8,9649
4,0290
8,7538
4,6160
9,3341
9,4633
4,0872
9,6656
9,2079
4,1924
9,7397
9,3093
9,5137
4,1532
4,4715
3,8151
4,7198
9,5367
3,9516
4,5299
4,3042
9,7096
9,5100
9,5450
4,1189
9,6110
4,4378
9,6167
8,9560
4,6015
4,3742
9,4266
3,9977
9,3943
9,1832
9,6807
9,5537
4,7347
4,3675
9,6954
4,6961
9,6661
4,0796
3,6736
9,3267
4,6306
8,9147
9,3745
9,8870
4,5052
3,8326
9,3741
3,9923
4,3333
5,0595
3,7820
9,3793
4,2825
9,3747
9,2632
3,9112
9,2688
10,1948
4,2947
9,3259
9,1689
9,3431
8,6382
4,2141
3,5154
9,9082
9,6606
9,1867
4,4999
9,9142
9,2086
4,6640
4,1204
9,2720
4,0602
4,2886
4,7421
4,8269
4,4845
9,1936
4,1303
9,3052
4,4400
9,3394
4,5779
9,5900
4,0202
4,6330
9,7564
9,4735
4,3020
9,6008
4,2974
9,5670
4,7259
4,1698
3,8770
9,3822
4,3139
4,0971
9,1102
9,5523
4,5393
9,4536
9,9895
4,5657
4,5653
9,4428
3,6276
9,3322
9,1184
3,9253
4,4280
9,3585
9,2838
8,9014
4,4595
3,6515
9,7070
3,6984
9,3878
9,1606
8,9917
4,3222
4,5093
9,3315
4,2854
9,2634
4,8333
9,8278
4,6699
9,4781
9,3625
4,5102
4,0352
4,5536
4,5951
4,2407
9,2969
4,5586
3,8391
3,9223
4,0940
9,1778
9,0637
4,6190
3,9041
3,8359
4,7642
4,0405
3,7034
9,4766
9,3637
9,4084
4,5479
4,1610
4,1341
4,7647
9,4767
9,4930
4,3320
9,5335
4,5153
9,8200
9,1347
9,4150
9,7973
9,7052
4,3333
9,6163
4,0855
4,2910
4,5222
9,7048
3,6330
4,2204
9,8065
3,7174
9,9943
4,6289
9,2607
9,7252
9,7425
3,7975
4,3720
4,2395
4,3439
9,6341
4,6159
3,8879
4,0313
9,7379
4,2630
4,2172
4,2592
9,9092
4,4345
9,3435
4,3239
4,6313
5,1148
3,8104
9,3971
4,5604
9,1407
9,3953
4,8140
4,5748
9,3773
3,5690
3,6317
4,2289
9,1912
4,1872
3,6742
4,4280
3,9365
9,5242
4,8085
4,4997
9,0632
3,7866
4,7508
4,8808
4,4573
9,5498
9,8668
9,3333
4,0776
9,0426
9,7119
9,3487
3,7645
9,1749
10,0714
8,8533
9,5160
8,9765
4,3534
9,4437
9,6174
9,8531
4,4082
9,3586
4,2829
4,8325
3,9069
4,4930
3,9452
4,4694
9,4523
8,7163
4,4168
9,1386
9,2901
4,5300
9,5653
4,3433
4,0197
8,9784
9,7413
8,8653
9,0344
9,0353
9,8612
4,5352
4,7430
9,1967
4,5582
9,1906
4,1705
4,1911
9,8287
4,1568
9,4181
4,1639
4,1068
4,2920
9,1577
9,2029
4,9726
9,1232
4,2418
4,0966
9,0622
9,8539
10,0927
9,1712
9,4978
4,0985
9,6950
4,4497
4,3975
4,6027
9,4056
4,6411
4,5589
4,1664
3,9832
4,8602
9,4319
5,1683
4,1684
3,6370
4,0812
4,0483
3,7721
9,6142
9,4818
4,6044
4,9378
4,4032
4,3870
4,1566
4,5752
4,1378
9,4003
9,8508
8,9810
9,5724
9,4768
9,7025
9,6997
4,5334
9,4500
3,7211
8,8380
4,0584
9,1563
4,5060
8,8614
4,3484
3,9686
9,7148
9,3334
9,2832
4,5612
9,2528
4,7840
9,1768
8,9731
4,1339
9,6727
4,5103
3,7810
3,9063
4,2903
4,6167
9,3716
4,7698
9,4930
4,7267
4,7033
4,0550
9,5640
9,2414
4,6499
9,5460
4,4800
3,6236
4,6502
9,6303
9,8055
3,8687
4,8155
9,3360
9,7023
4,4083
9,6059
9,3496
9,7563
4,0095
4,4349
9,4066
4,2416
9,4140
4,3221
9,4787
9,5560
9,4114
3,4940
4,1785
9,6483
9,1284
9,5366
8,8771
3,9754
9,3631
9,5204
9,3463
9,4028
9,2966
9,2157
4,3130
9,4366
4,1434
9,8138
4,7676
4,0143
9,0161
4,9023
4,5173
9,4425
9,4004
3,8612
9,4158
4,1852
8,9643
9,3964
4,5669
3,8409
4,1519
4,2374
4,0750
4,1723
3,8081
9,4909
9,3046
4,0172
8,9625
9,4418
3,5216
4,0493
10,0526
5,2975
9,4856
9,1599
3,9970
4,2112
9,2510
3,5632
4,1154
10,1413
9,0406
4,5919
4,3607
9,1406
4,7743
4,4299
4,7052
9,6943
9,2547
9,4444
9,5649
4,0937
4,2877
3,7603
4,5982
3,6423
4,9071
5,0139
9,7686
3,9286
4,2752
9,6189
9,5071
4,1122
9,4946
9,4033
3,8407
4,3839
8,9457
4,0474
9,6088
9,5202
4,0468
9,6045
4,3710
4,6849
9,2728
9,7030
4,0187
4,5101
9,0520
9,3727
4,4429
4,9620
4,1229
4,0583
4,0101
4,0980
9,7374
9,5865
4,3438
9,3256
4,2643
4,4796
9,5421
4,3227
4,4460
4,0696
9,1048
9,5754
4,1879
4,0555
3,8326
4,6430
4,7674
4,6556
4,3915
8,9854
9,6502
3,8841
8,9475
4,2694
9,6715
4,6988
4,1484
4,5260
8,5032
9,7695
4,2029
4,2244
3,7547
4,6295
3,7547
3,8004
9,3105
9,0924
9,3897
9,1066
9,1601
9,1637
4,1311
8,7539
3,6935
4,4854
4,1911
4,0531
4,2953
4,6696
9,7145
9,7339
4,3196
3,9877
4,5637
4,7453
4,2039
4,4236
4,1813
9,5777
9,7518
3,8521
4,3008
4,1542
9,5498
4,4035
3,8078
4,5405
4,9435
4,7101
8,9974
9,0079
4,0270
4,4625
4,5840
4,7145
9,1606
9,4914
9,4988
9,0081
4,1095
4,0696
4,4605
9,8939
4,4129
4,2564
4,1754
9,3585
9,4109
4,7752
3,6398
9,1443
4,1894
9,6135
4,2403
4,1435
9,1987
4,3285
4,7798
9,3908
4,5715
4,1166
4,3140
8,8585
9,6027
9,3847
9,6074
4,7650
3,1456
3,8185
3,7381
3,7885
3,7966
4,3825
4,5765
9,5470
4,0834
4,5917
9,2431
4,4846
9,1964
4,4992
4,2856
4,2098
4,4575
4,4360
9,1869
9,1317
4,2849
4,5134
4,9858
9,5235
4,3863
3,9526
4,7938
3,8081
4,5839
4,5322
9,0101
3,9847
9,1000
3,9744
3,8649
9,8011
9,1566
9,5943
9,3929
9,5935
4,4507
4,1615
9,0917
9,7813
9,4603
3,7387
4,1352
4,0922
4,1887
4,4752
9,6484
4,1997
9,2465
9,7167
3,8505
4,8147
4,1641
9,6308
9,7987
9,4369
8,9833
9,6023
9,3396
9,6742
3,8033
9,1370
9,3122
9,2765
9,5827
3,7045
9,3053
4,6692
4,8417
9,5424
8,7120
4,2002
9,5631
9,5212
4,2725
9,5155
9,4940
3,6904
9,0335
9,7534
4,4934
3,8786
4,4793
9,8227
9,3317
4,7358
3,8374
8,9872
9,1407
9,1539
4,4443
4,2899
4,3448
9,3104
9,4244
4,0367
9,0677
3,8679
4,3642
9,0678
8,8749
4,5554
4,1491
4,1815
3,9744
4,3694
4,9032
8,9982
9,4546
4,3277
4,4378
4,0167
9,6996
4,3315
4,2788
4,7415
4,6978
9,3672
4,2844
4,2777
4,5173
10,1520
9,2190
9,9113
9,4000
9,7369
9,3339
4,2905
9,1606
9,6147
4,5623
4,3172
4,6949
9,6053
3,6281
4,0409
9,3861
3,9277
3,5470
9,0887
9,1941
3,9369
9,2945
4,2421
4,4446
4,2001
4,3674
9,2004
4,3297
9,1413
9,2767
3,8279
4,2147
8,9117
3,9381
9,6065
4,7206
9,9629
4,6808
9,4831
4,4685
4,5588
4,9583
4,1896
4,4120
9,0854
4,1377
8,5467
9,2885
4,6890
4,4432
4,3955
4,0915
8,7828
4,1241
4,2543
4,4555
9,4132
3,6572
3,8941
9,0260
3,8256
4,2629
9,7376
9,5036
9,2686
4,5441
4,1463
9,4040
4,0067
4,2623
9,3433
4,5089
9,5937
3,6297
9,1058
9,5381
8,9411
4,2059
4,4571
4,3033
9,5126
4,4701
3,9297
9,1275
9,1818
4,4091
9,4856
9,6782
8,9648
9,0063
9,4934
10,1464
4,3542
4,7280
9,3692
5,0297
4,3765
4,1797
9,6497
9,0236
4,1146
4,1807
9,5526
9,4236
4,0249
4,5810
4,7235
9,5877
8,5242
3,3912
9,3120
4,3864
9,3009
9,2085
9,8127
9,2062
4,6955
9,4597
4,3565
9,1600
9,2333
9,2506
9,6443
4,5374
9,5512
9,3712
9,0883
4,0952
4,5990
4,4583
9,0899
4,0171
4,2109
4,1525
4,2048
9,4346
4,2048
9,4067
4,1213
4,0891
9,7666
9,2021
3,8686
4,5027
4,1968
3,8619
4,9244
9,4144
4,4703
9,5623
9,7571
4,7523
9,7507
9,1702
9,1197
4,8076
8,9326
9,0747
9,2481
9,6819
4,1760
9,0679
3,8768
4,4388
9,1720
9,2310
4,2678
9,3841
9,1901
4,2072
9,3804
9,7149
9,0376
9,7100
9,4182
9,6094
9,3611
4,7335
4,5928
9,2993
4,0014
5,4383
9,5151
9,3547
4,0500
9,3334
9,6650
4,4510
4,5631
9,7724
4,0548
4,4032
9,3951
9,4998
4,2351
9,9384
9,7700
4,5989
4,2665
4,1612
4,3364
3,8917
5,1493
9,4060
3,9326
9,4042
9,0493
9,4579
4,4361
4,3352
4,3634
9,9405
3,8529
4,5675
4,2328
8,9246
3,9131
9,2142
9,2570
5,0231
4,5296
4,0281
8,8850
3,8407
4,1752
9,1945
8,8699
4,1385
9,5188
9,8255
4,4557
9,2922
9,5330
3,7049
3,9814
8,7261
4,1273
4,7295
9,3871
9,3096
3,5399
9,6111
9,2043
4,1173
4,3904
9,4133
9,4038
9,7098
9,4568
8,7325
4,5339
3,9538
9,3653
9,3075
3,9730
4,8754
3,9751
4,4081
4,1054
4,4531
9,6529
4,1006
9,3386
4,0168
4,6649
9,6895
3,9166
5,1290
9,3601
9,1989
9,7302
8,6276
3,6967
3,8223
5,0340
4,3533
4,4864
9,9491
8,9196
9,6113
8,7017
9,5300
9,4378
4,7090
9,4402
9,8504
4,3897
4,6897
4,4926
9,1728
4,5631
3,2498
4,1110
4,2160
9,2123
9,9107
9,8494
4,2919
4,2572
9,4206
9,6926
9,6930
3,9550
9,5863
9,5342
4,1584
9,0820
10,0033
4,2737
9,3633
8,5728
3,9136
8,7668
4,2035
9,6456
4,3973
4,3692
4,3915
3,7620
9,2343
4,7993
3,8529
9,5963
9,3478
9,5488
9,5220
9,4858
9,4995
9,1437
4,0611
9,4948
4,8432
4,7621
4,6790
9,1759
4,6897
4,6245
4,5963
9,4181
4,0561
9,4047
4,3574
9,2895
9,7267
9,0217
8,8486
9,6727
9,2421
9,5411
9,7939
4,6136
3,8748
9,3335
4,6277
9,8946
3,2815
4,1967
4,1381
9,5034
4,0004
9,8989
4,7099
9,8851
4,5398
3,4351
9,6364
3,4337
9,5189
3,8776
3,8218
9,3203
3,5255
3,9033
9,9559
5,1509
4,3573
9,5106
3,9362
9,8347
4,0633
9,6231
3,7739
9,2092
9,5108
3,5837
8,9519
4,0496
9,4954
5,0740
9,3638
9,6199
4,3514
3,7737
4,3885
9,4317
9,9741
8,9287
3,8718
4,0670
9,2849
5,0199
9,6941
3,6651
4,4326
4,3034
3,6892
9,0302
4,5445
4,3647
4,8608
4,5554
4,5019
4,2576
4,0323
4,1223
10,1397
3,8749
9,3303
9,2972
9,5584
4,6303
4,1028
9,3798
9,1073
9,5187
4,3027
4,6094
4,5969
4,2118
9,0452
4,4737
3,9547
9,6549
4,3460
9,5538
4,9899
9,4089
9,6448
9,4834
9,3068
9,1554
4,3052
4,0368
4,5584
4,8069
9,4981
4,3984
9,6127
4,1632
4,9026
4,7759
4,4857
4,2161
9,3029
10,4661
9,4674
4,2552
9,8536
9,5552
4,7362
3,9106
9,4328
4,1717
9,1247
4,4852
9,4020
8,7020
4,5432
9,9507
9,2920
5,0464
9,0820
4,2925
9,1106
9,4957
3,8432
3,9245
4,8207
4,0413
4,5399
4,4433
9,3367
4,0269
9,9347
4,2839
3,8429
8,9168
9,2300
9,3550
4,3136
9,3792
4,5955
9,3344
9,0646
4,3708
9,5865
5,0399
3,6909
9,9246
10,0945
9,5585
8,8918
4,8500
4,9831
9,3590
4,5434
4,2133
4,7149
4,1739
4,3402
9,0393
9,4253
4,1721
9,7594
4,1277
5,0661
4,3451
4,4699
4,4737
9,2407
4,7992
4,1986
8,8690
3,8195
9,8755
4,7100
9,4485
3,8854
9,2995
10,0702
4,6111
4,3683
3,8967
4,3080
4,0946
4,6314
9,6876
4,6487
8,7225
9,0556
4,9232
9,2259
8,6523
9,3367
4,0367
4,2271
4,5590
9,3287
5,0472
9,6063
9,2971
9,1453
9,5732
4,5733
9,8937
9,1733
9,6658
9,4453
9,3970
4,1709
9,0127
3,2795
9,1595
4,0807
9,6246
9,9407
9,5072
8,8623
9,4933
9,5231
4,0336
4,6827
9,8411
3,9205
4,3238
4,3915
4,3316
9,8209
9,5774
8,6967
9,6755
4,1115
4,7157
9,1189
3,8433
9,0331
10,0013
4,3107
4,0911
4,3700
10,3441
4,2126
4,5686
4,4980
9,4374
3,7398
4,0728
9,6072
9,9231
4,1699
4,5797
9,5366
4,1303
9,0608
3,9026
3,5772
4,1114
9,2968
9,1282
8,9186
4,4914
9,1267
10,0283
4,4489
9,3237
4,1577
9,7404
4,1663
9,7748
9,0224
9,4169
4,2027
3,9296
9,3156
4,0780
9,2507
10,1055
8,9844
4,0970
4,6110
4,1301
4,6504
9,5496
4,0122
9,3083
9,5342
9,2119
4,1553
4,3213
4,0463
9,5343
4,9175
4,4595
9,2942
9,4580
3,9431
4,3407
9,6033
9,4388
10,0393
4,4883
9,4283
4,4732
9,5395
4,2644
9,5202
4,4816
9,4699
9,6229
9,8177
4,2203
5,0040
4,9017
9,3058
9,2847
9,3104
9,0850
4,6623
4,3507
4,2522
4,5083
4,5501
8,9846
9,6509
4,3469
9,4453
4,2591
4,5408
9,0095
4,1450
9,6541
9,6686
4,0404
9,9773
4,5692
4,4380
4,6461
9,1721
9,2827
9,5697
3,4425
3,9302
9,3342
8,8872
4,3766
4,5906
9,3586
3,9167
9,5959
9,4030
9,6247
4,0955
9,6677
4,3440
3,8835
9,7932
4,4898
9,9203
8,8835
4,3201
3,8889
4,0316
4,2576
4,5203
9,5295
4,0356
4,3000
9,4356
4,3777
4,2192
4,1674
4,2732
9,6143
3,3368
3,8697
4,5089
9,1806
4,1418
3,9719
4,6398
8,8678
9,4322
9,5578
9,1662
4,4200
9,5378
9,3645
9,5341
9,3420
4,2359
4,4386
9,8369
4,6536
4,4865
9,3128
4,5019
9,6311
3,4352
4,0506
4,0415
9,6850
4,1514
9,2778
9,5374
4,9191
4,0995
4,5295
9,5337
9,5108
9,5176
4,2264
4,8527
4,3634
4,3196
3,6576
4,2980
4,3577
4,1041
9,0387
9,1479
9,6857
3,9334
9,2113
9,5957
3,8727
4,5191
9,6615
9,0425
9,6181
4,1371
9,8866
8,5282
9,2807
4,3269
9,7315
9,6577
9,1117
4,2877
4,5269
4,1676
9,2876
4,7387
9,3342
9,7322
4,6649
4,8004
9,3468
4,6418
4,3257
4,4427
9,2936
4,6070
9,5258
3,9249
9,6060
4,6801
9,1047
4,5210
4,3674
4,8478
4,2310
4,4053
4,5104
4,5606
3,6369
9,8308
9,0958
4,6570
4,5334
4,6147
9,3213
4,0400
4,3019
4,5734
9,3824
9,2460
4,1561
3,7978
10,2897
8,9949
9,6498
4,3938
9,7532
9,0590
4,6116
4,2367
4,4313
3,6543
4,6449
9,2164
9,5043
4,4801
4,9336
4,3678
9,5805
4,4023
9,3219
4,2982
3,8039
3,9264
4,5479
4,8207
8,7977
9,3410
4,5697
9,9979
9,2688
4,3044
4,2758
4,4660
3,9033
4,0948
9,2902
8,9860
9,7508
9,6124
9,2199
4,8059
8,9851
4,3746
9,3934
5,0695
4,4432
4,3306
3,6180
4,0505
4,0942
5,1197
9,5817
9,9079
9,3541
9,5153
8,9363
9,0385
4,2846
4,2311
4,9346
9,6484
9,5840
4,0320
9,6973
9,6884
4,6644
9,8504
3,6534
9,0258
9,2514
9,3151
9,8390
4,6312
9,7802
4,7427
9,5060
4,3063
8,7378
9,1549
9,4300
9,5583
4,4830
8,9410
9,2008
9,8261
4,5162
4,4903
3,9334
3,8502
4,2337
9,3688
4,1476
3,8911
4,3388
4,0315
4,9988
9,0003
8,7975
4,8274
9,3800
9,9181
9,6946
4,4790
9,0693
9,6786
4,2428
10,0388
4,8155
4,7110
9,7309
3,8471
9,3928
8,9823
9,3145
3,6736
9,3025
9,4031
9,3088
9,1868
9,4557
9,2916
4,5670
9,4538
4,2815
9,4703
4,0827
3,9691
4,3477
9,5731
4,7041
4,4047
3,9678
4,0754
4,0331
4,4481
9,0168
9,3143
9,3896
9,2012
4,1144
9,5393
9,1981
4,2566
9,0680
9,7847
4,2818
9,6655
3,7253
9,4378
4,5689
4,2929
4,4096
4,3149
3,9540
4,7147
9,7210
3,8336
9,6471
9,5464
8,9823
9,0755
4,3724
9,9050
9,2427
4,3865
9,1591
4,5174
9,4107
4,6445
4,4835
9,1506
4,4349
4,4166
4,7201
3,5139
3,7637
4,0715
4,7703
4,3410
4,2617
4,6276
4,8124
4,2250
9,3261
9,6745
4,6924
4,4213
4,4020
9,1580
9,4166
4,2417
9,7513
8,7680
9,9827
4,2585
9,1164
4,1795
9,4827
4,4328
9,9591
9,2570
9,8080
9,4289
9,2331
9,3850
4,2756
3,5961
9,5367
9,6065
4,6645
9,2970
4,5395
9,5994
4,0166
4,4133
4,2389
9,3509
3,7258
9,4353
3,5934
9,2471
3,8757
4,3162
9,5303
9,6868
3,8677
4,0304
4,4001
4,3220
9,5168
9,2222
3,6775
4,1990
4,4824
4,0793
4,2734
4,1067
3,7188
3,8094
4,3349
9,6087
4,4408
4,1633
4,7796
9,2051
3,9191
3,7530
9,3213
9,7945
4,3957
4,7948
5,4422
10,1835
9,2889
9,2289
4,1059
9,7555
9,4509
9,6597
9,3042
9,5560
4,7509
9,1062
9,6630
4,0598
9,2647
9,0016
9,1685
4,4995
9,4100
9,8274
9,1434
4,6930
4,0258
4,2355
4,8192
4,2965
9,0324
9,2716
9,4311
4,2402
9,3398
9,1947
3,9896
8,6882
9,2842
9,4456
4,0128
9,8273
4,4767
4,0854
9,3044
9,3212
4,3863
4,2875
4,6911
9,4028
3,7831
4,6800
9,2484
9,3971
9,1098
4,2106
9,5169
3,8700
9,4824
4,8427
9,3403
4,4206
10,0670
9,5312
4,2704
4,8926
10,0295
3,9220
4,1707
9,7465
4,1622
4,0410
4,8414
9,5932
4,2886
9,3876
9,2963
4,7179
9,3705
9,1827
9,1075
9,2675
8,9189
4,4471
9,7041
4,1638
4,5534
3,8078
4,1623
4,3919
4,1038
9,0104
4,2268
4,3111
9,3562
4,3153
8,9716
3,9375
9,5074
9,6797
4,2010
9,8716
9,2135
4,3715
9,5958
4,2018
9,3801
4,0515
4,5419
9,6809
4,5022
3,6709
9,3878
4,0338
9,6931
4,0153
9,2316
9,5104
9,2537
5,2059
3,9774
4,5083
9,5706
9,2369
9,1446
9,5323
4,3763
4,3444
5,0052
4,5206
4,6369
9,3222
4,3738
3,2472
8,9753
4,2673
4,5604
4,2267
4,2893
8,9701
9,1500
4,5981
9,2076
4,4808
3,8456
4,2478
4,5082
4,5570
4,0246
4,1131
9,6273
9,3573
9,4940
4,2693
4,0936
9,3830
9,1029
9,8609
3,9307
4,8761
3,6809
4,2220
4,6870
4,2427
9,0582
4,5859
4,4250
4,3267
10,0171
4,2676
3,6722
4,7337
4,5385
9,9118
9,7118
9,9439
4,1322
3,6629
9,5115
4,5938
4,3554
4,4805
9,4985
3,5858
9,4214
9,3896
9,6101
4,6641
4,5683
4,3545
4,0639
8,7336
9,8456
4,6866
4,1169
4,0621
4,1683
9,4216
10,0245
4,3042
9,6829
9,3243
9,0514
8,8095
9,1357
9,1493
9,9659
9,2124
4,5749
4,3256
9,5764
4,5267
4,5688
4,8290
4,7742
9,7524
4,3645
4,1155
4,1391
4,4696
4,1907
9,7046
4,3647
8,8204
4,5864
5,4085
4,5999
9,1463
9,0576
9,1622
9,0442
3,8528
9,5155
3,9583
3,7895
4,1580
4,3691
9,7983
9,4467
4,4336
9,2813
9,2587
4,1820
4,2435
4,8528
4,5989
4,1402
5,1725
9,3937
4,0921
9,3968
9,1947
9,7168
4,6269
9,4436
4,7745
4,0097
9,0161
9,5435
4,4754
4,1971
4,4764
3,5637
9,4689
9,8338
4,1862
4,5632
9,6157
4,0883
4,4821
9,6311
4,0457
3,7065
4,1142
4,5981
4,1694
4,4582
4,1966
8,9746
4,0755
4,1717
4,3679
4,3299
4,2480
4,4867
4,6717
4,2505
9,7374
4,1813
3,7945
4,4433
9,9588
9,5517
9,3674
4,3359
4,7295
3,8788
4,1006
4,4658
3,8578
8,9800
9,5081
3,7884
4,1075
9,6339
4,4505
4,4897
8,7481
9,5262
4,5331
9,5871
4,1684
9,6721
4,4022
9,2073
9,6397
9,1161
9,6074
4,9018
4,2178
4,2374
9,3412
4,8518
9,7232
9,6599
8,9045
3,8738
4,1547
4,5893
4,2621
8,9011
9,1154
9,6573
4,0560
4,2015
4,2549
9,6947
4,7725
9,4868
9,0245
9,6376
9,1881
4,5279
4,6350
3,9803
4,5292
9,1492
9,3079
4,4862
3,9100
4,4607
9,2991
4,3533
9,2273
9,7791
3,6396
9,7103
4,4836
9,3466
4,9187
9,3920
9,5562
4,8943
4,7321
9,5454
9,1942
3,9705
4,8921
4,1435
4,1582
4,8549
4,2756
3,9323
9,7817
4,5322
9,4208
9,7707
4,0730
4,3918
9,3940
4,2412
9,5289
9,6673
4,1983
3,9381
8,8473
9,2478
9,0271
8,8805
9,2721
4,8884
4,0570
8,7179
9,1816
9,2013
4,0812
9,7417
9,8277
4,8020
9,6751
4,3685
3,9042
4,6962
4,2335
9,2229
4,5056
9,1615
4,2241
9,4553
3,8945
9,3407
4,0538
9,4427
4,4709
9,7357
4,3028
9,2768
9,4207
4,3359
3,7424
9,2105
9,1539
9,3865
9,3613
4,2381
9,3522
9,4379
4,9325
4,6982
9,3621
9,9628
3,7539
9,6402
4,4387
9,6492
9,3567
4,9202
4,2223
9,6460
9,0849
4,1975
4,4060
9,4871
9,4017
4,4743
4,0224
4,0785
9,6475
8,8846
9,9761
3,9359
9,4162
8,5782
4,9868
4,0210
9,3204
8,9398
4,5621
9,5841
4,3334
9,0692
4,2578
8,9312
4,6415
4,6502
9,6269
9,1337
4,0439
9,0937
9,9849
4,3971
4,6458
4,0376
4,3124
9,3115
4,1540
4,3182
4,2979
4,4741
9,9566
3,9205
3,9515
9,5104
9,3631
3,9076
9,3031
4,5893
4,3433
4,4669
4,0095
3,9861
9,9696
4,3388
9,7018
4,2115
9,5591
4,8887
9,8528
9,2563
4,0038
3,9871
4,3094
9,5670
4,2113
9,7302
4,9897
9,5657
4,3526
3,6069
8,7501
4,1499
4,4156
4,8816
4,2730
3,8695
3,7995
4,3590
4,7352
9,7522
4,2360
3,8900
4,4075
9,4623
9,7396
4,1473
8,6604
4,3968
9,2800
4,1035
4,3734
4,0740
9,4230
9,7577
9,0449
4,5074
3,8679
9,2996
4,3587
9,5201
4,4417
5,1323
4,5134
9,9212
4,2827
3,6615
9,2059
3,9220
9,9711
4,5048
8,7319
9,4586
4,7272
4,1605
3,8744
9,6290
4,0831
9,4221
4,0203
4,5387
9,1491
9,1418
4,2210
9,7094
4,7549
9,2675
4,1549
8,4663
3,7426
3,8674
3,7900
9,3112
3,9538
4,3123
9,0596
4,7832
4,8061
4,4863
4,2566
4,1151
3,9863
9,6408
9,2025
9,1183
9,2267
4,1485
3,7489
9,7578
8,9293
4,7190
3,9834
9,6825
9,4075
9,1338
4,1696
3,8104
4,2789
3,8966
9,7416
9,1555
9,4379
9,7198
9,0490
8,9878
9,0617
3,5845
9,1561
3,9228
9,0266
4,2523
9,5143
9,6494
10,0058
9,7317
4,5759
4,6734
9,9752
4,0245
4,0786
9,3175
9,7773
5,1314
4,5043
4,4731
9,6738
9,0608
9,4778
4,2604
4,8619
4,3513
4,8572
9,4227
4,1597
3,9327
3,5492
4,3592
4,3831
3,9917
9,4351
4,8006
9,3411
9,4988
4,1484
9,6490
4,5149
4,6004
4,9091
4,0645
8,7436
4,5847
4,6855
9,6930
9,3509
4,8357
4,1573
4,2481
9,3288
4,6327
9,8442
9,2469
9,2876
4,3658
9,3302
4,3863
9,6800
9,2544
9,6880
4,3016
4,4182
4,3382
3,8686
4,3057
4,8385
9,1628
9,3889
9,3818
3,8562
4,3789
9,5319
3,9236
3,9259
4,6671
9,4894
4,3558
4,9889
4,7246
9,1666
4,5324
9,6124
9,6332
4,1033
9,7288
9,2019
4,1809
3,7124
4,0313
9,5142
4,3928
4,3008
4,2803
4,5613
9,3319
9,8102
4,5819
9,7187
4,8569
9,2535
4,1162
4,0388
9,4417
9,2280
9,4562
4,1343
4,0157
3,1628
4,6921
9,5592
4,6075
9,8321
3,8255
9,5324
9,9401
8,9843
9,6778
4,5107
4,0151
4,2576
4,0228
4,0028
3,6959
8,9783
4,2408
9,6007
9,7009
9,4718
4,3593
4,4992
3,9863
8,9389
3,9785
4,2722
4,3849
9,5549
4,3179
9,5222
4,1173
9,8298
9,3669
4,1093
4,1871
4,6351
9,7671
9,3867
9,8012
3,9026
9,0367
4,5689
9,7753
4,1867
4,7494
4,7236
9,8160
4,3675
9,1099
9,3867
3,8092
9,3526
9,4552
4,7864
3,9037
4,0237
8,7879
4,6569
9,4473
4,1285
9,2270
4,4119
9,4103
9,2552
9,6599
9,5243
10,3373
3,8779
4,5273
4,0270
4,3293
9,2813
9,1583
4,6400
4,3383
9,4988
3,7689
3,1518
3,9144
9,5379
9,9362
9,1509
4,7816
4,1985
4,5167
9,4590
4,2969
4,4847
4,3759
4,4827
4,0528
10,1345
4,1952
9,6427
9,7146
9,2619
8,9684
4,0260
3,9398
8,6754
4,5334
9,0966
4,1746
8,9601
4,1634
3,9804
4,6229
4,1318
9,2734
4,0616
4,5995
9,2328
5,4771
4,4307
8,9195
9,4621
3,6439
4,9827
9,7679
9,3038
4,1238
8,8699
9,7054
4,2656
9,9505
9,7003
4,4806
9,2676
4,1793
4,6847
4,3600
4,2135
4,4028
4,5397
4,2417
9,4907
4,0764
4,1574
3,7405
9,8677
3,7570
5,1055
9,5755
9,7937
10,2053
3,1532
4,0310
4,0401
4,1839
3,7606
4,5417
4,7258
9,2973
4,6263
4,0334
9,0979
4,8027
4,6374
9,8193
4,2499
9,8945
9,5208
9,5294
4,0527
4,2485
9,0010
4,7793
4,1730
9,3694
9,5394
9,3724
3,8345
3,9398
4,4436
3,8725
4,1277
4,0406
3,9585
4,4088
10,0484
4,3812
9,4150
4,4599
3,8120
4,8684
4,0135
4,2055
10,2165
9,9185
4,3759
4,2141
4,5153
4,0414
4,1701
4,6353
4,1741
9,9130
9,5025
5,0764
4,9078
3,6945
3,5380
9,8015
9,2695
9,6656
9,4884
3,6199
9,4463
9,8864
9,6601
9,4806
4,3439
5,0774
8,9337
9,3159
3,3966
9,6402
4,4571
9,7759
9,3115
8,7684
9,4556
4,1560
9,7705
9,6107
4,7952
9,8340
9,8857
3,8078
4,0693
3,7885
4,2865
9,6422
4,2933
9,5135
4,7562
9,3425
9,5265
9,5732
4,7828
9,2907
4,4044
4,5095
9,4471
9,5401
9,4707
4,0154
9,6959
9,8084
4,6370
9,4120
4,4075
4,8162
9,4247
9,6856
4,4987
9,3203
9,3060
9,1706
9,7324
9,4020
4,4011
9,2468
9,3612
8,9992
4,0221
4,8029
4,3659
9,1215
4,5924
9,9553
4,3361
10,0025
4,9605
4,3940
3,7630
3,9942
4,4345
4,2774
9,2557
8,9466
4,8081
9,4512
9,5061
4,4090
4,0962
4,5927
4,4702
9,6909
4,1675
9,4444
9,8099
4,0822
9,1445
9,6242
4,5612
9,7519
9,2667
3,5634
10,1674
9,4980
9,1170
4,0544
4,0342
4,4744
10,0918
8,9963
9,5965
9,6120
4,4740
9,4073
9,1497
3,7296
9,5684
9,3395
8,8316
4,1504
4,0918
9,6379
9,2010
9,4820
4,3135
4,3370
3,7623
3,7211
9,5606
4,0875
9,8434
9,7187
9,3060
9,1288
4,6314
9,8660
9,2887
9,2007
9,3207
4,0946
9,4634
4,5898
4,6171
4,8187
4,1777
9,5241
9,7336
4,7535
9,2314
4,3483
4,4683
4,2325
4,0296
9,4907
8,7762
9,4419
4,3319
4,9571
3,5836
9,5712
8,9810
4,5759
4,3059
9,3161
3,5840
4,1290
9,2167
4,4341
3,9731
9,4956
9,4504
4,1624
9,6763
8,9948
9,3836
4,4432
9,2337
4,8818
9,4371
9,7586
9,4749
4,2062
9,2823
4,4470
9,5091
4,5714
8,9811
4,1635
4,4840
9,5310
9,1757
4,0627
9,8012
9,3048
9,6994
4,5678
9,3367
4,3251
9,4352
9,2420
9,4746
4,3215
4,5895
4,4768
9,6921
4,6721
9,2846
4,4793
5,5754
4,2301
4,7846
4,9244
9,1155
9,2778
4,0084
4,0381
3,7982
4,3139
4,3988
9,2977
9,2161
3,8112
10,1341
3,7206
9,5164
3,8928
9,3028
9,3952
9,7287
4,5028
4,5752
9,5152
4,3273
9,3038
9,4775
3,9273
4,6988
10,0427
9,5327
4,1146
4,4801
9,4155
9,9693
9,4707
4,4096
4,3034
4,2617
3,5302
3,7909
4,0905
4,6016
9,3909
4,1938
9,7668
9,6258
4,1972
4,3191
9,4064
4,3256
4,0432
9,3171
9,6746
4,8424
3,3760
4,2169
4,0954
4,4379
4,2698
4,3210
4,4121
8,9331
4,0933
9,6666
3,5883
3,8054
9,2410
4,8946
9,5296
9,3774
4,7204
4,7081
4,5404
3,7423
9,0728
9,6660
9,2090
4,5738
4,1893
9,1619
9,4936
4,5514
4,3180
8,8778
8,9328
4,5612
4,3337
4,2658
4,1357
4,6964
3,5799
4,5558
9,5140
9,1915
8,8292
4,4735
4,0705
4,8891
3,8985
5,3634
3,6652
3,9684
4,5367
4,3908
4,0420
4,1083
4,6391
4,5970
9,2941
10,0463
3,7945
4,2083
9,6736
8,8351
9,8266
9,3743
4,0594
4,1737
4,2977
4,1972
3,9807
4,3097
4,7184
4,8835
4,0124
9,8626
4,3385
9,2044
4,5872
4,2230
9,5506
4,5354
9,2623
9,1791
4,3938
3,8029
3,3904
9,4217
9,4604
9,1577
9,8390
9,3032
8,9279
9,3552
3,9812
5,2909
4,6193
9,7632
4,4789
4,3615
4,1198
4,6363
9,6177
9,6007
9,7866
9,0328
4,4611
4,9212
3,9997
9,5961
4,1392
4,7650
3,8554
3,8842
4,3854
9,2739
9,7606
9,3452
4,3634
8,4804
4,7457
9,7631
4,2491
3,9719
4,3390
3,9676
5,0910
9,2333
9,5586
4,8550
4,2586
9,4536
9,8151
4,0158
4,4004
9,3653
9,2341
9,6735
4,3121
4,5098
3,9566
4,0088
4,3593
4,1534
9,5216
3,3478
4,1802
4,4310
9,4688
9,5675
4,2452
9,3262
9,4554
9,2605
4,1631
4,4501
9,5396
9,5436
4,1793
4,5892
9,3245
4,1870
4,0028
4,4592
4,5713
3,7256
9,5937
4,2435
3,6973
4,4572
4,9691
4,5188
9,0384
4,1988
4,1554
9,5243
9,7746
4,0470
9,8465
4,4032
9,4465
9,6710
3,9242
4,3021
9,2533
3,9129
5,0969
9,4259
9,3199
4,2070
9,4037
9,7355
9,2658
4,0140
4,0449
9,4295
3,7045
9,5886
9,1972
8,9628
4,3397
4,1719
4,8239
4,3237
4,6481
9,5808
4,1839
9,5281
4,1109
4,5790
9,1687
3,7736
4,3012
4,4842
4,2860
3,9506
4,0645
9,3948
4,9123
4,6516
4,5011
9,0860
4,5065
4,6206
9,6741
3,6982
9,4854
9,8669
4,4322
4,7406
4,8621
3,8137
4,7491
4,7270
4,1134
4,1356
9,1429
9,2970
4,3198
4,7318
4,1967
9,3358
4,7911
3,9806
9,5248
4,1579
4,5282
4,1214
9,4475
4,0342
9,4930
9,8481
4,8130
9,2785
9,7318
4,3737
9,8232
4,6385
9,6406
9,0665
4,8920
4,6140
9,6220
4,7646
9,1331
4,7737
4,0877
9,0170
9,4040
9,2476
4,9027
4,1531
4,4169
9,2341
4,0160
4,6409
8,9602
9,8632
4,0609
9,8204
5,4876
10,1097
3,5743
9,4401
9,2735
4,6794
4,6910
4,4211
9,8617
4,7492
9,2907
4,1726
9,6601
9,8185
9,7409
4,0012
9,3002
9,2969
3,6396
3,9142
9,4493
4,0786
9,3429
9,6357
4,6211
9,3534
9,9084
3,4177
4,8654
4,3268
4,7085
4,4037
4,0399
9,3897
3,9945
9,2919
9,3531
4,4184
9,4311
4,5344
4,4178
9,5655
9,6529
9,2603
9,5248
9,4659
9,0762
4,0827
3,8646
10,1188
4,6114
4,6276
8,8436
4,8958
3,8365
4,7425
4,2096
9,5877
4,4246
3,7877
9,4523
3,6892
5,1362
9,4952
4,1977
4,3931
4,3543
4,4091
4,8664
9,0460
4,2856
4,4429
3,8479
4,2732
4,3570
4,5661
9,4986
9,5776
4,5300
5,2903
4,7400
4,4160
9,3908
8,9138
4,8365
4,1221
9,8503
4,4807
9,2487
9,0533
4,0514
4,3048
10,0366
9,3083
10,1494
4,3376
4,4792
9,7693
3,8351
4,5660
9,3396
4,3051
9,3835
9,1464
9,2620
9,5064
4,3396
4,7228
4,3016
3,6827
9,3557
4,4928
4,4580
9,7758
9,3639
4,2768
4,5960
4,1430
9,4356
4,7552
4,1547
4,3967
9,5106
9,6319
9,5809
4,3317
3,8754
4,5616
9,2897
4,6904
4,5873
4,0626
4,1104
9,6169
4,2608
4,3034
4,2208
9,3964
3,9759
9,6991
9,3218
9,1546
9,8763
3,8080
4,3894
4,5403
4,0169
4,4528
4,1094
3,9655
3,7969
8,9061
9,0071
9,3422
4,3490
9,2728
3,8435
4,6543
4,2258
3,9781
4,0910
3,8896
3,9358
4,5781
4,8009
3,9697
4,4349
3,9823
4,5720
3,8054
3,9856
9,1938
9,4350
3,8064
4,3307
9,6900
4,2452
4,4740
3,7246
4,4041
9,6688
9,4167
4,3492
3,9260
4,4325
8,9419
9,4339
9,3546
4,8678
3,7439
9,8534
9,5973
4,2876
9,2259
9,1926
4,0645
9,1771
4,5284
9,5265
4,6317
9,7295
4,7154
9,4477
4,1299
4,0468
9,8354
3,9792
4,0390
9,7593
4,2671
8,9062
3,6824
4,4209
4,1771
9,4771
4,6165
4,1615
4,8599
4,3395
9,6887
4,1220
9,7898
9,3950
9,3232
3,9550
9,5323
9,6021
9,6376
4,7027
9,4140
4,2873
4,5077
9,5146
9,4344
4,0641
4,6077
9,4287
9,7363
9,5212
4,5019
9,7017
9,4153
4,6643
9,1932
9,8655
9,5143
4,5143
4,5052
3,9851
4,1416
9,6385
8,8846
4,2254
9,2502
9,2714
9,6159
9,5071
4,5326
4,1579
4,5247
9,6278
9,5329
9,7443
9,8341
9,7040
4,3070
9,5984
4,6971
4,5440
9,6057
4,9977
9,8661
3,8226
4,3263
9,4177
9,3774
9,6235
9,0210
4,5821
4,5107
4,4027
9,3214
9,7571
9,5406
9,3159
4,5080
9,7450
4,2883
9,5300
4,6991
4,0710
4,1840
4,1944
3,3013
9,4177
4,1586
5,0809
9,3351
3,6441
9,3740
4,3466
4,2617
3,7437
9,1384
4,4643
9,5226
3,7533
9,5190
4,3563
4,2925
4,1154
9,2221
4,4139
4,1790
9,1860
9,2135
4,0374
9,1559
4,7317
9,6029
4,2224
4,5008
9,7438
9,1699
9,3935
9,2092
9,6296
4,1993
4,3575
9,5103
4,1080
4,5830
4,7264
4,3710
9,1765
4,2904
9,7265
9,7129
4,5387
9,5439
4,0479
3,9399
9,3762
4,9844
4,4647
4,8398
4,1645
4,4668
4,2167
9,7135
9,4765
9,1701
9,5787
4,7180
4,2739
3,6261
4,7587
4,6096
9,0469
4,2758
9,5817
4,4403
4,5747
4,5253
9,5169
9,2416
9,2272
4,1608
4,2222
4,7377
4,3416
3,9579
4,0419
3,6741
9,6952
3,8834
9,5681
9,2439
9,1010
9,0680
9,4958
8,7966
4,4704
9,6639
3,7327
9,0077
9,5094
3,7839
4,1559
4,1981
9,9803
4,2825
5,1475
9,7102
4,0369
9,8453
9,5397
4,7298
4,2377
4,3920
3,8662
4,4874
9,6589
9,2731
9,5998
9,2905
9,3158
9,3287
4,7347
9,6308
3,8752
9,4530
8,9365
9,1691
9,4375
9,3749
4,1020
4,0375
9,0973
8,9479
4,3721
9,1389
9,1315
4,9465
4,4509
9,2419
4,8607
4,6957
4,3487
4,3804
9,2026
9,9014
4,2431
3,9089
3,9707
4,3041
9,2253
9,6447
9,5203
4,9390
4,3700
9,4946
9,5430
9,3127
9,4723
4,1388
9,4204
3,6675
3,7689
4,5269
4,0343
9,0404
9,3116
5,1873
9,0945
9,5172
4,7155
9,3292
10,2839
9,4141
9,7826
9,1023
4,6870
10,0365
9,2762
3,7575
3,6048
4,4256
4,1480
4,6163
9,4864
4,1792
4,2760
4,3754
4,3388
4,2503
4,5057
9,1053
3,9905
9,7202
4,4206
4,2630
4,3605
4,5015
4,7676
9,3392
4,6666
3,7079
3,8928
4,9765
9,7111
4,6123
4,8318
8,9039
9,4757
9,4420
4,2883
4,5147
9,4967
8,7015
4,4959
4,5860
4,1674
9,2383
3,9883
4,2927
4,3916
9,4669
9,2912
4,7551
9,2284
9,1558
9,2929
9,4190
4,5554
4,5479
4,6588
9,7646
10,1826
4,1862
9,8191
4,8729
8,9767
8,9460
4,3599
4,1853
8,8685
4,2222
9,3888
9,4255
9,3542
9,4467
4,0946
3,6993
4,1768
3,7577
4,0765
8,9726
9,4641
4,2404
9,5602
4,5573
3,9462
9,5786
4,4384
9,3271
4,7819
9,2169
9,2826
4,6387
10,3955
8,7995
4,0444
9,1105
3,9715
9,1226
9,5883
9,3756
4,3208
9,4176
9,4450
4,0026
9,4223
9,1894
8,9757
9,6986
4,0625
4,2746
4,0744
4,4830
4,2934
9,1194
9,0861
9,1431
8,9246
9,3067
9,5722
4,0811
9,5442
9,0020
9,7862
9,6021
4,8126
4,7614
9,4005
4,3521
9,3100
9,4991
3,9738
9,0008
3,8743
4,5637
4,3917
4,9161
4,2207
4,3014
3,8187
4,0911
4,5688
9,8360
4,6971
4,3611
4,1828
4,8895
9,5718
9,4287
4,4237
4,5786
4,8449
9,2690
4,5258
9,3193
4,1697
9,3212
4,5825
4,9117
9,3557
4,3171
9,5721
4,1056
4,1828
9,2042
4,1982
9,5838
3,7072
8,9709
8,9375
9,7904
3,8988
9,1056
4,1601
9,4369
9,6732
9,1266
9,3134
9,8484
4,4356
9,3344
4,5327
4,6307
9,5345
4,4053
4,4258
4,4283
4,4561
9,2823
9,1427
4,5680
9,6529
9,4877
9,4765
3,8443
3,7881
3,9829
4,1940
4,2514
9,1264
4,8055
5,2156
9,1085
4,8507
5,1096
9,7613
9,0827
4,1615
4,8673
9,9533
9,3427
9,2223
4,0390
4,3889
9,4838
9,4293
9,5681
4,7518
9,0809
3,6386
4,5669
9,2834
4,1509
4,2654
4,2689
4,8774
9,6856
4,3943
9,0875
4,6430
9,0581
9,4926
9,6248
4,1935
9,6872
4,2648
9,6717
9,7048
4,1393
8,9792
9,7606
3,4175
9,2794
4,1476
3,7133
10,0083
3,1887
9,3990
9,5902
9,4257
4,3738
9,1408
9,2966
9,0222
9,8439
4,0915
3,5641
5,0213
9,9575
3,8050
4,2877
9,3802
9,3195
3,8868
4,3654
9,1613
4,6561
8,9943
9,2634
4,2554
4,3869
9,7686
9,5192
4,2983
9,2431
4,5176
9,4911
4,1029
5,1613
8,9876
4,1946
9,1748
4,1316
9,9365
8,8987
9,3058
9,5318
4,4971
9,6063
4,3615
3,7073
9,0632
4,0002
4,6842
4,4351
9,2016
3,8311
3,9664
9,0347
9,9163
4,6080
3,9438
9,0620
3,9853
4,2526
9,0929
9,7503
4,3971
4,3776
3,9542
4,6767
4,2778
9,4008
9,6318
3,7120
4,6998
9,5097
4,0109
3,4685
9,7157
9,3129
4,7297
8,9998
4,1750
9,3526
4,1936
9,6366
9,3661
9,8370
4,0348
4,4113
4,2510
9,6586
9,0408
8,9740
9,4043
3,7856
4,6722
3,4859
4,2931
9,7257
4,5432
9,0411
3,7702
8,9819
9,9060
3,9644
3,8852
3,9805
4,3010
4,6379
4,8938
9,6792
9,3558
4,6758
3,9932
9,4981
9,5813
4,2596
8,9855
9,2665
9,4261
3,9325
9,2913
9,7541
4,2936
9,3948
4,7262
4,3063
4,3656
9,5936
4,6612
3,6204
9,3198
10,0722
9,3387
9,7384
9,2931
4,3783
9,6243
4,4828
4,6739
4,4508
3,7903
4,3238
9,1647
3,3436
9,4325
4,0161
4,5135
4,3517
9,4563
8,8299
9,2020
3,8323
3,8960
4,2711
9,3560
4,2051
9,3958
4,3803
3,9265
9,2829
4,2976
9,4121
9,5797
9,4098
4,3660
4,4419
9,5120
3,8209
4,9266
4,1768
9,5417
4,5224
4,4637
4,2576
4,6067
9,0778
9,1832
9,7445
3,7085
4,1589
9,4232
9,2905
9,5287
9,2229
4,5480
9,5161
9,6732
4,1844
9,1296
9,2798
4,0841
9,0883
4,7568
9,6386
4,1730
9,0340
4,4100
4,2255
4,6916
9,6860
9,7011
3,9441
5,2436
4,0311
4,2479
4,0123
9,5960
9,7206
4,3190
9,7481
3,9723
9,2250
4,0396
9,4868
3,9059
4,1995
9,5989
4,9735
4,2424
9,4829
4,4059
9,2091
4,5608
9,3058
9,2865
9,1767
4,3613
4,4491
9,1147
9,5849
8,8076
9,2593
9,4268
4,4378
4,3371
9,6561
10,1356
3,3978
4,7904
4,5583
4,2439
4,2500
4,0309
4,6186
4,3387
4,6750
9,5746
4,4512
9,3858
4,6428
4,5750
9,2034
9,3026
9,6868
9,4180
9,5637
4,4311
4,0961
4,4548
9,4845
4,1545
9,4002
3,8039
9,3812
9,1884
4,4692
8,9449
9,3033
4,3123
9,4907
4,3415
3,8564
4,6983
9,2450
4,8695
9,5254
4,2422
9,1505
4,4495
9,5619
9,1730
3,9628
9,5592
4,8632
9,9447
9,4678
9,5651
4,0044
4,6021
4,5916
3,9006
9,2504
4,1675
4,0996
9,5696
4,9685
9,1403
3,7426
4,2613
9,0809
4,0676
9,1642
4,4820
4,7487
9,3737
9,0041
9,3074
9,4614
4,7642
4,2291
4,2389
9,5008
4,3521
9,4983
9,6070
9,2660
8,6025
4,6727
9,0964
9,3648
4,5621
4,3281
3,9921
4,3563
9,3477
4,0102
9,0341
9,7414
4,6053
9,5658
4,3105
4,6166
9,0042
9,2959
9,5564
9,5985
5,1611
4,7134
4,3834
3,8016
9,4043
4,0665
4,0970
9,9062
9,3962
4,2881
9,0796
3,8812
9,5675
9,3979
3,8262
9,4323
9,0122
9,3733
8,9214
4,2738
8,8295
4,3989
9,1964
9,7839
4,4974
4,3814
4,1130
4,0709
9,5606
4,5140
4,4631
9,7798
9,4341
9,5469
9,4131
9,1945
4,0844
9,3734
8,9597
9,5733
9,4632
9,5627
4,0477
4,7273
3,5324
4,1902
4,0307
4,6177
9,2378
9,3030
9,7095
9,7257
4,6515
9,5796
4,4278
9,5392
4,4183
9,3299
4,0843
9,4700
4,6040
9,4994
3,9175
4,4618
9,8106
4,1956
4,4647
4,0277
4,2783
3,8383
4,3799
8,7496
4,0186
3,8533
4,6159
4,6669
4,2157
4,3287
4,8369
9,7491
4,3218
9,9118
9,7444
9,4513
9,1840
9,8957
9,3400
4,2879
9,4271
5,0137
3,8974
9,5302
9,2774
9,3477
9,3686
9,2739
9,7465
4,6969
9,4006
3,9787
9,5187
9,5111
4,2005
9,4455
4,4673
4,3195
5,2000
8,7994
9,0539
4,2992
9,2902
4,1604
4,4134
8,7125
5,1033
4,1615
9,0434
4,3687
9,5072
4,5384
4,2135
9,2322
3,6615
4,7625
4,1410
4,4417
9,5844
8,8938
9,4882
9,3721
9,2379
9,4691
4,5631
9,8219
4,5196
9,2774
9,5221
4,6396
9,3990
4,3708
8,7271
4,3404
3,9741
4,0410
9,2541
9,2506
9,2357
4,1566
4,4567
9,7838
4,3477
4,4258
4,5355
4,2712
9,1212
9,1487
4,5493
9,5229
4,1875
8,9010
9,3180
8,9694
9,0180
9,4822
9,6933
9,7226
4,2934
9,9309
4,5573
4,2510
4,2828
9,2648
9,7345
9,2998
9,1579
8,9138
9,1208
9,0113
4,2924
4,4572
4,0551
4,4066
9,8271
9,7414
9,3936
4,1927
8,9803
8,9933
9,2579
9,8072
9,9023
9,5323
9,6008
4,3722
3,7371
4,0579
9,5273
3,7238
4,7590
8,8809
9,4926
5,0900
3,3632
4,3750
9,0928
9,1012
9,5889
8,8802
9,7165
4,2715
4,2646
9,9892
4,3523
4,2637
4,2772
4,0056
9,5850
4,4074
8,9397
4,0300
9,0009
9,3609
5,1708
4,6395
9,6074
3,6407
4,0719
4,7108
8,9755
4,7461
9,2808
4,1293
9,1832
4,2418
9,5214
3,3373
4,3645
4,4872
3,9916
9,5136
3,9817
3,7793
4,2842
9,7581
4,7796
4,3377
4,4797
9,0338
4,1470
5,0090
4,1612
8,9672
9,7588
4,3220
4,7985
4,4902
3,8017
3,9673
4,2962
4,6340
9,0054
4,8220
3,7537
9,8447
9,7088
3,7208
4,3411
3,6996
4,2849
4,2391
9,3262
3,8897
9,6712
3,8194
9,6326
4,8334
9,9283
3,8619
4,6778
10,0303
3,7660
9,0496
4,2521
3,9425
9,2791
9,3438
3,6977
3,7360
9,2050
4,8951
9,1751
9,1977
4,7087
4,5047
9,4439
9,2393
9,0099
9,1996
4,3587
9,0549
10,0499
4,3608
4,5792
8,9886
3,8828
3,8954
3,8874
4,3470
9,4163
9,5113
4,3853
3,9531
9,3897
3,9238
4,4961
4,7256
8,8902
4,9211
9,7596
4,5461
9,6389
9,1944
3,7245
9,5078
10,0374
9,8639
4,1700
4,2801
8,9863
9,4799
9,2566
4,8368
3,9496
3,8399
9,0688
9,1762
4,5028
4,9257
9,2475
4,4204
9,3844
4,2668
9,4243
9,9530
8,9761
9,1933
4,5941
9,1079
9,1246
4,4685
4,4045
4,4725
9,9251
4,2939
9,1270
8,9392
9,5823
4,1690
4,5203
4,4802
4,5835
4,7648
9,5316
9,0962
9,5264
4,7311
9,1214
9,3748
4,3926
9,1833
9,7451
4,7949
9,5530
9,7981
9,5061
9,2426
9,2186
4,0824
3,6068
9,2075
4,7240
4,2825
4,5379
9,5431
9,7209
4,4684
4,2428
4,1527
4,2503
3,8452
8,9287
4,2842
9,3769
9,3016
4,6223
4,3154
3,7549
3,5298
9,3599
4,8183
3,8712
4,7060
4,1821
9,3669
4,7350
9,1445
8,9741
4,4624
9,8208
9,7961
9,5241
9,6844
9,5120
4,4822
9,6273
3,8632
9,4430
9,4344
3,8286
4,7327
3,9378
4,5417
9,1050
8,9405
3,5951
4,0456
9,7848
4,6356
9,7372
4,7685
3,9279
4,4276
5,3465
4,3749
3,8060
8,9318
4,4452
9,4113
9,9346
9,7278
4,6553
9,0080
4,0675
9,4590
3,5326
4,0989
9,5851
4,3109
3,9994
3,8980
4,1032
9,3356
9,6986
3,9762
4,5264
4,4173
8,9743
4,8216
4,6513
4,5258
4,3735
9,7514
9,5844
4,3021
9,3578
4,8754
9,4109
4,3537
9,7297
3,8952
3,4691
4,2162
4,1527
4,5099
9,3801
9,6044
9,4954
9,6086
4,1952
3,8254
8,9951
4,0167
9,7438
3,9498
9,0851
9,0232
3,6402
9,4867
4,5494
9,1009
4,6356
9,3963
3,9014
4,2865
3,9852
9,9298
4,3207
9,3296
9,4563
4,1661
4,2005
9,9251
10,1943
9,3272
4,4583
4,3662
4,7226
4,3783
4,2239
4,4105
3,8678
4,6532
9,3598
4,3640
9,5965
9,0189
4,3123
4,1901
9,8001
9,4792
4,7132
9,8134
4,0928
8,7829
9,3879
4,8452
4,0052
4,5376
9,2994
9,7339
4,4906
4,6810
3,9603
8,9994
9,2435
4,3786
4,9390
4,2576
9,5635
9,5176
8,7318
8,9223
4,3899
4,4260
9,8093
4,1695
4,5514
9,9081
4,5157
4,2863
4,0249
8,6547
9,8557
9,5177
9,3707
4,4275
4,2723
4,7541
9,4649
4,5517
9,4599
9,7420
3,6670
3,9357
3,9596
9,2684
9,4558
10,0576
3,5093
3,8019
3,8525
4,9769
9,1453
10,1924
4,5437
4,5349
9,2545
4,4623
9,9832
9,5082
4,1111
4,6299
4,0043
4,5644
9,4116
4,5100
3,8732
4,6257
3,4319
4,5888
3,9979
4,6324
9,5095
4,7048
3,7830
4,2478
9,3424
4,7827
3,6461
9,0275
4,0845
10,0010
4,4623
4,4103
4,5673
4,3695
9,3734
9,4994
4,5323
9,3644
9,1801
4,3602
4,3745
4,1235
4,3650
3,7686
4,5342
4,2329
9,4045
4,1638
9,8601
4,1647
10,1516
4,6945
3,5541
4,4415
3,8646
8,9620
4,0880
3,9889
5,0298
9,3465
3,8597
4,4729
9,6141
4,2939
9,8851
9,6512
4,4287
9,7008
4,5825
4,1618
8,8956
4,0599
4,4285
3,7280
4,0982
4,2094
4,0197
3,8994
8,6372
9,5278
4,0112
4,3656
4,1792
9,4532
3,5322
9,4809
4,3597
9,4164
5,0190
4,4559
4,5377
9,1616
4,5236
4,2701
4,2012
9,0216
8,9418
4,2569
4,7716
4,3909
3,6313
4,0966
4,9658
9,6628
4,6007
3,7448
4,2364
9,7876
4,0142
9,8637
3,9403
4,1705
4,1719
4,6434
4,5273
8,7727
9,7286
4,6037
4,1532
10,1463
4,5962
9,3147
9,3932
9,8924
9,5013
4,2050
4,7069
9,6886
3,8158
4,4502
9,5109
9,4888
9,0882
9,7026
4,3241
4,2293
4,4779
9,7784
4,8162
9,8041
9,4313
9,8657
9,0612
4,7294
8,9272
9,2854
9,6136
5,0153
4,3075
4,1098
9,3281
4,6125
4,2521
9,1107
9,9287
9,1821
9,1916
9,1311
9,1698
3,8876
3,8398
9,6493
9,0746
9,3084
4,0092
4,3084
4,3512
9,5248
3,8600
4,3267
9,5167
9,1909
4,9562
9,7010
9,5753
4,4774
4,4992
4,3682
9,5902
9,4182
9,3707
4,2051
9,5516
4,5858
9,0998
4,4593
9,2924
4,2445
9,5454
9,3452
9,6438
9,3050
4,0877
4,2722
9,6194
4,1038
9,7089
9,1602
4,3797
9,4526
9,5594
9,4674
4,1518
9,5525
8,9048
4,1357
4,3866
3,6628
4,8999
5,0676
9,3251
9,1291
4,0119
4,2300
3,6807
3,7259
4,4432
9,1709
8,8724
3,3744
9,4463
9,6013
4,0456
8,9778
9,7795
3,9413
8,8436
4,1338
9,5677
8,3376
10,3308
4,2113
9,8645
9,4033
4,2761
9,5075
9,1986
4,1960
4,4722
9,9742
4,0898
4,0501
4,1978
9,4913
8,6161
4,1492
4,1705
4,1018
3,6062
4,5110
4,8592
4,0225
9,4819
9,6389
4,0710
4,2971
4,6063
3,9291
9,7057
9,4047
4,9743
4,5746
9,2439
9,1070
4,3132
4,6797
9,4826
4,6183
4,4520
4,0100
4,4010
3,8779
9,4672
4,1018
4,1632
4,9124
4,3928
9,1143
4,3025
3,7466
3,9700
9,0841
9,8769
4,6762
4,0741
9,3893
4,4227
9,5623
9,5025
4,1019
9,3218
4,4408
4,4563
4,4906
9,1929
4,0796
9,4530
9,7211
4,6314
4,3046
4,8571
4,8479
4,6599
3,9990
9,4111
4,1089
9,3136
9,2204
9,1967
9,1029
9,3681
4,1616
4,1684
4,2033
4,0098
9,4022
9,4285
4,0834
9,6221
4,6442
9,4946
9,5270
3,8114
4,0811
4,4017
9,2408
8,9731
4,3147
3,8100
9,8578
9,9343
4,3951
4,9553
3,9347
9,1861
4,0133
9,2706
9,9459
9,3499
8,7111
4,2535
9,2389
4,9718
9,1276
9,4311
4,4405
9,4192
3,7920
4,3251
4,1936
5,3147
3,9551
4,1997
4,5730
4,6404
4,4883
4,4006
4,3621
9,5133
8,9631
9,6296
4,0611
4,9108
4,2264
9,5333
9,6143
9,0196
5,1066
4,1705
9,3332
8,9195
9,6982
5,0548
9,1803
9,5194
4,5529
9,7395
9,2931
9,0439
9,5245
9,5404
9,8229
4,5102
9,3750
9,0558
3,4115
9,1283
4,3234
9,6654
3,7750
4,3973
4,1320
9,2959
9,5529
4,2991
3,9501
4,4516
9,9057
8,9930
3,8271
4,5269
4,7032
3,9899
4,4311
9,1987
4,3291
9,5701
9,2743
4,5579
4,3239
3,7660
3,9115
4,5049
8,9647
4,0443
4,0273
4,1017
4,5249
4,2054
4,4047
8,5679
3,7924
4,1399
9,6844
9,0658
4,0592
4,4257
9,0830
4,2119
4,7383
9,2433
4,4849
9,0463
4,1033
9,3034
4,9268
4,0653
9,1953
9,5206
8,7363
9,4895
8,7430
4,6770
9,1543
4,0549
4,5625
4,6470
8,9780
9,8295
4,3877
4,2099
4,4910
9,6959
9,0800
4,7582
4,5499
9,0798
4,3329
9,6950
8,6126
9,9479
9,5220
4,2325
4,6634
9,2826
4,4677
4,7139
4,3214
4,4769
4,5900
3,6249
9,7909
4,8660
4,3618
4,1195
4,2831
9,5615
4,3081
9,8664
3,9201
4,4045
9,5207
9,4824
4,9736
4,3113
4,6538
8,9089
9,2387
3,9312
4,4203
4,2523
9,4656
9,4674
9,9410
4,2393
3,7937
8,9604
3,8645
4,0173
4,5520
9,2787
9,6304
4,0118
4,4109
8,8950
9,6181
4,3580
9,7616
9,3363
9,5146
4,0296
4,5437
9,5788
9,6677
9,6675
3,4994
3,9762
4,9424
9,6785
9,3237
9,1865
9,9009
4,8676
4,5232
9,2912
9,4702
4,3477
4,4029
3,4868
4,3631
9,3956
9,5678
9,1481
9,4036
9,4274
4,4258
4,2683
3,2397
4,5371
4,3423
9,2710
9,3735
4,6110
4,1075
9,2204
3,8054
4,2406
9,3903
3,8403
4,6483
3,9646
3,5582
3,7294
9,1018
9,5304
9,6410
4,8765
4,3875
4,8869
9,4785
9,7382
4,5222
3,9548
4,3677
5,0346
4,2513
4,1414
4,2441
4,3970
4,3305
4,1271
9,2035
4,5719
9,5428
3,9531
5,0353
9,3681
4,1534
9,6072
9,3403
4,4599
4,5584
3,9231
3,2407
9,4774
4,0481
4,6357
4,4491
3,8366
9,6050
9,5343
9,0483
4,1479
5,4397
4,3928
9,4490
3,8549
9,3535
8,6896
4,0059
8,9901
9,7016
4,8158
4,4335
4,3654
9,7452
4,8111
9,6648
3,8962
9,4438
4,1928
10,1823
9,3003
8,9919
9,2258
9,0992
8,5479
4,2718
3,8334
4,1305
9,1687
9,2928
9,2289
4,6783
4,4878
3,7995
8,9086
9,1445
9,9042
3,8294
9,2806
9,0184
9,1388
3,9093
8,6423
4,1450
9,5382
4,4873
9,7260
4,1992
8,5445
9,7280
4,6637
9,4124
9,9869
9,5027
9,3131
9,7736
4,4144
3,8019
4,2377
4,2702
8,9770
9,2504
9,4304
9,3367
3,3960
4,9640
9,3516
4,3010
4,1743
4,2230
9,9381
4,0974
4,3442
3,9363
4,6273
3,8205
4,8512
3,9574
9,1244
8,5173
4,5611
3,5983
9,1497
8,8625
8,9823
3,6646
4,7218
3,8678
4,2456
4,4392
4,7456
4,4350
4,8830
9,3999
9,3326
4,4480
9,2091
9,4628
9,5288
3,9691
9,4974
9,0550
3,9687
9,0221
3,9867
3,7898
4,1247
8,6879
4,3079
4,2620
9,0648
9,3583
3,9788
4,7032
4,0889
4,1074
9,2446
4,7748
3,9857
4,4021
4,3666
4,1035
9,2087
3,3582
4,4480
4,3195
3,9290
9,3898
4,2905
4,2571
4,6454
9,7491
4,4841
4,5527
9,2057
9,4683
4,8142
4,2604
9,0989
4,7189
9,3997
10,0390
4,2525
9,4401
9,4870
9,6818
3,4931
9,9018
4,4622
4,1596
4,3978
4,3755
4,4859
4,7237
4,0939
3,8708
8,9886
8,9670
9,9195
4,4241
4,6221
4,0682
9,1955
9,4512
9,8237
4,5582
9,3745
9,3211
9,5506
9,6890
3,9399
3,7292
4,7703
4,0150
9,3030
9,3842
4,7684
9,6865
3,8616
4,2639
4,7852
9,1715
3,9018
8,7923
9,5037
9,3862
9,8740
9,2078
9,9158
9,6386
4,4119
4,4647
4,3905
9,0950
4,0363
5,1148
5,1417
9,7741
9,2246
4,5396
9,7165
4,0342
8,9552
4,2530
9,3264
9,6007
8,8376
9,2587
4,2372
9,9479
9,5976
4,0035
4,5766
9,0361
4,3522
4,8071
9,6162
9,6687
9,2645
4,8379
4,5305
4,4424
9,2393
9,5317
9,3601
4,2530
9,0328
4,5803
9,0318
9,2610
9,1186
9,1987
9,2576
9,7217
4,3267
9,3620
3,9252
9,2543
4,0458
9,7413
9,5179
9,4033
9,9522
4,0699
4,0673
3,9259
9,0170
4,2298
9,9472
4,7145
9,2878
4,0959
9,5359
9,1523
4,4455
4,4112
4,3280
9,3368
10,0240
5,1049
4,4594
9,9934
9,3304
5,0550
9,0965
9,9069
8,9846
9,3822
3,8872
9,1301
4,8351
9,5465
4,6679
9,8431
4,0878
4,4228
4,2666
4,2850
9,5101
9,2619
4,6914
4,1936
3,7317
9,2539
3,3572
9,4229
4,2502
9,5598
4,4679
4,3031
9,4535
9,3951
3,8530
9,1518
3,8852
4,0481
4,5597
4,5122
4,6288
9,6713
9,3235
4,7533
4,5165
9,6618
4,7875
4,2183
4,1253
4,3539
4,5809
4,2235
4,0210
8,9256
9,1905
3,8549
4,3283
9,4426
3,8213
4,3225
4,4733
9,4459
9,3597
9,2304
9,5750
9,2641
9,5013
9,6554
9,5668
4,3627
9,4054
4,4482
4,2731
8,7649
4,4947
4,3246
4,8289
9,1100
4,5430
9,3535
9,7986
4,1974
4,3862
4,6247
4,3605
4,6670
4,4316
4,3696
9,1788
9,7247
4,2043
9,6155
4,3308
4,4039
3,3818
4,5011
4,7437
9,8417
4,2856
4,1495
4,3432
3,3746
4,5972
9,2360
9,3004
9,7836
9,2353
3,6811
9,7872
4,5136
4,3464
4,1894
3,5904
9,0498
4,1563
4,0236
9,3804
9,3391
4,1785
9,9299
9,3610
9,2606
3,9690
9,8001
4,6828
3,8713
9,3511
4,3084
9,2139
4,2596
9,1406
9,4806
9,1673
4,8682
9,2713
4,3155
9,4361
4,0753
5,1148
9,9305
4,0599
4,0743
3,7044
8,8472
4,2062
9,1440
3,9449
9,3522
9,2334
4,1801
9,9039
3,9627
4,2117
4,2508
3,8941
9,5805
9,2545
4,8873
4,3474
3,9816
9,6705
4,0075
4,2589
9,6882
9,2287
3,6401
9,7512
9,4270
3,9222
4,3083
9,8536
9,2658
4,5769
9,1960
4,4815
5,3526
4,4666
4,3844
4,3467
4,8407
4,3641
9,0766
9,1452
9,6441
4,4253
9,2606
4,6199
4,3146
4,6995
9,3455
4,6489
9,1536
9,4458
3,7122
8,7687
9,6774
9,1568
3,5855
8,9285
4,5124
9,6466
9,0223
4,3750
4,7523
9,7139
4,8070
9,1927
4,0427
9,3939
9,5483
4,8144
9,7249
3,8362
4,6453
9,0619
4,0767
4,1786
4,5681
4,0631
9,5516
9,5311
9,1679
8,9811
9,5517
3,9155
9,3998
4,2731
9,5835
5,0354
9,2858
4,7202
9,4355
3,7093
8,9571
9,0011
4,3771
9,4036
9,9371
9,0406
9,7139
4,5085
9,7931
9,5075
9,7875
9,7403
4,1544
4,7434
4,5586
4,5001
8,9697
4,5006
4,1639
4,0410
3,7261
4,4970
9,4898
4,7206
9,5337
3,9683
4,0377
4,0203
9,0745
4,1243
3,8410
9,2238
4,0292
9,3362
5,0232
3,9452
9,2345
9,0684
3,8952
4,7810
4,4701
9,8241
4,7064
9,4280
9,8990
3,6242
4,2260
4,6387
4,2759
9,7726
4,4151
4,3792
9,2574
4,5276
4,2965
4,8734
9,5863
9,6676
4,3673
9,3645
9,0651
9,2822
9,2840
9,3343
3,8607
4,2185
9,4381
9,4264
4,7710
4,0353
4,6725
9,2483
4,6489
4,6836
4,6557
9,2977
9,6831
3,5959
4,1827
8,9479
4,0509
4,5994
4,2243
4,3531
4,5111
9,2727
4,2362
9,6701
9,6275
9,5275
9,6414
4,5700
9,3222
9,3151
9,0711
4,5162
4,7772
9,1762
9,7825
9,3531
3,7507
4,3045
4,1425
4,3606
4,2768
4,1955
9,2373
9,7809
4,3887
9,3947
4,9823
9,6160
4,7773
9,2257
4,1172
3,9423
9,0381
9,6193
4,1761
4,3944
9,5065
4,9445
3,9577
3,9103
3,9396
4,0624
9,3055
4,6536
8,8168
3,9692
4,0310
3,4636
9,4964
4,1215
3,7938
4,0199
4,0410
9,2737
9,2719
9,9356
5,1734
9,2721
9,3561
4,1356
9,1956
4,1098
9,3085
4,9912
4,3108
3,9683
4,0800
3,7350
9,4753
4,7553
9,3447
9,5553
9,0790
4,7296
9,5465
9,6981
9,6595
4,5271
3,9638
4,1774
4,3113
9,5141
9,1852
3,9179
4,6467
9,7370
4,2336
8,7794
4,3883
8,9783
4,4267
4,5827
4,7511
4,2874
9,5042
3,9432
9,4814
4,1076
4,2999
9,7383
9,4845
9,4431
8,9448
4,0414
9,0919
4,2455
9,3491
3,9762
9,4199
4,2984
4,3158
9,2802
4,6030
9,6712
4,7940
3,9793
9,5642
9,1131
8,9761
4,0498
8,9141
3,9983
4,6414
4,2593
4,7249
4,0332
9,0437
4,1297
9,4056
9,2399
3,9630
9,4807
4,6652
9,4520
3,9836
9,1026
9,0582
9,7741
9,4619
9,0934
4,0297
4,3097
9,5389
9,6236
9,1394
10,0765
4,1511
9,5761
3,8387
4,4084
9,2791
4,6621
3,8740
4,3224
9,6194
4,0893
4,0856
9,5551
5,2503
4,3057
4,1451
4,4275
9,1087
4,1878
3,9153
4,0310
4,2698
9,5815
4,1654
4,2610
9,3514
9,4908
9,8467
9,3214
9,3469
9,3333
4,2070
4,4313
9,4636
9,5429
4,4036
9,3192
3,9107
9,7209
4,1653
9,3822
9,3891
3,5528
9,2650
4,3022
9,6571
9,2303
4,3284
4,2654
9,4366
8,8612
4,0835
9,4258
4,2754
9,4065
4,2853
3,6752
4,0007
9,4866
4,7042
3,8969
5,0794
9,4856
4,3012
4,1694
4,6480
8,8402
9,6889
9,0678
4,1220
8,9472
9,2540
9,8122
4,1911
4,7429
9,0407
8,6405
9,7288
9,2083
4,5102
4,1397
9,3010
9,5478
9,0371
9,3503
3,4983
4,7646
9,4123
9,3943
9,3064
4,1763
9,3045
4,1730
3,8816
8,9877
9,0153
4,6587
9,3312
9,0223
4,5118
4,4398
4,8472
4,2621
9,7862
4,3519
4,2218
10,1301
4,1175
4,2799
9,6412
9,2479
4,2517
4,3037
9,3073
9,2191
3,8394
5,0579
4,2414
4,3440
4,3198
4,3955
4,3674
4,1950
4,3084
9,3986
9,8674
4,0744
3,7758
9,5246
9,4959
3,8344
3,6386
5,1601
4,5810
4,0447
4,2130
3,3443
9,3499
4,3159
4,7307
9,4379
10,0366
4,8555
4,1597
9,2346
4,6810
4,6674
3,8518
9,3173
9,0131
3,7461
4,1170
9,8288
4,2840
9,4961
10,0660
4,8444
8,9751
8,8712
4,3716
4,1857
9,7583
9,5869
9,5929
9,6246
9,2854
9,6726
9,7170
3,6958
4,2603
4,4656
4,5542
8,7501
4,4164
9,2101
4,1949
4,4352
9,1671
4,2403
9,6877
8,9826
9,1837
4,5050
4,6663
9,0054
4,5198
9,0851
9,1663
4,8411
4,3784
9,2322
3,9621
4,6351
4,5982
9,6473
4,3738
9,7193
4,8300
4,1678
4,2184
9,9400
3,7586
9,6696
9,3772
9,4089
4,2899
4,5909
3,9327
4,7344
5,1178
9,4835
9,4234
8,9007
4,8665
4,1604
9,2690
10,0993
9,6926
3,7177
9,4762
4,1527
9,6250
8,7948
4,6209
9,8496
9,0272
4,5387
9,6391
4,5727
9,3490
4,9393
4,7613
9,6668
3,9038
4,4484
9,5137
4,1515
9,4458
4,6613
10,0275
9,1367
9,2541
4,5928
4,5027
9,3855
9,2108
3,8306
3,9166
9,2634
9,0978
4,3322
4,6771
9,5708
4,5323
4,6089
4,1941
9,5101
4,6183
4,2530
9,2878
9,4741
9,5379
4,3039
9,7703
9,2845
9,4416
9,1726
4,7040
9,3851
3,7357
4,3629
8,8462
4,0021
4,9059
4,2687
4,1287
4,0032
9,5009
9,7053
4,6197
4,0858
4,4631
9,6739
4,5352
4,2236
4,7425
4,9034
9,5799
4,3216
9,2596
9,4658
4,4633
9,5781
9,1670
4,3926
9,6430
9,1329
4,1039
9,5995
4,1195
4,4034
9,6637
4,5564
9,3892
9,4396
4,0718
9,7688
8,8319
4,5177
4,6948
9,8095
4,2348
4,0686
9,2340
9,2644
9,6407
9,9442
4,6068
4,9061
9,4943
4,4733
9,4750
9,1813
3,9384
4,7280
9,4702
8,9721
9,4300
9,7998
4,2585
3,7640
8,9491
4,0185
4,3371
9,2207
9,3609
10,0775
4,2600
4,3036
9,3182
4,5167
4,2297
4,1307
4,3918
9,2061
4,1180
9,6457
4,3812
9,3189
9,8137
3,9712
9,1513
9,6858
9,4696
4,1272
9,3073
9,2629
9,1102
9,2013
4,7679
9,3924
9,6560
3,9932
4,1146
4,5240
4,3066
4,9480
9,4798
4,4068
4,0166
9,4281
9,0949
9,5054
4,0740
4,4067
9,2887
4,0803
3,6644
9,4302
4,3795
4,2277
4,4750
9,2210
9,1102
4,1699
9,0820
4,7926
4,4934
4,9517
4,4955
9,5359
9,0509
3,8794
8,9687
9,6426
4,2601
9,5309
4,8436
3,9633
9,5350
9,1121
3,8377
3,7553
3,9310
4,4552
4,9968
5,0115
3,7173
4,5779
9,0764
9,8396
9,6710
9,7059
4,2396
8,6634
8,7970
4,6974
9,3768
9,4662
9,4519
9,8152
9,2658
4,3338
9,1519
9,5772
4,3280
9,4460
8,9940
8,5001
4,7913
9,5471
5,1111
4,4532
9,4360
3,7779
9,8086
9,5952
4,1728
9,0477
4,5237
4,5955
9,6496
9,9369
3,8361
4,4640
4,4951
4,4037
4,8945
9,6987
9,1432
3,6414
3,7862
4,3718
4,0688
4,2911
3,9654
9,1679
9,5312
4,3640
3,6693
4,4142
4,0277
9,6958
4,1724
9,1687
4,3493
9,6200
3,9330
9,3613
9,3388
4,3287
4,4457
9,6064
4,6312
9,7494
9,1428
4,0712
9,0499
4,3500
9,2058
9,6499
9,8699
4,4274
9,4750
4,4787
4,6649
3,7475
9,4474
9,5199
4,1521
4,5380
9,6081
9,1538
9,6988
4,5339
9,3987
9,6560
9,1956
9,3907
4,5991
4,4175
4,3874
9,4317
3,9845
9,4235
4,7010
4,6088
9,3679
9,6187
4,4558
9,4010
9,7757
3,7549
9,8764
9,2092
4,4512
9,1454
9,0202
9,0850
3,9390
9,0690
4,0555
4,4004
9,1025
9,2402
9,6117
10,0641
9,4612
4,2464
4,2875
4,5043
4,7654
9,2691
4,1444
3,6022
9,3169
4,1829
4,3990
9,4045
9,4273
4,3159
3,6876
9,4858
9,4629
9,3557
9,5319
4,4714
9,4922
9,4138
9,6108
4,1714
4,2535
4,1974
9,0598
3,9940
9,7341
9,5925
4,0656
9,4822
3,7254
9,5409
9,5406
9,2636
4,3790
9,3065
3,7467
9,5275
9,1722
5,0121
9,0984
8,8926
9,3364
9,9748
9,3034
9,5443
3,8676
9,2692
4,3022
4,0212
4,2905
4,2950
4,6548
4,2511
4,2709
4,2922
3,9284
3,4436
4,6295
4,6792
9,4162
3,9818
9,4505
3,4896
9,0957
9,7128
9,1725
4,3089
9,6938
9,6139
4,2873
4,1760
4,5103
9,1292
4,4605
9,2933
9,4517
9,2238
9,2731
3,5611
4,0147
9,2191
8,7836
4,3235
9,3683
3,7249
4,2402
3,7718
9,6098
4,4936
4,2333
4,3169
9,4865
4,1920
4,1901
8,6023
4,7113
4,0594
9,1055
3,9106
4,5879
4,5346
4,3286
9,2700
3,9600
9,2287
10,0014
9,2573
9,0554
9,4616
9,3244
9,4345
4,8016
4,0935
3,9160
4,8305
4,1480
8,8612
3,8716
9,2535
9,1490
9,0615
9,0226
9,4993
3,5745
4,1126
9,3124
4,5807
4,0232
4,1063
9,0445
3,7869
3,9260
4,4231
4,1388
9,4410
9,1097
9,5338
4,5431
9,3925
9,3014
9,6083
3,9743
8,9899
4,1356
9,5837
9,0799
3,9164
4,3116
8,7288
3,9972
4,9395
9,8820
4,2175
9,3131
3,9564
4,3766
4,3244
5,0123
4,3714
9,8526
4,1870
4,0198
8,9792
9,6595
4,7920
9,2843
4,8734
9,5244
9,2909
3,8499
9,4345
4,5234
4,3055
4,1004
4,2468
4,4163
4,0842
9,1305
5,0916
4,3945
4,6535
4,0431
3,7704
9,1628
4,5619
4,8379
4,5082
4,3923
9,3735
9,2167
4,6922
9,5985
4,4582
4,5764
9,0330
9,2434
4,0689
9,2886
4,2658
4,5912
9,2451
4,6880
9,4492
9,0624
4,4069
3,4988
4,7454
4,0181
4,9264
9,6050
4,5514
9,5555
4,0207
4,5528
4,3422
4,1564
9,4121
9,3255
3,8981
4,5404
4,3722
4,7694
4,3756
4,2192
9,7527
4,0213
9,4645
9,0935
10,1006
4,6496
9,7730
4,2847
9,5203
9,2437
9,5101
4,4074
4,5649
4,3004
5,5521
4,1259
3,8674
9,6763
4,2757
9,2568
9,6842
4,2213
9,3300
4,6131
4,9794
9,9941
9,5878
9,4781
9,1818
4,4473
4,0900
4,5937
9,3955
9,1554
4,0693
9,3413
3,9813
8,8895
9,5138
4,5412
4,7426
9,9721
9,4532
9,0829
4,1175
3,8273
3,9339
4,3196
4,6050
9,5430
4,6985
9,9227
9,6659
3,8171
9,3829
9,4193
4,3195
4,4526
8,8214
9,5840
9,6414
9,4354
4,2925
9,5059
4,2744
4,8600
4,0171
9,2063
4,3686
4,9436
4,9379
4,3139
9,9456
4,4656
4,6048
4,2114
4,0284
4,5938
9,6201
4,0763
4,2307
9,4816
9,5040
4,5568
9,4603
9,6931
9,2224
9,3146
9,6429
9,1761
4,3602
3,8614
9,9288
4,1689
4,5974
9,2980
4,3002
3,1806
8,9780
4,3838
9,6651
4,3006
3,8772
4,5131
9,6620
9,3540
4,3641
9,5723
9,1980
3,7475
8,9384
3,9615
9,1562
9,8998
4,3108
9,8026
9,4431
4,4835
4,9360
9,5812
4,2320
9,5386
4,0045
9,1911
3,9791
3,9668
4,3309
4,0072
4,1093
9,1984
4,2526
9,7754
4,9207
9,2611
4,5727
4,1865
3,8797
4,0516
3,9832
4,5685
4,8723
9,4657
9,2362
4,6857
4,3236
4,5104
4,0745
4,4935
4,3578
9,2472
4,0467
9,3702
4,1151
4,7240
4,5109
4,7079
4,0388
4,4288
9,5370
10,2071
8,8430
9,6223
3,5066
9,3888
4,9274
4,7688
3,7627
4,6835
9,4816
4,3966
9,4737
9,7047
9,5800
9,4763
9,3435
9,9279
4,5220
4,6275
4,2441
9,9015
10,1279
9,4652
9,3690
9,3264
9,3203
9,0135
4,0553
9,6688
9,1917
4,6378
4,4484
4,0927
9,3542
9,0793
4,3389
4,2689
4,6230
4,1436
9,0300
4,2698
4,6380
9,3958
4,1099
4,5921
9,4582
9,7319
4,6858
4,0468
9,4316
9,8658
9,2244
9,5257
4,3248
4,2018
9,0980
9,3961
4,0211
4,1923
9,1299
4,4996
9,4839
9,3157
4,1066
9,4893
4,2603
10,0592
9,6611
3,6963
3,8003
9,2702
3,8361
3,7844
9,4419
9,2842
9,4429
4,7108
4,1442
9,5290
4,1208
9,6725
4,3484
4,1401
9,0797
9,0332
9,4198
4,5369
9,2021
9,9360
4,2663
3,8817
9,1631
3,9572
4,2693
4,7604
9,7361
5,0643
4,8046
3,8093
4,5524
4,2084
9,5503
4,0323
9,3761
4,9552
4,4926
4,0824
4,4529
9,3366
3,7659
4,7924
4,4218
9,3153
3,9331
4,3697
8,9084
4,3697
3,7802
4,7190
9,8192
4,0032
4,7733
9,1625
9,5402
4,4536
4,2968
9,0692
4,5330
3,9152
4,3630
9,2927
4,9905
9,6859
9,0996
9,2697
3,9550
10,0037
8,8190
3,8520
4,3984
4,3763
4,4368
9,6183
4,9188
3,5782
4,5397
9,5756
9,7437
4,2316
9,4462
4,1899
4,3245
9,4426
9,5596
3,7661
4,1701
4,7268
9,7490
4,6430
9,4662
4,4076
4,5725
4,5408
4,0192
9,2788
3,5199
3,6581
8,7733
9,4854
9,4472
4,7193
4,3943
4,3657
4,3824
4,0928
9,2165
4,0756
4,5900
4,1782
4,6807
9,5404
4,8082
9,4551
9,6077
9,4118
4,8645
4,5164
9,0911
4,1959
9,5964
4,4137
4,5815
9,1102
4,0825
9,8548
9,9336
4,3217
4,2723
3,8525
9,8244
3,7816
4,6982
10,0506
3,9093
9,8936
9,5770
9,4001
9,1217
9,4147
9,5857
4,1424
9,3584
9,2225
9,7326
4,4544
9,1119
3,6822
4,6697
4,1014
9,4365
9,8048
9,1068
4,4266
9,3274
3,9634
4,6132
4,3702
3,7070
4,6261
3,4161
4,1806
4,3856
9,2117
4,2922
9,7534
4,2058
4,2915
9,6306
4,0102
8,9593
3,6952
8,9817
9,5316
10,2461
10,1396
9,3560
4,4484
4,7485
9,8390
8,8747
9,1694
9,2368
9,2380
3,9363
4,5318
9,1536
9,7808
4,5580
3,7298
9,5578
9,4986
4,4006
4,4467
9,7101
4,3168
9,0903
4,3230
3,5385
9,6481
3,6192
4,6781
10,1860
9,2723
9,4663
9,6302
4,6081
4,6528
9,2458
4,1316
9,2305
3,9869
9,6556
9,6138
4,3884
9,2488
9,2386
9,9574
9,3332
4,5449
4,2502
9,9116
4,3374
3,8344
9,6228
3,6824
8,9454
4,4303
9,3381
9,4196
9,4856
4,4885
4,0168
3,8877
9,3596
9,6759
4,2066
3,7969
4,4456
4,5158
4,3342
3,9309
9,2060
9,2602
4,5707
4,5581
4,0078
9,0654
9,3151
4,3557
4,2702
4,3717
9,5066
9,1673
9,0615
3,9266
4,1435
9,3907
9,1694
9,6252
9,9151
9,3875
9,5469
3,7663
9,6320
4,2544
4,4427
4,2852
9,7181
9,3018
4,3983
4,7137
4,0549
4,5475
4,9120
10,1888
3,6460
8,8966
9,0931
9,1370
4,5810
9,1235
3,8609
3,7905
3,7639
9,1553
9,3387
9,9432
4,1524
3,5114
4,1201
4,6311
8,8764
4,1017
9,1767
9,3197
4,1537
9,6409
9,8038
4,5911
5,1152
4,6366
3,5690
4,8386
9,6170
4,5301
4,1723
4,3653
3,7976
9,0681
3,7120
9,0725
4,5818
4,1858
4,1889
9,4180
4,2717
4,7926
9,8428
4,3677
9,7852
4,3390
3,9236
9,3007
9,7742
3,8675
4,4990
9,7881
9,2125
4,2587
4,4642
9,0769
3,4751
9,1308
4,4499
9,0041
4,1090
9,0957
4,2665
5,0715
9,0265
4,0350
4,4177
3,8923
8,9242
9,4446
3,8169
9,6722
4,1556
4,2190
4,5441
9,4860
4,1365
3,7562
4,0720
4,1726
3,9585
4,4562
9,2589
9,7446
4,0780
5,0978
9,4950
9,4777
4,1366
9,0293
9,3592
3,9988
4,2268
9,3858
9,1898
4,1531
4,7115
9,7568
4,7678
9,8215
9,6554
9,2728
9,8650
3,9168
9,6940
4,3274
4,2305
3,7179
3,9361
9,6700
4,4729
9,6198
4,3737
3,9799
9,2412
9,4835
9,5337
4,3896
3,7590
4,0687
4,1106
4,0288
8,9419
9,1184
4,3448
9,7527
4,5695
4,5780
3,9541
9,4719
4,0562
9,1339
4,6301
9,5497
9,3234
4,2789
10,0337
9,7234
9,6295
4,1472
4,3872
9,3507
4,4840
4,2562
9,2917
9,1596
4,8054
9,5597
9,9569
4,2726
4,8326
9,4203
4,6779
9,4180
3,7769
4,3816
8,9866
4,4526
9,1784
4,4076
4,6686
4,0050
5,1961
4,7681
4,0035
9,0483
4,4155
4,5238
4,5396
9,7744
4,1004
4,4066
9,1938
4,7431
9,9067
9,2855
9,0797
4,6506
3,9192
9,6139
4,5360
9,6038
4,4886
9,3358
9,7700
4,1963
9,4184
9,3227
4,3601
4,2887
9,0449
9,7556
8,9511
4,3108
4,5344
10,0092
9,5749
9,8575
4,4991
4,3267
9,2553
9,0085
4,1422
4,5530
3,3901
3,9271
4,5944
8,7215
4,6061
4,3251
4,1602
9,3667
4,2716
4,0959
4,1444
9,8494
8,8696
4,7091
4,4616
4,3813
9,3718
3,5759
9,1891
4,0634
3,9450
9,3133
9,9007
9,5720
9,9884
9,1407
3,7723
9,5099
4,5374
10,4391
4,0980
9,0407
4,3766
3,8040
9,4643
4,4257
9,3059
9,6059
9,2160
9,5818
9,1594
9,1043
4,2157
4,5922
9,1247
4,1309
3,9803
9,1099
9,4450
10,0069
3,9182
3,7912
4,5350
4,4795
3,8752
4,2427
4,5240
9,2849
3,6834
9,2904
9,0310
4,0329
9,4473
9,5430
9,5762
9,9836
9,1903
9,4727
9,4448
9,0619
3,8024
4,3448
4,3531
4,2231
4,1771
9,4219
4,0447
4,4603
9,0045
9,5624
4,4128
4,4154
3,7275
4,2221
4,5940
4,3196
9,8749
4,7857
4,7684
9,7564
3,7071
9,4042
5,0341
4,1411
4,6905
4,0519
9,5088
4,4405
4,1368
4,2131
4,3663
10,0250
4,7637
9,2060
3,7935
9,3008
4,1484
4,4932
4,3162
9,3004
9,4065
4,5651
4,5202
8,9023
4,2056
3,6160
9,4981
4,1688
9,3740
9,2919
4,1795
9,2537
3,7933
4,2489
9,2895
9,5288
9,8306
4,6383
3,7242
3,4996
5,1757
9,5407
8,9876
9,4313
9,7061
9,5677
9,4632
9,6947
4,6874
9,7993
9,3880
9,2982
9,7541
3,4911
4,5225
9,5036
9,7690
4,4886
4,6280
9,4130
4,0361
4,0466
9,6949
4,1981
9,7110
9,6318
4,8462
4,7795
9,0637
4,3317
9,7618
3,7607
4,1065
9,6491
4,3896
4,0174
4,9713
4,8060
5,1807
4,5712
4,9373
4,1033
9,2374
4,3032
4,2672
4,1423
10,3475
4,0209
9,9714
8,8909
4,6344
4,0684
9,4746
4,3148
9,4552
4,2802
9,4050
4,5697
9,7067
9,8497
4,1404
4,4778
9,4436
3,9322
4,8339
4,3350
9,5390
4,6760
9,3832
4,4871
9,7332
3,6966
9,1059
9,4284
3,9703
4,1583
9,6102
4,7331
8,9494
4,0272
4,0297
3,5684
9,2894
4,2127
4,1139
4,2151
4,0775
4,3597
9,3624
9,6924
9,2396
4,4623
9,0105
4,3890
4,1399
10,2024
9,3574
3,8316
4,5914
4,4680
9,1647
9,5110
4,3988
9,9413
9,2326
4,3870
4,1352
9,4141
9,7652
9,5648
9,5616
4,4435
4,1925
4,1528
3,7648
9,4257
9,2872
4,4287
4,7129
4,6460
4,1642
4,1218
8,7039
4,7853
4,3164
4,1415
9,6141
9,0917
4,1035
9,0344
4,1388
4,0775
4,6162
9,7048
4,8695
3,9874
4,5030
9,1369
4,3789
4,2655
4,9411
9,2423
9,3403
9,4657
9,0652
3,7968
4,5906
9,6388
9,5136
4,0339
9,7632
4,6317
9,4508
4,5807
9,3000
9,6501
4,3238
4,4906
9,1386
4,0585
4,1573
9,5279
9,4611
9,4970
4,1559
8,9929
4,7143
10,1620
9,9196
4,2949
9,9574
9,8531
9,6698
4,0347
9,6992
4,9546
9,3510
9,5263
8,6470
9,4372
9,7235
4,0618
4,3407
4,2327
4,4611
8,9297
4,2956
4,2933
4,6594
9,3097
3,4301
4,4907
4,0396
9,4703
4,5783
3,7280
8,9258
4,7051
3,8662
4,4185
3,8648
4,8447
4,7501
4,3901
4,1445
9,1231
4,3936
9,4041
3,8809
9,6918
4,1360
9,2181
4,5850
10,0354
8,7427
4,0730
4,7652
3,9909
9,3964
4,2625
8,9535
4,4427
3,9449
5,0561
9,6905
4,4918
4,4169
9,3391
9,5607
9,5266
4,0064
4,0585
4,1243
4,3933
9,2122
9,0207
4,5284
9,6997
9,2403
4,0638
9,8564
4,1803
9,3812
4,1725
9,4619
3,6860
4,6176
4,2445
9,5058
9,3441
4,2350
9,4721
9,6019
5,2601
4,1925
9,9678
9,4206
9,4888
9,5486
4,7819
9,3296
10,1583
4,4532
4,5241
4,1009
9,0758
4,4275
4,4637
9,2775
9,8245
3,6921
9,5816
3,7307
9,1324
3,9657
4,4078
3,9838
4,5929
9,6756
9,1965
3,9053
9,6756
4,0913
4,7680
3,6804
4,1115
4,1943
4,4381
4,1572
9,8901
4,6231
9,9447
9,3355
9,2361
9,6004
9,1311
9,3862
9,0677
3,9293
9,3188
3,9736
9,7298
9,4362
9,7545
9,8092
3,8452
9,4095
9,1302
4,4700
4,4411
9,4313
9,1456
9,3473
9,2094
4,5492
4,2783
5,0919
9,4028
4,3127
9,2507
4,2158
9,3499
4,4494
4,0582
9,4338
9,3761
4,3690
4,3556
9,5973
4,0736
4,1569
9,6975
9,1289
4,6580
9,7149
9,4183
4,2824
9,4618
3,9733
4,7961
4,8491
9,5383
4,5029
9,1442
9,2804
9,5819
3,8735
9,0956
4,6141
4,8116
9,0454
3,9379
8,9987
4,2645
9,1386
9,4182
9,2474
9,6177
9,2114
4,0189
4,0430
4,1654
9,2571
4,5557
4,6419
9,0339
9,0165
9,0018
4,0206
4,4431
9,0829
9,4015
4,6993
4,0645
9,6327
4,0974
4,3938
4,2316
8,8622
9,5349
9,5707
9,8010
4,6314
9,1960
4,4085
3,8750
4,3410
4,2272
8,9778
9,7299
4,4986
9,7156
9,4233
9,4466
4,3000
4,1907
9,0411
9,3790
9,4428
9,2812
4,6005
9,2232
9,2431
9,4367
4,4713
9,8289
8,7069
4,9039
3,7420
4,2789
4,7092
9,4469
9,3390
8,9329
9,7496
9,7412
9,2555
9,2935
9,2157
9,6381
4,1654
9,6232
9,3420
9,1893
8,9714
9,8799
8,6027
10,0567
9,4815
4,4079
4,8273
4,8680
9,3807
4,6067
3,9133
9,7267
4,2205
8,7540
4,7335
4,0199
4,2736
8,9501
9,2254
4,5372
5,0001
9,9742
8,8700
4,4737
4,4477
4,2256
9,1289
10,0350
3,9750
3,5830
4,3828
4,6685
9,0558
9,5601
3,9518
4,4423
3,6022
9,6701
9,1552
9,5192
9,5399
9,7702
9,5069
9,1782
4,2703
4,2219
9,4441
9,4138
9,7092
9,1535
4,5718
4,1862
4,3822
4,4307
5,1391
4,9184
3,9885
4,4005
9,4327
4,5253
3,8795
4,4292
9,8978
4,2583
3,8592
4,3083
3,9664
4,5527
4,5624
9,2573
4,7644
3,3950
8,9444
9,5121
4,2142
4,5714
4,0428
9,9336
4,3256
9,5528
9,6031
4,8704
5,2002
3,8303
9,2226
9,5496
4,2095
9,4871
9,2947
9,3715
9,9054
9,2368
4,0992
4,7567
4,3719
4,2844
9,4613
9,2749
4,9465
3,8350
9,3280
9,5160
4,0096
9,6761
9,2854
4,9192
4,1521
4,6085
4,1976
4,4853
4,3964
3,5601
3,9123
9,4518
3,9004
9,2532
4,4448
3,8573
9,6409
4,5824
8,7090
9,5572
9,4753
4,3680
9,5423
4,2699
10,0098
9,8670
8,9698
9,1092
4,4902
4,3546
9,5413
4,4712
9,7835
4,3416
8,8546
4,5852
4,0759
9,3639
9,9630
9,2118
4,2921
4,3629
4,8377
9,4276
4,9234
4,2504
3,8056
4,1793
4,3889
9,3272
4,4405
3,9123
9,4333
3,6830
4,1876
9,7020
3,9541
9,4077
9,7908
4,4698
9,5175
9,6667
4,0632
8,9070
9,6023
4,2100
9,0570
9,2120
3,4991
3,8470
5,1136
9,6699
9,3405
4,5069
9,2213
4,1738
4,5657
4,7429
4,9785
4,7006
8,8784
9,2323
3,8557
4,1733
4,9536
9,4720
4,2511
9,3622
9,2340
9,5687
9,1040
9,8204
9,0127
4,6615
4,3601
4,4170
9,3017
9,4646
4,6265
4,3800
4,2079
9,9767
9,1641
9,4093
4,0977
9,2766
4,0248
4,1441
8,7237
3,6435
3,9876
3,8240
4,5942
9,6466
9,1432
4,0356
4,1147
4,4886
3,9711
9,0221
9,2984
9,5271
9,2246
9,3386
4,1395
4,3703
9,9482
9,5443
9,9825
9,5439
10,0075
4,4870
4,9761
4,4505
4,3133
9,5464
4,7574
9,2458
4,1243
3,9815
4,5844
4,8361
4,7393
3,9916
9,2632
4,2607
4,3431
4,6332
4,2692
9,3760
4,0402
4,3710
4,4946
9,6056
8,5274
9,2381
9,8757
4,5324
9,5657
4,3203
9,4431
4,3527
9,3974
9,0636
4,3962
3,8850
9,6433
9,3317
4,1085
4,0096
9,1989
8,8331
9,6061
8,8174
3,2984
3,7986
4,6464
4,5092
8,8655
4,5106
9,0746
9,8711
4,3945
3,9853
4,4910
4,2582
3,7790
9,8494
4,2926
3,6683
9,3061
9,4003
4,1495
9,2663
4,3638
4,1473
9,8015
9,6482
8,8724
8,7418
4,9488
10,3978
3,8195
9,1839
3,9673
9,0371
4,4874
9,8460
9,8388
9,6932
9,1815
9,7365
9,3889
3,8316
8,7751
9,3489
9,3692
4,1491
8,9624
4,4152
4,5560
4,5757
4,9290
9,7817
9,5311
10,3127
4,6693
4,4427
9,5011
9,5269
4,7813
9,3239
4,0392
4,8716
9,0764
9,3080
9,3983
4,4662
10,0020
4,2726
9,0058
9,5008
9,2631
3,7902
9,5749
4,0291
9,1133
4,5102
4,5638
4,3989
4,0343
4,2569
9,6867
9,7668
4,7049
9,4630
3,8801
9,3527
9,8823
9,3196
4,8382
4,1680
4,7125
9,3706
8,8880
4,7904
9,3786
4,1183
4,6284
9,4381
4,0720
4,5777
9,3391
4,1138
4,1934
4,3519
4,4031
4,1643
9,2239
4,9361
4,5047
4,2238
9,3613
4,1860
9,4520
9,5657
4,6796
4,5963
4,1931
4,5208
9,0969
4,7382
9,9685
3,7232
4,5490
3,3416
9,2732
4,5274
4,3116
4,3018
9,1472
4,3825
9,0739
4,4354
3,8283
4,0889
9,2436
5,0352
3,7368
4,1899
4,5588
10,1410
4,5943
4,3378
9,2893
9,2445
4,2600
9,2230
9,3140
10,2210
4,3878
9,3755
4,6444
9,4784
9,0566
9,3482
9,3177
4,0240
9,5273
3,7933
9,2035
4,2136
9,1861
9,0872
4,3444
9,4178
9,9781
4,2293
9,6536
4,0225
9,7989
4,2872
4,8386
9,4192
3,9770
4,5897
9,1525
4,4197
3,4913
9,5882
3,9262
4,2743
4,1875
4,8852
4,2660
4,3535
8,8032
9,2066
4,1158
3,8503
4,5344
4,4388
9,4706
9,1827
5,1553
4,1438
9,9283
9,8797
5,2910
4,7793
9,6618
4,1864
4,4921
4,5064
4,0319
9,7463
9,4133
9,3554
9,5212
3,8068
9,4892
3,8294
5,0948
4,1144
3,8203
4,4467
9,5618
4,2642
4,6039
3,9093
4,1623
9,2106
4,8368
9,3338
3,9715
4,0438
4,1002
9,5825
9,2501
9,3537
8,8814
9,6430
5,1614
9,3561
9,3871
4,1873
9,8517
4,4620
4,2924
9,8989
4,1002
8,7849
4,3722
9,1560
4,3142
9,2909
9,4484
8,7965
3,9968
9,0781
9,4661
8,9424
3,9347
9,3288
4,7848
4,7201
9,5685
9,9666
3,8908
4,7264
10,0332
4,5368
8,8732
4,5225
9,1306
4,0520
4,7722
9,5203
4,4150
9,6575
9,7798
4,0200
9,4389
4,9195
9,2929
9,3320
4,5484
4,0934
4,7314
9,3295
3,9448
9,9737
8,5473
4,4401
4,2908
4,2761
4,7163
4,1192
4,1777
8,9443
9,5511
9,7164
4,1848
9,2226
4,6237
9,4196
4,5236
9,1989
9,2385
4,3339
9,2910
3,7030
4,4369
4,1610
4,8520
9,2082
9,5444
4,2735
9,2198
9,4256
9,6823
9,3863
9,5180
4,5061
9,5097
4,7664
9,0689
9,6903
3,7689
4,9704
4,1488
8,9842
4,2845
9,4347
9,3019
9,0741
4,4941
9,5361
9,3313
9,2141
9,4918
4,6339
4,4824
4,2591
9,0272
4,2114
4,5771
3,7321
4,5793
4,1355
4,7261
8,7632
4,0572
9,4110
4,6172
4,0057
4,1039
9,4329
4,7344
4,5516
4,7819
4,2230
8,9985
9,0387
4,1485
9,1940
4,0964
9,8823
4,1288
9,5948
4,3251
9,6636
4,1499
4,5750
9,6232
9,7566
3,4851
4,4976
9,4287
9,1150
4,0623
9,4223
4,3274
9,4700
9,1102
4,9571
4,6300
8,9359
9,2577
4,2013
3,9143
4,3619
9,0138
9,3461
9,5245
4,8122
4,4437
9,3037
5,1819
9,2708
9,8544
4,1612
4,4838
4,7449
4,2736
9,1903
4,2060
9,4655
4,1970
9,2700
9,1189
9,5717
9,1370
3,8246
10,3533
9,6325
9,8668
4,2180
4,8815
4,4041
9,3289
4,1808
4,7433
9,5808
5,1033
4,4407
4,4880
9,2318
3,6391
9,4509
4,7821
4,7194
9,3163
4,7339
4,6940
9,6170
9,9890
9,3922
3,8385
9,0032
4,5075
4,1344
4,0128
4,7147
3,9406
9,5766
4,7991
4,0840
9,8518
3,7965
3,4818
3,9834
5,0760
9,2024
9,4302
3,8948
9,1495
9,6746
4,2117
9,1675
9,1214
9,1183
9,2112
4,1440
9,3745
3,6519
4,1113
9,1926
4,5027
9,3405
4,1383
3,4423
4,0464
9,1351
3,7846
9,8043
4,6747
4,2066
9,2595
9,3324
9,3794
9,1362
4,7924
9,6628
4,4417
9,1327
4,2585
4,5737
4,3239
9,5362
9,6002
9,2837
9,2107
4,1660
4,0081
4,1892
4,4047
9,6908
4,7931
4,5395
3,8170
9,5347
4,5047
4,3721
9,2933
3,7496
4,5079
9,5343
9,3229
9,4047
4,1223
9,2240
4,0666
3,9113
9,5252
4,0389
4,5611
10,1663
4,2257
4,5196
5,1464
4,2753
4,5660
4,5327
9,5375
9,2494
4,6723
9,5666
9,1923
9,7605
4,2860
4,2376
10,1200
9,4274
9,5664
9,8547
4,2955
9,0959
9,8801
4,2230
9,1677
9,5478
4,8202
9,6637
10,0137
9,3169
4,5021
9,4584
9,6631
3,8385
9,6481
4,1919
9,5532
4,0311
9,4588
9,6367
4,7268
3,6075
9,2345
9,4360
9,4530
4,7863
4,4474
9,0019
4,8560
4,4149
4,6229
4,9207
9,4030
3,7894
4,2016
4,4484
9,3180
4,3068
9,5954
9,3451
9,4329
9,3385
4,2034
9,4297
9,7337
9,0418
8,9613
3,9393
4,0306
9,1827
8,8155
4,3296
3,7607
9,5193
4,3444
4,2521
9,5929
9,4926
9,7482
9,2219
4,4440
3,8468
4,5646
4,6924
9,3588
9,1032
9,5770
4,2512
4,6176
4,5037
9,4193
4,5565
4,3197
4,4363
4,3745
9,2734
4,6862
9,5024
9,5000
9,3458
4,4174
4,1852
9,6099
3,7633
4,4835
4,4221
9,7348
4,5647
4,1786
9,4938
9,8478
3,8902
8,8740
9,1032
3,8126
3,8671
5,1017
9,3191
4,7728
4,4725
3,6249
3,8978
9,3023
4,2074
9,4575
8,9680
9,3602
3,7055
9,4128
4,2367
9,2144
4,3662
4,0667
4,5890
3,9441
4,3086
3,9294
3,7326
4,3121
9,7094
4,4043
4,5610
10,0361
4,5014
9,0599
9,4874
4,2917
4,1522
4,0961
3,6742
9,5694
4,4673
4,4617
4,8408
4,0297
4,5453
9,5208
9,4623
4,4466
9,4193
9,3057
4,0858
4,1202
9,4716
4,2454
4,6825
4,9667
9,9434
8,8691
4,0312
9,2737
9,6383
9,2648
9,7181
4,3921
4,0306
9,0575
4,7552
9,1872
9,2226
5,1032
8,9538
4,8953
4,3517
9,3017
4,9509
3,8298
4,2185
4,5836
3,9153
4,5160
4,1020
8,9682
4,4350
4,6278
4,2981
9,3646
4,4487
9,7383
9,5481
4,1572
9,3918
9,3087
9,6277
9,5981
4,0799
9,1204
3,4634
9,8704
3,7289
9,9147
4,6771
3,6347
4,3325
9,0713
4,2323
9,3377
4,2594
4,7315
4,6898
4,5044
5,3937
3,5146
9,6650
4,7447
9,0856
4,2661
3,7663
4,2097
3,7092
9,8497
4,5203
9,1648
9,0428
9,7223
4,0549
4,2129
9,4654
9,1612
4,3891
3,7173
9,1629
9,1973
9,3284
4,0626
4,0857
9,1486
9,6652
4,2521
3,8442
9,6031
4,5807
9,1808
9,2334
9,3893
9,0307
9,1640
4,5334
4,8871
9,5113
9,3589
3,7983
4,5617
9,3534
4,3695
9,5268
8,9608
9,2641
4,3992
4,5571
9,5563
4,3985
3,6105
8,9590
9,5317
9,8106
3,9683
9,1491
4,4217
3,9047
4,0723
4,8938
4,0760
4,0541
3,9883
4,2351
9,7324
3,4445
4,2316
3,9486
4,2074
9,9000
9,0734
4,0106
9,0621
4,2537
4,1457
9,1889
9,6329
4,9714
3,9174
8,9302
9,3194
9,4352
9,3188
4,3625
9,2968
4,9266
3,9711
9,0525
4,4015
4,2347
9,8272
4,7045
9,5789
9,4371
3,8376
8,9436
9,5544
4,9230
9,6458
9,6283
3,8833
4,6618
9,3986
4,3670
4,0813
4,1169
4,5327
9,5223
4,6670
4,6076
3,8944
9,6557
9,1079
4,6308
9,9795
9,4152
4,2510
4,2792
4,7938
9,3299
4,0200
4,3574
9,3849
4,0315
9,3447
9,2820
4,0894
8,6013
9,3662
4,6335
9,0788
9,2745
9,0814
9,1515
9,3322
4,3569
5,0316
4,2114
9,6817
4,2746
3,6545
9,4578
3,4186
9,4925
4,4579
9,4305
9,0260
9,5633
4,5601
9,3017
4,5653
9,1787
9,3629
3,4140
4,1698
9,3270
4,4337
9,9508
9,3583
9,4547
4,2408
3,8883
9,5274
3,8031
4,2665
9,8512
9,3488
4,5681
9,3334
3,7745
9,6675
4,3534
4,4435
9,1361
4,1528
4,2855
4,6469
9,1345
9,3890
9,1933
4,4274
9,5685
3,7856
4,2569
3,8596
9,1838
4,4476
4,4923
4,3044
9,2537
4,6884
4,4474
4,0435
9,1788
10,3277
5,0815
9,8414
9,5306
4,2526
9,1801
4,0885
9,1701
3,6457
9,2773
4,1035
9,2021
4,7788
4,4143
4,6483
4,7229
4,1317
3,8602
4,4415
9,2286
4,3593
9,5225
4,0033
9,5111
9,6278
9,5803
4,5239
4,4980
4,7584
9,1283
4,1491
4,2478
4,5876
9,2201
4,5661
9,5030
4,1379
4,4417
9,4056
8,9386
9,6474
9,1773
4,1147
9,4292
3,7485
4,1570
9,3969
4,1105
4,8464
9,8461
4,8230
4,1043
9,2020
3,8744
4,3897
4,5970
4,4927
4,4217
9,4082
9,1831
3,7556
4,4493
4,0347
9,2333
4,2328
9,2897
4,4548
3,7718
9,0276
8,7376
9,3167
9,7072
8,6673
4,0050
9,4745
9,3666
9,3560
9,2390
9,6220
4,0184
9,7355
9,6223
9,5667
4,8539
4,0555
4,2479
4,2818
9,8747
4,4660
4,3963
4,1554
9,6410
9,2244
9,4930
4,5190
4,5193
4,2433
4,1771
4,4355
9,4610
4,5368
4,4418
9,4254
9,3201
3,9850
9,1241
9,7592
9,1372
4,1227
3,5510
4,0641
9,7205
9,7617
9,5552
8,9949
9,4064
9,8767
4,3647
9,3704
3,9469
10,0775
9,4856
9,5719
3,7414
9,3681
3,5976
4,5950
4,2816
3,9870
9,3979
9,4884
4,7047
9,7155
9,2117
9,0637
9,6053
4,7729
4,7385
4,4067
9,4402
3,9257
4,2725
4,7405
9,2223
4,4476
4,4439
4,2937
9,5749
4,1871
8,9942
3,9894
4,8138
4,4177
9,2943
9,5439
9,3326
9,2214
9,1344
4,4449
4,7189
4,2752
9,7307
4,5748
3,8337
4,4771
4,2713
9,3644
9,0509
5,2263
9,0229
4,4457
9,5086
8,6250
9,6705
9,3653
9,3224
9,8472
3,9646
4,2314
9,6807
4,2940
4,4574
8,9154
3,7240
9,1388
9,1801
9,2313
9,7657
3,9401
4,1478
9,1085
9,0738
4,4682
9,1965
8,7840
4,4060
9,2871
4,6128
5,1882
4,1756
9,4918
9,6348
9,2981
9,6105
9,1380
9,1227
9,3876
4,3402
9,3055
4,2118
4,2673
4,3550
4,1197
4,5756
3,9370
4,5777
4,7439
3,9315
4,5910
9,1608
9,2696
3,8972
9,4989
4,3081
9,9455
9,0202
4,6092
8,8608
9,2669
4,2457
9,5841
9,1106
3,8564
9,1706
8,9589
4,2391
4,4336
4,5464
4,4746
4,9078
4,3874
5,0192
9,5548
4,3228
5,1578
4,2321
9,7654
4,4276
9,1935
4,5493
9,2696
9,7418
4,6976
4,6002
8,7931
3,7756
9,4568
8,7559
4,1413
9,4202
9,8901
9,3326
4,0624
8,4873
8,9430
4,2231
9,6623
4,2136
4,1298
9,4710
9,7538
4,4792
4,0724
10,1400
4,2238
9,1893
4,2182
9,7249
9,2004
9,1046
9,4384
9,0435
8,9210
3,7234
3,6914
4,2346
9,4224
4,6306
4,2318
9,1557
9,3664
3,8444
9,1310
4,3693
9,1037
4,3531
4,2461
9,0375
10,1543
9,7214
3,8022
9,8228
9,7976
4,2231
9,7061
9,5683
4,6370
4,4868
5,0326
4,4741
9,1053
4,1640
9,5220
4,7412
4,8133
3,9729
4,5214
4,3171
9,6177
9,2499
4,3886
9,6968
4,4653
9,0540
8,9812
9,0011
9,1377
4,6027
9,4815
4,5328
9,1587
9,5545
4,5753
9,3483
9,2525
9,0073
4,5220
10,0927
9,1099
8,9395
4,3701
4,8500
4,8388
4,6780
8,8958
9,0242
9,9829
9,7895
4,2531
9,2316
8,9415
4,4881
9,6285
3,8023
4,8714
9,3735
4,3978
4,4133
8,7326
3,9148
4,3288
4,8508
9,3731
9,0908
4,6824
9,4326
4,0348
4,2435
4,8788
4,2453
3,9572
4,5674
9,1188
4,1243
9,7583
4,4312
3,8258
3,7671
9,1181
9,4208
4,1724
9,3144
4,8024
4,4918
4,7484
9,5118
4,2894
4,2205
9,9301
9,0998
4,6601
9,7381
4,3202
4,3116
9,4811
9,1403
4,5148
4,3029
4,4455
4,1701
4,0659
9,1963
9,0410
9,3831
9,4267
4,0024
8,8057
9,2016
9,5383
4,7026
9,1896
9,4985
9,4527
4,4851
8,9985
4,7078
9,3810
9,8085
3,9626
4,8696
9,2650
4,4074
9,0377
9,7239
10,1462
9,6107
4,5252
8,8534
9,5509
4,8382
9,4668
9,3481
9,6263
4,8579
9,7115
8,9876
9,3769
4,4998
5,0285
9,6453
4,7938
4,1406
9,2307
4,1755
4,1841
9,8141
9,3403
9,3213
5,0821
4,6169
4,6822
4,7829
3,8638
4,6225
8,5907
4,0990
4,1273
4,3481
4,2862
3,9775
4,4014
8,9029
9,5199
9,2582
9,3723
9,3415
9,8225
4,4685
9,2933
3,8944
4,0726
3,9905
4,1219
4,0992
9,8236
9,4218
9,3592
4,4794
8,8666
4,6619
3,9145
8,9806
3,8117
8,9091
4,4783
9,3396
9,6518
4,6566
3,7718
4,3727
4,3991
4,0365
9,0902
9,4138
9,4663
4,5374
9,1843
3,7877
9,2831
9,2262
9,4947
9,0843
9,8264
3,9429
4,7718
4,6463
3,9236
4,6424
3,9245
4,9261
9,7591
4,2908
4,5368
4,7251
9,3232
4,3533
9,0648
4,6720
4,1128
9,6321
3,9174
3,8482
9,0725
8,7438
4,1637
9,1477
9,6732
9,5425
3,9591
4,3921
9,1393
4,0112
9,3242
9,6369
4,2064
9,4372
9,4853
4,0235
4,5388
3,9952
3,7591
9,6138
3,9415
4,2360
9,4821
9,4334
9,5793
9,2583
9,0658
4,4977
4,3768
9,3983
4,2105
9,5782
3,7107
9,5176
4,4696
9,5693
4,6469
9,1208
4,9961
9,3808
4,0640
5,1991
3,8401
9,5825
3,8487
4,6766
9,1135
9,6186
9,0689
9,1336
4,5914
4,4663
4,0273
4,3823
9,1896
9,3126
9,3093
9,1450
4,3216
4,2251
4,0818
9,9104
4,2766
3,9541
9,3342
9,4997
10,0419
8,8402
4,5473
4,0179
4,3305
8,9428
8,8363
4,0570
3,4711
4,2614
4,6850
9,3323
4,5341
9,2426
9,3541
9,0815
4,5403
4,0562
9,5817
9,4936
4,7030
3,7857
4,6898
4,3562
3,9389
4,3966
9,1793
4,1928
4,8891
4,2178
9,2885
9,4345
9,1668
9,7225
3,8081
9,4481
9,4966
3,7956
4,6021
4,2490
8,7310
9,0492
4,5021
9,0317
5,2164
3,9033
4,6423
4,1628
9,2292
9,2652
9,9075
4,3507
4,1168
4,1775
9,2044
4,3129
5,1126
4,7805
4,7147
8,9674
4,5699
3,7626
4,2024
4,0420
9,3918
4,1414
4,1125
4,0329
9,2095
9,3205
9,5589
4,5244
4,0785
4,1495
4,3312
4,3936
3,9674
9,1677
3,9795
4,3837
4,1607
4,2389
4,3116
8,9775
3,9242
9,3198
3,7622
9,5768
9,6203
3,9498
4,6483
9,5429
9,4264
9,4089
3,9639
9,5657
3,8975
5,0599
4,7390
8,8109
9,1261
4,4757
4,4854
4,8650
9,6954
4,1183
4,9884
9,4749
4,7697
9,6473
4,1983
9,2150
9,0760
8,9886
8,8899
4,3699
9,5497
3,8531
4,2245
9,5398
4,3221
4,1803
4,5475
4,7066
4,6165
3,9793
9,5524
3,6431
3,9035
8,8008
4,0627
9,3472
9,1061
4,7694
4,1892
9,2161
4,2947
9,6671
4,4262
4,2583
9,3501
9,7638
8,7749
4,6567
4,1194
9,5800
9,2113
4,2666
4,1177
9,5896
3,9815
9,5257
3,8940
9,8183
4,7222
4,3447
9,5779
4,3573
4,4348
3,6882
9,6136
3,2810
9,3592
9,5207
4,3639
3,8893
8,5420
3,9312
9,3526
9,5379
9,1138
3,8910
9,5771
9,1322
9,6095
9,7579
4,9156
9,3012
8,9568
9,3821
4,2431
4,8575
9,9256
9,4689
9,3168
3,7254
9,3626
9,6277
9,5512
4,1123
4,7371
9,2611
9,0587
9,0540
4,5466
8,9975
8,7460
4,4646
4,2367
4,5367
10,2599
4,0537
4,4865
3,6397
9,1404
4,9235
3,5048
9,2918
4,4152
9,4870
4,7691
9,4873
9,3173
3,9179
9,6388
5,0055
4,7342
3,9668
4,1625
9,2071
9,4831
9,6225
9,4430
4,8845
4,6119
3,8965
4,0201
4,8502
9,8515
8,9411
9,4807
9,4448
4,1356
3,9002
9,3182
5,0751
4,0913
8,8665
9,6279
9,4708
4,7860
9,1086
4,1542
9,0140
9,4789
4,5206
9,5140
4,8384
4,4099
9,2729
9,4910
9,2453
3,9240
9,6064
4,5990
9,3525
3,7418
4,7228
4,4798
4,5405
9,8143
4,2766
3,4714
9,0570
4,3527
3,7894
4,1756
9,5167
9,4773
4,9495
4,1310
9,0247
9,6490
9,2260
9,3818
4,0595
4,1664
9,1959
9,1432
4,0487
8,9785
4,1996
4,7688
9,3557
8,9804
3,9803
9,7345
3,8491
3,9830
9,2060
9,5258
9,1417
9,3028
8,7673
4,2760
10,2559
9,8954
4,0163
4,2075
9,2475
10,0235
3,9514
9,8769
4,2170
3,7955
4,6187
4,0256
9,2343
9,6341
4,2416
4,3055
4,5309
9,1867
3,9255
4,2388
4,4461
3,6813
4,2140
4,4179
4,1734
9,1194
9,2081
9,0766
9,2215
4,2259
4,9151
4,2593
4,3803
4,9459
9,3723
4,7094
3,8200
4,2216
9,8094
9,6829
9,2840
9,9706
4,3218
9,5025
9,4125
9,3245
3,8418
9,3065
4,8357
4,5758
9,1287
9,0502
9,5574
9,5381
3,9414
10,0582
4,4908
8,8083
3,8588
10,0539
4,8686
9,1350
9,1497
9,6385
10,1899
4,4193
3,9452
9,5252
3,7048
9,0033
9,3581
4,5866
8,8752
3,7249
4,4257
3,9633
4,1653
4,0326
9,2950
9,5038
3,9542
4,4063
4,6263
4,0780
4,8455
9,4503
4,1148
3,8078
4,5059
8,9854
9,4425
3,7868
9,6294
4,2022
9,1650
9,4352
4,3736
4,0795
8,7340
9,3405
4,3191
9,6336
4,8119
9,9510
9,5652
9,6142
9,5936
8,6114
9,2187
4,2208
9,2652
4,9616
9,5570
9,1154
10,2235
4,2718
9,4775
4,1455
4,8094
9,4600
9,0748
5,0161
4,5321
9,4434
4,2312
4,2245
3,7604
4,3154
4,0769
4,3582
9,1698
4,0945
3,8118
9,4171
4,2386
9,4141
4,4893
4,2249
4,0149
9,4398
9,4949
4,6918
3,8856
9,3719
8,8818
3,8669
4,6173
9,3860
9,6346
9,1671
4,3626
4,2706
4,2645
9,4459
4,4498
3,8020
4,5527
4,2955
9,6211
3,5863
9,3928
3,8999
9,4232
9,7088
4,3638
4,2950
8,7715
4,2071
9,6538
3,9450
9,5419
8,9071
3,9130
4,7133
9,6377
4,5261
3,8090
4,3975
9,0817
3,6094
9,8222
9,7159
9,8394
4,1208
9,4672
9,4869
4,4054
9,0691
9,4838
9,5485
3,7404
9,3890
5,2801
4,5234
4,3021
4,2331
4,1352
9,5224
8,9873
4,4534
4,4169
4,6964
9,4329
3,9534
9,0271
4,5210
9,0683
4,1007
9,3752
4,7471
9,8425
9,2688
9,5215
3,8839
9,5899
4,8120
3,9255
4,2419
4,6279
3,9384
4,4485
4,5159
9,6221
4,3912
3,9625
4,2812
4,0196
3,9430
9,6528
4,1547
9,4240
4,2385
5,0450
4,2646
9,7686
4,1958
4,8096
4,3344
4,4577
4,7908
9,6706
4,2291
9,2080
9,9106
3,4589
9,1986
4,3943
9,4916
4,3905
4,7816
4,8729
9,4010
9,4816
4,1989
9,4898
9,4544
9,1443
4,2402
3,4814
4,1196
4,3888
4,3931
4,0677
4,1797
4,7676
3,8228
9,3818
4,1501
4,3762
3,8128
8,9864
4,2798
4,2857
3,9808
8,7500
4,4239
3,6853
9,6661
9,4297
4,2907
4,3133
9,6686
9,3422
4,1659
4,3412
9,4558
4,1335
9,5716
9,5857
4,8433
4,4851
9,2549
9,3336
9,3475
3,5834
4,4806
3,9217
4,7252
4,7741
4,3343
4,2101
9,6621
9,5540
3,9411
9,0468
4,2372
8,9190
9,0803
9,2786
4,8816
3,7363
4,0409
9,2069
9,2834
3,8448
4,8953
4,5367
3,8210
9,5345
3,7886
3,9609
9,5686
9,9956
4,6287
9,0412
4,4046
4,1395
9,4103
9,5209
4,1589
9,1513
9,0514
4,7017
4,1620
9,6168
9,7954
9,5592
9,2485
4,4205
9,7554
5,1007
4,4370
3,5890
9,4810
4,1298
9,0855
9,0094
4,7569
3,9722
9,4688
8,8845
4,0306
4,5291
4,3480
4,5257
3,9494
9,5630
4,0781
4,1960
9,3169
9,0153
9,2777
4,0326
4,1708
9,7007
9,9219
3,9743
4,3687
9,5035
4,4439
9,3928
4,6683
9,5779
3,3795
3,8217
3,9730
9,2832
9,3154
9,2164
4,2995
4,1425
4,1361
4,1811
4,1293
9,1483
9,8230
4,4326
9,0176
4,3137
4,3383
4,2830
9,0522
9,8456
4,3547
9,6215
4,4181
9,7805
9,5157
4,8800
4,8363
9,8905
9,7856
3,8386
9,2875
4,4974
4,3504
4,2265
9,6152
4,5917
9,4351
9,3570
4,1220
4,1235
9,0022
9,5273
3,8681
4,2666
9,6548
4,1923
4,3328
9,3088
3,9705
3,9171
4,5319
9,2365
4,6627
3,6000
9,5482
9,6520
9,6474
3,4423
9,1454
4,0805
8,9509
4,7578
9,0210
4,5859
3,8286
9,6977
4,7135
9,8133
4,5447
3,8031
3,9758
4,0896
9,6163
9,3485
9,2215
8,7992
4,4049
9,1729
9,0929
9,3623
9,6922
4,2783
3,6859
4,4958
9,2019
9,3285
4,5497
4,0319
9,4805
9,4813
8,9723
4,6955
4,1447
3,9906
3,6703
9,8353
4,1359
9,1321
4,3779
4,7840
10,0510
9,9905
3,7093
4,7090
9,2868
9,5079
4,0909
9,8170
9,2013
4,0914
3,9392
9,4084
3,4389
9,4067
4,3523
9,1921
3,7089
9,6273
4,1957
9,5977
4,8258
9,1546
9,2632
4,7014
9,4905
9,6234
4,5041
4,1733
3,9562
4,7901
4,0730
3,7354
4,3774
9,1257
4,6294
9,1749
4,2464
4,5241
9,9234
4,0489
4,5313
4,0835
4,2095
4,0631
4,2486
4,1544
4,3081
9,6865
4,4419
4,1645
9,0195
4,5311
9,5390
4,3384
4,2242
9,1277
9,9183
4,6575
9,1440
4,3516
4,4250
3,9421
9,5536
4,5708
3,9648
9,0881
8,8448
3,9033
3,7799
9,6202
9,6080
4,2770
9,7229
4,3018
9,2434
4,4449
4,5268
4,0814
9,6762
4,6047
3,8716
4,1833
4,3135
3,9183
9,1726
9,8212
9,3355
4,1088
9,5725
9,4146
4,5187
4,7013
9,4650
8,9947
10,1276
4,1197
9,7370
9,7869
8,8456
9,2560
4,0871
9,6946
9,4613
4,0977
9,9262
9,2814
9,6891
9,7063
4,1916
4,7938
4,0902
4,2100
4,2294
4,4464
8,9482
4,0203
4,4526
4,8336
4,2378
4,5972
9,4482
9,7165
4,5303
4,8985
4,5858
4,6237
9,5467
9,6624
4,0109
3,9362
4,2335
9,4013
4,2368
3,6302
9,5227
4,2859
9,3060
4,0176
9,6229
4,2284
9,3592
3,9832
4,2285
4,2088
3,9839
9,6201
4,4025
4,2678
9,5809
9,4845
4,2783
3,8281
4,3437
4,4215
4,3922
4,0952
9,2996
4,4815
9,6218
9,7627
10,2954
4,5832
9,0911
9,6262
9,9094
9,3636
9,8057
5,0204
4,1075
3,5819
9,3942
4,2870
4,1989
9,4784
4,4984
4,2276
3,6006
8,8938
5,0145
4,4932
8,8283
4,7023
3,7438
4,3445
9,5114
9,2354
9,3517
9,5937
9,3549
4,0070
9,5737
4,5440
4,5004
9,4814
10,1159
4,5985
9,6777
3,7622
9,3442
4,4861
9,2372
3,7432
4,1075
3,8864
9,3157
4,0703
4,8112
4,3165
4,5636
3,3887
9,3626
4,0901
4,0547
4,3984
9,8360
9,3697
4,2288
4,2594
9,6629
3,4936
4,5011
3,9482
4,2666
9,1822
3,9335
9,4532
4,3313
3,8518
9,6740
3,8188
4,2879
4,3878
9,4319
4,3339
9,6032
9,4431
3,9219
9,4056
3,9239
4,4435
9,4802
4,0515
3,9876
9,0288
8,9089
5,0816
4,5607
4,3557
9,3238
4,6670
8,8787
3,8580
9,0963
4,1737
9,6926
4,1476
4,2662
4,0680
9,0125
3,6579
9,5702
9,7042
4,5421
4,0128
9,2048
5,0120
9,3616
9,5739
4,0484
4,4875
4,6077
4,3856
4,4358
3,9221
9,6730
4,0137
9,4818
4,4184
4,3913
9,2317
9,1751
3,8527
9,3084
4,1921
3,9846
4,7676
9,9427
4,2768
4,1249
9,7589
4,2903
9,5338
4,2875
9,4512
10,4881
4,5097
4,7010
5,0122
9,8411
9,4732
9,2503
9,3482
4,2101
4,0599
8,5922
3,7405
9,3426
9,5974
9,4647
4,7851
9,5378
9,4135
4,4333
9,8818
9,7627
9,1513
4,3618
4,8395
9,0577
9,3606
9,4911
9,2669
4,1126
4,2467
4,7137
4,2338
3,9065
9,5099
8,7417
9,3302
4,7375
9,7869
9,7278
9,1762
9,2379
4,4011
9,8158
9,5143
9,0464
4,3009
4,5679
8,7812
3,7585
4,5969
4,4986
4,8076
9,6104
9,2858
9,3407
4,1169
9,7576
4,3242
9,3314
4,5255
4,6564
9,5059
3,8893
9,2378
4,5554
9,3414
9,5229
9,7647
9,5805
9,2221
4,1928
4,3161
4,1453
4,5812
4,7648
9,2527
10,0776
9,6348
3,9379
4,1900
8,6538
3,7272
3,8229
9,4461
4,1576
4,4514
4,0188
10,0463
9,5759
4,1565
3,7724
9,8708
4,0105
9,2256
5,1220
4,8977
4,2456
9,7725
3,9856
3,7001
5,0380
9,4621
4,1848
9,1583
9,2665
4,4882
9,1236
9,7903
9,4113
9,3902
9,4313
9,4253
4,5235
9,2479
9,5733
3,7737
9,6953
3,6442
9,2869
4,2626
9,5533
4,6562
4,8172
4,4514
4,0010
4,3549
9,1993
9,6490
4,0032
9,1762
9,5975
8,7868
4,5113
4,6155
9,6229
3,6121
5,0163
8,7974
9,7070
3,6923
4,5749
9,5614
8,7966
4,9113
4,5380
4,5511
9,5464
4,7229
4,3310
4,1607
4,0086
9,3392
9,5574
9,4801
9,6388
4,6477
9,3429
9,1747
4,3881
9,6460
4,5664
4,3451
9,0461
4,0048
4,3365
4,5270
4,1752
4,9342
4,3451
4,1029
4,3207
3,8729
9,4604
4,8587
4,2281
4,3140
4,7641
9,5136
9,4483
4,6698
4,5590
4,8758
4,3558
9,2689
9,2360
3,5047
9,2536
4,3147
4,9621
5,3933
9,0299
9,0987
9,4808
4,1990
3,9576
4,4816
4,7034
9,4319
9,2983
4,6208
4,0509
4,3729
4,1117
4,1870
9,3713
5,9029
9,7791
4,5523
8,9621
9,5182
9,0711
9,8962
3,7435
9,6093
4,5005
9,5021
9,1962
4,4115
4,4622
8,6304
4,5934
4,1920
4,7972
9,3637
4,5396
9,2622
9,2380
9,0073
9,1746
8,9036
9,6034
4,4944
4,5036
8,8005
4,0792
9,0880
4,5158
3,7948
9,4930
4,1837
4,1136
9,7222
4,1889
9,7083
9,8147
9,4556
8,8855
9,2512
4,6054
4,0157
4,5811
9,3268
4,3083
4,8137
4,4051
9,3403
4,6686
4,1077
4,7708
9,8226
9,5377
4,0545
3,7900
4,3276
4,5491
9,2466
4,2806
4,4083
9,1532
8,9571
9,2057
9,3645
3,9975
3,8692
4,3329
9,1414
9,6159
4,1765
9,5596
4,5706
4,9981
9,7307
8,8789
3,8430
4,9891
9,2611
4,6788
3,8748
9,2654
4,0426
9,3498
9,4875
4,2779
4,5401
9,3824
4,0777
3,8746
4,5845
4,4973
3,8779
3,3647
4,4679
9,4398
9,5047
9,5032
4,1321
9,1364
9,0582
9,6634
9,2961
9,4478
4,7434
9,8582
9,3600
9,7430
4,1581
4,1761
4,2367
4,6468
9,4723
9,4232
9,0565
4,6339
9,1666
4,5226
4,1035
3,9646
9,8004
9,5416
8,7628
4,3439
9,3951
9,6450
8,6594
9,8393
4,7694
8,9897
5,0938
4,0926
9,7557
5,2139
9,2020
4,3247
4,4135
9,8192
9,9948
4,4043
9,6026
4,5630
4,3463
9,7904
9,4122
9,3796
10,0719
9,3838
9,1490
4,2345
9,5090
9,7992
3,9695
4,1083
9,0349
4,0747
9,5867
9,2612
4,1523
3,9856
3,8998
9,9842
9,8701
4,9388
4,9331
4,8374
9,6407
4,2447
4,9155
9,7258
8,8249
4,2119
9,2504
9,7413
4,8108
9,2645
4,1663
3,8570
3,9055
9,9523
9,2526
9,1251
3,8501
4,3689
8,9247
4,0948
4,0862
4,2836
9,4327
9,6520
4,5280
4,4572
5,0152
4,5957
9,3794
4,6894
4,0834
4,7601
4,4516
9,7776
9,2964
9,4431
4,0427
5,0685
4,3889
4,8496
3,7218
4,0476
9,5520
9,2003
3,9331
4,3271
4,0394
4,4117
4,3741
9,7883
9,0370
9,3321
3,8546
4,2068
4,4452
9,1225
5,0171
4,6286
4,5777
4,6335
3,4426
4,3561
10,1503
9,5295
9,1309
9,1825
4,5951
4,2149
4,3658
9,5094
4,7982
9,3543
9,4791
9,2998
3,5732
9,1418
5,2892
4,2235
8,9951
4,3145
3,9652
9,1119
4,5216
9,7517
4,5412
4,3529
4,6732
4,1319
9,6891
9,5335
9,2400
4,2944
9,2961
9,1082
9,8258
3,9046
9,5829
4,1404
4,5815
9,3753
4,0509
4,1506
8,7476
4,7434
4,5675
9,3261
4,4916
4,1254
9,7773
3,9004
9,3964
4,2390
4,7710
9,0569
9,1513
3,9054
3,8928
4,2458
4,7808
4,2920
4,3615
8,9968
4,1571
5,0965
9,1495
3,8284
9,3333
9,0998
9,1223
10,0552
9,9297
8,8339
4,3683
3,7005
4,2974
4,4529
3,7939
4,2006
3,6430
8,8539
4,5566
4,5272
4,4404
4,1454
9,3717
9,5293
8,9858
9,6181
9,5314
4,2269
4,7870
9,1975
9,0385
9,4456
4,2846
8,8655
3,9139
9,8830
4,3598
9,7016
4,0729
9,1415
4,1711
3,8450
4,6044
4,5328
8,8675
3,9210
4,7058
9,0443
4,6638
9,2463
8,9861
9,4362
9,0314
9,4732
4,2933
9,3795
3,7524
4,0674
9,6244
9,1743
9,5879
9,3705
4,1943
4,6028
9,0787
9,6943
4,7438
4,1161
9,7438
9,1714
4,1390
4,6920
4,0291
3,9558
4,3049
9,7752
9,2779
4,5334
4,2985
4,2951
8,9603
4,2066
9,7048
9,4418
4,2748
4,4411
4,3137
9,2389
4,7010
9,8114
9,3106
4,6398
4,4549
4,9278
9,3573
9,0828
9,3328
9,4701
4,2323
4,3020
3,7255
9,3279
9,3780
4,3636
4,6357
4,2613
4,1121
8,7367
3,8280
9,6982
3,9114
4,8367
4,5327
9,1936
3,6735
9,4423
3,8766
4,1409
4,5964
4,3677
4,4277
3,9757
3,9628
9,6985
4,4740
9,2834
3,6054
4,5812
4,4211
9,2086
4,1595
9,8429
9,6338
4,4522
3,4868
4,5608
4,2953
9,9495
9,3958
4,3830
4,0664
9,4990
9,6145
9,4631
4,7075
4,5511
9,3027
4,3835
4,1365
4,2196
3,7820
9,8833
4,4186
8,9613
9,5180
3,7195
4,2111
4,6245
3,9554
4,2090
4,5831
4,3506
10,3489
4,5095
4,0771
4,7701
9,1219
4,3705
9,4932
9,0433
4,7397
3,6693
4,8063
3,6756
9,6957
4,3383
9,5644
4,4621
4,1226
4,1264
3,8949
4,2879
9,4087
9,3899
8,8737
4,5423
4,5926
3,8075
4,1424
4,4176
9,4042
9,4301
4,2471
9,3461
4,6917
9,4054
4,6172
4,3250
4,5464
4,8640
9,2126
9,5396
4,4553
9,6308
4,2975
4,8175
4,9250
4,7688
9,5347
4,2910
4,4874
4,2807
9,7543
9,3102
4,5423
4,0843
4,7977
8,9914
9,2001
9,7278
9,6381
4,4234
3,9368
9,5619
9,6483
8,9393
9,0992
4,4209
4,3253
3,6551
9,4975
9,9852
9,2960
3,8793
9,3635
9,1397
9,0587
9,2194
4,3865
9,6088
4,0855
4,3186
3,8056
9,3675
4,8061
3,8734
9,1960
9,1192
4,2859
4,5785
4,1864
9,4662
10,0306
9,1662
4,3530
9,0247
3,9745
9,3501
4,1957
9,4770
9,6074
3,9040
3,9111
9,3624
8,6099
3,9751
4,5012
4,8281
9,3564
9,8616
4,6705
3,9357
4,4413
9,3307
4,4348
9,5463
3,9434
9,3470
3,7380
9,8707
4,5414
9,9960
3,9893
9,5400
4,5503
9,8269
10,0068
4,2620
9,2585
3,8621
9,3360
9,2708
4,1891
4,3644
4,0259
4,0740
3,7682
4,1820
9,6763
4,1922
9,3182
9,5289
8,5518
9,2703
4,6351
4,0246
9,4446
9,2342
9,4761
4,3886
4,5772
4,1426
4,5709
9,7904
3,7147
4,7688
9,4121
3,8385
9,4666
4,2975
4,3720
9,0616
4,7078
4,5943
3,9127
9,4305
4,5287
4,0794
3,8120
4,3519
4,1740
9,1770
9,1875
9,9181
9,5670
4,6434
4,8048
4,2038
4,3659
4,2907
3,8591
10,0670
9,0196
9,1932
9,4226
9,2469
9,7080
4,1299
8,9643
9,2381
9,7343
4,2599
9,3610
3,7597
8,9927
3,9496
4,8458
9,8571
5,2363
4,1007
9,6931
4,9180
9,5870
9,8250
4,3922
4,1549
4,7468
4,4685
4,6870
4,4614
9,5839
4,8301
8,8952
9,5076
3,6803
3,6286
4,6775
9,7723
8,8002
4,4343
9,3590
4,1609
4,5626
8,8366
4,1583
5,0640
8,8876
4,5007
4,5127
3,8871
9,5019
4,6446
4,1154
3,7566
8,7801
9,0321
9,0710
9,1917
3,9157
10,0918
9,3838
9,7050
4,5400
9,5354
9,2576
4,1580
8,9566
4,0193
9,3464
4,6839
4,4348
4,0567
9,4148
3,6776
3,7581
8,9666
3,8817
4,7408
4,1557
9,6175
4,3755
9,2736
3,6900
9,5727
3,5037
9,1589
8,8551
9,3184
9,1506
4,0482
3,9675
4,4112
9,5088
9,7653
4,5490
9,4971
4,3271
4,6641
4,3222
9,0378
9,2146
4,1810
4,2546
9,7262
4,0881
9,1331
9,2053
4,0775
3,8579
4,7434
9,0758
4,2628
9,3544
9,7615
9,9149
4,0295
8,9416
4,6796
4,3092
9,7468
3,7952
4,3539
9,0740
9,2373
9,3597
8,9446
4,0459
9,5703
4,4315
9,6689
3,9348
3,9002
9,3706
9,1705
9,2296
4,4567
4,4435
9,9325
4,4447
8,9569
9,6631
8,9312
9,5123
4,0617
9,5228
4,2119
9,2755
4,4605
4,6478
4,1612
9,3595
4,2951
9,4736
10,0903
9,2815
9,0059
4,8567
9,4289
4,6135
3,9967
4,5805
9,4879
9,0746
4,0882
4,7041
4,7672
4,1278
9,5738
9,6703
9,1462
9,7221
4,4504
9,4352
9,8222
4,6397
4,3222
9,3525
3,9027
3,5242
4,2996
4,8518
8,8724
3,8806
9,4247
8,9113
4,1610
9,3820
4,0800
4,1804
4,3842
4,1267
4,2898
9,4964
4,1568
4,4436
5,0004
4,3726
4,8291
9,0842
4,2658
9,3560
4,7387
4,5200
4,7588
9,5480
9,7736
9,3505
9,2167
4,9567
3,6030
9,5550
4,2448
9,3307
4,2631
9,2632
9,6212
9,4054
4,7904
3,9495
4,1422
9,4253
4,4316
9,3826
9,8538
4,0730
9,6417
9,2838
4,1113
9,1040
4,5722
4,3649
9,0865
9,5928
9,5069
4,7922
8,9971
4,2588
4,0693
9,0170
4,0613
3,6991
4,4325
4,6873
4,6916
9,6850
9,3951
4,5084
9,4149
4,1943
8,8044
3,9412
9,3028
9,3277
4,0362
9,6914
3,9038
4,4618
9,0056
9,4924
8,9962
3,8903
9,0886
9,1797
9,0838
9,1883
4,3956
4,1554
4,6768
4,4925
4,0285
4,1619
9,6223
3,9044
9,3593
4,4787
4,6170
9,5349
9,6761
3,6682
3,7858
9,3620
4,2853
9,2571
3,9504
9,6970
4,5549
9,7359
4,4493
3,6232
9,2159
10,1084
4,1055
9,3351
4,4470
9,2333
9,7095
10,1684
4,5716
5,0007
9,5586
9,6740
4,2048
4,6448
4,6775
4,0144
4,5176
3,6513
3,5930
4,1949
9,3566
4,5775
9,1714
4,1750
4,0714
9,8196
9,2336
9,3035
9,2646
9,0936
4,1063
4,4960
4,5074
9,2583
9,3995
9,0232
9,0134
4,2599
9,2424
8,8764
4,0854
9,3076
4,4905
8,8485
3,6151
4,3901
9,0124
4,2344
4,3743
10,0243
4,7148
4,2774
9,0077
4,1853
4,4806
9,1329
9,1048
4,9307
4,5265
3,8922
9,3717
4,5630
9,3170
9,1338
9,4339
9,5479
9,6802
5,0095
3,7855
9,7117
9,4090
4,6138
9,5488
4,0195
4,2469
4,2982
3,8728
4,6119
4,5726
9,0344
9,4941
8,7737
4,0156
4,1175
4,7852
9,1882
9,2754
3,8140
9,4691
9,3953
4,3547
9,4600
4,9093
9,5674
4,2976
9,1608
4,7692
3,9004
4,2585
4,7526
4,4381
4,5168
5,0219
9,3476
9,6201
4,1104
9,2072
9,4897
5,0944
4,1803
9,4146
3,5349
8,8122
5,0198
4,4896
9,7704
4,3438
4,1105
3,9348
4,4025
3,8044
4,4874
4,4400
4,3440
4,6356
4,0348
4,5323
9,2984
9,2100
3,9272
4,7855
4,5518
9,1928
3,6833
3,9922
4,2091
9,4699
4,7419
9,4159
9,0153
4,3045
4,5656
4,1737
4,8150
3,8013
8,4830
9,5044
4,0908
3,5520
5,0173
4,3733
9,3739
4,5422
9,2566
4,1858
4,8662
8,8386
4,7800
4,2420
4,0650
4,2227
9,3851
4,4047
9,0647
4,2609
4,3190
8,8005
4,5294
9,5324
4,6095
9,2775
9,2525
9,2738
4,4427
9,3048
9,2669
4,3982
8,9766
4,6293
9,8240
9,8782
8,8131
4,4876
4,2529
5,0742
3,9734
3,9567
9,3747
4,3664
9,4550
9,1821
9,6443
3,9122
4,2533
4,8472
9,5516
9,5454
9,3666
9,4838
9,4497
9,2790
4,3704
3,6047
3,8964
9,1645
9,5853
9,6882
9,2404
8,7167
10,1085
9,9371
4,7341
9,5581
4,0923
9,4078
9,0801
3,8402
4,2792
3,6652
9,3728
4,2733
9,2970
4,1747
4,6164
9,3328
9,2360
4,0128
3,6990
3,9354
4,1961
9,5697
4,4015
9,5021
4,4057
3,8416
4,8468
3,7341
3,9986
4,2871
9,9393
4,5928
8,9572
4,8233
4,0849
4,3186
4,5351
8,8523
3,8003
4,6244
9,5419
9,0546
9,5208
4,4221
4,1029
9,4714
9,7872
3,6716
4,6165
9,5218
5,0253
4,4692
5,0466
4,3019
3,7736
9,4337
9,2553
4,1509
9,3681
9,9109
9,1481
3,7102
9,1816
4,3665
9,4470
9,1627
9,2125
4,8074
3,9511
9,7452
4,1643
5,0636
4,5711
3,8098
4,3228
9,8297
8,9626
4,0424
3,7985
4,6829
4,4566
3,7483
9,2635
4,0041
3,8404
5,0937
4,2162
4,1108
9,5285
3,9894
4,3808
4,2092
3,9057
9,5067
4,3461
9,3131
9,3512
3,9951
4,1640
9,8123
4,4551
4,3970
9,7362
9,3476
9,2847
9,1363
9,4371
4,1161
4,6008
9,4358
9,1892
4,3718
4,9824
9,8040
9,3455
4,6284
9,5879
4,1236
5,0597
4,8039
4,3357
9,7690
9,2606
4,5094
4,4557
9,4772
9,6347
9,4837
4,5950
4,5326
4,6743
4,4754
4,1680
8,6827
4,1244
4,4233
4,2492
4,7374
9,8621
4,0146
4,4965
4,1504
3,8152
9,6736
5,0192
9,1042
4,2877
9,4574
5,2638
8,7587
9,5025
4,5738
9,5199
9,5734
4,3113
8,6626
4,2163
9,9929
9,7012
4,5847
9,9682
9,5110
9,4044
9,3376
4,4835
3,7654
4,2577
4,0581
9,6094
3,8775
3,7598
4,0123
4,0397
4,0019
9,5176
9,0228
9,3881
4,0981
9,4541
3,8314
4,3410
4,5849
8,6676
4,2935
4,3069
9,3545
3,7544
4,6240
4,1176
3,6617
9,1700
9,2826
4,0081
3,6825
4,4320
9,1759
9,1732
9,7087
4,7513
8,9878
9,6542
4,0120
9,7907
9,2840
3,8488
9,3036
9,3844
5,0952
9,6480
4,5480
4,1265
9,4324
4,3332
4,1788
4,6373
9,5465
10,3076
9,0355
9,0859
9,0985
4,6086
9,6267
4,5380
4,8904
4,3674
9,4262
9,6122
4,2146
8,9211
4,2785
9,3634
3,6328
3,6056
4,5156
5,0254
4,2892
9,5035
5,1510
4,2638
4,3066
9,2707
8,6845
4,1651
9,3139
9,2810
4,2913
9,6617
4,5115
9,2390
4,6239
4,4658
9,0985
3,9500
3,8594
4,2078
9,6267
9,9846
4,0122
9,4402
4,1110
4,0807
4,3026
3,7465
9,4390
4,9279
9,6402
9,7411
4,7196
9,0143
4,2573
4,8049
9,7461
9,4421
9,4496
4,7050
4,5133
10,0993
9,4379
3,9697
9,7083
9,1193
4,3736
4,2780
4,1376
10,2821
4,1733
9,3752
4,4121
9,1783
4,2906
4,6824
4,5840
4,3883
4,4369
4,3725
4,2937
9,5995
8,9181
10,1819
4,8295
9,7242
3,8518
4,7333
4,2795
9,4140
4,0987
4,3352
4,6973
9,0796
3,8434
4,3433
4,1358
4,5867
9,3192
3,9570
4,0074
4,0651
3,9984
9,2953
9,3922
4,0725
9,4844
9,7164
5,1075
3,7378
4,2415
4,5296
9,5801
9,1610
4,0441
3,5747
4,0568
4,2854
4,2613
4,3257
3,9641
4,2427
9,4115
4,6549
8,7427
9,2224
9,8585
10,1528
9,2567
9,4328
9,3837
9,7403
4,2884
10,0671
3,8047
3,8037
9,6773
4,5724
4,6189
9,4826
3,8823
9,3474
9,7751
4,1572
4,5072
4,1088
9,2822
4,0476
4,4593
5,2483
9,3412
4,3026
4,6288
9,7095
3,9004
9,3720
9,2834
4,3595
4,4936
4,1434
4,1905
4,5776
9,4109
4,2745
9,4181
9,2378
9,1238
9,6822
4,3252
9,4343
5,0258
9,3971
4,4907
4,1639
4,8805
9,0824
9,3813
4,0397
9,5638
8,9896
9,9492
3,3911
3,7120
4,6485
4,4150
4,9642
9,4444
9,8612
9,7416
9,5471
4,0177
4,1925
4,1266
4,5597
4,5675
4,3075
8,9807
4,0505
3,5430
9,1743
9,4095
4,3601
4,3850
4,3251
9,3771
4,8091
4,5707
4,3683
4,9159
4,7397
4,0691
4,1640
4,6391
4,0884
3,8769
4,1854
4,3412
9,6689
3,3904
9,4479
4,4066
9,9641
9,2212
4,3193
4,9704
3,9672
3,9705
4,3234
9,8785
9,4636
9,3703
4,3229
4,2453
4,5856
9,4198
4,4174
8,8008
9,7224
8,9916
4,1191
9,2332
3,8305
4,7690
3,9508
9,1714
8,9390
3,9558
9,1677
9,4806
9,1610
4,5660
9,3260
9,4412
4,2159
8,8696
4,3409
9,5091
9,5034
4,4213
4,0600
4,4467
4,0584
9,8644
9,1286
4,2975
4,5805
4,8973
3,9994
9,9252
9,5480
4,7453
4,8835
9,1632
4,2414
4,4860
4,4589
4,4734
4,6591
9,1287
4,5818
9,6537
4,0287
4,6226
9,3513
4,1920
9,8957
3,7896
4,6007
4,6543
4,5886
3,6516
9,3189
3,8693
3,6286
4,1384
4,9904
9,5454
4,2495
3,9446
9,7214
9,6664
9,6884
9,2880
9,3575
8,7668
4,3661
9,4184
9,2133
9,2494
9,8234
9,5116
4,3076
8,9102
9,2747
4,4660
4,3298
3,8783
4,9776
9,4068
3,8997
9,5477
9,5013
4,2260
9,6772
4,4312
9,6315
9,3052
9,1139
3,9019
9,5794
9,6104
4,3686
4,7906
4,2231
9,5916
4,1552
4,2754
10,0101
8,9572
4,1532
9,4910
9,7577
9,3927
4,6502
9,1115
9,4112
4,5349
4,0898
9,7873
4,3198
4,3453
4,0929
9,3976
3,8087
9,2607
4,2696
4,0060
4,0950
4,6291
9,2700
9,3722
9,4229
9,6143
4,9295
10,0425
9,4684
9,9509
3,8170
9,1999
3,9286
4,0486
4,4918
9,9523
4,3867
9,0533
9,1874
4,3147
3,8954
4,2913
4,3949
5,1426
4,6651
4,6338
4,1923
9,4488
9,6653
9,5462
4,3373
4,1104
9,4614
3,8443
4,4038
4,4298
9,1621
9,3120
3,8182
4,2733
9,9179
3,9275
9,4425
4,7674
9,5549
4,2911
9,3623
4,5825
3,9915
3,8788
9,2039
4,5773
4,4333
9,1496
4,1529
4,2868
4,7442
4,1678
4,9933
4,7769
4,3680
4,6112
4,5747
9,4398
4,2146
4,4127
4,3315
4,1330
4,2637
9,3778
4,4525
9,4530
8,8720
4,2724
4,4015
9,7363
9,6561
9,2685
9,3155
4,5726
9,8868
9,0164
9,6068
4,2526
4,9045
3,8866
4,6578
4,4663
9,3832
4,0889
4,4315
4,2923
4,7423
3,9038
3,9279
4,2759
4,5868
4,6167
4,3513
4,5487
4,6699
9,4209
4,3988
4,3142
4,1236
9,6758
9,4460
9,3567
9,5060
9,0765
9,1936
3,7825
9,0258
9,7221
8,5992
4,5008
4,5556
3,7614
5,3943
4,0645
4,2599
4,5275
4,3092
9,0758
9,2564
9,1840
3,8953
9,3571
4,4476
4,0626
3,6909
4,0606
4,2879
10,1031
4,5283
9,6205
4,2524
3,4972
4,3446
9,6284
9,3656
4,4404
9,5227
4,7414
9,7352
9,5452
8,6615
4,8113
4,7574
8,7843
4,0674
4,7424
9,3093
4,0605
4,8312
3,7870
8,9897
4,3255
4,3275
4,4693
9,4902
4,2749
9,5124
4,4198
9,1418
9,9196
3,7112
9,7724
9,3603
9,5844
4,1309
3,7531
8,8835
4,6123
4,3127
9,4899
4,5212
4,0695
4,0796
4,3673
4,8728
10,3176
9,1907
9,3767
4,3994
4,3434
9,7438
4,1751
4,2267
9,6911
4,9403
4,7785
4,3692
3,7753
9,4132
4,0748
4,4537
4,0956
4,2802
4,1957
9,4649
3,4999
3,8021
4,4426
4,1119
4,0167
4,6537
3,8921
4,8632
3,9705
9,6181
4,3954
9,4246
3,9027
3,9947
4,3341
4,8234
4,7381
4,2472
4,0952
8,9581
9,7457
9,3008
4,2013
9,3677
9,1863
4,0205
4,2563
3,5610
9,6029
3,8723
9,6100
4,3533
4,1442
9,3201
9,3448
9,3676
9,1989
9,5863
9,4387
9,6556
4,4201
9,3793
9,8149
4,0965
9,1875
4,6867
9,5657
4,4589
4,4497
9,7829
9,3046
4,2142
9,6033
4,1521
9,4284
4,9306
9,4431
9,3111
9,4360
3,5284
4,8039
9,5809
9,6054
9,3878
9,2620
5,1411
9,6493
9,7577
5,1314
9,5765
9,6334
4,3246
4,4620
9,4302
9,7082
3,8440
9,5289
9,2818
4,9654
9,5652
4,4061
3,9041
4,1942
9,6851
4,2846
3,7363
9,5696
3,8744
4,8458
4,7944
4,0674
4,8417
9,6143
9,6049
8,8593
4,1108
9,8442
9,2191
4,6047
9,6258
8,8405
4,3241
4,1813
3,9014
4,7630
9,2612
3,9104
4,3951
9,3624
9,5172
9,4287
4,0548
9,3007
4,6607
9,9137
4,6019
4,3663
9,5576
9,2627
4,8193
3,4353
4,6328
4,6736
9,6682
3,8953
9,1985
4,0472
4,4802
3,9938
3,7083
4,1982
9,6245
3,8360
3,8579
4,9256
9,6024
4,2575
9,4071
9,7995
8,7347
9,4843
5,1241
9,6261
4,2959
3,9502
9,5866
9,4929
9,4812
4,1448
4,2258
9,3383
4,6114
3,7234
4,4022
9,5604
4,5129
3,9415
3,9490
4,2037
9,3188
3,8122
3,8175
8,9694
9,7513
3,8011
3,8770
9,3024
3,9726
9,7437
8,9799
4,1049
9,4801
4,2899
4,9174
4,3158
9,2827
4,6504
3,7342
8,9068
4,4809
4,4204
9,1900
4,2233
4,0753
4,4985
3,9066
9,1677
9,1854
9,0344
3,8102
9,0620
9,6346
9,6028
9,2841
9,3341
9,6104
9,2640
8,9922
9,1770
4,6390
4,3077
4,3591
3,9759
9,3293
9,4797
8,9941
9,4589
9,3584
4,6665
9,8886
4,1934
3,9992
9,6547
9,9872
4,5042
4,5798
4,4569
4,5197
9,3797
4,8015
4,7045
8,6609
4,1556
9,2955
4,2354
4,4238
9,3868
9,5355
3,9975
3,8868
4,7949
9,3846
9,6819
9,4721
9,4351
9,5061
9,0381
4,0921
9,2459
4,7239
4,1324
3,7386
4,8653
3,6904
9,0551
9,0751
9,7227
5,5245
9,5103
9,4188
9,6575
4,4998
4,2154
9,3085
4,4913
9,1935
4,8001
3,9599
4,0967
3,6278
9,3047
9,5397
9,0831
3,8432
4,1522
4,8001
9,1906
4,9578
4,4698
9,7966
9,2488
9,7144
4,5082
9,8230
4,4708
4,6684
4,3307
4,1653
9,4191
4,3141
3,6912
9,2592
9,2395
4,2577
4,6880
9,1545
4,3269
4,3158
9,2077
3,7945
9,2098
4,3790
3,6962
3,6675
3,9107
4,3479
8,9863
4,3356
4,3180
4,5551
9,0026
4,1429
3,6853
4,3667
4,2736
4,3572
9,1312
4,1277
4,7184
3,8711
4,2935
4,5923
4,3553
9,0543
4,2687
4,7851
5,0227
4,2740
4,6625
4,5212
9,4001
9,8172
9,4380
9,8480
9,2895
9,4624
9,3691
4,2546
9,1111
4,5571
9,8593
9,0889
3,8970
9,5997
4,2962
9,2243
4,3237
4,7267
3,9145
4,1262
4,4077
4,4319
4,4999
9,6533
4,1848
9,4313
3,9106
3,8951
9,9039
8,8241
4,1132
3,9044
3,9437
9,0658
9,7775
4,5656
4,8347
4,1922
4,8452
4,4802
4,0467
3,4287
8,9759
5,2170
4,1520
4,3169
4,4124
8,6390
9,2574
4,3991
3,8144
3,8122
8,9230
9,4291
3,6182
4,8304
4,9487
3,8352
3,8046
3,8744
4,4176
9,3758
4,1803
9,5283
4,2328
4,2805
3,7489
4,3856
9,5848
4,1322
9,1630
4,4369
9,0765
8,7905
9,6753
4,5088
9,3215
4,3097
4,3756
3,9478
4,5785
4,1798
9,5496
4,9660
3,9612
8,5703
9,1115
4,3151
4,1628
4,5272
4,1758
9,3525
4,2966
9,1611
9,6266
4,3362
4,7353
8,9857
3,4720
3,6536
3,9972
9,3946
9,3128
3,9797
4,8243
4,2950
9,3091
9,1347
4,1164
4,4423
4,6284
4,2930
3,6448
4,2760
4,2747
3,9527
4,1393
9,5370
9,7696
9,2789
9,3442
9,5836
4,5274
9,5725
9,6957
8,8538
9,0029
4,3759
9,4882
9,7718
4,7252
9,4156
4,9587
3,9194
9,5240
9,8898
4,7665
4,3515
3,9014
4,6866
8,8549
3,6717
4,2260
9,9790
3,9464
9,1394
4,0168
3,6348
4,1803
4,9256
9,6535
9,3957
9,3991
3,7757
4,6229
8,9895
4,4214
9,9441
4,9229
4,4062
4,6361
9,8010
4,5245
9,1946
4,3897
4,8731
4,6121
3,7299
9,3768
9,5190
9,4262
3,7166
4,4843
8,9261
3,8651
4,3141
4,0907
3,6438
4,4467
5,0187
3,9139
4,4234
4,1403
4,6177
9,6976
4,4129
4,7392
9,2945
8,9056
3,8973
9,1847
9,5320
9,8225
9,7991
4,2259
9,4731
4,5173
9,6893
4,3435
9,3368
4,7720
4,8378
4,6293
3,6906
4,0344
9,2537
8,9013
8,6962
3,9085
4,0632
4,0739
4,3093
9,7647
4,2379
9,0782
4,6855
9,1294
8,8068
4,9066
9,8164
9,0998
3,8476
4,3623
4,0758
9,4958
9,3767
3,9936
9,7759
9,1756
9,4957
9,2356
9,2695
9,5023
9,7526
4,3482
9,4022
4,4992
9,0759
9,5185
4,2424
4,3469
4,3623
9,3029
9,7507
3,9739
9,0770
9,3360
4,3909
9,5691
4,2189
9,1526
9,5121
8,9601
9,1215
9,4493
9,5014
9,4380
8,7287
3,9622
4,6239
4,3407
9,4280
9,1709
4,7306
9,1225
3,9924
3,7303
9,6981
9,8925
9,1827
9,7719
4,2026
8,9655
4,5833
5,0304
4,4030
9,8300
4,6513
3,6046
9,3611
9,1809
9,1242
5,3538
4,3654
9,6266
4,1036
4,5733
4,5617
3,7909
4,0619
4,2805
9,1661
4,9149
4,2020
9,0687
4,7687
8,8930
9,2460
4,4602
8,8864
3,7639
9,5954
4,5948
8,9458
3,9620
9,2288
4,1011
4,3075
9,4110
8,9954
4,3897
9,7838
4,1474
4,3895
4,1873
9,1663
9,1686
3,6577
9,2854
9,0679
8,9325
3,8185
9,2637
4,8042
4,3530
4,2753
9,2495
4,6410
4,5387
9,8485
9,6425
9,2987
4,8697
9,2038
9,9174
9,1255
4,5756
9,4927
9,2963
9,5688
4,4472
8,9326
4,4701
3,9105
4,1222
4,3277
9,5384
3,9958
4,6563
9,6878
3,8774
9,3482
9,2159
4,1684
9,7249
4,1700
8,5808
9,0888
4,4198
4,6238
9,1673
3,9813
4,1424
4,2655
4,3478
8,9731
4,6009
4,2830
3,9834
3,8609
9,5412
4,4083
9,2432
4,4066
4,6596
4,1637
4,1166
9,3566
4,2405
4,2716
9,4054
4,5666
9,6032
4,5283
4,0142
4,3851
4,7852
9,6702
9,1494
9,5208
9,2069
4,3609
3,8799
9,2803
8,8324
5,0006
9,6593
9,5400
5,1810
9,4518
9,4495
9,2474
4,3322
9,2505
9,2601
4,8556
4,7493
9,7522
4,0555
4,1166
4,8205
4,2041
4,3331
4,2365
8,9408
9,2701
4,5930
4,0215
4,7844
8,8234
9,7179
3,9679
4,0654
8,8584
9,7709
9,3348
9,0923
9,0570
9,5749
4,4532
3,7755
9,7088
9,2296
9,7807
9,3509
4,6511
9,1047
4,0574
4,4588
9,7082
5,1479
9,3800
9,3092
9,1349
9,4596
4,8319
9,0565
4,6042
8,8304
4,3297
4,4120
4,7991
4,0264
4,2790
5,0717
3,6901
9,7755
9,3740
4,7351
4,4479
3,7866
4,4625
9,1667
4,1344
4,6782
4,5695
4,7679
4,2567
9,4704
4,3962
4,3522
4,4024
4,0496
9,3378
9,2481
9,3451
3,8205
4,6678
9,5725
4,8187
9,3948
4,4169
4,2837
4,0115
9,1321
4,1361
9,9513
9,5855
4,3470
4,2922
9,1674
4,3123
3,9511
9,0317
9,8842
4,1844
9,1968
4,8237
9,8069
4,6053
4,2553
3,8235
9,1408
4,1780
3,9611
4,8474
10,0040
9,1979
4,3047
4,3013
3,9229
9,2417
9,1972
9,2486
4,8379
9,8309
3,9861
9,6608
8,8765
9,4499
4,1546
4,3400
8,7138
9,2260
9,4805
9,1720
8,9602
4,0550
9,5949
9,4281
4,4043
4,8063
4,2554
9,0909
4,1959
4,1283
9,5871
9,2147
3,9655
9,0243
4,0816
3,9002
9,4597
4,1302
4,6114
3,7515
4,6540
3,8912
8,5488
4,1465
4,7391
9,1912
4,0134
4,3149
4,9187
4,6347
9,6237
4,5841
4,5707
5,2290
4,3014
3,7130
4,7072
9,0103
9,0479
9,4551
9,5305
4,0914
9,4999
4,1052
9,0162
9,9305
3,4729
4,5238
9,7317
3,8550
4,6242
4,3648
9,4465
9,3821
4,5840
4,6755
4,4745
9,2500
4,0495
9,9602
10,0991
4,0923
9,6083
9,8405
4,4541
9,2113
9,4600
4,9221
8,5283
10,0965
9,4794
4,4039
9,3206
9,4337
9,2013
4,2827
9,0410
4,2109
9,4845
9,1402
9,6550
4,8183
4,5291
9,1856
4,7981
9,0987
4,0906
4,6749
4,6053
4,3025
9,2114
8,9474
9,0347
4,4940
9,3719
9,9915
9,2571
9,0728
9,2346
9,4917
4,3087
9,3057
9,4028
9,3645
4,9047
4,4805
9,4004
3,8970
4,2760
9,3904
9,2103
4,3079
4,4638
4,4641
4,1166
9,6879
4,3275
3,6790
4,0914
4,9070
9,6134
4,4693
9,0343
4,2553
9,6212
4,4151
9,1864
9,0043
9,3395
9,3655
4,7448
9,5419
9,5105
9,5010
4,0876
9,3809
4,0019
9,5374
9,5140
4,3235
3,7400
3,6764
9,2657
4,5485
4,4608
4,5886
9,1332
4,7829
9,2296
9,7006
4,7368
9,3116
9,5278
4,1817
9,3730
4,4229
9,1694
9,3709
4,1703
9,5888
8,9593
9,0266
9,3510
3,8973
4,8123
4,5433
9,4824
4,6850
10,0407
9,7985
9,2377
9,2507
4,5920
4,4490
9,6760
4,3484
3,8688
4,0970
9,1323
4,2502
4,7331
4,7926
8,4540
9,5444
4,6442
4,6006
3,9384
4,6819
9,4673
8,7625
9,8051
10,1549
9,9962
4,8156
9,0236
9,5832
4,1549
9,6205
4,7121
9,0563
4,4873
9,4278
9,4025
9,2045
10,3126
9,6479
4,5419
9,0094
9,0974
9,6095
4,0926
4,2914
4,4206
4,6284
9,8271
9,0720
4,2019
4,3221
9,5822
9,6935
3,8638
4,4271
9,0312
9,0645
9,6231
4,4210
9,4872
9,6913
9,1102
9,5708
4,3365
9,2889
9,4973
4,2638
8,8656
4,3230
9,0684
9,3375
5,1634
3,4416
4,5649
4,0776
3,7697
9,7432
4,2786
4,0668
9,4049
9,2565
4,1127
9,9240
4,3511
9,3440
4,6489
4,1212
9,2627
4,4539
9,2076
4,6959
4,9030
9,0286
3,9806
9,4015
4,2586
9,8338
9,2511
8,7625
4,0944
9,3988
9,4564
4,7815
4,5554
9,3551
4,7041
10,1011
4,2417
4,3076
4,4018
9,3576
9,6160
9,5514
4,1248
3,6845
5,1020
9,3742
3,9973
4,6661
4,5688
9,2535
9,1224
4,4692
4,5572
9,5262
9,8789
8,8879
4,1583
4,6963
3,6370
8,6729
4,1199
4,0461
4,7283
9,3021
4,6587
9,6026
4,6890
4,5199
4,3450
4,9855
3,9338
8,7215
9,6584
9,3593
9,4828
9,4730
9,0747
4,5653
9,2527
4,7890
9,2829
9,2266
4,3375
9,2581
9,3723
9,1477
9,2766
4,2861
4,3065
4,6428
4,2691
4,1232
9,1537
9,6041
4,7189
4,4000
4,3153
4,2168
3,9326
4,0113
9,3482
3,9028
4,0682
9,7774
4,9886
9,2313
9,5270
10,1213
3,9045
9,6679
8,9468
4,6380
4,4368
9,8601
9,8323
4,4557
9,2063
4,3915
3,9442
4,4044
9,5367
9,0211
9,0523
9,5248
9,6595
9,6177
4,1346
3,8341
9,6891
9,3714
3,9197
8,9575
3,9498
3,7633
9,8752
3,7639
9,0862
4,1106
9,4323
4,5839
3,6082
9,9612
9,2567
4,6948
3,9055
9,1738
4,2467
4,6092
4,2539
4,9627
4,2833
4,0299
9,5901
9,5004
4,0444
4,3963
4,3228
4,2924
9,4941
4,8585
4,1452
9,9229
4,1745
4,4764
9,3842
9,2851
4,7603
10,0801
4,2044
4,5617
4,3205
4,1353
3,7557
4,4120
3,5996
4,4088
9,1848
9,5815
8,9616
4,5090
4,3738
9,7409
9,8598
4,4544
4,1656
3,9258
3,7751
4,5668
4,1747
9,3367
4,4439
9,2739
4,5374
4,0257
9,1338
9,5042
4,2167
4,5025
4,2506
4,0991
8,9656
9,5963
3,9883
9,5371
3,9941
9,0705
4,8698
4,2158
4,5195
3,6218
9,8264
4,1822
9,6132
9,5333
9,9879
10,1138
8,9321
4,3722
9,3170
4,3559
4,0162
9,1877
4,4887
9,2032
3,6533
3,8202
9,9292
3,5518
4,6307
4,3119
3,8562
4,3692
4,4411
4,9241
9,8745
3,9530
3,8891
9,6136
4,2968
9,5960
9,6930
4,5927
9,5798
9,2572
9,6827
4,1620
9,3422
5,0517
4,1929
9,4974
9,3555
9,4733
3,4317
4,4824
4,8924
9,7095
3,5541
9,5710
9,2416
9,0451
4,9373
4,4372
4,8035
3,9093
9,9187
9,4783
9,1717
9,1815
3,1254
9,3453
4,5756
9,5060
4,0109
3,9861
4,2688
9,3473
4,7699
9,4352
9,7113
9,2783
9,5287
4,3752
4,0977
3,6904
4,0867
4,2170
9,2500
9,4775
9,6016
4,3023
9,3383
4,2672
4,8736
9,6761
9,4373
8,8679
3,6953
9,5511
9,8328
9,6194
9,1399
3,8114
3,7186
4,4968
9,2975
3,8212
9,6551
9,5208
4,0729
9,4591
9,1200
4,6660
3,7707
3,8328
9,5558
3,7877
3,8459
9,6297
8,7970
4,1417
4,5412
4,3157
3,9679
9,3320
9,8721
9,3664
9,0145
9,6144
4,2207
4,3524
9,4191
9,4334
4,3466
4,5150
4,1302
4,3059
9,4652
4,0914
9,2004
3,9422
9,2605
4,2289
9,4799
4,2099
9,5529
4,4435
9,3070
9,1563
4,4337
10,0497
9,6644
4,3143
9,2738
9,3076
4,4358
4,4091
9,4955
4,6988
9,5723
9,4883
3,9852
4,2564
4,2282
4,2554
3,7558
4,4958
4,1261
9,0264
4,0071
8,8919
9,0944
4,3119
3,8435
4,5343
9,6490
4,4533
8,7608
3,9699
9,3234
4,2458
4,4628
9,6441
5,0209
4,3868
3,5621
9,4144
4,4373
4,3885
9,6422
9,3021
9,7313
3,8735
4,1520
4,3386
4,1334
4,1749
4,1673
5,0467
4,2945
9,1916
4,2430
4,5844
9,3658
9,7800
9,7934
8,8686
4,1099
4,2035
3,9187
9,5568
4,5960
4,5124
9,2662
9,4155
9,7212
3,8592
3,8834
4,3452
9,5123
9,9350
9,4472
3,8786
9,8049
5,0980
3,7554
3,8672
9,0212
9,5899
4,2931
3,9446
9,3599
3,9726
9,1519
4,6838
3,8567
4,6286
4,3673
4,0658
4,7946
8,9877
4,4592
4,5343
9,6804
4,9974
9,0898
3,9214
4,4762
4,3760
9,3086
10,1110
9,3793
9,3517
4,2310
9,6570
9,4077
9,7147
4,6749
8,7445
9,3363
3,6826
4,8258
4,3552
9,6918
4,3229
3,6650
9,3567
9,5506
4,7484
9,4966
4,5043
4,1742
3,8987
4,7681
9,3183
4,7034
4,6590
9,4454
9,6190
4,0085
9,2911
9,4665
9,3869
4,3524
3,8049
9,5099
4,4692
9,2631
4,1402
4,0612
4,4594
9,4879
4,3988
4,3385
3,7891
9,4176
3,9485
9,4392
4,2357
9,6136
9,4746
4,0713
4,0300
3,6163
4,9175
9,8067
8,8139
9,5243
4,0486
9,3569
3,4704
4,1138
4,3006
4,6224
3,5001
4,9456
9,3662
9,0331
3,9190
4,3487
9,4921
9,3642
3,5424
4,2337
4,8584
4,2325
9,2259
9,3334
4,2826
3,5831
9,7586
10,0209
9,8617
3,9328
3,8534
9,6242
9,7313
4,4914
9,5093
4,5905
9,5145
3,9853
4,4875
8,6203
4,8276
4,3778
3,5234
9,4349
9,0144
4,5120
4,4317
9,4992
9,2989
4,6752
9,7888
3,8942
4,7542
4,3089
3,9879
4,0270
9,2346
3,7993
4,1909
9,5442
9,5469
9,2661
3,7356
9,0467
3,9518
4,7865
4,1121
9,1297
4,2586
4,1869
9,7379
9,7321
9,6623
9,2545
4,1429
9,8437
9,7945
8,9682
4,4568
9,5961
9,4654
9,4745
4,2368
9,0262
4,3691
4,1229
9,3667
4,5352
4,1031
9,3109
4,3704
9,8742
9,5225
9,2161
9,3464
9,1751
4,2704
4,3857
3,9375
4,0021
9,3766
9,2697
9,9502
4,0063
4,8977
3,9877
3,4113
4,3943
4,0722
9,7761
3,9376
4,3769
9,2400
4,5675
9,8949
4,6030
4,5879
4,6325
4,2137
4,0484
9,5495
3,8329
3,8379
9,1967
4,6063
4,1943
9,7666
8,7429
9,4042
4,1455
4,2011
9,4276
4,6372
4,2203
4,2195
3,8837
4,5335
4,4325
3,6521
9,3414
5,0228
4,0580
3,8768
9,2488
8,9276
4,1933
3,6051
9,4113
9,2295
4,2001
3,1223
4,7622
9,4089
4,7295
4,6823
9,5430
5,2115
8,8842
4,1458
4,6956
3,8559
3,7489
9,5164
4,7417
4,0157
9,8620
4,4913
3,8670
4,2811
4,1170
4,2280
4,4441
4,4744
4,9858
4,4658
4,4036
3,5249
9,8898
4,1515
9,0970
4,4513
9,0360
4,2385
9,1840
9,4982
4,3034
4,3322
8,5211
9,3804
8,9162
4,7590
9,1491
9,5631
4,3223
9,6530
8,4409
9,5829
3,7058
9,2675
9,3112
4,4575
4,1610
4,0366
4,5583
9,7510
3,8114
3,7176
4,6548
9,3160
4,6513
9,2211
9,5572
4,2597
4,4744
9,2067
4,0289
4,3630
4,3100
8,8031
4,2946
3,7922
9,0608
8,8527
8,8359
4,5197
9,3878
4,4578
9,6323
9,3190
9,2170
4,0496
4,7558
8,6786
4,1487
9,3793
4,2814
9,6414
9,3089
3,9937
8,8818
4,2168
4,2659
4,3527
4,5716
3,8840
9,9062
9,2359
3,9832
9,2877
9,4828
4,1930
9,1081
9,2990
3,9503
9,3783
4,1579
4,5148
4,1118
3,6919
9,9666
4,4788
9,0609
4,5985
4,5648
8,9516
9,1424
4,2400
4,6201
9,1874
9,4441
9,3021
9,3133
9,1382
9,5932
4,0687
4,5798
4,3930
4,0766
9,4697
8,9606
9,5876
9,3138
4,6241
9,5305
4,3631
8,9648
9,0838
9,0873
9,1833
4,0443
4,7151
8,9906
4,6294
4,4945
4,8469
3,3030
3,8594
4,5682
4,5560
9,5091
4,4871
9,2150
9,3201
4,9618
4,4956
9,6915
4,3828
3,5769
9,1497
9,7429
9,6252
4,8761
9,0321
4,2999
3,8155
9,3903
9,5552
9,6206
4,0669
9,2455
8,9568
3,8938
4,9047
4,0072
4,7505
8,9277
4,0811
9,9343
3,6992
9,5488
9,2600
4,0277
9,5437
4,7632
3,9897
4,1118
9,1102
9,4879
4,0045
9,6026
9,1633
4,0089
8,8621
3,4625
9,5804
9,8528
4,1281
5,1064
4,2307
4,0371
5,0410
9,9437
9,1202
3,8277
4,4914
4,8879
9,9488
4,1837
9,2543
9,4714
9,6755
4,2722
9,6304
9,8852
4,6383
9,5377
4,2285
9,1259
4,5082
4,4811
9,3957
4,5942
9,3632
4,4757
4,1880
9,2434
4,6768
8,6870
4,5280
4,1039
4,6746
9,2965
4,2364
4,4145
9,5180
4,3268
4,4536
4,5496
4,4321
4,8617
9,8026
8,6779
9,6036
9,6333
10,0396
4,6930
4,5343
9,5090
4,0902
4,1485
4,4674
9,5206
9,6311
9,2684
4,6033
3,9223
4,3212
9,4882
8,7349
9,6587
4,1360
9,2155
4,2363
9,0803
4,5366
9,7643
4,6819
9,7675
4,3381
4,6992
4,7223
9,4669
9,8169
4,1255
9,5578
5,1199
4,3572
4,2485
3,6716
9,0646
9,4799
4,1449
9,5017
4,7646
4,5775
9,4678
9,3177
3,9747
3,9393
4,1958
4,3177
4,0448
9,7924
9,2149
9,0507
3,9969
9,0868
4,2176
4,1634
9,6681
4,0861
4,5270
4,0376
9,4013
9,2636
4,2408
4,1067
4,1307
8,8084
9,2620
4,2449
9,3441
9,2588
9,6633
9,4104
3,9991
8,8107
4,1764
4,1982
4,7431
9,3652
4,3396
9,7705
3,8280
3,9220
4,4928
9,1981
9,5001
4,3889
4,3303
4,2267
9,4496
4,0292
4,9772
9,8826
4,4207
10,0509
9,4417
4,1680
3,8130
4,5010
4,7440
9,1115
3,7880
4,1012
3,7711
4,4400
3,7904
4,1585
9,6278
9,5017
9,7264
9,7985
9,5022
3,6453
8,7599
10,1512
4,4804
9,7366
9,1677
9,1012
4,3508
4,0792
3,8534
9,8208
9,1815
4,3969
9,2162
8,9240
9,7168
4,2136
4,0977
4,1446
4,2278
9,5673
9,3759
9,1026
9,2127
9,3081
3,7635
3,7971
9,6003
4,5299
4,6739
9,4135
4,3445
9,3857
4,6543
9,4834
4,1579
3,8909
9,3233
4,6048
9,0239
4,5785
4,4950
4,1784
9,4108
9,7189
9,5001
9,3220
9,4127
8,7632
3,9134
4,1808
4,6762
9,7498
3,8416
9,3773
9,6166
4,0143
4,4374
3,5993
8,8567
9,1111
9,1637
4,0136
3,7838
9,9461
9,5044
3,9536
9,6578
4,8104
8,8179
9,2896
4,4853
4,0132
9,5436
4,3428
9,0572
4,3454
3,8909
4,1886
9,3063
4,1417
9,8435
8,8596
4,9443
4,1829
4,6469
3,9536
9,5812
9,1412
4,3603
4,1658
3,6687
4,4655
3,7953
4,0311
4,2075
9,5198
9,3149
4,5417
4,2802
9,5126
8,7400
4,7204
4,3105
4,5642
4,3889
9,0964
9,5347
4,2101
4,2477
9,3592
4,5842
4,0753
4,3583
9,7009
9,6851
4,1438
3,8987
4,1312
10,2602
3,9227
4,2236
9,0136
9,7740
9,2864
4,5746
4,3222
4,8076
3,9497
8,9363
4,3975
4,8957
4,0377
9,3334
3,9342
9,3076
9,3526
9,5459
4,0488
4,2651
9,3425
4,5062
9,4259
9,7222
9,4401
3,8788
3,9549
9,4006
3,7478
3,8025
4,1662
4,9246
9,6303
4,0829
4,1973
9,7279
9,5107
3,9513
10,1961
3,9365
9,4443
9,0432
9,5200
9,7688
8,8844
10,0685
4,2940
4,7153
9,1415
4,2544
9,4262
3,6613
9,2883
4,3320
9,1316
4,6318
4,0430
4,0162
4,6475
4,9010
9,2449
9,1469
9,4541
8,8693
9,0431
9,4722
4,6917
4,5490
4,2734
9,1525
9,0239
9,2873
3,7045
9,3284
9,0382
4,0552
9,1521
9,3837
4,6318
3,5638
4,3416
9,4447
4,3870
3,9591
9,2630
9,3408
9,6265
4,4663
4,4074
4,1831
4,6685
9,5700
4,8229
4,4041
4,1650
9,7278
9,4859
4,1487
8,9588
9,6468
9,8539
3,9810
4,4137
4,9568
9,2306
4,3521
4,3939
4,6326
4,3393
4,7170
3,7746
9,1631
4,4462
9,0600
4,1354
4,2876
9,4571
4,5425
8,9658
9,2746
4,6031
9,4404
4,1275
4,5118
4,3628
8,8457
9,7715
4,3955
4,5411
4,6124
4,2325
9,3079
4,3713
4,6564
9,1628
9,6121
9,2440
4,4061
9,1912
4,4904
3,7398
4,1196
9,7910
4,4407
4,0907
9,2329
3,9091
3,6963
4,9144
9,6760
9,4863
9,1983
9,1299
4,5715
9,4200
9,2890
4,3562
3,9536
8,5153
9,2340
9,8424
4,7710
4,6086
4,6615
9,6877
9,8011
9,0394
9,4143
4,1845
3,9380
9,5610
9,4118
4,1072
9,3403
4,0899
9,5008
4,1392
4,8264
4,2827
4,6567
9,6954
4,1042
4,5887
4,1975
3,9932
4,1136
8,9598
4,1834
9,4375
4,0458
8,7951
4,4948
9,5464
4,7559
3,4201
4,6514
9,8751
4,3265
4,3076
4,5136
9,2137
9,5060
3,8063
4,0434
8,8216
3,6963
4,6721
9,1527
4,3725
4,7876
9,3925
4,3504
4,6317
9,4891
4,2740
9,3239
9,9412
4,4073
4,6577
4,4559
3,5589
4,8979
3,8992
4,5547
9,7845
10,0758
9,0305
4,9187
9,3746
4,4916
9,0199
8,8102
9,1601
4,0918
9,3921
4,2365
9,3021
9,4494
3,7662
9,3320
4,2202
4,4670
9,5830
4,0470
9,4893
10,2062
4,3372
9,6495
4,8572
4,0316
9,3682
3,9738
8,9603
10,0104
4,4593
4,7051
4,6192
4,0195
4,6176
4,5211
3,6272
4,2155
3,6070
9,5615
4,1500
8,9519
4,1256
9,4263
4,2894
4,6080
4,2168
3,7210
9,2995
9,6165
9,1364
9,2921
4,1548
4,2728
4,0320
4,4764
9,1873
9,5889
4,2372
4,5694
4,7726
9,3317
9,3441
9,5028
4,2561
4,4650
4,4336
4,4077
9,4312
4,5581
4,5773
9,2826
3,4300
3,9228
9,1611
3,9633
9,3039
4,5366
9,1652
9,4595
9,7693
8,9719
4,2182
9,7077
9,3835
8,7728
8,8899
9,5824
9,6592
4,0397
9,3228
3,9522
4,7079
4,4724
3,9906
9,3456
4,7146
9,7368
9,5004
4,5858
9,4992
4,0423
4,5045
9,1506
9,0797
4,4849
9,2104
4,6559
4,5791
8,8297
9,4406
9,9544
8,9965
3,8782
9,2598
3,9166
3,7232
9,3952
4,4453
9,5558
9,2769
9,7308
4,1173
8,8434
4,5762
4,2718
9,2639
8,9994
4,1684
9,1867
8,8625
4,6079
4,0434
9,2672
3,9324
9,2977
9,5685
9,4275
4,6258
9,4278
9,2378
9,3797
4,4944
9,6976
9,1487
4,4879
9,3045
3,8306
5,1265
8,9607
3,8765
9,3889
9,6023
4,1458
4,8417
4,5789
3,8634
4,6274
4,7081
9,1896
4,5591
4,0941
8,5721
4,3798
9,5199
4,3971
3,9952
9,5518
3,8074
9,4778
9,1951
4,6214
4,5098
4,0317
9,2790
9,5451
9,4595
3,9308
4,4359
4,1577
8,7681
9,1347
9,2997
9,3379
4,3387
4,3389
9,2727
4,4377
10,1267
9,3765
4,5738
4,4584
4,7287
4,7445
9,3084
4,2309
9,5222
9,3667
9,6416
4,0846
4,1881
9,6851
4,9280
3,9982
9,5357
9,1923
4,5148
9,3432
4,2550
5,2913
4,9423
4,2695
8,9310
9,5637
4,0993
4,4742
4,6343
9,4592
4,2457
9,6815
4,6694
9,4336
9,4297
9,6762
4,1935
3,6918
4,4098
4,2656
4,3413
8,7714
4,9369
9,5950
4,3569
4,2325
9,6592
9,4098
9,2835
9,8073
4,3893
3,7127
4,4577
3,6524
3,7850
3,9261
3,8882
4,1979
4,1783
9,4405
3,7406
4,0749
4,3814
3,9882
9,5180
4,7328
9,4927
4,2860
3,9522
4,5845
4,2724
4,1805
4,6095
4,1178
9,7669
4,2974
4,7339
9,3159
10,0991
8,9720
9,9069
8,9664
8,8708
9,3310
9,5028
8,9582
4,0337
4,1542
4,1397
9,2308
9,0818
9,7786
4,0934
8,8433
4,3240
4,1817
4,2562
8,9466
4,2261
9,4503
9,6144
9,2385
4,1833
4,6287
9,3755
4,3559
4,6214
3,5890
4,5612
4,1007
5,0902
4,3820
9,4315
4,6175
4,2156
4,4983
4,2419
4,4180
8,8116
4,7106
9,3155
8,8278
4,6107
9,1768
9,2243
9,3095
10,4968
4,4689
4,7010
3,8101
9,4384
4,5120
4,6900
9,4702
3,9208
9,0696
9,5819
9,3100
9,2041
8,9594
9,3718
4,3194
4,4359
4,1732
9,2858
4,6873
9,6364
9,1180
9,6139
9,1837
9,7662
4,3134
9,1285
3,7363
3,1782
4,7961
4,1772
9,2540
4,6723
4,6562
3,9434
3,9731
9,7649
9,2570
3,9099
4,6895
9,6218
4,7385
9,7226
8,4682
9,5553
4,5781
9,1412
9,5982
9,3960
4,6602
9,1630
4,7638
4,1214
3,9582
3,7974
4,8384
4,4662
9,1613
9,2397
9,5740
9,3008
8,7804
4,3624
9,3746
9,3460
4,0560
3,7484
4,3721
3,3243
9,0001
9,0153
4,1914
4,4652
4,0778
3,6336
9,4599
9,2577
8,9667
4,7376
3,8614
4,8526
4,8188
9,3743
4,3392
4,0027
4,6881
8,9675
9,0691
4,9001
4,0548
8,9485
4,5208
4,0715
4,1002
3,7020
4,1168
4,1675
4,4273
4,9056
9,6632
4,8398
4,5811
9,7726
4,3614
9,4742
3,8007
3,8570
4,0472
4,5896
3,7606
9,0073
9,1290
4,6282
9,2525
9,6438
9,4553
4,3015
9,5721
9,6518
9,4762
9,6032
9,7541
4,0158
9,6084
3,8016
9,2597
9,3933
9,4540
9,6881
9,1889
9,7159
3,8971
4,2721
3,9349
9,3026
9,5684
9,4285
4,2106
4,0962
4,5652
4,3578
4,0778
9,4058
4,4476
9,9987
4,1710
4,0679
9,5393
3,9556
4,5688
4,6862
4,3577
4,3126
4,3662
3,9957
5,1109
9,7556
9,6035
4,6095
9,5588
9,1474
9,7370
9,1981
9,5416
3,7432
9,2101
4,2828
9,8036
9,4079
9,5273
9,2819
4,2246
4,7043
9,4342
4,7715
4,0469
8,9621
4,2808
3,7090
9,5067
4,1030
4,4653
3,4005
3,3895
3,5643
9,3737
4,4383
4,5037
4,2753
9,6214
4,1346
4,2850
9,4710
9,2789
4,3804
9,5633
4,4072
3,9698
9,8561
8,8509
3,2875
8,5350
9,0680
3,7683
3,8909
4,0818
4,4581
4,0429
4,5916
4,2711
8,8528
4,0899
9,4232
4,3503
3,8449
4,3354
10,1366
3,7868
9,2640
9,4716
9,1075
9,3431
9,7549
3,5843
4,5430
9,4254
4,2372
9,8556
9,6350
9,3929
4,3719
4,1593
4,4769
9,3450
9,5450
9,0497
4,9764
4,2877
9,3274
4,2158
3,8714
9,4291
4,3816
4,2685
9,5608
4,1797
8,9357
4,2701
4,5450
4,3402
3,9555
4,5165
9,4696
9,0645
4,7531
9,3023
4,5511
4,2628
9,3319
9,5180
4,8703
9,2718
4,6088
5,1177
4,3093
8,9623
4,4214
9,6790
9,3044
9,5978
4,7835
9,2633
4,1160
9,1544
9,7419
4,1707
9,4126
4,3909
9,4889
4,8964
9,2193
4,2436
9,8017
3,9857
3,7277
9,6552
8,9165
4,7822
4,2733
9,2395
9,6579
9,5013
4,0266
3,8824
4,1625
3,9232
4,1589
9,6731
9,7227
9,3835
4,3588
4,2303
3,8661
9,1968
5,0826
4,8641
4,2885
3,9480
9,6323
4,4160
4,6126
9,6204
4,9711
9,3296
9,5356
9,0373
3,6029
4,0242
3,9314
5,0850
9,5025
3,9607
4,1684
9,6220
9,4463
9,8549
4,3197
4,1690
4,9671
9,5488
9,5364
9,8896
9,5547
4,6796
4,8686
4,2227
4,3231
3,7909
4,5196
9,2271
9,4155
4,3274
4,4337
4,4384
9,7549
9,7549
4,4695
4,1891
4,5992
9,2230
9,1210
9,5003
9,4683
3,9512
4,7492
4,7140
3,3913
4,1097
9,6062
4,4783
9,2806
9,9170
4,3893
4,5603
4,1654
9,0421
4,2839
9,1710
9,2187
4,5987
9,4483
9,8198
4,1066
9,3611
4,5872
4,5497
3,7129
9,3179
3,5164
9,7465
9,5392
9,4789
9,8444
9,6759
9,4176
4,8565
9,4682
3,9865
4,1887
4,7226
4,4918
9,4726
4,5851
9,3129
9,4241
4,2161
9,5746
3,7806
9,2141
9,2830
9,5155
4,0090
4,5332
4,4478
9,9324
3,9881
4,0727
3,8224
9,3405
9,0612
9,2306
4,1349
9,4163
4,0258
4,7450
4,2108
9,5211
9,5459
4,4236
9,5987
9,8628
9,5647
4,0274
5,0391
3,9735
9,3292
9,2243
9,2245
9,3032
4,3316
4,0892
9,5526
9,1637
4,0364
9,8231
9,9460
9,4777
4,2868
3,9010
9,2916
9,5439
4,1248
4,0529
4,3614
4,1180
8,8710
4,6186
4,1390
9,2620
9,6434
4,2089
3,4704
4,5946
9,3884
4,0905
9,2776
9,8471
4,4059
4,6009
9,0680
4,0828
9,0853
9,8205
4,0910
8,9532
3,8881
8,8748
4,7397
3,9834
9,2998
4,2736
4,2691
4,3290
3,7025
4,2227
9,3747
9,4215
3,4383
4,3381
9,2944
4,4587
4,2594
9,8427
4,4872
4,3191
9,7062
9,4166
4,2194
4,9309
3,8789
4,3436
9,4109
8,9428
9,7498
9,3937
9,2485
4,1757
4,4810
4,2843
9,0117
9,6101
9,7463
3,8118
4,2965
8,8745
3,7900
9,3121
4,1751
9,2484
9,6773
4,4432
9,5957
10,1658
4,8152
9,5198
3,7245
9,0882
8,9679
9,4840
9,0841
3,8994
4,3322
9,1694
9,6214
9,0566
9,3164
9,0792
9,4433
9,4494
10,0501
9,2397
4,0293
4,2739
4,6954
3,2633
4,3002
4,4146
3,7656
4,3662
4,6871
9,1752
4,3449
9,5478
9,8197
3,8657
9,8694
3,7998
9,2693
4,2103
8,8509
9,1682
4,5769
4,5651
9,3568
3,9880
4,5357
9,7190
9,3621
8,7677
4,5547
4,2946
3,8952
9,7028
9,2777
3,9213
9,6294
9,3292
4,3147
3,7241
9,4418
4,3330
9,3147
3,6383
9,2127
4,4063
9,4463
3,7831
4,2565
9,4405
9,0812
9,0376
3,9580
9,3247
4,1963
4,7644
3,9813
9,6241
9,5234
5,2490
4,3030
9,9002
9,0969
3,8006
9,2100
9,6285
9,0175
3,9707
4,3323
4,6954
9,5583
9,3858
9,4284
9,8474
4,4101
4,1089
9,6010
4,6065
8,9309
4,2288
4,1533
9,1291
4,3653
4,4450
9,1546
3,7772
3,8745
4,4151
9,7788
3,9789
9,2615
9,9403
9,3591
9,1087
4,5093
4,6515
9,5756
4,1028
9,4581
9,6941
4,6230
4,6184
9,4164
9,3325
4,5633
4,0399
4,4371
4,4126
8,8575
9,1783
9,5458
5,1466
9,5079
9,2766
3,8388
9,4066
9,7484
9,1189
4,6490
4,2932
9,7167
4,4421
9,3767
9,6045
9,0534
9,6687
9,3033
9,4453
4,0196
4,5429
4,2666
9,4358
9,5914
4,4880
4,6532
9,1071
4,2311
4,3989
9,3417
9,0723
4,0168
9,0146
9,3931
9,4687
4,8346
4,1575
9,1803
4,1948
9,4798
9,2375
9,3581
4,3840
9,9551
9,4345
3,6783
9,3122
4,5651
4,1055
9,9667
8,9803
9,4316
9,2330
9,4979
9,7480
4,1793
4,3805
4,6666
3,7234
9,7270
9,2060
4,3855
9,0636
4,3568
3,9300
9,5285
4,3563
4,7845
4,7405
8,9332
9,3469
4,8096
9,4010
4,0217
3,8194
9,7306
4,8971
4,4895
4,0016
9,1127
4,9689
3,9269
9,4374
4,5499
9,1990
9,8412
9,2571
9,1475
3,7984
8,8256
4,1471
9,1677
4,1403
9,4666
3,7994
9,6277
9,0705
9,4677
4,3946
4,2768
3,7266
8,8546
3,1221
4,2708
3,8035
4,2682
9,5537
4,5764
9,4738
4,5623
9,3987
9,1346
4,2605
9,1927
4,3713
4,1426
4,4211
3,9699
3,5591
9,4196
4,9992
4,2617
4,4827
3,9058
9,7073
4,3696
8,4690
4,3245
9,6138
9,0774
4,5309
4,6473
10,2813
9,1906
9,3645
9,6585
9,4922
4,4567
9,6155
9,6632
3,9945
9,4685
4,4620
4,3197
8,8738
3,8461
9,3711
3,8665
4,3373
4,1180
4,2704
10,2375
9,1136
9,1355
9,3267
9,6385
9,2045
4,4721
9,3329
9,8356
4,0820
4,3133
9,6618
9,3438
9,3133
4,1311
9,7805
3,5456
4,4216
9,4144
4,5211
9,3142
3,9959
9,1510
4,1864
4,7386
4,2713
3,8518
4,2378
9,2159
9,2974
8,9706
4,3164
4,5545
9,5159
5,2250
9,6014
9,5642
9,4805
8,9661
4,2867
4,4899
9,2381
9,0473
4,5280
4,5003
9,0534
9,4035
8,7646
4,7014
9,8857
8,8801
9,8645
9,8161
9,3904
9,2322
4,3325
4,1565
4,0631
5,0125
9,1470
9,9024
3,9142
4,4148
3,8265
8,9219
8,9427
9,2078
8,9834
9,0074
4,4109
3,9312
4,7833
4,6847
9,3926
4,6549
4,9192
9,7548
4,2772
9,2775
3,8645
9,2338
9,8644
9,0459
9,4563
9,2991
9,3401
9,0841
9,4371
4,3995
3,5553
9,5989
4,3069
4,6925
4,7822
4,3406
4,9296
9,5016
9,8785
9,4338
8,9673
9,7264
9,6800
9,1434
9,1694
9,5155
4,3369
9,7045
9,3220
3,9949
9,6293
9,3950
9,0791
9,8801
4,5006
4,4565
4,0279
9,0964
9,9771
9,1942
4,4398
4,0911
9,7461
4,5136
4,2923
4,0719
9,1033
10,1501
9,4102
4,3723
4,3346
9,3946
9,3527
3,9759
4,6539
3,7205
9,6785
9,6769
4,9711
4,3309
4,6243
4,8213
3,8687
4,5201
9,1230
4,2546
9,5941
3,7924
9,3103
3,9782
9,4526
8,9580
9,4484
4,9631
4,3758
9,8143
3,9211
4,5040
4,7138
9,1466
4,3186
9,1809
4,3673
9,5500
8,9416
9,5718
4,2926
9,0780
4,1592
9,1585
4,2520
4,2699
3,9864
9,2863
4,4722
4,4169
9,5542
9,7581
9,1363
4,4764
3,9733
4,1114
9,1521
10,0202
9,5659
8,9836
9,9364
4,4023
3,9796
4,3626
9,6370
9,3623
4,6452
4,4049
9,3904
9,5001
4,4123
4,7161
4,7594
4,9623
4,0469
9,7175
9,4319
9,2988
3,9466
4,5149
9,3847
9,5108
3,4958
4,6344
4,2249
9,3274
9,3869
9,3781
4,3708
4,2619
9,2872
9,3906
9,3457
4,1755
3,9917
4,3795
3,9713
3,7645
3,9718
9,6002
9,1922
4,3283
4,2879
4,0857
9,4149
9,5123
3,8295
9,2774
9,7826
4,1537
4,3869
9,2400
9,3230
4,3498
4,3756
5,4731
4,3283
4,4647
8,8811
9,7997
9,7035
9,7179
9,4418
9,4891
9,3881
4,3428
9,4948
9,7465
4,1788
5,3721
3,8501
9,6351
4,4130
4,2971
4,7016
4,3550
5,0168
4,1555
4,4566
8,9473
9,0114
9,4070
3,9541
4,3688
4,6286
9,1041
4,3560
4,4763
4,7849
3,8726
9,1089
9,0484
3,6783
9,5307
9,6133
9,6601
10,0744
4,2639
9,4830
3,5893
4,0684
4,4806
4,3854
4,5447
9,5235
4,9455
9,1052
9,2254
9,2119
4,1037
4,9089
9,6412
4,0876
3,9229
9,5154
9,0255
4,2603
9,9411
9,3264
9,2917
4,2708
9,5433
3,9872
9,2021
8,9066
4,0841
9,7629
9,1528
3,6910
4,7527
4,2035
4,6522
8,9841
4,5117
3,8649
9,2795
9,2184
9,3056
9,3595
9,9700
4,8676
4,7293
8,9721
9,1593
9,3275
9,3307
9,1482
3,9964
4,4812
9,6521
4,4670
4,5600
4,4895
3,9965
9,7687
9,3500
9,4334
4,3075
8,9480
9,4976
10,0275
3,9618
8,7286
3,8838
4,2633
4,3256
4,0164
4,6643
4,3876
9,9552
9,4683
9,4216
10,0368
9,8611
4,3925
9,5791
9,6648
4,0913
9,2272
8,6972
9,1657
9,3318
4,8491
9,1607
9,6266
9,4330
3,8550
9,1894
10,1486
4,5188
9,5975
4,5612
3,8658
4,4799
4,1832
9,8760
4,6158
9,4751
4,0007
9,4824
3,7607
9,2275
3,8537
4,7535
9,1538
4,1973
4,1746
9,6800
4,0586
4,4347
9,5682
9,2085
9,8241
9,5551
3,6995
4,7612
4,8121
4,4954
9,2569
4,3813
9,4236
9,7143
3,3655
9,1271
4,6699
9,7775
10,0886
3,9664
9,4397
4,2833
4,1747
8,8646
4,1979
9,5826
4,0117
4,1798
9,2802
9,6207
8,9320
9,0609
4,0088
4,3707
4,6302
4,7874
4,2067
9,2153
4,6731
4,7077
9,9858
9,7796
4,4212
4,8220
3,7289
4,6524
9,6035
4,0636
4,9737
9,4176
9,2951
4,1465
9,2503
3,8721
4,3837
9,5140
9,8256
4,8441
4,5852
9,4483
9,6068
9,1794
9,2201
3,8985
3,7718
4,7909
4,2654
4,5885
3,7428
9,5645
9,1985
9,4997
9,2222
4,9663
9,4941
9,5797
8,9763
9,6362
9,6523
9,4652
4,7464
4,2045
4,5395
10,0234
3,8462
9,3736
4,4108
9,5461
9,5378
9,5123
3,9560
4,2393
4,1892
5,0906
4,6594
4,4985
4,4599
3,8423
4,0844
9,3845
3,9686
9,0155
9,4603
4,4841
4,5068
8,9988
8,9282
4,1282
9,2571
9,8058
3,8099
9,3978
9,7260
4,9989
8,4057
4,7580
4,3695
4,7141
4,0534
4,2739
9,6321
4,3719
4,2454
4,8436
4,4824
8,8861
9,3302
4,1220
9,2964
9,2981
8,9362
9,5094
4,5618
9,2105
9,2639
9,5456
3,6997
9,6751
9,4779
9,5965
9,3417
9,2280
8,9930
9,4272
3,9031
9,3445
8,8618
9,2302
9,4444
3,9401
4,7832
4,8674
4,6625
4,3715
9,2071
9,5905
9,7280
9,4383
4,1589
4,6892
4,6552
4,6388
9,5358
8,9966
9,6356
9,1620
4,7901
9,3544
4,4636
3,9034
9,5548
4,4432
9,1826
9,5217
4,2442
9,0948
3,8483
4,7676
4,3592
9,6587
4,3713
9,3394
3,6493
3,6951
4,4178
4,9387
9,4434
9,5031
4,0930
9,5657
4,5163
9,7909
9,5534
4,1511
9,4510
4,2472
9,6581
4,1931
4,1158
4,5064
4,2325
4,5474
4,3616
9,3884
9,3613
9,2222
3,8667
9,1819
4,2113
9,0326
4,5056
5,0477
4,3084
9,5012
4,4508
4,0334
9,2833
9,7109
3,9776
8,9756
4,5805
9,5029
4,4682
4,4687
4,6673
4,3661
9,7906
3,8241
4,1024
9,8417
4,2672
3,9567
9,2900
4,0330
4,2507
9,1064
9,2498
3,8649
9,6181
9,1238
9,4360
4,4823
9,4462
5,0328
3,9803
9,8286
9,5630
4,1487
3,6787
9,5204
4,2791
4,2687
4,2799
4,5458
4,3422
4,4518
4,2698
9,2637
4,2705
4,1912
9,7951
4,6042
4,0039
10,0530
4,5601
9,5110
4,4838
9,9211
9,8747
9,6716
4,0911
9,1547
4,4969
9,5183
4,7323
4,5388
8,9218
9,6898
9,3601
4,1626
3,6596
4,3915
4,5832
4,1790
9,1191
3,8427
4,7950
4,9948
8,9291
9,3438
4,4998
9,4688
3,9668
4,0252
4,3025
9,7097
4,1593
4,5203
4,3366
4,1460
9,0257
9,4546
4,3873
9,3325
4,2803
9,0036
8,9219
9,2123
4,2560
9,5003
4,2806
4,3749
9,4137
4,5706
4,1010
9,7033
9,6229
9,5454
9,2463
9,6426
8,5756
4,4147
5,2140
4,0172
8,6743
4,0781
4,0829
9,7318
3,9388
9,7465
4,3574
4,4482
9,0766
9,3779
9,4580
9,7121
9,4323
10,1694
9,2740
4,6959
9,2376
4,4421
9,2818
4,2436
4,1898
9,4873
4,3496
4,5991
10,0404
9,3875
4,5620
4,3929
9,5849
9,2973
9,2860
4,4254
4,8454
9,5181
4,5171
4,1952
4,0346
4,3802
4,4398
4,2468
9,0292
9,4357
9,4278
9,2643
4,3270
9,8114
4,7189
9,0660
4,8086
4,1965
9,4714
3,2296
9,4239
4,0755
4,7595
3,7546
9,5527
4,0050
4,0733
9,0840
4,8065
9,1592
3,9330
4,4183
9,0771
9,1547
9,9218
9,7024
9,8429
9,4596
3,8053
4,6917
4,3641
10,2893
9,4066
4,4101
9,5693
4,2338
9,0600
4,4074
4,3561
3,9666
9,6300
9,4905
4,1280
4,2617
9,0295
3,7059
9,3238
3,8255
3,4457
3,9484
3,7793
4,1704
4,3670
3,8108
3,6444
4,4376
4,9315
9,1830
4,3932
3,7550
4,2493
9,4831
3,7856
4,7267
3,9550
9,2878
9,5670
4,2763
4,5319
4,5714
4,2351
4,3874
4,4250
9,0403
9,8241
9,3919
4,1561
9,8991
4,0856
4,8627
9,3542
4,3799
4,1591
9,1021
4,2769
4,6757
3,9127
3,9806
3,6537
9,6469
4,4796
9,7825
9,3759
9,2851
9,2884
3,9809
9,3580
4,4260
4,6961
4,2402
4,6828
9,8384
9,3847
4,2925
9,8409
3,9960
4,0745
4,0015
9,2026
9,3640
4,4883
4,9239
4,1214
9,1335
3,8420
3,7188
9,1430
3,7456
4,8783
9,3125
9,5680
9,2842
4,1338
9,4666
9,6807
5,0165
4,6651
9,6606
3,9059
9,5050
3,9531
9,6174
4,9839
5,1091
4,4896
9,8950
9,3728
4,2922
8,9501
4,6458
4,5087
9,7881
4,2799
9,3215
9,3009
4,7187
4,5504
4,7099
3,9310
10,0200
4,0907
9,2605
9,0852
9,2593
9,5010
3,8938
4,6219
9,8879
3,5752
4,0629
4,3830
9,1437
8,9787
3,3520
9,8496
8,8006
9,3782
3,6950
9,5943
4,4490
4,4808
9,6266
9,6032
4,1305
4,6580
8,9348
4,1106
9,9952
9,5984
9,2767
4,6234
9,9685
3,9631
9,2582
3,6929
9,5757
4,4856
4,4667
4,3308
4,3986
9,5308
4,1919
9,7757
4,3355
5,0248
9,4903
4,3152
3,9505
4,5389
9,3959
4,2820
4,2303
4,4220
4,7187
4,5663
9,4949
4,3041
4,1344
4,6431
8,8727
9,4606
3,9150
3,9081
9,4851
9,9162
4,4247
4,1065
8,9359
9,1426
9,4749
4,7768
9,5529
4,1447
4,1388
4,1988
4,7806
9,9263
4,7072
5,0086
3,9759
9,5875
9,8344
3,7390
9,3812
9,6859
9,4644
9,4084
4,5748
9,1963
9,0638
4,4134
9,4867
4,3253
4,7654
4,5213
4,6606
3,9223
9,5491
4,3178
4,1684
4,1428
5,1180
9,6096
5,0339
4,1802
9,7543
9,3721
4,1864
4,3819
4,0958
3,9625
4,7802
4,6902
4,1020
4,4999
4,2557
4,0908
9,3293
9,3518
3,7560
9,0029
4,4371
4,2556
9,0491
4,4000
9,4742
9,1896
4,6000
3,9538
9,0320
9,3762
4,0074
4,3588
9,2981
10,0452
4,3850
4,2976
4,2558
4,3413
9,4840
9,4083
4,0098
4,4522
9,3934
5,0811
9,0393
4,4450
8,7895
4,6797
9,4477
4,0422
4,5272
9,1989
9,1260
4,4927
4,2689
4,0242
4,7834
4,2537
4,3448
4,6955
4,1104
4,5968
9,1692
4,1218
9,2655
4,9879
4,7865
9,1155
4,4921
4,0625
9,0193
4,1179
3,7037
9,3795
4,4600
4,2198
4,3755
9,3873
9,3062
9,7930
9,8070
9,6098
4,7057
4,0395
8,9078
9,1314
4,8103
9,2896
4,0174
4,5451
4,3695
3,7557
3,4256
3,8767
9,5048
9,4537
9,4025
3,9146
4,8491
3,7988
4,4645
4,2424
9,6440
8,8888
9,8285
9,2453
9,7003
4,1492
9,2800
9,4944
4,1802
3,8055
9,5524
4,8801
3,4669
9,9213
9,2380
4,5720
9,7260
4,0101
9,2289
9,3682
4,4546
8,9828
4,4355
4,6599
9,6524
9,5892
4,7150
9,4296
3,9236
3,6732
8,5560
8,9571
4,6089
9,0999
9,3301
3,4946
4,1943
9,3340
9,2908
4,1922
4,5244
9,4657
4,5079
9,1629
9,1371
9,6362
9,5561
9,3140
4,2698
8,8280
4,7791
4,3131
9,8358
9,4904
9,6864
9,2402
9,1891
3,8895
3,7505
4,4726
4,4562
4,3052
4,3635
4,3195
4,6535
4,2841
9,4461
4,2964
4,0003
9,7023
4,1868
4,6607
9,2334
9,4490
4,8467
5,0017
3,8460
9,5117
3,9919
9,2870
9,8661
9,4627
9,5975
9,4437
9,0978
4,4543
3,9974
9,0432
9,8404
3,9317
4,4040
4,7054
4,1102
4,5454
3,5463
4,6337
9,1504
9,4189
4,6267
4,4044
3,8634
4,9263
9,4494
9,8738
9,1809
3,8566
4,3711
9,0607
4,0871
8,7853
4,3613
9,2725
3,9321
4,4192
9,7934
3,9539
3,8915
9,3463
9,3658
10,0639
4,4099
4,1360
9,3440
9,6044
3,8390
9,9746
3,9028
3,9201
4,6734
9,3358
4,1557
4,5141
9,2333
9,6021
9,1003
4,1745
4,0190
4,0502
4,4608
9,6357
4,2015
8,9147
4,3254
4,2987
9,4459
9,2154
9,4025
4,3073
4,5962
9,2294
8,9224
9,2244
9,0469
4,2624
9,3395
9,3258
9,5392
4,4092
4,5390
9,0052
9,6178
9,4182
4,1787
9,0628
9,5003
4,5578
4,8279
9,0980
4,4769
4,5370
9,0091
3,9093
4,4883
9,4875
4,6923
9,7110
8,9810
9,2904
9,1656
4,9259
9,2802
4,3915
9,2700
9,7622
8,9447
4,6352
9,6407
3,7589
4,7210
9,4591
4,3124
4,2248
4,4428
4,3944
9,6823
4,2271
9,3819
3,8902
8,9115
4,5608
4,0524
4,0618
9,4825
9,5085
4,1005
4,0234
9,3236
9,5404
9,0905
9,2172
4,6479
4,0783
4,4323
9,7797
4,2378
4,6945
4,4377
3,9095
4,0312
4,1553
3,7682
4,2755
3,9676
4,4197
3,8076
9,1134
9,6205
4,5186
9,7202
9,2324
3,9618
3,5976
9,0691
9,2688
4,6966
9,1919
4,2747
4,5326
9,4480
4,1604
9,6127
4,5470
4,2751
9,1756
9,5318
9,7533
4,3479
4,6962
9,9015
3,9987
4,0995
3,9231
4,4592
9,6323
4,5781
4,5447
3,7817
3,5917
4,1017
4,4016
9,7397
4,0263
4,5346
4,4748
4,2060
4,6730
9,4722
3,9842
4,5029
3,8793
3,7966
4,3227
4,1574
9,3900
9,3672
3,6587
9,5190
9,3781
4,7113
9,5512
4,6752
3,8951
9,7602
4,5916
9,3712
4,1704
9,4152
9,0686
4,5707
4,1912
4,2449
4,1205
9,4565
9,7884
9,5430
4,0196
4,2538
9,5789
9,6692
4,2576
9,3052
4,2003
9,3388
9,2892
4,1605
4,4647
4,1558
4,7715
4,3225
9,3899
4,5334
9,1947
9,4236
3,8084
9,3404
4,5627
8,9755
9,7725
5,3559
9,7287
9,1746
4,2934
4,5759
4,1479
4,2814
4,4485
3,8638
9,2499
9,4441
10,0634
9,1835
9,7948
9,4064
9,6550
10,0057
5,2268
4,9299
4,4933
8,9670
4,1594
4,4654
3,6280
4,6564
4,4010
9,4837
9,9410
4,7166
3,5917
9,4183
9,3380
9,3436
9,4985
9,0827
9,1210
9,2357
9,7203
4,1719
4,2397
9,5081
4,3431
4,1664
8,8082
9,2614
4,8384
4,4026
3,7445
4,8753
4,8334
9,4497
4,4723
4,6777
4,5724
9,6742
9,5928
4,2433
3,6512
8,7580
9,7676
8,9260
9,8323
4,2397
9,4857
4,9121
9,7562
4,7936
9,3104
9,4885
4,4118
4,5368
4,4307
9,1060
9,4247
4,0081
3,7682
4,7257
9,5158
9,6072
3,6984
3,4731
8,9521
3,9368
9,9819
3,7895
4,6228
4,8896
4,2028
9,8939
8,9769
9,6635
4,6927
3,3835
4,7651
9,7259
9,2409
4,0902
9,5844
4,3994
4,3219
9,7896
4,6197
4,4332
4,1864
5,2866
4,4331
9,1543
9,6846
9,9256
4,0177
9,3634
9,2868
4,0668
4,6714
4,0836
9,1603
4,4936
9,5190
4,5564
4,4122
8,9454
3,9921
4,5464
9,6304
5,0533
4,6737
9,2340
9,4348
9,0958
9,1134
4,6024
8,8669
9,1739
9,8279
9,6355
4,8332
9,5695
9,3162
9,2905
9,3554
9,7724
9,0052
9,3123
9,2726
4,2311
9,6248
9,0399
3,9688
4,3586
4,1441
3,9754
3,9622
4,0570
4,5097
4,6010
3,9121
4,1744
8,9091
9,3834
4,9644
3,9784
4,4058
3,9086
3,8806
9,4692
9,4216
9,5551
9,5256
9,5140
4,1098
9,5715
3,5869
3,5318
4,4254
4,6553
9,3361
4,3858
9,7605
9,7082
4,4192
4,2490
9,8598
8,8815
9,4586
9,0138
4,5538
4,2914
3,7086
9,3128
9,4634
4,4782
9,9231
4,1621
9,5939
3,6879
4,5860
9,3302
4,2193
9,6870
4,2931
5,1967
9,2595
4,3482
4,1353
9,6514
4,6992
9,7569
9,1265
4,2758
4,1853
8,8527
4,1761
4,2127
4,4847
4,1229
4,3027
3,9376
3,8911
9,1047
9,5941
9,8714
3,6118
9,3319
9,3645
4,1645
4,5284
9,2252
4,3168
4,3598
9,3305
4,7265
4,7444
9,2737
4,1829
9,4660
4,7022
9,7753
9,0472
3,9017
9,1503
4,2597
9,7838
4,5607
9,5775
4,4525
4,3458
4,6108
4,6686
4,1710
4,2575
4,6702
4,7299
4,8803
8,8295
4,9631
4,4560
4,2030
4,2995
3,7453
4,1240
4,1255
9,0868
4,2150
4,0390
4,6215
4,2839
8,4686
9,2644
4,3706
4,4052
9,4336
3,5820
3,9454
4,7282
9,1729
4,4775
9,4429
4,4211
4,0573
4,0975
4,4072
9,7728
3,9679
8,9351
4,2262
9,4898
4,4789
3,8824
4,1831
4,2865
4,9946
4,2505
4,6568
4,2836
4,5049
4,5648
4,5808
3,5871
9,3760
9,0705
4,1321
9,2623
4,4349
9,2609
4,1854
9,3098
9,2212
3,8592
9,3674
9,9853
4,2620
9,6323
9,2197
9,5459
4,2307
3,5581
9,4552
9,6191
9,7264
9,5576
4,7220
4,1088
9,7265
4,7118
4,6199
4,8933
9,3676
9,8435
9,0268
9,1578
5,0066
9,3879
9,6384
4,4427
9,3544
4,3090
9,2021
4,7612
9,6289
3,8546
10,0319
3,8377
9,6524
9,2884
4,1841
3,9922
4,7071
9,2899
9,3570
9,7523
9,1220
4,0939
4,5442
4,6387
9,0201
9,2808
9,4378
9,3455
4,6332
4,5972
9,4044
4,5236
9,7021
4,6942
4,2283
9,2283
9,9465
9,6694
8,6982
4,3405
9,5815
4,4025
9,6762
9,2531
4,6139
4,7135
9,2267
4,5503
5,0945
8,9391
9,6542
3,8298
9,3291
9,5557
4,8628
9,7547
4,3072
4,1620
8,8521
9,2239
4,8392
9,3752
3,7137
4,0636
9,3669
4,4592
9,2960
9,4542
4,7723
4,7039
3,7531
4,7687
9,2631
9,4488
4,7044
4,4550
4,2886
4,5841
4,4947
3,9203
4,1281
4,3843
9,2223
9,1182
3,9695
9,3935
9,1275
9,3398
9,5453
9,0131
9,1290
9,3544
4,1419
9,6670
4,6726
4,7358
9,2133
4,2540
9,7320
9,2224
4,2428
9,2275
4,4354
3,5177
3,6334
4,5473
4,3055
9,2455
9,6206
4,6066
3,8101
4,5102
9,5782
4,1433
8,9895
3,9424
4,4421
4,2630
4,3151
9,8087
3,6970
8,9919
9,9341
3,8389
9,6115
8,9842
3,9836
9,5853
3,9129
4,1256
3,9049
3,9966
8,9417
9,6595
5,0332
3,7814
9,7462
4,6787
4,8973
4,9289
9,2034
3,9574
3,5554
9,7268
4,1519
8,8678
9,3305
9,8004
3,4085
9,2128
4,3112
4,1178
9,1325
9,4542
9,1785
4,0480
9,3707
3,9984
4,0923
4,1914
3,7708
9,2618
4,5558
4,1444
4,1425
4,3025
9,3011
9,7334
9,3564
3,5617
4,0929
8,7123
9,6621
9,3918
4,6910
3,9995
9,0950
3,9949
9,5076
4,6894
9,5244
3,8680
4,5658
3,8373
9,3821
9,4908
3,9992
9,7717
4,3185
9,2739
3,9571
4,5419
9,2992
9,3347
9,6172
9,3465
4,6162
4,8439
4,4484
9,2868
9,1740
4,1060
9,4081
4,5104
4,9025
4,2475
9,3974
9,2160
9,2848
9,6463
4,7004
4,3421
4,8608
4,6629
9,9427
8,9440
4,3244
4,3118
4,2769
9,7286
4,4740
4,5201
9,2865
4,2596
9,4904
3,8968
9,3507
8,8337
9,3207
4,5719
3,8982
4,0792
9,8477
4,8841
10,1653
9,7792
9,7102
9,0788
9,0453
4,3168
3,4549
4,8702
9,2729
9,9036
9,4833
4,1773
4,0610
4,2406
4,4842
4,2562
4,7054
4,0779
9,2444
4,1160
4,9509
8,9756
9,1266
9,3161
9,4372
4,4353
9,4630
3,4591
9,1472
8,7162
3,8877
9,1139
4,0378
9,3237
9,4718
9,2911
4,3302
9,4055
4,4280
4,0562
3,8194
9,2617
9,9498
5,0345
4,6617
8,9811
9,3302
9,5218
9,3324
9,6438
4,2547
4,2294
9,1745
3,6058
9,6667
9,5421
4,8646
9,3524
4,5586
5,1780
4,4514
4,1031
9,3220
9,9949
3,5688
4,0228
9,5029
3,7061
3,9270
9,7611
9,3338
4,3287
3,9603
4,2349
4,1992
9,4113
8,9431
4,0372
4,4830
9,4475
4,4263
4,6527
4,2018
4,2248
9,7811
9,8656
4,2488
4,4079
4,1203
4,2667
9,0371
9,1461
9,4012
4,3874
9,6539
9,4668
9,4433
9,4546
4,5434
4,3168
4,0723
9,4223
9,4593
4,3606
4,1987
3,9363
4,4321
9,4342
4,5282
9,6633
9,9554
4,3230
5,1099
9,0711
4,3425
9,3606
9,2017
4,4112
8,9547
4,6650
9,1586
3,7633
9,2875
4,1518
4,8030
4,1729
9,4214
4,3968
4,1812
9,3487
9,4784
3,5970
9,5557
4,6346
4,5764
3,4807
3,8915
8,7561
4,0023
9,1993
4,1200
9,7903
3,7900
4,1876
4,2464
9,5922
3,9230
4,3976
4,1937
8,9340
5,0838
9,1311
4,1573
4,7582
3,8383
4,4267
9,2942
4,5608
9,6028
4,9777
9,4351
4,5300
4,9189
9,5467
9,3327
10,0698
8,8603
8,6868
9,7266
9,4803
3,7527
9,2667
4,1822
4,5417
9,1478
9,3118
9,9459
4,2707
3,9680
9,3064
9,9590
9,1401
9,5996
9,2881
9,2376
8,8336
4,1651
9,0383
4,2454
4,1743
9,5541
3,9606
4,4247
4,8104
4,4460
9,3679
9,3023
8,9289
4,0340
3,7867
9,0547
9,4231
8,9936
4,4380
3,7848
4,2803
9,8526
3,5291
4,7486
3,9498
9,1645
9,4388
9,8896
4,3569
4,7056
9,8649
4,7315
9,5907
9,6184
9,7094
3,8044
9,7500
9,3887
9,5143
9,7425
4,4674
9,4825
4,9378
3,5086
4,3562
4,3485
9,2852
4,2486
8,8264
9,3733
4,3512
3,6499
3,5250
4,7929
4,1909
8,7730
4,0363
3,9784
4,2528
4,5817
4,2919
4,1333
9,9077
4,2194
9,5439
4,0053
3,8729
4,2335
9,4877
4,0630
9,5740
9,1122
9,3339
4,0171
4,4871
9,3702
8,8379
4,9260
9,1249
9,2089
9,6346
9,4207
4,1649
8,9876
8,8641
9,2876
4,5570
4,3403
9,7518
4,3559
4,1786
4,6857
3,7142
8,9376
4,2826
4,0437
4,0449
4,5062
4,2451
3,9525
8,9799
4,8244
4,3119
9,3559
9,5577
4,8376
4,2200
9,1535
3,7540
4,0415
9,1522
4,8078
9,5411
9,6030
9,4629
4,5688
10,3433
9,2067
9,7363
8,8405
4,0877
4,5978
4,7941
9,3767
8,8572
3,5402
4,7060
4,0660
9,3588
3,9163
3,9680
3,4831
9,5950
4,5615
8,9120
9,6082
9,1372
9,4200
9,2874
4,2402
4,3296
8,9615
4,7105
4,6869
3,8807
8,9489
9,5078
4,2056
9,5406
9,3779
4,0200
9,4885
8,9541
4,6479
4,7239
9,4971
9,6520
4,7363
9,4908
4,5685
4,6702
4,7049
4,5614
3,6253
9,3933
4,1309
9,3817
9,3034
9,3471
3,7617
3,6494
4,3645
3,8467
4,4705
4,6704
4,0688
4,5032
9,2181
8,8540
4,3441
9,6687
8,7495
4,0102
9,0686
4,3319
4,2261
5,1157
9,6759
4,4449
9,5233
4,1997
4,1931
4,2304
9,3499
4,8377
4,7188
4,1031
4,9226
9,6511
4,1262
9,4658
4,4837
4,4304
3,5425
4,1302
9,6733
3,9134
3,8548
4,3471
9,4306
4,4493
4,1210
4,4099
9,4493
4,9358
10,1492
4,2309
9,5135
3,6343
9,2170
9,4084
4,9282
4,4783
9,6856
9,8128
4,3704
9,3741
9,1060
9,3354
9,5913
3,8437
9,6011
4,2471
8,9349
3,9992
3,9202
4,2984
9,7785
4,5765
9,0604
9,6495
4,7205
9,0434
9,2527
4,0112
4,0321
9,5512
4,6168
9,2586
4,1725
5,3902
3,8558
9,7864
4,2187
4,2232
3,9735
9,3707
8,9630
9,5825
4,0131
4,8309
4,2011
9,2666
4,2462
9,0552
9,5191
9,5384
9,6586
4,6003
4,0635
9,3956
9,6448
8,9203
4,2046
9,7200
4,3594
5,0085
5,0065
9,5054
3,9463
9,4704
9,8949
4,0686
9,3932
3,8863
9,3913
8,6380
4,1299
9,7650
9,1980
4,2114
9,3960
9,3561
4,7107
5,1027
9,4493
9,1886
3,9606
4,5005
4,5256
4,6163
5,0175
4,0668
9,2936
9,6242
9,3427
4,6012
4,2034
9,5953
4,6596
9,3235
9,5955
4,4495
4,2327
4,4107
3,6412
4,2486
9,5246
4,5634
9,0639
9,5117
9,3374
9,6440
9,5560
4,0247
3,9006
4,2400
9,3372
4,4692
9,5533
4,6832
4,4110
3,8421
10,0034
4,1378
4,2270
4,0710
9,6322
4,2280
9,1199
9,4167
9,6551
4,0746
4,4211
9,1249
3,9123
4,6830
3,9237
4,5855
9,7627
3,8638
4,7362
5,0579
4,1263
9,7937
9,3071
9,6174
9,3500
9,1304
4,8567
4,6100
9,2100
4,2470
9,7110
4,0495
3,6942
9,4516
9,9558
8,7436
4,3261
4,0125
9,7291
3,7883
9,7451
8,9294
9,2057
4,7015
4,7014
9,9230
3,8712
4,4856
3,9848
4,4016
9,7112
9,6556
9,1414
4,1767
10,0518
4,8619
9,8982
4,6233
4,2953
3,8110
9,0697
9,7427
3,8873
9,0885
4,4796
3,5241
4,3739
4,4912
4,4879
4,0810
9,6070
4,3897
5,2738
9,5977
4,7927
9,9072
4,8901
8,9477
4,3750
4,2903
4,4881
4,6144
9,0638
3,9310
3,9861
9,6155
4,7821
4,2195
8,6840
3,7073
4,7139
4,4640
4,4088
4,1203
4,3102
4,7030
8,7468
3,9337
4,4279
9,7992
3,8533
4,5480
10,0232
4,4215
10,1087
9,1295
9,3819
9,4139
4,1755
4,7278
3,6477
9,1034
8,9796
9,7756
4,2729
9,5218
4,4905
8,9912
9,0847
4,0996
4,3872
4,2145
4,1848
9,0795
4,4344
4,1017
9,1452
4,1219
4,5140
4,9009
9,3103
3,9464
9,4401
9,1755
8,8477
5,0724
9,0431
4,2750
9,4657
9,2368
4,7478
4,3840
9,4911
4,1648
4,4296
4,0723
9,4406
9,1411
4,2455
4,6640
9,1309
4,3811
8,9284
4,1198
9,4295
9,3696
4,5294
3,8350
9,3200
3,9235
9,4263
9,7967
4,4969
4,0811
4,0332
4,2242
4,1651
9,2172
4,0787
9,4168
4,3635
8,9013
9,3695
4,4366
8,9683
4,3419
4,1630
9,1817
4,1787
4,6771
4,9596
3,8609
9,7022
4,1533
4,4250
4,6312
9,0172
4,1919
4,9171
4,4912
4,4906
9,0641
3,9538
4,7452
9,9890
4,6742
4,0041
9,2097
3,3186
4,4770
3,8658
9,4366
8,9790
4,7351
4,1358
9,7589
4,3736
4,4088
4,0314
8,8889
4,3226
3,7370
4,8039
3,9942
3,7484
3,9749
9,0533
4,4026
4,9278
8,7936
10,1531
4,7347
4,0676
4,3358
4,1546
9,6659
4,4449
4,6216
3,9126
5,1555
9,5248
9,0651
4,9290
9,0259
4,7422
8,9686
9,1674
4,2439
4,8855
4,7624
9,6820
9,2109
4,1835
4,8524
9,4890
9,5220
4,2219
3,7663
9,2737
3,7769
4,0379
4,1834
3,7906
3,9198
4,6403
3,9705
4,4433
9,4112
9,2326
4,0065
3,7965
3,6958
4,5219
4,5709
9,9476
4,7415
9,4737
3,6300
4,3888
4,9188
9,7366
4,8955
3,7375
4,1672
4,2965
4,1903
4,2792
4,2454
3,9385
9,3687
9,3336
4,5754
4,3802
9,2092
4,4976
9,2143
4,1181
9,0584
4,2819
4,0956
4,4397
4,1492
4,3626
4,1682
4,0077
9,5031
8,8567
9,3173
3,6718
9,3526
4,3908
9,6691
4,5753
4,6587
9,3200
4,0875
4,1379
4,9656
9,6632
3,8669
3,7151
9,3362
4,6039
8,9794
9,0990
9,8199
4,5471
3,9836
9,9633
3,8941
4,1399
4,2742
9,8307
4,5536
9,6774
9,5274
9,0050
9,6228
9,4807
9,0034
4,6022
9,8804
9,1853
9,4608
5,1085
4,3645
4,7799
9,0398
4,5166
9,1521
4,9507
9,7373
8,9558
9,2812
4,1592
4,6101
9,0985
9,1748
9,3267
3,9376
9,4655
4,2353
4,2813
3,9614
4,0862
4,2909
10,0870
4,2620
3,9080
9,5922
3,7847
9,5045
9,2795
4,2339
9,1566
8,8752
5,0443
3,9050
4,4898
4,4466
4,0931
4,2363
8,8786
9,2097
9,3191
4,1562
9,0307
4,5616
9,4209
9,4290
4,8313
4,4134
3,4456
3,4985
8,9852
8,9388
9,0245
9,5347
4,6079
9,5317
10,4195
4,0610
4,1936
9,3682
8,9805
4,3211
4,2683
9,3768
9,7210
9,7617
4,7445
9,3376
9,6206
9,1423
9,3370
4,8111
4,0260
4,3844
4,2188
4,7141
9,1927
9,5508
3,9922
4,5285
4,4048
9,7391
4,5922
4,0476
9,6491
8,9144
4,8214
4,1381
9,4696
8,6543
3,9449
9,6512
4,6254
9,2044
4,2743
8,4724
4,6409
9,0741
9,1742
4,3002
4,4199
4,6077
9,3123
4,8506
4,5007
4,6099
9,6613
3,8384
4,5843
4,1533
8,9807
3,7764
9,4235
9,9936
9,4603
9,5065
9,3883
4,2141
4,9219
4,1810
9,1848
9,1723
4,4873
9,3448
3,5737
4,6306
9,6152
10,2307
4,5262
4,5039
3,9323
9,4053
3,6584
4,0949
4,5162
4,4728
3,8438
4,3619
9,8163
9,4084
4,5707
9,4366
4,2103
9,1203
9,1809
4,2489
9,6422
9,2013
4,1255
4,5510
9,7847
9,4405
9,1679
9,4290
9,1610
4,3614
9,7045
9,0199
8,8673
4,5757
8,9429
4,5158
3,7631
4,6248
4,0177
3,6294
9,6235
9,2132
9,6268
8,9433
4,0719
9,1166
9,6517
3,5976
4,1881
5,1880
9,6044
9,7382
9,3738
3,9543
4,0096
9,1062
4,5451
4,4095
4,5611
4,4778
9,4579
4,5539
9,2039
4,2353
4,6452
3,6173
4,0640
4,6910
4,1323
4,1934
4,0250
4,9778
4,3365
4,2296
9,1192
4,8290
8,6365
9,8305
4,2514
9,6489
4,3625
3,8636
9,2166
3,9831
9,5641
4,7147
4,4121
4,1141
8,9819
9,3341
9,3883
3,7762
3,8951
4,5837
4,5709
4,0511
4,0392
3,7042
8,9724
9,5162
9,5751
4,1442
4,8465
4,0395
9,4775
9,4847
9,4320
4,3383
9,5377
9,3918
4,5115
9,3619
9,2682
4,1149
9,3642
9,0118
3,9517
8,8895
4,3939
3,5739
4,4918
9,7237
4,3049
9,4517
3,9143
4,4812
9,3798
9,2929
4,2616
9,3562
9,3435
9,7784
4,0717
9,4662
4,0629
9,5569
8,9325
4,2245
9,3485
4,3360
9,5301
4,1271
10,3571
4,5825
4,2250
4,7918
4,3293
4,1012
4,4168
4,4503
9,8517
4,2896
9,4069
3,8709
3,5869
9,0757
9,8138
9,4317
9,1247
4,5301
9,8408
4,4034
4,2312
4,7231
9,4736
9,4135
9,1214
9,5002
9,3091
3,9992
4,9292
4,3782
9,1079
4,1465
9,6507
4,2345
9,1231
4,2873
8,9383
9,0767
9,5688
3,9715
8,9497
9,8939
4,4014
8,9668
3,7471
4,4486
4,2103
9,3382
3,7752
3,7614
9,1898
3,9894
4,7664
3,8681
4,4348
4,2477
4,4595
4,2371
9,4944
5,0542
4,2931
4,9721
9,5404
9,1438
9,7192
4,4265
4,1215
4,0011
4,9110
4,2605
9,3286
4,5192
9,3212
9,2011
3,7666
9,2671
4,2587
9,3723
3,6701
3,8135
4,6081
9,4842
4,6262
9,6871
5,1210
9,3180
9,1703
4,2832
4,7243
4,1465
4,1634
4,1542
3,7818
9,5688
9,5841
4,0890
4,6217
4,1235
9,3229
4,2192
4,4326
4,5534
3,8160
9,1384
8,7229
3,8744
4,4354
4,9373
4,5815
4,3990
4,4409
4,6109
3,7941
9,0023
4,7138
4,0191
3,7458
4,0521
4,6540
3,9450
5,0068
9,4418
9,3967
4,0355
9,6992
9,1632
3,5773
4,5124
9,7463
9,6643
4,0082
9,7979
4,1362
4,4802
4,1285
9,6761
9,7567
8,9733
4,3551
3,8535
8,7482
4,8446
3,9256
4,9687
9,2374
4,0561
9,4673
3,7506
9,0490
4,3135
4,3179
9,1324
4,0361
4,5618
9,5606
9,3557
3,9995
4,2565
4,0122
4,4021
10,0051
10,1545
4,3422
4,4823
4,5361
9,2200
9,7124
4,1966
4,2320
4,4673
4,4548
9,1391
4,5304
9,5782
4,3170
4,1331
9,5705
3,9615
4,3848
9,0689
4,1067
3,6278
3,9043
4,5792
3,7074
4,5438
9,4467
4,1960
9,4039
4,2003
9,1959
9,4684
4,0704
4,7433
3,8912
9,6423
4,1529
9,2067
3,9183
4,3052
9,4549
8,9727
4,1455
9,4142
4,0362
9,6443
4,2123
4,4335
9,6321
8,9662
4,3238
4,1501
4,8042
9,2720
9,8142
9,7871
4,2741
4,5932
8,9795
4,2380
3,5948
9,6398
9,3888
4,6133
4,1498
4,0105
9,5135
8,8169
4,8851
9,1728
4,2644
4,1303
9,3263
3,7954
9,3056
4,4955
9,1686
4,1439
9,0320
9,6891
8,8618
9,6152
4,0110
8,7147
9,3658
5,0553
4,2800
4,6743
9,3446
9,2653
9,4255
9,4069
9,3429
9,2378
4,9001
9,7900
9,4538
9,7124
4,1006
9,1497
4,1266
9,1907
9,3250
9,4311
9,7666
10,0847
4,0470
4,2273
9,8679
3,9037
9,5132
4,8944
9,8120
8,9960
4,7353
3,7173
9,2161
9,0911
4,1329
8,6464
3,8982
4,5724
3,7913
9,2907
8,9030
9,5854
4,3302
9,2671
4,3936
3,4734
4,7633
9,3286
4,7112
4,4765
9,0356
4,7561
9,7717
4,3083
9,0727
9,6692
4,0315
9,6669
4,0734
8,8679
4,8853
9,6240
4,5967
9,5542
9,1278
9,0958
3,8284
4,6934
4,0506
9,4459
3,8969
4,3620
3,7066
4,8693
9,4991
4,5540
9,1334
9,5997
4,3194
9,9194
9,1679
9,4856
4,6415
4,2551
9,5939
4,0367
9,7033
4,6944
3,9225
4,1035
9,3150
9,2383
9,4793
4,5420
9,4294
9,8375
4,4875
9,2266
4,1155
8,9433
3,8713
9,2021
4,9576
9,6618
9,4467
4,2086
9,3411
4,9879
4,1037
3,5644
3,8738
4,0100
8,7153
9,6063
9,5874
4,0463
9,5679
9,4913
9,4090
4,1635
9,5114
9,4772
3,7739
9,7754
9,9158
9,3827
4,2202
9,1187
9,0491
9,4879
9,0900
8,8736
9,7201
4,2019
9,2994
9,6154
9,2196
4,7281
8,8387
9,1091
3,4353
4,2136
8,9609
4,3214
3,6056
9,6836
9,2437
9,8891
9,3769
8,8309
4,2290
9,3061
4,3305
4,8074
9,3422
4,4312
3,4681
9,0805
9,2673
4,9654
9,7770
4,6082
9,6437
9,6772
4,3031
9,8892
9,8747
4,1916
4,1762
4,2472
10,0178
4,3115
9,6438
4,5699
3,7339
9,1622
9,4630
4,2719
9,6906
4,1816
9,0146
4,1117
4,5072
9,2166
4,2039
4,6827
9,2446
4,1783
9,5039
9,9874
3,6731
4,2765
5,0847
9,2541
8,6608
4,6641
4,2363
4,0410
4,3006
9,1289
4,0955
9,6798
4,8769
3,9580
4,1125
9,3686
4,8753
9,5736
9,3014
4,6509
4,3095
9,0419
4,5529
9,5095
9,5830
9,2780
9,6458
9,4644
3,6120
4,6573
4,0124
3,6847
9,3336
9,2194
3,7654
9,2314
9,0435
3,8038
4,8011
3,9098
4,0464
4,8238
4,4963
9,0212
9,2203
4,4429
9,4225
9,1270
4,4536
9,5561
4,6270
4,4838
4,4158
9,0134
9,6389
9,4765
9,1578
4,4057
9,2063
9,5965
5,2275
4,2781
4,2526
3,5181
3,7357
9,6026
4,0981
4,6229
4,2862
4,1950
4,3969
9,0637
9,4307
3,7645
9,5278
9,6536
4,4755
9,6240
4,2933
9,9290
9,9763
3,8381
4,7046
9,2670
9,6177
10,0203
4,9216
9,3607
3,9229
4,3033
9,7463
9,4215
8,8948
3,7884
9,6781
9,7280
4,9447
9,2846
9,0255
4,2296
9,2933
3,8823
9,4463
9,0562
4,6279
3,5045
9,2941
3,7910
4,6645
4,9136
4,0489
3,9048
4,2963
4,1219
4,2255
9,8360
9,7478
9,5648
4,7647
4,3249
9,9580
9,5615
4,1711
4,6867
9,3419
9,7907
4,6047
4,2727
3,9829
9,6235
9,3739
9,7530
4,0052
9,9011
9,4443
3,8849
8,9062
9,5862
4,1804
8,7071
9,3997
9,7651
3,7513
9,4390
8,9134
9,6704
4,6135
9,1992
9,1934
4,5356
4,6046
4,4563
4,7035
9,3060
4,9280
4,8253
5,0157
3,7743
4,5233
9,5345
8,9778
9,0781
4,1390
4,5109
4,1653
9,6132
3,7762
9,1426
4,5487
3,9707
4,1890
3,2199
4,0185
4,3496
9,5891
4,5867
9,6662
9,8992
9,3203
3,7906
9,5215
9,1330
4,1736
5,0679
4,2486
4,3201
3,9902
4,6224
4,7822
3,8760
9,5884
4,3643
4,7316
9,3487
9,6363
8,9324
4,4057
9,2102
9,2967
4,8655
4,5453
4,1159
3,8464
4,2284
3,3342
9,8283
9,8484
9,4937
9,3382
4,1338
9,5417
4,2457
4,6084
3,8391
4,5504
4,9176
9,5001
9,5396
3,7432
4,8374
9,4276
9,8140
3,9667
4,7613
9,6070
4,7984
9,8425
9,2043
4,6785
8,7993
4,2666
5,1255
9,2769
9,8913
4,6744
4,3205
9,2233
4,5758
9,1160
8,8157
4,8001
9,1576
9,7966
9,5420
4,4217
9,7271
9,3644
4,5487
4,6490
3,7475
9,3703
9,9199
4,6112
9,6296
3,9780
9,7692
4,1320
9,8671
3,9605
4,3064
4,6947
4,8312
9,7465
9,7771
9,6157
9,5490
4,8777
4,2576
4,1543
9,6832
9,5386
4,0237
4,4022
4,5997
4,8749
9,0131
9,5197
4,3524
4,0449
4,0280
9,5127
4,5250
9,2713
4,0869
4,3489
4,2373
9,5494
8,8865
9,8615
4,0016
4,2447
4,0624
4,6381
4,8214
4,7560
4,8058
8,9273
4,3381
9,2313
4,8566
9,4626
9,0975
4,8585
3,9834
9,5122
4,6371
9,2979
4,9176
4,4721
9,3417
8,9656
9,4285
4,2411
4,2285
5,0576
3,6976
4,5225
4,2283
9,5308
4,1518
4,7162
4,3565
9,5555
3,8948
4,3198
4,0504
4,3924
4,2509
8,8799
4,3461
9,6646
9,5341
4,1766
8,4258
9,5374
3,7834
4,8134
9,2922
4,3136
4,7969
4,1210
9,4450
4,0072
9,3043
3,9860
4,5359
4,1152
4,3073
4,2468
9,1555
4,2583
9,3719
9,2669
9,2471
3,7998
4,1467
9,0810
9,0349
3,7592
9,5113
9,4052
4,5115
5,2714
4,2274
4,0747
9,4707
9,3990
3,9001
4,5173
8,9423
4,4211
9,4230
9,4673
3,9681
4,1077
3,8434
4,8978
4,6163
9,7599
4,3635
9,2029
9,3113
4,7167
9,4921
8,8504
3,9223
4,4154
9,3687
8,9601
4,4730
8,7743
9,2109
9,6743
4,1628
4,5275
4,4652
9,2966
9,4211
9,2920
9,8139
9,2926
4,0394
3,8111
9,9367
9,7556
4,4486
9,6199
4,3937
9,7457
4,4872
3,6974
9,9231
3,8294
4,3597
9,2426
8,8405
4,1274
5,0485
4,4674
4,4217
4,4610
9,8140
9,3544
9,2218
4,9184
8,7743
4,7893
4,9410
9,3936
4,6829
4,6978
9,5733
4,6055
4,2151
9,5013
5,2562
9,9043
4,9669
4,3323
9,2133
9,3453
4,6607
4,2606
4,3770
4,2067
9,1252
3,7841
9,5077
4,2092
4,3703
3,4286
4,2954
4,2143
4,5380
8,9985
9,3603
3,9128
8,7431
4,5678
4,3497
4,6038
4,2065
4,1580
9,5952
4,6189
4,1990
9,0720
4,0965
4,2450
4,3300
9,7386
4,0700
4,7599
3,4765
10,0178
3,6355
3,7893
9,3926
9,2539
3,9743
9,2583
9,8313
4,1297
4,3078
4,0868
4,0590
9,3125
9,0589
9,1077
4,7038
4,5399
3,3680
4,3339
4,3153
9,2719
9,5372
9,1723
9,3097
4,2111
4,3969
9,7319
4,3273
9,0534
4,8544
4,1407
9,1329
9,9036
9,2790
9,4128
4,5894
8,8123
9,7717
4,7942
9,0638
5,1604
9,4961
4,1985
3,7219
4,4988
9,2712
9,4501
3,8210
3,7718
3,9993
9,1786
4,9294
4,9134
4,3971
8,5854
4,0689
4,0172
4,2253
4,1798
3,6159
9,1106
4,5388
4,0842
9,6128
9,6001
4,3891
4,4266
4,1747
4,3363
3,9534
3,6896
9,7385
9,5697
4,7548
4,4573
3,7373
9,7958
4,0606
4,2935
4,6252
3,8113
4,0293
4,1674
9,8455
8,9797
4,1974
9,3935
9,5182
4,1019
4,6312
9,5830
4,6514
4,8000
9,1483
9,7571
9,5527
4,4146
4,3347
4,0182
3,8940
9,4740
9,6883
4,0442
4,3654
4,4795
9,7429
4,2731
9,0912
9,6687
9,7854
3,3102
4,4202
9,1441
4,1787
4,9823
3,8562
4,0415
4,5258
9,5840
4,6972
9,4943
4,3181
4,8165
4,5157
9,2087
9,3593
4,2002
4,4490
4,5316
3,9284
4,1796
4,4774
4,0541
3,8475
9,2344
4,3691
3,8721
3,9390
4,4800
9,0610
9,2964
4,2254
3,8371
9,6259
4,2069
4,6918
3,8091
9,4493
4,0616
3,9375
9,6839
9,4770
4,0538
4,7556
9,0566
9,3929
9,4868
9,7361
4,3128
4,8675
4,8639
4,8324
4,3636
9,7767
4,7750
4,6640
9,3697
4,0951
9,7314
9,3761
4,4411
4,2211
4,0107
9,2035
9,1151
9,2429
9,0760
9,8541
9,6295
9,4123
3,5958
9,2383
9,1000
9,8245
4,4474
9,3987
4,0425
4,0273
9,5139
5,4881
3,9897
9,0832
8,8384
3,5769
3,9580
9,3180
9,5761
9,4507
9,4100
9,3854
4,0565
5,0273
9,4963
4,6578
4,3855
9,2647
9,7110
4,5736
4,4555
4,4210
9,2418
3,8357
4,5938
3,7178
9,5198
9,2689
9,3837
9,9947
9,2188
3,9660
9,4515
4,7100
4,2301
4,7880
9,5773
3,8650
8,9325
9,8949
9,8006
4,5876
9,0439
4,2592
4,5141
9,8317
9,5747
4,5575
9,2859
9,6073
9,7480
4,1615
9,6274
9,6501
9,1151
9,3915
4,1880
9,4128
9,1614
8,9866
4,3713
4,2305
9,6912
4,6259
4,3284
4,2284
9,1780
9,0690
4,4592
4,4648
9,4375
4,5588
9,4456
3,9620
9,3535
9,9025
4,2795
9,3261
4,0140
4,7847
9,2238
4,3394
10,0609
4,4297
4,1222
4,1902
9,8474
8,9329
3,8891
9,0159
10,0407
9,6971
9,1674
9,3871
4,3614
4,5937
9,4836
9,6466
9,4622
4,7345
4,0459
10,0498
8,9748
4,0914
3,3838
9,5845
9,2017
4,6645
9,4081
4,1698
9,8123
9,6317
4,0351
9,6448
4,1030
3,9618
4,1391
9,4859
9,2880
9,5934
4,7966
9,3255
9,3939
9,1099
4,3047
5,0446
9,4356
4,5854
4,0198
9,7029
9,7770
3,5463
9,6364
9,5369
8,9017
9,2043
4,4798
9,2197
9,5218
9,3408
4,5532
9,6987
4,7868
9,4469
4,2810
9,4658
4,8193
9,6801
9,5850
9,1999
9,6029
9,9457
3,6344
4,2917
9,6867
3,9164
4,6378
9,5211
4,2281
9,7174
4,6183
4,3609
4,1284
4,0412
4,3794
4,0568
9,7943
3,9971
9,1776
4,6442
9,1550
9,5529
4,1596
9,3671
4,5441
4,5718
9,2267
3,9429
4,3049
8,8624
4,3625
9,9982
9,0393
9,1348
3,8714
9,3396
4,5091
9,6409
9,4130
10,0113
4,0631
9,1850
4,6046
4,4332
9,2842
4,5827
9,3477
4,5715
3,7182
3,8871
9,1426
9,0744
4,7941
4,1621
9,6450
9,2648
3,5777
9,5993
4,3544
4,9864
3,7657
4,1071
4,5069
4,8481
4,4488
9,3568
4,2210
3,9206
3,8721
4,2090
9,1370
4,5002
4,4508
4,4061
3,8101
9,0862
9,4361
4,6125
4,1781
9,2522
9,7461
8,9717
9,5231
9,2480
9,1922
3,9476
5,0530
9,5233
9,9737
9,5851
4,8227
9,4883
4,2849
3,8171
3,8577
9,8243
4,1589
4,3145
4,4299
4,2291
4,4496
9,5745
4,3025
9,3201
4,5475
9,4604
9,1889
9,3972
9,4337
9,3469
9,5611
3,6606
4,0649
9,7209
9,1305
9,8835
4,2618
9,7279
4,5650
9,3011
4,8402
9,1387
9,2068
4,4833
4,4529
4,4861
9,1894
9,2445
4,2530
4,3300
4,3042
4,5831
4,4881
9,4422
4,5863
3,3055
8,9873
3,8063
9,6946
9,1837
9,2383
4,3327
9,4396
9,8124
9,3779
4,3470
9,9257
4,8596
3,7685
9,1676
9,0866
4,9278
9,0674
4,0524
9,0644
4,9705
4,2258
4,3133
4,5672
4,2877
9,6292
10,0968
9,2289
4,3207
9,7166
9,2442
3,8129
9,0318
4,1191
3,9707
4,6950
9,5730
8,8437
9,7907
9,9187
9,3583
4,3361
4,6106
4,6423
9,7206
3,8324
9,1350
4,2423
9,6043
4,3252
9,1761
4,6634
9,3989
4,2443
4,5385
9,3328
4,1709
9,2294
3,9176
4,8831
9,4034
4,0649
9,6567
4,2911
4,2713
9,9290
9,3764
4,3190
4,1113
9,3859
9,4390
9,9123
8,8167
4,4224
4,2876
9,6916
9,1995
9,6610
9,6233
3,0280
9,4022
4,3489
4,3283
9,6080
9,0929
4,0609
9,2768
4,4948
9,1942
4,3925
4,3751
4,1886
4,1348
4,1807
3,6955
3,5257
10,0919
4,2116
9,2823
4,4027
9,0725
4,2713
4,1389
3,5771
9,2008
3,6638
9,0627
4,0055
4,3291
9,0383
4,6513
4,5587
4,0778
4,0043
9,5276
9,5956
9,0741
3,8422
9,6077
4,0194
9,3253
9,4339
4,7319
9,0424
9,1356
4,0906
9,2546
3,4339
4,7531
9,4226
4,0196
9,3375
9,6868
4,2473
9,3606
4,7653
4,1637
9,5626
9,2751
9,3088
4,7398
3,8744
9,4247
9,7264
4,2809
9,4444
4,3820
4,5668
9,4277
4,2459
4,0031
4,0397
9,3047
4,1550
4,5724
4,1189
4,0830
9,4503
9,3851
8,9817
4,2493
9,0905
4,6926
4,3556
9,3806
9,3631
4,6635
4,0844
4,7443
4,4824
4,4622
4,4564
4,1504
9,4321
9,7019
9,4473
4,8987
3,8683
8,7572
9,6335
9,0537
9,4065
3,7737
8,8687
9,2916
4,9024
4,5651
4,2329
9,2181
9,1999
9,8438
4,6158
9,4490
9,5588
9,5929
4,1393
4,6567
4,2413
4,3446
4,1255
9,1802
9,3034
9,9536
4,2575
4,5577
9,5489
4,6224
4,7299
9,0145
9,4436
9,5034
9,4004
4,4713
4,4446
4,2056
3,7659
9,2513
9,8704
4,4422
9,4881
9,3559
4,1118
9,7478
3,8570
4,2979
9,1665
3,7879
9,1560
8,8832
9,1832
9,7068
9,3496
4,6172
4,0728
9,4630
4,5605
9,8214
9,7399
9,7981
4,5279
9,7484
4,1705
4,3336
8,8503
4,7317
4,2206
4,5424
4,2534
4,2801
3,8733
9,2831
8,8439
4,3463
4,2751
4,5859
8,7608
9,1338
4,1934
9,0662
9,5798
9,6396
9,3410
9,5250
9,6203
8,5914
4,2499
4,1966
9,0906
4,3170
4,7203
9,5302
9,2929
9,5788
9,5377
9,3997
9,0881
4,6765
3,8561
9,2639
4,4087
3,7404
4,6526
9,5253
4,8240
9,7134
4,4745
3,7670
9,2769
4,2394
4,1227
9,1391
4,0971
4,5526
4,4505
9,1871
4,2481
4,3102
9,2056
9,9529
9,3972
4,2205
9,1792
9,6339
9,5533
9,5677
4,0090
9,5994
9,5272
9,2171
9,0821
9,4875
4,2097
9,5187
9,5993
3,8317
4,1613
9,2437
4,3751
9,2376
3,7879
9,4625
4,2686
9,7448
4,2506
4,3358
4,6224
9,3665
4,2037
4,3630
3,9632
4,1014
9,4963
9,2721
3,9685
9,4001
4,2217
8,4595
4,0652
4,3447
4,3054
4,6088
9,3947
4,2276
9,3037
4,1635
9,4303
9,2496
4,3658
9,0340
4,3337
9,2585
9,2873
9,5108
4,6499
3,9846
9,1790
9,1540
9,4257
9,4722
3,7652
3,8304
9,2225
4,5355
4,6411
4,7119
9,6681
4,0573
4,3554
4,1562
9,6420
8,7466
9,8861
9,4143
4,3837
9,7774
4,4019
4,6650
9,9783
9,0859
4,2786
4,0136
9,1241
8,8758
9,6003
4,3076
4,0283
3,5243
9,0858
9,5364
4,3199
4,4555
9,8005
9,5799
4,3684
4,4426
4,4932
4,8957
4,8262
9,3658
9,3695
8,9017
4,4321
8,6206
8,8744
9,6581
9,2980
4,3715
9,2046
9,1613
4,4897
4,6296
9,4889
4,7403
9,3304
9,7339
9,3031
9,7128
4,7612
9,3669
9,7979
4,1464
4,3054
9,2554
9,3501
9,4600
3,7439
4,6026
4,1217
9,2403
3,6184
4,1306
9,5976
9,8092
4,0957
9,3001
4,4315
9,3831
9,3383
4,0534
9,8278
9,4074
9,6425
9,5970
4,2997
3,9775
4,7807
4,0114
4,5419
9,7994
3,9179
3,8678
4,4970
10,1941
9,3672
4,5149
9,7322
3,7816
4,1382
9,9393
9,3627
4,4539
8,9221
4,2490
9,5145
4,4796
9,3686
9,5375
4,1208
9,7074
4,0743
10,1371
9,1685
4,5247
4,8440
3,7683
5,0300
9,2542
4,3503
9,2974
4,1572
9,3983
4,5238
8,9945
4,2868
8,7513
9,8796
9,1589
4,0800
4,5375
4,0514
9,0222
3,9230
9,4721
8,9723
9,7972
4,0858
3,9899
3,6812
9,2440
3,6436
4,5642
9,3975
4,6952
9,7366
4,0062
4,2039
4,8154
4,4707
9,2864
9,1150
9,1322
9,3351
9,7215
9,6876
9,7658
4,7160
9,5996
9,6934
4,2063
9,3824
4,2222
5,0342
4,8740
4,1960
9,3228
9,3507
9,0177
9,3208
9,2360
4,0027
4,6109
4,1775
9,1976
9,6766
4,9313
4,6498
4,2387
9,4782
4,6137
3,9261
4,5404
4,5318
9,4766
9,5464
9,4636
9,7359
4,0011
3,6532
9,1674
4,1051
3,5088
4,3962
4,2787
4,6335
3,9736
9,8390
4,0733
4,3589
9,1088
3,9912
9,9367
3,3980
9,8798
4,5676
3,9744
4,0833
9,5528
10,0955
9,4789
4,2247
9,9501
9,7517
4,8362
9,1830
4,6812
9,9352
9,2566
9,0652
4,3064
9,7040
4,3010
4,9350
9,4571
9,4219
4,6720
4,2428
4,2772
3,9049
9,1199
3,6874
3,5958
4,5382
4,0299
5,0342
8,9592
4,7413
4,5378
4,7225
4,5734
4,1674
3,7662
4,8157
4,2849
9,5603
9,0062
9,6086
4,6329
8,9695
4,8623
9,7852
9,7481
4,6303
9,1519
9,2435
9,2209
9,4451
9,1875
3,4539
3,8263
3,5072
9,5696
4,3103
4,7126
4,2253
9,1634
4,0508
9,2152
4,2396
9,4790
9,5104
9,7571
4,4752
3,7302
3,9030
9,2838
9,0125
4,5848
4,1553
9,5463
9,0460
4,0697
4,6350
3,8143
4,6433
9,0054
9,3740
4,1204
4,9127
3,9168
9,3815
4,1250
3,8928
9,0934
3,9534
9,3882
9,1885
9,3894
4,1482
4,2662
4,2101
9,4983
4,3279
9,5513
9,5764
9,6133
4,8190
4,5344
4,7129
9,4426
4,2957
9,3068
4,5779
4,0093
4,5873
4,0232
4,2319
4,1843
9,3287
3,9063
9,9404
3,9706
4,4987
8,8781
4,3731
4,4639
4,5455
4,4664
9,0706
4,1298
9,3080
9,3914
3,8911
4,2879
9,6259
4,1780
4,3876
9,6061
9,2465
4,2571
4,5240
9,7940
9,0030
9,5207
3,7348
3,9768
4,8013
9,6799
4,1318
9,6311
4,5731
4,3840
9,7255
3,9080
9,4479
4,8736
4,0071
4,1973
9,5823
9,4593
4,4057
4,2189
9,6593
9,7137
3,8076
9,0371
4,2360
4,2123
3,1536
4,6937
4,2411
4,0651
9,2446
4,4013
8,9473
3,9416
4,2618
9,8732
4,3681
3,9170
4,0163
8,8776
8,7854
9,1884
9,1006
3,9259
4,3053
4,3747
9,2073
4,5158
4,4804
9,3268
9,8285
9,3668
9,5557
4,1205
3,9947
3,8731
3,9723
9,6804
4,1244
9,9281
5,3042
4,0550
4,3864
9,8908
4,6401
4,5267
9,3222
3,6990
4,1212
9,2579
9,4363
9,4834
4,3337
4,0585
4,1641
9,9061
9,9373
9,0589
8,9409
8,9500
9,7338
9,2844
4,1450
4,3163
9,4947
8,9591
4,5996
9,5887
9,7654
3,9747
4,2570
4,3308
9,1091
9,6666
5,1259
4,8143
9,6580
4,5575
9,2605
9,6138
4,5190
4,0470
8,9880
4,0022
4,6758
4,4244
4,0210
4,2779
9,7567
9,8188
4,9685
4,3274
9,5111
3,7642
9,6153
4,1698
4,9287
4,1336
3,9971
4,0451
8,9706
4,5304
9,5708
9,4999
4,2689
9,0764
4,6748
9,3654
9,6289
4,1366
9,2399
4,1553
4,2125
4,9173
9,8529
4,8619
3,6776
3,8925
9,9332
8,9576
4,9082
4,4793
9,6619
9,2940
9,1856
4,3505
4,3965
4,1909
4,1644
3,9473
4,2564
4,8243
9,0987
9,1616
4,5047
9,5214
4,1526
3,6105
4,4683
9,3876
9,5130
8,6989
4,0689
9,6299
9,4059
4,0883
9,2566
5,2700
4,5608
4,3617
4,1739
8,9160
3,8174
4,1468
4,0898
9,1661
4,1840
3,8717
4,8080
9,5739
3,8468
4,7397
9,4056
4,4441
9,7177
10,1092
4,7943
9,1405
9,6090
9,6285
9,1425
4,4237
9,1936
4,2917
3,6162
9,4332
3,9391
9,5983
4,0950
3,6494
4,3719
4,0806
10,0285
9,3273
9,6316
9,3386
9,4745
9,9228
9,9897
4,9934
3,8734
4,2054
8,8818
4,4454
9,1509
4,4584
4,4483
9,3524
9,6659
4,8714
9,1612
4,2663
4,2378
4,2908
4,3881
3,2909
3,9885
4,4912
4,3246
9,9800
3,5839
9,3043
8,4900
4,4512
3,9102
9,4990
9,0227
4,7477
4,5434
9,6726
9,3596
4,3780
4,3137
9,3027
4,5448
9,9213
9,7564
9,2868
9,1151
9,1991
9,1497
8,9092
8,8652
8,9260
4,2643
4,6258
9,2024
4,5554
9,7374
9,3552
4,4445
9,5242
9,3678
9,0505
4,2659
4,7846
4,0602
4,5364
4,2942
3,7194
4,5247
10,0988
9,2668
3,5346
3,6409
9,5167
9,0246
8,9570
4,7826
4,2424
3,9739
4,2755
9,2433
4,5475
9,4353
4,0453
9,5113
4,0307
4,3052
9,0346
4,9165
4,3619
8,9565
9,5461
3,8412
4,5484
9,7868
4,8138
8,8783
4,3531
4,3381
9,3926
8,6717
9,5623
3,8345
3,8909
3,9948
8,7656
3,7993
9,9902
9,6378
4,6819
9,2046
9,8515
4,3016
8,6224
4,2978
9,5123
9,9151
3,9797
4,3271
4,3967
4,1571
4,4468
9,9066
9,2884
9,5809
3,6259
4,5300
8,7490
9,2793
4,2056
3,9942
3,8544
9,8085
4,5251
4,2972
9,2833
4,6294
4,3958
3,8346
4,0219
3,8251
4,7048
4,1968
4,4537
3,8386
9,6840
3,8299
4,1669
8,9766
9,5391
4,1947
4,0940
4,7581
4,4013
4,5634
9,2777
4,3166
9,4209
4,2994
9,1674
9,9731
4,4821
9,7475
9,5397
4,0677
8,8876
9,6143
3,9053
4,2820
3,6682
3,8621
4,1535
9,2343
3,9723
4,6141
9,5479
9,6883
4,1477
8,9603
4,4507
9,6064
4,1251
9,4040
4,0623
4,3796
9,7893
8,7865
4,4335
4,1554
4,0381
4,8226
9,6118
4,2435
8,8132
9,3399
4,6668
3,9079
4,1520
9,3978
3,8918
4,0761
9,5244
9,8083
4,1786
4,3818
4,2069
9,3575
3,7189
4,4058
4,0068
9,8569
9,4901
4,1028
9,1797
4,1620
4,2750
9,8461
9,2607
4,4867
4,4996
9,4942
4,4697
5,0479
9,0363
9,3855
3,8138
9,6158
8,7055
9,1576
4,6715
9,3996
4,6102
4,1880
9,4035
4,6548
4,0803
3,8636
9,3566
3,9984
4,0429
10,1382
3,9489
10,0674
8,7523
4,1014
9,4000
3,8895
4,2463
3,7469
9,7417
4,2829
9,5214
4,1091
9,1785
9,0747
4,1950
4,6650
9,7909
9,7923
4,3713
9,0226
4,1330
8,9655
4,0437
4,6037
5,1925
9,4404
9,3613
4,3617
4,7512
4,8490
9,2193
4,5077
4,1316
9,5131
4,2882
9,7109
4,7899
4,3383
9,6851
3,6831
4,8328
4,1230
4,8325
9,5973
4,2203
9,1340
4,5628
4,2458
4,6049
9,3554
9,4470
9,5462
4,4902
4,7019
9,3604
9,7101
4,5993
9,1184
9,3411
9,0012
4,8094
10,1417
9,5079
9,3892
4,1139
9,3706
4,4291
3,9138
4,6317
4,2578
4,5047
4,2080
4,6125
9,5072
8,9950
9,7663
3,6343
9,2167
3,9683
3,9121
4,2213
4,6175
4,1848
9,4699
9,8606
4,2331
4,7769
4,0074
4,1736
4,1768
9,1559
4,8058
9,1239
4,4784
4,1439
4,0412
3,5939
4,1018
3,8288
9,5375
9,6269
3,9467
10,1221
3,6890
9,7979
9,6060
4,3452
4,5245
4,6648
9,3133
3,9705
3,8477
4,1788
4,3202
9,0595
4,2466
4,0384
9,7634
9,1465
4,3436
9,3300
4,1911
3,9844
4,4070
9,3829
3,9315
4,3570
3,9822
3,7861
3,9524
9,0390
5,1714
9,0068
4,1687
3,8836
9,4899
4,3661
9,0315
10,0087
9,1432
9,1782
9,2892
4,0293
4,9139
9,1715
9,1711
9,5028
9,1760
4,0491
9,3367
9,5322
4,4557
4,4383
3,8641
9,0875
4,0700
9,2798
9,3643
4,0786
3,4570
10,1746
3,9863
9,4542
9,5072
9,0846
4,0994
9,0903
9,4446
4,9952
3,7234
4,4806
4,7266
3,9533
9,4975
3,6428
4,3607
9,3189
9,2791
4,6150
4,2533
4,8553
9,2106
4,5896
9,2308
8,9384
9,5819
4,0880
3,8644
4,5288
9,2522
4,2342
4,6115
9,3759
4,3229
9,3799
4,5392
4,8231
3,9175
9,4742
4,4285
9,1292
4,4726
4,3006
9,2801
9,4398
4,4094
8,7285
4,3905
4,3694
4,2796
4,5939
8,8617
3,9719
9,4650
9,6656
4,2791
4,8900
9,2674
9,4358
9,3120
5,0238
3,9982
9,2526
5,0301
9,5532
9,0410
9,6952
3,5600
3,6029
4,3038
4,1475
4,1233
4,6694
9,2584
4,1376
9,6428
4,4871
4,3374
4,1741
4,9112
10,1842
4,3792
4,0395
9,2049
4,8289
4,0970
9,4653
4,4530
9,2490
3,9499
9,6853
9,3461
3,8107
3,9444
9,5211
9,5940
3,7462
9,1259
9,6231
8,9500
4,4072
9,3944
4,2377
3,6680
9,2414
3,9072
4,0382
4,4064
4,2227
9,7067
4,5075
4,7610
4,3413
4,7240
9,7609
3,7907
8,9808
9,5989
9,3435
8,8361
4,0290
3,9049
4,5680
4,3381
3,7294
4,4727
8,5283
9,7627
5,0529
9,4070
9,4593
4,3545
9,6448
9,1523
9,3428
4,7216
4,6953
3,9191
9,2165
4,0507
4,1636
4,0913
8,9850
8,8579
9,6083
9,4238
4,1395
4,3799
3,2521
4,0364
4,0136
9,4162
4,3109
9,6523
4,5129
4,2177
10,1343
9,6868
4,5364
9,5825
4,0527
9,4358
4,2187
4,3810
4,1088
4,1045
3,7304
4,5070
9,6026
4,0004
9,2838
4,7787
9,5185
9,3540
9,4583
4,6608
9,6601
9,5356
9,2620
8,8469
4,0832
9,1594
9,4681
4,1595
3,8242
9,0895
4,3365
9,2556
4,3534
9,8490
4,4542
9,5830
4,1383
9,4221
3,6415
3,5689
9,0570
4,5858
4,2131
8,9805
9,6501
4,6090
4,4534
4,6978
3,7128
8,9191
9,2346
4,0471
9,5930
4,2712
4,0283
9,3759
4,1885
4,6184
4,2519
3,9468
9,0402
9,3369
9,4838
4,2819
9,2995
8,8095
4,6743
9,3613
9,0958
9,2864
9,1305
4,4202
9,0169
3,8702
4,2472
3,9734
3,5024
3,8486
3,9886
3,8166
9,5777
9,1698
4,1462
9,4610
5,1625
9,1555
4,5482
4,4326
9,4100
9,3551
3,9458
4,4426
9,2543
4,1140
9,6862
4,0887
4,0507
9,8881
4,0070
8,6553
9,3376
9,0090
8,8264
4,6864
9,3021
4,0912
4,0327
9,5600
9,7601
9,2096
4,0054
10,1166
9,8902
8,7911
4,0544
9,4741
9,7546
9,5553
4,5816
9,1157
9,9980
4,3045
4,4110
4,0332
4,2576
4,0648
4,7581
4,8421
4,4473
4,6430
4,2484
4,5791
4,5347
4,2829
9,5355
9,1232
3,6494
3,8289
4,4970
9,3999
9,2107
4,1817
9,3199
4,1165
9,2381
9,9256
9,8262
9,0088
4,2229
9,3433
9,4708
3,9973
9,9932
10,0549
9,4976
3,8297
9,3298
9,3338
9,1143
9,8962
9,1999
9,6369
9,5299
3,8566
4,2321
9,4688
3,5096
9,2521
3,8515
9,3276
3,8544
5,1596
4,4282
3,5343
4,1480
8,9605
9,8560
3,7511
4,5003
9,5026
9,2747
4,1280
3,8475
9,4159
4,6874
9,3372
4,7051
8,8450
9,2486
3,8934
4,3624
8,8603
9,7379
4,1999
9,3014
4,9039
3,7455
9,0831
9,1983
9,5995
3,9133
4,8715
9,4771
9,0844
9,6949
9,4333
9,6150
8,7380
4,2016
4,1763
4,8718
9,4201
9,0296
4,4976
4,7234
4,4962
4,6687
8,7039
4,8851
9,0364
4,1866
9,2213
9,9404
4,5229
3,8510
9,1564
4,2782
9,0896
4,0610
9,3469
4,2842
9,2293
4,5065
3,9451
4,3047
3,7668
9,4022
9,2215
9,8074
4,1014
3,9592
9,5568
9,1933
9,1164
4,0777
4,0442
9,5292
9,3848
9,4783
3,5017
4,8903
9,4297
9,2432
9,5282
4,6716
10,1562
4,3193
4,0744
4,4909
9,8976
9,5359
3,7847
9,8484
4,3060
10,0053
9,4242
4,4986
4,1964
9,9604
3,9679
4,1576
9,7077
4,2595
4,6879
9,2662
4,2054
9,3689
4,4712
4,4911
3,6526
9,7829
4,0114
9,1980
4,8614
4,1013
4,0540
4,1278
3,8487
9,8243
4,1259
9,4565
3,8025
4,3988
4,2918
4,1514
4,4436
9,4868
3,9089
3,9435
9,5841
9,3145
4,3105
3,8534
9,3441
9,2450
4,4908
4,1647
9,2835
9,3547
9,2856
9,3331
4,3026
4,0587
4,5987
4,3311
9,6893
4,8763
3,8920
4,5893
4,4890
9,3469
4,4605
9,5369
3,9333
9,3421
4,1158
4,3319
4,0847
9,5079
4,3311
4,6242
9,6180
9,2809
4,3813
3,9148
9,6831
4,1078
9,1381
4,0980
9,1062
4,2753
9,4292
9,3716
4,2966
4,4487
9,3142
4,9128
9,2313
9,0665
4,5136
9,4293
9,4753
9,4791
4,3232
4,2203
4,1024
4,4681
9,4671
9,1443
9,1375
4,2622
4,5034
4,6187
9,9526
4,3396
4,8216
9,1156
3,9116
3,9822
9,8188
9,8986
9,4066
4,3943
4,3324
3,8629
9,1521
9,4266
10,1664
9,8111
4,1028
4,1184
9,5770
4,1406
4,1624
4,9857
5,0795
9,7254
4,3088
9,5273
9,7896
9,8016
5,1553
4,4002
9,2229
4,1785
4,8231
3,5483
4,3183
9,8065
4,4893
9,5475
9,6043
4,5755
9,2661
4,4401
9,2589
9,6658
4,3899
9,4202
4,7270
4,1079
4,1655
9,3222
9,4848
4,1818
4,1227
4,0891
9,3958
5,5347
3,0591
9,6466
9,3977
9,6104
4,3167
4,3291
4,6671
9,7348
3,7851
4,9207
10,1933
4,5038
4,2535
9,6040
9,4319
4,3754
4,0282
9,5122
3,9354
3,7367
4,0135
9,6896
4,0937
4,6892
4,1930
4,1403
9,0070
8,9161
9,5733
4,3402
9,1301
9,2426
9,8542
9,5291
9,5597
9,1921
3,7825
9,3051
4,1617
9,4856
4,0345
9,6171
9,4720
8,9678
9,3095
9,3123
3,9594
4,9794
4,1152
9,1318
9,7088
9,6362
9,3553
9,1325
4,1810
4,9200
9,2916
4,4079
3,7921
4,4573
3,9353
3,7331
9,5009
4,1077
4,2531
9,7092
9,7140
4,9012
9,6569
9,1982
4,4563
4,1160
9,2400
9,3203
4,6959
8,7533
4,7499
9,7158
3,8273
4,1939
9,0930
10,1809
9,5756
4,4967
4,4808
4,3036
9,4248
9,0618
9,3485
9,3992
4,1072
4,3141
9,1743
4,0471
3,4853
3,9263
9,1418
4,2358
4,4846
4,2345
9,3022
4,7543
9,5425
3,9215
9,3762
4,3852
9,0156
9,1879
4,1354
9,7253
4,5533
4,3526
4,6804
9,1360
4,1525
4,4058
4,1183
3,5362
9,5214
4,3249
9,5261
9,0588
9,6383
9,6765
4,1780
9,0594
9,5733
4,3657
4,6742
4,4007
9,9766
9,3004
4,6856
9,6231
9,2141
9,8815
4,4409
9,8289
3,8234
9,9712
4,1292
4,5394
9,2185
9,2592
4,0344
4,8022
9,7502
4,5800
4,4470
4,6682
9,6106
9,5390
4,4834
3,7874
4,8065
5,0823
9,5739
9,7845
9,3546
4,0687
4,3751
9,9630
9,3939
3,8725
9,4946
9,0937
9,1973
4,3481
4,3916
4,3368
4,3231
4,7093
9,1346
3,7543
9,4207
3,8193
4,1009
8,5502
4,2039
9,9508
9,7172
9,4322
9,3548
9,1792
9,1339
4,0281
9,6408
9,5927
4,3827
4,2320
3,4753
3,9103
4,5451
4,0605
9,5728
9,0464
4,1794
9,4800
9,3367
4,9649
4,7683
3,6169
9,3125
9,3295
9,0537
4,6426
4,1660
9,3324
4,7588
9,7379
9,4604
4,2795
9,4043
4,5102
4,2271
4,3725
9,4901
4,3118
9,1653
4,4408
9,6223
9,5384
9,2474
9,3529
3,8901
9,3070
9,3996
3,7725
4,0372
4,4624
4,5474
3,6027
4,3081
8,9705
9,3215
9,2084
4,3280
9,4713
9,7678
9,8430
3,8830
4,0295
8,8074
4,7428
4,3661
4,0421
9,8072
9,3295
4,1061
9,6791
9,4701
9,5980
9,2193
4,6063
4,4314
4,0790
4,3414
4,5006
9,5325
4,1512
3,8342
9,3020
4,8788
9,9771
4,2157
4,5367
4,1281
9,7882
9,0584
4,9215
5,0575
4,0894
9,8976
5,0285
9,4602
4,4985
4,5596
9,3682
9,7629
3,9723
9,4491
4,2375
9,2898
4,5460
4,5472
9,6844
9,5177
4,5207
9,1259
3,8570
9,1825
4,8443
8,7981
4,4348
8,5448
9,5162
4,7080
4,8525
9,4696
9,1473
4,0370
4,1572
4,1263
5,1426
4,5244
9,4893
9,0855
8,9162
4,6732
4,6006
4,6370
4,3076
4,4941
4,2406
4,0832
3,7372
9,1783
9,4993
4,2955
4,3706
9,1099
9,3377
4,7037
4,1830
4,8532
4,4989
9,5594
4,3789
4,4169
4,3529
9,3640
4,1596
9,4625
3,6991
9,0736
4,0969
4,9810
8,8745
9,9357
9,5293
4,3930
4,3083
4,4931
4,5608
4,9707
4,5997
9,1119
9,2018
9,3809
4,2565
3,8774
4,6792
9,7122
9,2238
4,7217
3,8662
4,0708
4,7145
9,2475
9,0136
4,0349
9,6715
8,7862
3,8981
9,6034
9,5832
4,8130
9,0332
4,6091
9,3030
3,7124
4,0434
4,2847
9,6380
10,0061
4,4674
9,0542
4,2227
9,4799
4,1955
9,9654
4,3223
4,1340
9,4233
4,4920
4,2342
3,7774
4,3285
3,8519
4,5095
9,8068
4,3679
9,0065
4,5898
4,6891
4,4645
3,8922
4,0397
3,8536
4,1969
9,1362
3,9842
4,0185
8,9843
9,6868
4,3596
9,3769
9,4429
9,4413
4,6170
4,2610
4,3546
4,4060
4,4443
9,3910
4,1758
9,1487
4,4506
3,9741
4,3511
9,8617
9,3973
9,1209
9,4057
9,7654
4,1014
4,0285
9,5123
4,0784
9,4477
4,2470
4,3762
9,1307
9,3967
4,8290
9,9289
4,3431
8,8910
4,0193
9,5713
4,4087
10,0775
9,4560
3,7372
4,2784
4,2302
4,0904
9,8306
4,2063
3,8262
8,8067
4,3386
8,6253
9,0022
4,0998
4,1099
3,8651
4,2118
9,5796
9,1132
4,3952
3,9524
9,1189
4,6143
9,5690
10,2884
4,5069
3,9947
9,4507
4,6597
9,0506
4,1315
4,4535
9,7039
9,8331
4,5291
4,2761
4,0763
9,2769
9,0870
9,4287
9,0729
8,9082
3,5001
9,9450
8,7631
9,4255
9,2522
9,4120
4,6034
8,9519
4,1121
4,6443
9,2225
9,7306
3,6200
4,4019
4,4465
9,3657
4,5666
9,1062
3,6758
4,1538
4,1529
4,2609
4,4089
3,9774
8,9812
4,4363
4,3777
3,7195
3,6968
4,1541
9,5624
4,3871
9,3533
9,8010
9,7190
9,8309
9,3325
3,8164
9,1757
9,2174
9,3673
9,3450
9,2671
4,3179
4,0774
9,2449
4,3940
3,7108
4,3301
4,5700
4,0877
8,6610
9,1309
9,6665
3,9437
4,0005
3,9985
4,5970
4,2281
4,6480
9,2950
4,6779
9,3901
4,5439
9,5801
4,7019
4,2550
3,9517
10,0456
4,5061
9,1680
4,5071
8,9321
5,2148
9,3325
9,1872
9,7591
9,3797
4,1646
4,7573
8,9665
4,4583
9,3956
4,5350
9,6874
4,3567
4,4717
9,4918
4,8392
4,0076
4,1775
9,4655
9,1965
4,7433
9,3907
8,8017
3,7637
9,2120
9,2544
4,1832
4,2816
9,4895
4,4160
4,4013
9,1414
4,1238
10,0606
8,9005
4,3771
4,2371
4,4297
9,3328
8,9955
4,6585
9,1703
5,0733
9,6537
9,4091
3,9713
4,4235
9,9568
3,9811
4,5927
9,2954
9,2832
3,8577
9,3088
4,7147
9,6842
3,9303
4,8209
4,4410
9,3384
9,1617
4,5840
4,0594
9,4144
8,8323
9,0545
3,9914
9,3236
9,7479
4,5429
9,3754
9,7466
3,8557
4,8162
3,5829
4,3399
4,4592
10,2536
4,4512
9,4574
9,6472
10,0546
9,0820
4,0735
4,4024
9,5072
9,2567
4,9300
4,5842
4,7951
4,5313
3,9119
4,2854
3,5696
9,1880
9,5857
3,8632
4,5670
4,4759
4,5148
9,2881
9,5398
9,0039
4,1232
4,0137
4,4716
4,0802
9,5678
9,4845
4,0588
4,0876
4,1414
9,3859
4,0018
9,1899
3,9605
9,3568
9,5000
9,4564
9,3733
4,4039
9,1995
4,5622
4,2331
9,0195
4,8564
4,8361
9,5892
9,2053
4,3790
4,2309
4,1639
9,6008
9,2500
9,4416
4,3158
9,3061
4,1022
5,0272
9,5839
8,9390
3,2537
9,2458
4,2777
4,2595
3,5481
3,9370
4,3022
9,5942
9,7794
9,6649
9,1225
9,2762
9,6365
4,1692
4,6573
3,7132
9,8958
4,8548
4,1246
9,3646
4,0786
9,2382
4,2362
9,3970
4,6734
9,4981
4,0209
9,0724
9,0831
9,3633
9,5570
9,6503
4,9094
4,4469
9,4916
9,6513
9,3772
4,0909
9,1453
9,9727
9,9720
9,2802
4,2951
9,0932
4,4757
4,7738
3,8576
9,2786
9,1792
4,4917
9,2232
4,0905
8,8664
3,4836
9,6347
4,0869
4,1116
4,7007
9,4175
9,5409
4,2715
4,1723
4,3426
4,1908
9,1811
9,3984
9,3309
9,1503
9,3076
9,1404
5,1170
4,0988
4,3146
4,2373
9,4272
4,3476
9,4604
4,7065
4,6723
4,4202
4,5912
9,7376
4,2224
4,7363
9,6258
9,2373
4,7449
4,2368
4,2646
4,1453
4,0579
4,1129
4,6391
3,4689
8,9885
4,2841
4,9661
9,1942
8,9926
4,0002
4,1063
4,6990
4,6216
9,3244
8,8955
9,8616
9,1553
9,4378
3,6099
9,7204
9,4917
4,4684
4,2770
9,5643
4,0271
9,2500
9,5497
3,8307
4,3848
8,8295
9,0864
3,7204
9,1354
9,6079
9,9789
4,7822
4,2624
3,4071
4,0912
9,7568
4,3552
4,4342
4,2561
9,1312
4,3482
3,8930
8,9087
4,5543
10,0546
4,0211
4,0828
10,0623
9,5802
3,7250
9,3344
9,4379
4,3574
9,3090
4,2987
9,6126
9,6887
9,2114
3,5648
3,6524
4,6086
4,1762
4,5272
4,0571
3,9679
9,1866
9,2723
9,5417
4,2648
9,3791
4,0410
4,8201
9,0087
4,0599
4,6508
4,3897
3,9556
4,6563
4,3076
9,2208
4,3590
4,5413
3,8231
3,9833
9,3064
4,0873
4,2120
9,7707
5,0195
4,4130
4,6573
9,3747
8,9792
4,2768
3,5836
9,7193
4,4464
9,5082
4,2424
4,8086
4,7858
9,5175
9,1683
4,4918
4,5816
4,2717
3,8555
3,6071
4,4660
4,3900
3,8919
4,3281
3,3394
4,0096
4,1040
4,4118
3,6649
4,3801
9,5707
9,3377
8,8921
5,0599
3,6281
9,6915
9,4011
4,1540
4,4396
9,6981
3,7166
9,1154
4,3491
5,1122
4,5174
4,8809
4,2182
4,0984
9,6607
9,8176
9,5015
3,6652
4,4232
9,6491
4,9958
5,1554
9,6592
3,8544
3,7492
3,8135
9,0709
4,0042
4,1308
4,2562
9,8400
4,5554
4,0822
4,5069
9,9199
8,8550
8,8672
4,1098
9,4834
4,2633
9,5373
4,6967
4,4783
9,5260
8,9749
4,2594
4,2695
9,8571
4,7865
9,3156
3,8907
4,0881
9,1778
9,2125
8,9066
9,1817
9,4717
9,4891
9,2301
3,7252
4,0309
10,1911
4,5405
9,1984
9,3640
4,4959
4,8167
4,3796
9,5289
4,3010
4,1007
4,6112
9,2936
8,9034
3,9907
4,4225
10,1245
9,2216
9,1657
9,0711
9,4303
9,2626
4,5780
9,6230
9,4632
9,1656
4,3012
4,6782
9,4519
8,9841
4,1985
9,4199
4,3190
9,5375
9,7955
9,3641
9,5856
9,5418
9,6835
4,3850
4,7096
9,4229
3,9934
4,9153
4,7970
4,5089
9,0154
9,4173
4,2060
4,1940
9,5432
4,4424
9,1009
9,4893
4,2459
3,9144
8,8009
10,2384
8,8928
9,3729
9,1909
4,4056
4,2118
4,8292
4,4624
9,6466
9,1290
4,2238
4,4642
4,5057
9,2249
4,3340
9,5498
4,8730
9,4707
4,4888
3,6878
9,4066
9,0525
4,4550
8,8263
4,5793
9,5399
9,3400
9,5768
9,7491
9,0944
4,0610
4,2522
9,3915
9,4248
9,8680
9,4077
4,7683
9,4290
4,4750
4,2835
4,7396
9,5835
4,1656
9,9258
4,3312
9,6674
9,4471
9,3340
9,4364
4,5503
9,1206
4,5439
8,8607
9,1813
9,6901
4,4685
9,5768
9,4011
9,4622
4,9645
4,4247
9,8545
9,5243
8,8038
9,5556
4,1812
9,4063
9,5285
4,2262
4,4840
9,6269
4,3320
4,6716
4,4561
3,6596
4,7759
4,1026
9,3699
9,3066
4,5927
3,9148
9,3612
4,1927
4,4736
8,8747
4,6148
4,6681
9,7803
9,1000
4,8363
9,2102
4,8416
9,8798
4,3318
9,4125
9,6824
4,1724
3,7904
4,0043
4,1090
9,1432
4,3644
4,6003
8,8661
9,7392
4,9608
9,4412
4,2298
9,4349
9,1391
9,1459
4,2427
4,3827
9,6141
4,4533
3,9279
8,9064
9,3569
4,4375
9,2542
4,4764
4,5088
9,1110
10,1139
3,9859
4,4131
3,9345
4,1854
8,9345
3,3712
8,9238
9,6686
4,2310
8,9163
4,9085
4,0561
9,8739
3,9874
3,7360
3,8411
4,4460
4,2660
9,4635
9,5372
4,2951
9,1250
3,7431
3,8470
8,9717
9,6920
4,0584
4,8522
4,2988
4,4640
9,7781
8,8961
9,4393
3,9884
9,8960
4,2756
4,6312
4,6194
4,2286
9,5036
3,8552
3,7734
4,3914
3,9708
4,6307
4,4978
4,7783
9,5016
9,0256
4,0856
9,7539
9,7297
9,3881
9,3206
4,0621
4,4304
9,6299
4,1554
3,7291
4,0828
9,2404
3,7993
4,1562
4,2368
4,3916
9,8020
9,1009
9,5344
4,0967
4,1925
4,1143
9,6718
4,3828
5,2582
9,4796
9,7858
9,5724
4,2637
4,2622
8,7892
3,9223
4,4634
4,3435
9,4145
9,1420
9,9572
9,4212
9,2012
4,0486
9,2661
4,8148
9,3611
3,7134
9,2750
9,3041
9,4824
4,1540
9,2479
4,4676
4,5182
9,7744
4,1835
4,3695
3,8884
5,1852
3,8459
9,7506
4,1531
9,5498
9,1767
8,7550
9,6165
4,7540
4,4528
3,8906
8,7325
3,9978
3,8714
4,3783
4,3307
9,3887
4,1146
4,4055
9,4310
4,5180
4,3759
4,4273
9,5314
9,6846
4,6352
9,9054
4,0800
9,3938
10,2533
9,4112
4,4161
4,9497
4,7051
4,2801
3,8957
4,0328
4,2070
9,1204
9,4010
4,7591
9,6504
9,1896
9,2708
4,6921
8,9996
9,0548
4,1380
9,3255
8,8600
4,4419
9,0385
4,5208
4,4654
3,4032
3,5634
9,5492
4,3376
10,0570
3,4427
4,1087
3,8502
9,5266
4,0032
3,6159
4,1987
4,4071
3,8997
9,2834
8,5930
9,2234
4,1933
4,0240
9,7271
4,0648
9,5419
9,7581
4,2590
9,3469
4,2706
3,4821
4,4665
9,6115
9,8820
9,5637
3,9355
9,8671
4,0092
10,0851
4,3306
9,2018
4,1442
9,0103
4,4977
9,8215
9,0025
4,4881
4,2250
4,7013
9,0732
9,5844
9,8858
4,0722
9,4827
9,0056
3,7341
4,1478
3,9792
4,6480
4,9473
4,1965
4,4707
3,7444
3,9209
9,8127
4,7923
4,6836
9,1393
4,3939
4,4437
4,0759
3,7886
4,2556
3,8069
4,1654
9,6266
9,3796
10,1616
9,1579
4,1333
3,8564
9,4545
3,9529
3,9778
9,3720
9,2577
9,4479
4,5288
9,1393
9,7058
3,7490
4,7771
9,6785
4,3997
10,2924
8,9799
3,9111
4,0165
4,0479
4,5155
9,0775
9,1316
4,0408
4,4283
10,0190
3,8292
4,4622
9,0092
4,2361
5,0862
9,4529
9,3601
8,7968
9,2934
9,3369
9,0135
9,6340
9,4974
3,9571
9,2285
9,3783
9,2003
4,6488
3,8606
9,4191
3,8961
9,7146
3,8781
9,5815
9,4441
9,1493
4,2945
9,4854
9,5241
4,6884
4,5168
3,9803
4,0375
8,9757
4,0771
9,3488
9,1002
8,7116
9,4232
4,3682
3,5138
4,6627
3,9604
9,8814
9,4582
4,7164
4,3480
4,3953
3,8086
4,9471
4,3031
4,4782
4,1374
4,1858
3,8026
4,6440
9,3107
4,9082
9,2579
3,8534
8,7195
4,6766
3,9355
4,2418
9,5274
4,6494
4,5528
9,4495
9,3391
3,8996
4,6948
4,3287
9,1372
4,2676
9,1240
9,3193
9,3151
4,6784
4,1658
9,2603
4,2355
4,3275
4,5586
9,5062
4,8791
9,5272
9,8216
3,6798
4,4216
9,0979
4,6544
3,7055
4,3082
9,3147
9,7024
4,1225
9,3241
9,5941
3,5652
4,4015
4,7285
3,9120
9,9918
4,7487
4,7783
5,0536
4,2680
9,1525
4,3407
3,6026
4,5372
4,8785
4,4844
9,2592
4,6350
4,1865
4,0735
9,3848
8,5604
4,3320
4,3579
9,5452
9,4438
9,6441
10,2583
3,7293
4,1912
4,8148
9,3227
4,0924
9,8200
9,2455
9,4693
9,6328
4,3068
4,3948
9,7255
9,8762
3,8088
4,6378
4,7947
9,7913
8,9096
4,7544
9,6687
4,4805
9,7363
9,5585
3,9546
4,4362
3,9616
9,9301
4,0002
9,5718
9,4827
4,2758
4,7629
4,5799
4,3215
4,7451
4,7819
4,3150
9,3572
9,3374
4,8663
9,7820
9,6363
9,2595
4,6410
4,2285
4,2723
4,2438
9,4681
9,5381
4,8172
4,2398
9,1154
4,3973
3,9259
9,1221
9,1138
4,0563
9,4286
4,1900
9,1982
9,3114
4,1677
3,9408
9,7715
4,8919
9,0602
9,2674
4,4534
9,4940
3,5753
3,8737
4,3109
9,4298
9,4374
3,4662
3,9941
4,4420
4,9521
4,1273
9,6439
4,2730
3,7303
8,7839
9,7094
9,4091
4,1230
4,2081
4,0070
9,6515
9,3498
9,5214
3,9145
9,9303
9,3255
9,4530
3,7016
4,1868
3,5859
4,6837
4,4676
4,1047
9,3039
8,8063
4,5465
9,6328
4,3066
9,5434
4,6454
4,8594
4,3861
4,0396
4,8433
4,2351
4,6313
9,6368
4,8829
4,4027
9,2117
4,6447
9,0184
4,7789
9,5795
4,4263
9,1347
9,2044
9,0410
4,2524
4,6048
9,5527
9,1756
9,1077
9,2291
4,2252
4,2245
9,4810
4,5024
9,2573
9,4104
4,2639
9,1610
9,2060
9,0640
4,0292
3,8851
4,1977
8,8848
4,6579
4,0202
4,4095
9,4103
9,4161
9,1881
4,3895
8,6312
4,9592
4,2960
8,9906
4,2472
4,9778
9,7053
9,7759
4,2508
3,8327
9,0777
9,8013
4,4614
9,9501
4,1329
4,1938
9,4406
8,9503
4,0419
9,6219
4,1760
4,5309
9,1321
9,7846
4,7257
9,6940
8,9045
3,8411
4,4235
9,5829
4,8201
3,9352
4,0792
9,3017
9,4509
9,1343
8,9318
4,0384
3,9258
9,2970
4,6282
9,1135
4,5698
4,1419
4,2060
4,0578
4,1878
4,4017
8,7825
9,3251
4,2778
9,2227
3,8525
4,2399
4,5598
9,3892
4,1374
10,1318
3,7676
9,0613
9,4346
4,4565
3,6092
9,3635
4,3880
3,9324
9,2117
4,2790
3,9974
4,3495
9,8079
4,0842
8,6235
4,8612
4,9868
4,5124
4,6340
4,4598
4,0822
4,5734
3,9823
4,6019
9,5998
9,0003
9,2867
9,7136
3,9347
9,5242
9,7145
9,0544
4,5080
4,7287
4,2544
4,2035
4,6376
9,2127
4,5265
3,6079
4,9070
3,8318
4,7916
9,9499
9,6943
4,4092
9,7398
4,7726
9,0970
4,4546
4,1195
9,9132
4,7065
4,0801
4,1319
4,9446
4,1608
9,4467
4,1306
4,1879
9,7087
4,1781
4,1870
9,2123
9,1208
4,6551
3,9969
4,9970
4,2492
4,9058
4,7905
4,1927
3,4774
4,5899
3,9563
3,7114
4,0109
9,4238
9,5789
3,9106
8,7755
3,8324
4,5470
4,3069
9,5397
9,3057
9,3837
3,8694
9,4794
9,0740
9,1855
8,8655
3,8698
9,2198
9,4802
9,3070
9,4506
4,7601
4,2569
4,7773
9,3575
4,9186
9,3872
9,2727
9,6885
4,5125
4,4798
4,1791
4,2207
3,8439
4,1219
4,3248
9,7569
4,0850
4,0584
4,5931
3,6709
4,3871
3,9605
9,5935
3,6379
4,4926
4,4296
9,0177
9,3823
4,3649
4,6689
4,2831
9,3325
8,8009
8,9103
9,1382
3,8518
4,6297
3,9328
9,4070
9,2984
4,5663
4,0194
9,4830
4,3562
9,4557
3,3070
4,3159
4,5069
4,7248
4,5451
4,5240
9,4580
3,8444
3,9776
4,0610
4,3601
3,6691
10,3396
4,1551
9,7410
9,1997
4,6911
9,1667
9,2680
9,4303
4,8533
4,7768
4,1364
4,3469
4,6612
4,8862
9,8042
3,9108
9,1562
4,7426
4,8490
4,7401
4,1186
9,3171
4,6847
4,7858
3,4930
4,2580
9,4079
9,6082
9,4891
4,5976
4,4006
9,4995
3,6212
9,6732
9,6606
9,3662
9,1632
9,2514
4,2247
9,3897
9,3036
9,5502
9,3422
9,3229
9,7861
4,1742
4,0381
5,0220
9,1231
9,3136
3,7030
4,4179
8,8816
3,6479
4,3134
4,7778
9,6412
9,5127
4,6453
8,9823
3,9749
9,4770
4,0427
9,6754
8,9841
9,7922
9,3412
9,4028
9,3614
4,0703
9,6479
9,6172
9,3568
3,3882
8,6985
4,1726
9,1173
9,4871
3,6914
9,4776
9,7664
3,8761
4,5143
4,7133
4,3609
4,6408
4,4066
9,4375
4,0446
4,8206
9,6727
3,8345
9,2107
4,4868
9,6872
9,1004
4,7632
9,6387
9,1601
4,6478
9,5548
4,4296
9,3389
9,1268
4,2254
9,8056
4,2472
4,0559
4,5004
9,4195
4,7252
4,0632
9,7287
4,6551
9,6534
3,9837
9,4821
4,2790
9,5073
9,4905
4,3670
4,1871
4,2271
3,6758
9,1652
8,8672
9,1603
9,6508
9,5912
9,6009
9,4477
4,5642
5,0535
9,7297
4,9827
3,8107
9,1773
4,6138
4,5026
3,8251
4,3508
4,6092
4,8935
4,0063
4,4852
4,0108
4,0737
4,0468
4,4243
3,9778
3,8451
9,0668
4,3103
4,1013
9,6633
4,4297
4,5153
4,0432
9,9612
4,4449
9,4325
9,3213
4,7518
4,2748
9,6211
9,2593
9,2549
9,2455
4,6637
4,8058
9,1490
9,1590
3,6203
4,0896
9,7051
4,8819
4,6421
4,5969
9,3501
4,3493
9,5111
9,8737
9,2301
5,2432
4,0598
4,2609
4,7320
4,5606
3,8711
4,2802
4,6645
4,0554
4,0042
4,3285
9,6136
3,9892
3,8790
4,1363
9,4647
4,9887
9,3815
9,1328
4,5296
9,4213
9,5207
9,6714
4,1570
9,4135
4,5337
9,4407
4,1632
4,5095
9,3852
9,2354
4,6346
9,1259
8,9504
4,8589
9,3526
9,4987
9,3207
9,9112
9,3072
4,1199
9,4392
4,0547
9,0942
8,9440
4,2607
3,9431
9,4114
4,5226
9,5601
9,4456
9,5029
4,2376
4,3258
4,4422
9,8301
10,2538
9,7111
9,0537
9,5160
4,2599
9,2154
4,1431
9,5838
3,7662
4,7900
9,4171
4,0737
10,0562
4,5143
9,8170
4,4178
4,0068
9,6709
9,0880
9,3580
4,0391
9,2297
4,5342
9,0843
9,7834
9,6742
3,8239
4,3682
9,1684
8,9091
9,7529
3,9561
9,0561
4,0945
9,1571
4,2690
9,4096
9,0912
3,9354
9,0742
9,1384
9,3715
4,5018
4,1920
9,6883
4,6034
4,2207
3,9427
9,5923
9,8214
4,4312
9,1156
9,5475
4,5563
9,4583
4,0828
4,7584
3,9114
4,7606
4,2451
4,2232
3,9553
9,4959
9,6199
9,2883
3,8392
3,9875
4,2825
9,3363
4,7425
9,6548
9,1167
9,2291
9,7721
4,4764
4,0597
4,3589
9,7403
3,2360
4,3587
3,8162
9,1109
9,5337
4,4176
8,9674
9,1988
4,2002
4,2349
4,4724
9,2882
4,2110
9,3383
9,7629
9,4321
9,4731
9,1856
4,2668
4,4086
9,2486
5,0934
9,1405
4,6246
4,0984
9,6770
3,9011
4,3396
4,7770
9,3868
4,5872
9,2572
9,4333
4,2707
9,4281
4,0664
9,4620
9,4351
4,8220
4,4909
9,7981
9,6377
9,5101
4,4129
4,7933
9,4892
4,4595
4,1075
9,0891
4,4972
4,6169
9,3059
9,6551
4,6243
9,3776
9,5498
4,3919
4,2444
9,7752
8,8895
4,7561
8,8361
4,6323
4,6810
4,3371
4,4203
4,4548
4,7890
4,7330
4,6014
4,4736
4,5391
4,7448
9,3704
4,7110
4,0364
4,4935
4,0502
9,3874
9,2946
9,3116
9,4095
4,2598
9,6163
3,5882
9,9620
4,1383
9,4511
9,2624
9,6011
9,2048
4,4567
9,8340
4,2486
9,1071
9,3235
3,9501
9,2112
4,5507
3,8809
8,8818
9,7349
4,0287
8,8817
4,6084
4,3645
10,0021
9,0426
3,8723
4,4855
4,0759
4,1856
9,3019
9,6050
4,3231
9,3472
3,5826
4,3161
9,2179
9,3181
4,0595
9,0922
9,9408
9,7340
4,8830
9,5532
9,6410
9,9279
4,1979
3,7792
5,0927
4,5795
3,8852
4,1148
4,6060
4,7544
9,1391
9,7423
3,7869
9,4483
4,5946
4,4546
9,8694
4,2469
9,4518
4,3053
9,5779
9,2031
8,9638
3,9009
9,1406
4,2548
9,1688
9,2216
4,2613
4,6174
9,4710
3,8682
4,3871
4,4586
4,2686
4,7297
9,8228
9,6333
4,0108
9,9839
4,4151
9,6709
4,8040
4,2720
9,1214
9,5828
9,3088
9,3825
8,8505
9,5943
4,1307
9,7915
4,2976
9,1209
4,0597
9,7369
4,0395
9,4415
9,8077
9,8905
3,9645
9,4038
9,2218
4,3023
4,9190
9,2832
8,9139
9,3853
4,4839
4,7065
4,4509
4,4144
4,3504
4,1177
9,2772
10,2824
4,4092
9,0098
4,3065
9,6260
4,1584
9,2623
4,4800
8,8078
4,4502
4,3487
4,3609
4,3448
9,9547
9,4241
4,2427
3,7866
9,2099
4,6594
4,5125
9,9688
4,0937
4,4605
8,8045
4,3323
4,0870
3,9993
9,2047
9,6427
9,9129
3,6392
4,9729
9,4771
4,3822
8,7994
9,4284
3,7281
4,1172
9,4199
4,3100
3,5779
4,3107
4,0139
9,2474
9,9571
9,3279
4,6582
9,1056
4,2859
4,5828
4,1089
9,3829
4,2653
4,6611
4,2944
3,4449
4,1916
4,1272
9,5540
4,2261
9,9293
4,3460
4,3355
9,0197
9,6783
4,5701
3,4274
9,7375
9,3681
4,1063
9,4873
9,7197
9,4052
4,9075
4,6271
9,2617
3,5401
3,8804
4,1024
4,4578
9,4636
3,9313
9,5217
4,0982
9,6828
4,5575
9,4001
9,4166
9,7319
9,3103
9,5356
9,3114
9,4308
9,4139
5,0275
4,0276
9,7870
9,1790
9,5430
3,8140
4,1686
4,1631
9,2779
8,6345
9,6387
9,0630
9,5862
9,2585
8,5897
4,4506
9,3095
4,4722
4,1165
4,2680
9,2209
4,5834
4,4345
4,5399
4,4809
4,2613
4,1965
9,1342
3,5578
4,6259
9,6776
4,1751
9,8129
4,0862
4,5033
9,2618
4,4726
4,1950
3,9597
9,0110
9,5366
4,2543
9,6159
4,3697
3,9200
9,0868
9,4878
3,7339
9,1828
4,3018
9,7719
9,2604
9,7495
3,7131
4,3332
9,3285
3,7745
4,3347
9,8675
4,1220
3,8493
4,5251
9,9056
4,1808
4,4938
4,6770
9,3333
9,4237
4,0932
9,1071
4,6835
9,8597
4,2766
9,1875
9,2985
10,0520
4,1596
9,6666
9,3657
8,9538
4,0489
4,2783
9,3121
9,1173
9,7241
9,5198
4,3462
4,3070
9,1591
4,2016
9,2925
9,5831
4,4838
9,7130
3,9883
9,2825
4,4810
8,9695
4,8013
4,1749
9,4707
3,9743
9,2820
3,9791
4,3078
4,2908
4,6204
4,3679
9,3204
4,1207
4,9662
4,3800
9,8315
9,1843
9,2336
9,2911
4,5317
9,6531
3,9415
8,7367
9,5203
4,2663
9,4297
4,1625
9,5493
4,4389
4,6615
3,7793
9,0573
5,0172
4,3169
9,4900
4,9943
9,4398
3,9092
4,2841
3,9988
4,5291
9,7489
8,9245
9,2509
5,4345
3,8717
4,8435
9,6490
4,8754
4,3634
4,3223
9,2604
9,3003
9,3502
9,1025
8,9281
9,2861
4,3686
8,9295
4,5705
4,7074
4,2800
3,7784
4,3791
9,3998
9,4815
9,0160
4,4369
3,5575
4,9161
9,5165
4,4595
4,2778
4,3475
3,8662
8,6963
9,6543
4,2708
4,6767
4,6764
5,0540
4,0206
9,2221
4,2663
4,1753
9,5244
4,2730
8,7997
4,3979
9,3094
4,2583
4,8807
3,6282
9,4929
9,3517
4,5119
4,2766
4,0068
9,3736
10,1802
4,1425
4,2538
4,6608
9,5938
4,6127
9,6570
9,4391
4,9375
8,5427
9,4105
4,4272
4,3148
4,4160
9,1359
9,4234
3,9094
8,8154
9,4157
4,4825
4,3861
4,5174
9,0697
9,0023
3,9233
9,4510
9,2991
4,5672
4,2442
3,9908
9,3532
4,0426
9,5601
4,5348
4,3460
9,5484
4,0421
3,9219
4,6700
9,1341
4,1385
4,1797
4,0234
9,2090
4,4224
3,9248
4,1935
4,3624
4,1028
3,4269
4,2546
9,3124
4,3551
4,6556
4,1671
4,7570
3,7808
9,7317
9,4144
4,3880
4,6197
9,2802
4,2173
9,0522
9,2589
9,2269
9,2601
9,1833
9,3323
4,0567
4,3134
8,8806
3,5141
9,7165
4,2958
9,0947
3,9759
9,6103
9,6923
4,5200
9,5536
4,2678
9,4996
9,6607
8,9255
9,4970
3,9168
3,9483
9,8863
9,4630
4,3983
9,8396
4,4093
9,5491
9,3789
4,6060
4,1102
9,0534
3,4863
4,2938
10,0101
3,5721
3,9574
9,3900
4,2518
9,3330
4,0999
4,6248
9,9781
9,2999
9,5111
9,5815
4,3174
9,4474
4,4633
4,6065
4,3051
4,0999
9,2327
9,6194
4,2322
9,1074
9,2255
9,2539
9,5601
5,0556
4,7031
4,1076
3,8989
4,8933
4,3174
8,8368
9,5875
3,9349
9,0617
10,1471
4,0318
4,2098
4,5783
9,6440
9,6490
9,1171
9,0419
9,8593
4,4007
4,9639
9,1390
4,6532
4,3546
3,6430
3,9004
4,3391
3,8081
9,7232
8,8993
9,6129
9,3720
4,3266
3,9967
4,6609
9,3846
4,3843
3,5458
4,5297
4,3005
9,4053
4,2025
4,3723
9,2550
4,4235
4,4341
9,5360
9,3329
9,2420
9,2601
8,9893
8,9787
4,3474
9,4225
4,6804
8,9695
9,3736
4,3465
9,5811
4,5779
3,9125
4,4336
4,3866
4,3340
8,6476
4,1306
9,6102
4,6827
4,2993
4,3689
3,6487
4,3007
4,9163
9,4647
9,5091
4,7470
9,1379
4,6214
9,2945
9,6492
3,9336
4,7424
4,4012
9,4891
9,1326
9,8051
9,4948
9,5519
4,2645
8,7773
4,0033
4,0316
4,8137
4,4604
10,1573
4,6138
4,0842
4,0932
4,3935
5,2910
9,1915
4,1541
4,3067
9,5870
4,8395
4,2110
9,4015
9,2560
9,4914
4,9145
4,3571
4,2363
9,6059
9,4731
4,2593
4,4569
3,8891
9,2874
4,9030
4,3747
3,7903
4,4277
4,9666
9,4055
4,6343
8,9895
9,6107
9,0689
9,6149
9,4506
9,3672
8,7601
4,5960
4,9818
4,6057
4,2688
4,8641
3,5368
8,4489
4,4153
9,6989
4,3550
4,3833
9,4608
9,8092
9,6905
4,5796
4,3492
3,9377
9,2252
9,3777
4,1259
4,1283
9,5553
4,6129
3,9806
4,3205
9,3574
4,6264
4,3688
4,1897
9,0454
4,9217
4,9427
4,3982
4,2814
9,7023
9,8359
4,0802
9,2698
4,4517
3,8796
9,5039
9,4961
9,2736
4,2312
4,9841
4,1831
3,9456
8,9707
4,1138
9,1409
4,6468
4,4742
4,4723
9,4293
9,2228
9,4497
3,9303
4,1957
4,4251
4,3984
4,2387
9,3135
9,4651
9,7698
9,6267
4,3524
9,1378
4,5770
4,2190
4,2611
4,2038
9,0323
9,5076
9,5273
9,6484
3,7885
9,8709
4,7172
3,8811
4,0949
3,8822
9,3104
9,4590
9,4301
9,4228
4,2148
4,4737
4,2140
9,2595
9,7854
3,6399
4,5118
9,1505
9,2108
4,4438
4,1723
9,6246
9,7535
9,6809
4,4138
3,6073
4,8665
9,2191
4,5732
9,3982
4,0217
4,5308
4,2038
8,6057
9,2171
9,3619
9,6618
8,7753
3,9609
9,4554
4,3531
4,6690
9,8050
4,0028
9,7104
4,5855
4,4260
8,8440
4,0881
4,5598
9,4534
9,0727
9,5695
9,4893
3,9884
9,6195
4,5542
9,7020
9,8051
4,9917
4,7132
4,1727
9,8853
3,9960
9,5089
4,0716
4,1997
4,4223
9,4346
4,1260
4,6354
4,2706
4,3921
9,2359
4,1397
9,7914
4,2340
9,3036
4,3818
4,2910
4,3486
4,4788
9,4916
4,6828
9,4090
4,7767
9,5105
4,1339
9,7290
9,4716
4,4409
9,4529
9,1729
4,2532
4,3643
9,6846
4,4120
9,7586
9,6809
9,3780
4,3579
4,5698
9,0364
9,2308
9,2175
9,6886
9,8190
9,4077
9,5366
9,3103
4,2776
9,4795
9,6022
3,8849
4,0237
4,2495
4,3054
4,2033
8,8461
9,4797
4,0146
3,6496
9,1606
9,2332
4,3830
9,1054
8,9391
9,3859
4,2541
3,7461
3,7445
9,4442
4,5252
9,5052
9,4038
4,4960
4,0596
9,1611
4,3569
4,6304
4,2079
4,0977
9,3583
9,4184
4,1631
9,9288
4,6609
9,7056
4,3358
4,8210
9,5945
4,9918
4,4660
9,2846
9,4095
4,4829
3,9028
4,7921
9,3807
4,2033
8,9929
9,7332
9,3404
3,8006
4,5250
4,2289
4,3862
9,0353
8,6579
9,8360
9,4847
3,7712
9,3971
4,2355
4,3378
3,8085
3,6543
9,5254
4,0949
4,8145
4,3043
4,2882
9,7002
4,1748
9,3097
3,8606
4,0611
9,7319
4,5991
9,3762
4,1878
4,8100
4,2772
4,5441
4,6542
4,0853
4,4748
4,0152
4,1946
9,6228
4,5652
9,4933
8,8813
4,1230
9,6351
4,0973
4,5098
3,9315
9,3359
9,3121
4,2075
9,9709
4,0672
4,6488
4,1038
4,5431
9,5881
4,2555
9,6468
4,1789
4,8236
8,8044
4,2305
4,2989
4,0970
3,2612
3,5410
9,3391
4,2106
4,5113
8,9590
4,3418
3,3421
4,1873
4,1740
3,8207
9,5436
9,6598
4,3749
9,6967
9,2318
8,8973
9,2516
9,5433
4,5879
9,2879
4,0763
4,4045
9,6975
4,6506
4,0952
4,3433
4,2472
4,8721
9,4997
4,6420
4,1951
4,4752
9,0388
9,3292
4,1776
9,7155
4,3958
9,2225
9,2160
9,0434
9,4427
9,5259
4,2036
9,7427
4,9916
4,5884
9,3467
4,3714
9,2514
4,4228
9,1923
9,9599
9,4723
4,6023
3,9921
4,4117
9,4807
4,0881
9,5285
3,6277
3,8340
8,9751
9,2008
4,7727
4,0809
9,4047
9,1782
4,2049
4,5299
9,4739
4,7401
9,3377
4,1624
9,7048
9,7443
3,9799
4,0536
4,7110
4,1662
9,3042
4,6966
3,8127
3,8610
9,0103
4,9372
9,4497
9,0307
9,6221
4,3200
4,3205
3,9362
4,2172
4,0101
9,8077
4,4913
4,0098
9,2710
9,9578
3,9637
3,7964
8,9729
4,1319
9,7775
9,0678
4,2308
9,0855
4,6208
4,5877
9,0397
5,0353
4,3009
4,4514
9,4949
9,6919
9,8104
8,7672
9,7053
9,7934
4,1077
3,9183
4,6389
4,6058
9,2236
4,3790
4,3335
3,7055
9,5894
4,1756
9,0069
9,3770
4,0927
9,6788
3,8795
9,6828
3,9302
4,0710
4,3213
3,9863
9,6324
9,5204
9,7898
4,3770
9,2919
10,1755
9,1269
9,3095
4,5588
4,7806
4,6207
4,0326
8,9428
3,8365
3,8700
9,4382
9,0438
4,0477
4,8031
4,7311
3,9680
4,8747
4,5442
4,5734
9,1386
9,7632
4,6764
4,4647
4,4724
9,6521
9,5973
10,2204
9,1656
3,9322
9,9229
10,0677
9,9635
9,2344
9,0885
4,2369
9,1320
9,0333
9,3038
4,3234
3,5607
9,3865
4,2525
9,0259
3,6476
9,4620
9,6673
9,1192
4,7256
4,1315
4,5735
9,0484
4,7225
4,0148
4,5012
4,5421
9,5627
4,5597
3,6835
4,4437
4,8104
9,9931
10,1550
4,0773
9,3151
4,3382
9,8638
9,2337
9,6339
9,4041
3,9611
4,9813
9,2911
4,4969
4,4211
4,4814
9,7306
4,4298
9,6722
9,1415
4,0597
4,0013
4,3734
9,6985
4,7152
3,9243
3,3362
9,3116
4,7332
4,3503
9,4286
4,0986
4,0140
4,4351
3,9729
9,1661
3,5891
9,3716
3,5720
9,4682
4,0360
4,3830
9,5779
4,5255
9,5028
3,6539
9,0881
9,7183
9,4766
4,4539
9,1930
3,8873
9,2884
9,0502
9,7187
8,8831
3,5005
8,9069
9,9455
4,8931
8,8900
4,1043
9,6834
9,2357
4,3458
3,9396
4,1185
3,8993
4,3510
4,1423
9,7180
3,9273
9,5609
3,3923
4,3892
4,3460
4,3750
4,6931
4,1339
4,3193
9,6876
4,8707
4,4091
9,6198
9,3789
4,2683
4,6288
3,8941
9,2128
4,0590
8,9125
9,6638
4,5688
9,7842
9,3623
3,8912
4,7748
9,6923
9,3363
4,0918
4,5668
4,2815
9,5155
4,6690
9,3575
9,0203
9,5925
4,5903
9,7680
8,9537
3,8511
9,1581
4,3391
9,0585
4,0225
5,0434
3,7181
4,5352
4,2109
9,1026
9,2887
4,4493
4,4852
9,2035
4,1580
9,9790
4,5191
9,9754
9,3322
9,0258
9,0370
9,3174
3,8683
4,9312
4,5762
9,6692
9,1791
3,7229
4,4242
4,1054
4,0086
9,8852
4,5631
4,5165
9,8189
4,1327
4,2213
9,1904
4,4281
4,4868
4,7438
9,7632
4,3019
4,2490
9,2735
4,5880
3,8800
9,1096
9,1574
4,0515
3,5051
9,2324
4,4224
4,3554
9,1880
9,0301
5,0574
9,1774
4,8392
9,3213
4,0894
9,7558
3,9306
4,6072
9,1745
4,3140
9,6409
4,0185
9,4941
9,4406
9,5232
4,3827
8,8677
4,2648
9,2945
9,0908
9,4178
9,4017
9,7706
4,0407
9,7946
4,3951
9,1269
3,6181
4,6681
9,3697
9,4229
4,3778
4,0242
9,2181
9,1346
3,9466
9,3176
4,1569
3,6622
9,5023
4,4585
3,9780
9,3588
4,3721
8,5497
4,4218
4,1589
9,4595
9,3894
4,8805
9,6495
9,4869
9,7239
4,0798
3,9693
3,9398
4,7626
4,0177
9,4093
9,8717
9,5202
4,4804
10,0163
9,7053
9,7122
9,6500
9,6064
9,3746
9,4866
4,6066
9,2351
9,5812
9,0915
4,6293
8,6577
4,2152
9,4171
9,5281
9,5085
4,2750
9,6614
4,1307
9,6625
4,5245
4,0941
9,1960
9,5313
9,4065
4,3384
4,4658
4,0812
9,2704
3,9723
3,8088
9,2031
4,3515
4,4733
9,3710
9,3759
9,4319
4,5873
4,7766
9,6573
3,9022
8,7430
9,5420
9,6269
4,7937
9,3758
4,1559
9,4229
3,6064
9,5683
4,1141
4,2112
9,4397
9,3715
4,9293
4,7668
10,1094
4,0194
9,1981
9,6856
9,4611
4,4867
3,8571
4,7723
4,8871
9,9490
4,1436
4,0910
4,1924
3,9907
4,4621
4,8808
9,3609
9,3413
4,2564
4,8629
4,7149
9,4676
4,4201
4,0410
4,4212
9,7387
4,1413
3,7641
3,4146
3,9466
9,7890
9,1256
4,0266
3,6040
4,7545
3,9465
9,2085
4,4474
4,2793
4,3641
3,7479
9,4780
8,9259
4,0422
3,8200
9,1225
4,4355
9,8730
4,4061
9,3773
4,4928
9,5551
4,2266
9,1176
4,3621
4,2869
3,8034
4,0202
9,3955
9,2557
9,6279
3,8239
4,9742
4,2263
9,5772
4,1384
3,7363
9,3993
4,0187
3,9503
9,1769
4,5411
9,4956
4,0991
9,5605
3,6376
4,7472
9,6772
9,3197
4,4167
8,8712
4,0108
9,4111
4,7950
9,2900
9,3215
4,4293
4,3462
4,4234
4,7130
4,6362
4,6083
3,7037
9,9374
3,8727
9,6701
9,3693
3,6560
4,0391
3,8332
9,6936
4,3658
9,2682
4,1379
8,7684
4,6534
3,9233
4,2098
9,0073
9,0605
4,1092
9,2434
3,9765
4,1052
4,3625
4,8660
3,7310
4,4349
9,6091
4,6646
4,6480
4,3956
4,0910
4,2882
4,4817
4,4816
4,1742
9,6759
4,6261
9,5713
4,2019
3,6480
4,1379
9,3017
9,4521
9,3448
9,1741
4,4361
9,3798
9,8272
4,4652
3,8689
4,4662
8,8190
4,4205
4,5461
3,9422
9,0377
4,8539
4,4821
4,5566
4,0612
9,4489
4,0792
4,9667
4,4457
3,9609
9,1534
9,3841
3,9921
10,0623
8,6024
9,5536
9,3806
9,5508
4,9048
9,2800
10,0208
3,7566
9,5990
4,0172
9,7768
9,6716
9,7061
4,1004
4,5862
4,1728
8,9684
4,8034
4,1135
4,1934
8,7704
4,3414
4,3270
9,7993
8,9413
4,3171
4,7592
4,2909
4,8424
4,9631
9,4179
4,0409
8,9936
9,2991
9,3185
4,0290
9,4040
3,8924
4,4957
9,7157
4,4989
9,3688
3,6710
4,5485
4,0215
9,2013
4,1992
4,4498
4,1178
4,0359
9,1933
3,8521
3,4711
4,9061
9,5149
9,2945
4,7492
4,1932
3,9309
10,1217
9,5680
4,6403
9,0957
4,4796
9,0468
3,6650
9,7889
9,2154
4,6489
4,5208
4,3172
9,4522
4,5059
4,4105
4,7024
9,3424
4,0091
9,0719
4,5770
9,0581
4,1437
9,4116
4,1813
4,4726
9,1998
9,6017
3,7190
9,3157
9,2144
4,4462
4,6217
4,1200
4,7351
3,6876
4,5566
9,7947
9,1755
4,3521
9,1014
4,2104
9,4552
9,2419
4,5559
9,1860
3,8758
4,7190
4,4898
9,2814
9,5051
9,2729
3,8300
4,0740
8,7582
4,7906
4,3858
3,5690
3,9055
8,9814
4,2066
9,5652
9,5765
4,5680
4,4965
4,2073
9,2196
9,5291
4,5495
8,9511
4,3675
4,2046
9,6008
4,5775
9,6119
9,5631
3,6882
4,1504
4,1766
4,7911
4,3512
4,9832
4,4138
4,8410
9,4301
3,9059
4,2458
9,6242
9,7462
9,5095
3,9867
9,7146
9,3967
9,1790
9,1960
9,3208
3,8012
9,1735
4,1207
4,0549
8,9500
9,5278
9,2752
9,5710
9,5761
3,9158
9,2012
9,5563
4,0073
4,6399
4,4853
9,2053
9,3554
9,4786
4,2413
4,4637
9,3843
9,4254
4,1629
8,9669
9,1620
9,6462
4,3046
9,8935
9,6866
4,6657
4,1771
3,7018
9,4031
4,0215
8,8550
4,7868
9,7962
9,4304
4,4605
10,0458
4,5069
9,0181
3,5626
9,4233
4,2729
9,6801
4,2437
4,9670
9,6115
9,0684
9,2943
4,6482
4,6782
9,2822
9,4725
4,5047
9,8877
9,5741
4,1458
4,5843
9,0655
4,4570
4,3823
4,2414
9,2044
4,2757
4,2332
9,2366
4,2514
9,4385
8,9846
4,5093
3,7236
9,7526
9,2308
9,7377
9,5812
9,1935
9,3774
4,3555
4,1911
9,1581
4,5996
9,3031
9,4846
9,7929
9,7692
9,4624
9,3102
4,5011
3,9812
9,2417
4,5404
4,9548
3,8747
4,7712
3,9475
4,5602
4,4499
3,6719
8,9800
4,2933
4,6640
9,5358
3,6639
4,9489
9,5522
9,5221
3,8214
9,3184
9,0767
4,5783
9,2352
8,8638
9,8374
9,2300
9,3735
3,9391
9,1210
9,6142
4,9520
4,5358
4,9516
4,6652
9,5490
9,9333
9,3792
9,6770
4,3129
4,3911
3,9495
4,5063
4,1158
3,9893
3,8116
4,3229
4,9183
4,7830
9,6877
9,1856
4,4878
4,0799
9,4066
4,4867
9,3917
4,0337
8,8954
9,4189
9,3468
4,7984
9,0770
4,4706
3,9797
9,8120
4,2467
9,5491
4,2202
9,7326
9,8166
4,6733
4,0455
9,3906
9,1596
4,0866
4,2657
4,4392
9,3177
9,1962
4,6726
4,7510
9,8640
8,9913
9,5162
9,4830
9,0589
3,8172
4,1573
9,4489
4,3925
10,0867
4,3564
8,9363
9,2246
9,3631
4,1943
4,4771
4,2930
8,9568
9,3381
9,7170
3,9987
4,3184
8,8012
3,7898
9,0697
4,4575
4,4583
9,2127
3,5532
9,4902
4,2369
9,8620
9,3867
9,0355
9,6087
9,2940
3,7873
9,3440
9,2177
3,9407
9,0221
4,2974
9,4158
4,5001
4,3073
4,2686
4,4643
4,2971
3,8628
9,1810
4,3002
4,6072
3,8104
4,4374
3,9651
4,0942
9,4372
3,8671
9,3400
9,5815
9,2371
4,1174
9,7896
9,4838
4,5894
3,5730
4,2356
9,2445
4,2744
9,3562
4,6291
4,0589
8,9511
9,1741
4,0036
4,4011
9,6253
4,5480
9,7617
9,3580
4,5767
9,3925
4,6913
4,7435
9,0488
9,1963
9,1395
9,1685
4,2000
4,1667
9,5795
9,5650
9,8193
4,6240
4,1469
3,8588
4,8685
9,6497
4,3183
4,0479
4,9156
4,0965
4,4219
9,9034
5,0386
9,8850
4,0271
4,7647
8,9875
4,4607
9,5059
4,1984
4,8764
4,0404
9,0556
4,0562
4,4369
9,6313
4,9037
9,4885
3,8394
9,4163
3,2579
4,5573
4,1311
9,4899
9,7020
9,2663
4,3835
3,4710
9,3432
4,6409
9,2958
3,8021
3,6471
9,6831
4,1622
4,3620
3,4387
9,6263
9,3357
4,5190
4,4809
9,2755
9,5902
4,6067
4,3488
4,1921
9,5999
4,0389
4,3002
9,5508
9,1530
4,3358
4,2803
3,9677
4,2392
4,6994
9,2906
9,4136
9,6678
9,5823
4,9551
4,0239
3,9393
3,9571
4,6317
9,3108
4,8335
9,1505
9,1257
9,1182
4,3773
9,1628
4,2256
4,7107
4,1745
4,0679
9,2469
4,6540
9,1165
8,9315
4,2266
4,5359
9,0924
5,0407
4,0882
9,2105
3,7334
4,8851
4,4587
9,2037
9,3230
9,5019
9,4873
3,7348
4,6058
3,9389
9,1869
8,9120
9,4615
3,9037
3,9466
9,9119
4,3213
4,1045
9,5693
4,3483
9,6106
9,1052
4,1493
4,5952
4,6262
4,7839
9,0071
9,1736
4,5124
8,8482
9,7378
4,2078
9,1220
4,4780
9,6217
9,4052
9,1146
9,5878
9,2787
4,6392
9,3277
9,1802
9,3428
3,8820
9,7001
9,5586
9,3683
4,3230
9,8072
4,3783
4,2796
9,2386
9,4796
5,1991
9,4550
4,8593
9,5075
4,6473
4,2617
9,3976
4,4173
3,7616
9,4479
4,4168
4,3225
4,4071
9,1859
4,1715
9,4959
9,4987
9,4681
9,1533
9,6466
9,6277
9,3097
9,7512
9,1068
4,4267
9,4669
9,5609
9,6022
4,7201
5,1706
4,2243
4,2318
9,4130
4,1336
4,3614
9,5097
9,6322
9,1554
5,0041
9,5775
9,4662
4,6235
9,4600
9,6233
4,3012
4,3203
9,2116
9,7043
4,2008
4,0862
4,2967
4,8940
4,4746
4,1844
4,0433
9,3225
8,8608
4,0157
9,1175
4,3840
9,3345
3,7297
4,1928
4,9202
9,5091
4,3247
4,1218
9,1299
4,1103
9,0267
4,3420
9,4223
4,4177
3,4325
9,4153
9,5762
4,4383
3,9661
4,1284
10,0194
9,4058
4,9670
4,7622
3,7773
9,4908
3,7261
4,2033
3,5631
9,6540
4,5076
4,7408
4,0727
4,1788
9,1198
4,2491
9,4868
8,8755
9,1918
4,4990
4,3186
4,1561
4,6735
9,2513
4,5125
4,4759
9,0543
9,4573
4,0565
4,3818
8,5035
9,0407
4,3979
9,9528
4,2343
9,7004
4,3497
9,6672
9,3135
9,5022
4,2600
4,2692
4,3248
9,6612
9,7438
9,3361
3,7631
4,2640
9,8413
9,7736
4,2230
9,7079
9,8922
9,5152
3,7561
9,4959
4,2742
9,2007
4,4447
4,7311
9,2281
8,6005
4,7718
9,7033
4,2994
4,5796
4,2940
3,6268
4,1631
9,0187
9,5587
4,3241
4,3473
9,5434
4,8649
9,1090
8,9634
3,9498
4,3362
4,8165
9,2134
3,8165
3,9981
9,7287
9,0734
9,6950
9,1463
4,2980
4,6399
8,9307
5,3603
4,8236
4,4232
4,7180
4,2046
4,1841
3,7858
4,3202
3,8979
5,1373
4,1468
3,7487
4,7872
4,3501
8,8203
9,3097
9,8177
4,0479
4,3527
8,8186
4,3337
4,8478
4,6848
4,2620
9,4802
9,4836
4,2273
4,2925
9,3913
3,8325
3,4103
4,0423
4,4869
9,4287
9,2013
8,9936
3,8129
3,9838
10,1059
4,7232
9,7826
4,6246
4,0276
9,5138
3,2675
8,7533
8,8687
4,6097
4,7458
3,8725
9,4654
9,8708
4,0931
4,3281
3,9716
4,2790
9,3859
4,2461
4,5577
4,0943
9,2528
9,2821
9,4554
4,2032
9,0697
9,4105
4,4191
4,2534
4,4535
3,9830
5,1345
4,8693
9,8554
4,8566
4,0219
9,2306
4,1603
9,4849
9,1833
9,5387
9,9200
4,7625
4,4680
4,6248
9,8527
4,3016
4,2862
4,4508
4,1500
4,2503
4,7339
8,9302
4,2558
9,1206
4,7275
9,8820
9,2291
9,5928
3,9920
9,4090
3,9028
4,7223
4,8401
9,1721
9,4770
3,6209
9,8118
4,1774
9,5234
3,8642
9,5182
9,6487
9,2761
4,3942
3,8948
3,6528
9,4740
4,8146
9,5232
9,4755
4,2654
9,7479
4,9062
9,0407
4,2816
3,8201
4,2031
4,4991
9,6083
4,3661
9,7278
4,0288
9,5238
9,8488
4,7674
8,9327
9,0594
4,2392
4,2035
4,4350
4,2465
4,3874
4,5981
9,3931
3,4759
4,7438
9,5017
9,3326
4,1431
4,6813
4,0577
9,1583
3,7597
4,2716
3,8633
9,2789
9,6316
4,9042
4,0589
9,2873
9,5927
8,9582
3,7605
4,8463
9,7258
4,2771
4,4788
8,7113
4,2776
8,9945
9,8619
3,7906
4,1252
9,0140
5,1424
4,6318
8,8670
4,4338
9,1002
3,9155
3,7990
4,4046
4,8186
9,8786
9,2057
4,1974
5,1074
4,7804
9,2374
4,8417
4,3564
9,4303
9,7512
9,1735
9,2355
4,2090
9,5983
4,3739
4,5595
4,6636
8,8473
10,0106
3,8731
9,6452
3,9073
4,3292
4,8682
4,4185
9,2974
9,6087
9,2862
9,3646
9,4931
4,0605
9,3661
9,3459
3,6089
9,6388
4,3691
4,8336
4,5212
9,7234
9,6085
8,7150
4,3326
4,5828
4,6553
8,7517
4,0989
8,9100
9,6895
9,3420
4,3141
4,0833
4,4376
4,2188
9,0651
4,2425
8,8023
9,5775
4,2509
9,3038
9,3690
9,8978
9,7045
3,9381
4,5707
3,5834
4,0952
9,3899
3,5395
9,0958
4,2363
9,6471
9,2147
8,9826
9,2079
4,1479
3,6077
4,9511
8,9202
4,1650
4,0791
9,1241
9,3921
4,6889
4,7273
9,8731
3,8380
9,1811
9,1966
4,2356
4,3220
4,2891
4,4649
4,1089
9,2703
9,2808
4,5353
3,8775
9,4504
9,3116
3,9199
4,0315
9,0049
9,2543
3,7981
8,8333
9,3467
9,3987
4,4413
3,5563
4,2594
4,1965
4,7188
4,3741
9,1978
9,4886
9,1586
9,2030
3,9338
9,5919
9,3049
4,4651
9,5814
8,9269
9,2548
9,5686
4,8216
4,0841
4,4026
4,3980
4,0696
4,6566
9,6803
4,3475
9,5429
9,3799
4,8946
4,1905
4,2204
8,9488
4,1183
9,3418
9,4411
9,2685
4,1589
9,2794
3,9985
9,7506
9,6731
4,3505
8,9822
4,6114
9,2900
4,4816
8,8220
8,9347
9,6135
9,6891
4,2146
4,5187
4,4302
9,1792
4,2459
8,6413
4,1441
9,5348
4,7636
8,5548
8,9426
3,5414
4,2435
9,8097
9,4979
9,3432
4,8919
8,6425
9,5588
9,3363
4,2689
9,6795
4,0180
4,3924
9,0753
5,0449
4,6020
9,7867
4,3278
4,0268
4,4224
10,2788
4,0462
9,2845
4,1380
9,4873
4,4391
9,4551
3,6770
4,3981
9,2325
9,3950
9,3436
3,8689
9,7859
9,3924
5,3472
9,6088
9,5379
4,1075
9,1869
9,5565
4,1433
4,5704
4,5256
9,0960
9,6174
4,5768
9,5012
9,3105
4,0527
4,3789
4,5340
4,1870
4,5307
4,8006
4,4828
4,4075
4,1702
3,8217
9,3713
4,3305
4,6280
4,1900
9,4471
3,8157
9,4794
9,7208
3,8983
9,0375
4,5089
9,0239
10,0901
9,0413
9,4657
4,4032
4,1614
9,1633
9,6847
4,1403
9,4019
4,3751
4,3741
9,9716
4,6045
9,2118
4,2565
9,4637
4,4408
3,8122
4,2952
9,6351
9,4399
4,4901
9,2014
4,2308
9,3960
9,2500
4,3167
4,1165
9,8327
4,2923
9,3133
3,9383
9,2148
9,0929
3,5904
3,9261
4,6569
4,5604
9,6207
4,4521
3,8488
4,2990
10,2210
9,4875
4,3352
4,0270
9,3621
4,1490
9,0466
9,5509
4,1566
4,0644
4,2137
9,4172
9,5573
9,2687
8,7085
4,2885
4,3202
3,8321
9,2744
3,2280
4,3966
4,2716
4,0562
9,0146
4,4816
4,4782
9,5887
3,8249
9,2740
9,0707
9,7915
9,5147
4,4628
9,2622
8,9024
4,5774
9,5737
4,7327
9,2204
3,6358
9,4658
3,9563
4,3408
9,5746
8,8469
9,2090
4,1628
9,5213
9,3072
4,2115
9,2873
4,3655
9,6098
4,5078
9,0801
4,2366
9,2078
9,4902
9,4270
8,9848
9,6397
9,6101
8,9769
9,5130
9,6774
4,2853
4,2051
4,3487
9,8114
9,4587
9,5444
9,3595
9,8246
9,4221
9,5894
9,5151
9,5642
3,8294
9,4142
9,7977
4,4292
9,3132
8,9444
3,8315
4,3202
9,0501
4,2661
3,7224
3,7813
4,2486
4,3119
4,4771
9,6628
4,0360
9,3455
4,0366
8,8731
9,8272
4,5645
4,2008
4,1307
3,7865
4,9164
3,9251
9,5233
9,0380
4,1167
4,2476
9,5305
9,3068
9,3855
9,3856
4,4034
4,0611
9,5389
3,4648
9,7891
3,5316
8,9308
4,8053
9,2852
9,8737
4,7445
9,2688
3,9526
4,6281
8,8112
4,8072
9,0598
9,8655
4,2554
3,8610
4,4054
9,5087
4,2941
3,6335
4,7630
4,4344
4,1539
9,2319
4,5336
9,6321
3,9866
9,3932
3,8243
4,1022
9,4554
3,9893
10,0832
9,5950
4,6476
4,3451
9,3782
4,2358
4,0190
4,1278
9,4369
4,4187
9,3807
3,6044
4,3227
4,2004
9,2487
9,5594
9,4845
4,3369
4,5660
9,5013
3,9559
10,4121
4,7241
4,1104
4,6019
4,1858
4,2834
9,7382
3,8963
4,7650
9,8281
9,4953
3,6542
4,5085
9,5029
9,5805
4,4349
4,8415
4,6892
9,0073
9,6223
9,1617
9,2050
4,6421
8,8177
4,2904
4,1772
4,6244
4,6873
4,3464
3,8105
9,0922
9,2047
4,7406
4,4633
4,5917
9,1323
8,9651
9,4491
9,3936
4,1565
4,1872
4,0066
5,0333
9,1286
5,2203
9,6217
9,0768
4,3063
4,2663
9,4976
3,9790
4,4804
4,4405
4,4069
9,1722
9,8397
4,0542
9,7901
4,4782
9,2027
9,2629
9,4233
3,8103
9,2163
4,0803
3,8369
4,5154
4,3528
4,3366
9,4080
4,3307
10,0372
9,2632
4,2082
9,4455
3,8870
9,2438
9,3130
9,3172
3,8540
4,4882
4,8954
9,2431
4,7396
9,7974
9,3159
3,6895
3,9131
9,2773
4,0474
4,1132
9,1425
9,6673
8,9889
9,8137
9,7368
3,5676
4,6915
4,0379
4,2600
8,9785
9,2233
9,6457
9,6709
4,1662
4,0339
4,0862
3,7232
3,9559
9,7576
4,2788
9,2193
4,3544
4,4369
4,0151
3,8362
9,5109
9,0355
4,1910
4,4077
4,4577
9,1407
9,2535
9,3186
9,3320
4,1456
9,4526
4,3192
4,2136
4,6631
4,6356
9,6940
9,1150
9,1478
9,3456
4,6037
4,6341
9,8491
4,1018
4,4005
9,3776
9,9853
9,3700
4,8443
4,3045
4,0712
4,3562
4,3657
9,8389
9,7558
4,3781
9,2951
9,3745
4,4142
4,3294
9,1618
4,8366
9,5781
9,3460
4,3604
4,7815
4,6752
3,9903
4,5693
9,5983
4,6152
4,8787
3,7592
9,4203
4,5213
9,5596
3,7858
3,7143
9,5690
9,5482
9,6676
4,5543
9,6787
8,9986
9,5809
9,3310
4,0357
9,5130
4,1659
4,5795
8,8921
9,5286
4,2923
4,2646
4,5419
9,6224
9,2121
9,8219
9,7197
4,3880
3,5312
9,1229
4,8134
9,1398
9,5571
9,8050
4,5260
9,1881
4,1347
4,5577
4,2646
9,0944
4,9137
9,5617
9,4665
9,3000
4,6875
4,6130
8,9131
3,9177
4,5242
4,6846
4,5210
3,9898
9,1434
4,6763
9,4542
9,3447
9,5029
3,8276
9,2091
9,2991
9,7158
9,5231
4,4340
4,8927
9,6358
4,4178
4,0354
4,2892
4,4744
3,9332
4,4398
4,7509
9,1896
4,6205
4,4963
9,2536
4,8857
9,1920
3,9973
9,7338
9,7334
9,2491
9,8516
9,1921
9,4602
4,3142
9,7370
9,1832
4,7220
9,3733
4,0478
9,5354
10,0647
9,5244
9,5038
4,3243
9,4731
8,8930
9,2284
3,3855
4,1919
4,1722
4,6110
9,1750
4,7586
4,2173
4,8882
3,9018
4,1855
9,4676
9,7765
4,8874
4,3598
3,7419
9,4772
3,9304
4,0532
3,9171
9,7072
4,4650
4,5581
9,1402
8,8187
9,8080
3,9764
4,0086
4,6676
4,8039
3,9377
9,5098
4,4812
4,5148
9,9911
4,3477
9,1675
4,1276
9,5628
3,9920
9,2330
3,5370
4,3065
9,5603
5,2282
9,1606
4,4085
4,1555
4,5216
4,2413
9,4620
9,3857
9,0748
4,0036
9,5090
4,3708
9,2834
8,9706
9,0288
4,4142
4,1028
4,6747
9,0548
9,1461
9,2351
9,5355
9,6117
4,6558
9,4401
4,7749
8,8038
9,4115
4,5465
9,7035
9,1931
9,2357
9,6287
4,4531
9,6631
9,5891
4,2251
4,1750
9,8314
9,2390
5,0101
10,1428
9,6898
8,9996
9,6068
4,1548
8,9424
9,4349
4,0454
9,2660
3,6785
4,5324
8,8510
5,1919
9,1580
9,1730
9,4904
4,6395
4,9274
9,4793
9,4064
4,4398
4,3375
9,4384
4,3241
4,4511
4,2920
9,6319
4,6692
9,5099
9,9023
4,0998
4,4164
9,1310
9,8558
9,2374
9,6063
10,0379
3,9452
4,1253
4,5527
4,0734
4,6595
4,2908
9,6139
9,8050
4,5265
4,6052
9,4789
9,2995
4,2582
9,2715
5,0811
4,8176
5,2014
9,9562
4,2979
4,3780
4,3844
4,6509
9,4655
4,1715
4,8155
4,6307
9,4523
9,3629
9,1373
4,2675
9,4393
9,9730
9,4017
9,9544
9,6244
4,1500
9,2489
4,3714
9,3056
9,2563
4,5219
9,2875
9,5954
9,0516
9,0908
9,4359
4,1372
9,8388
4,3748
5,1954
3,9497
4,1800
4,2467
9,7590
9,3100
3,8475
9,2806
4,0436
4,4810
4,7827
4,1405
4,2699
9,4755
9,2369
9,6824
4,5889
9,6092
9,7308
9,4600
9,8309
4,1847
4,2598
3,7798
9,0464
9,1252
4,2971
4,1369
9,1812
4,6211
9,3174
9,1543
9,7708
8,9563
9,8301
9,5291
4,6859
4,2998
9,2381
9,1962
4,3133
8,8165
9,3002
4,4047
10,0836
4,2456
9,5429
3,7895
9,4757
9,7685
9,3719
9,0661
9,9051
9,4873
8,9559
9,1719
9,3941
4,0764
5,0640
9,0418
9,4829
9,4825
9,7455
4,6286
4,1562
9,4461
9,6888
9,5493
9,4767
9,7790
4,4729
4,2331
9,4168
4,1752
8,8455
4,8150
4,2604
9,2557
4,8037
9,1875
4,6292
4,0026
9,0719
4,5841
9,7733
8,9204
4,2966
9,3744
9,2289
9,1129
9,8647
9,4392
3,8532
4,4571
9,4763
4,3987
9,3106
4,1956
9,2268
4,5112
4,4694
4,4364
4,1610
9,8635
9,3172
9,1300
9,5478
9,4998
4,4500
9,5277
9,8555
9,2768
4,2762
9,5128
4,2835
4,4224
9,5711
3,5265
9,1784
4,9782
9,8331
9,6109
9,0026
4,0300
9,6001
3,9340
4,3728
3,9596
4,5901
9,9990
8,8600
9,5039
9,2904
4,0327
4,0323
9,0171
9,9091
4,2102
5,0003
9,3779
4,4596
8,9810
3,8203
4,5011
9,4441
9,1157
4,9068
4,1672
9,3972
9,7265
9,5200
4,6245
3,8167
4,5421
9,2334
9,0567
9,6760
4,3493
3,8852
4,5746
4,5960
4,9046
3,9109
5,0016
9,4046
9,3706
9,5956
9,3334
9,4425
3,7283
9,7228
4,2316
4,1664
9,0324
4,7815
3,8925
4,7922
4,6766
9,2974
9,2619
4,2434
3,9621
4,4212
9,0974
4,9856
4,4294
4,6841
9,5135
9,5284
4,6802
4,3709
4,0919
3,7889
3,9679
4,4736
8,8326
4,7247
9,6636
9,4371
4,5794
3,8029
3,9237
9,4044
8,9545
4,0174
3,7834
4,9197
4,1897
9,8129
4,0841
4,3558
9,5400
9,2281
4,3197
4,0685
8,7822
4,8021
3,7651
9,3900
9,2216
4,6623
4,2720
4,2377
9,5431
4,5214
9,6346
4,0310
3,9080
4,4313
9,0633
4,2230
4,2939
3,5479
8,8286
4,6738
9,7170
4,2436
4,3788
9,3274
4,1969
9,3544
3,7139
4,1305
9,7214
4,5887
4,2125
3,7945
4,6382
4,1200
4,8703
9,4346
4,2280
4,6756
9,4624
4,3945
9,4212
8,5734
4,5106
9,1003
9,3302
9,1089
4,4382
4,4927
3,6343
9,2735
9,6918
9,0422
3,8289
4,1105
4,3184
4,4393
9,5361
8,6584
8,8926
9,2741
9,6364
9,5242
4,0284
9,3284
4,9726
9,2845
8,7755
4,4757
9,1354
4,0664
4,6082
4,6953
4,2278
4,2639
4,5275
8,9691
4,0355
9,4487
4,3276
4,3719
9,6321
4,1787
8,8890
4,3890
4,9385
3,9479
4,3995
5,0642
4,1786
4,3085
9,2613
9,2981
9,6579
4,9156
8,4356
8,9753
9,8461
9,2491
9,0106
9,3992
4,4816
4,0695
9,8481
9,2397
3,8995
9,3405
9,3754
9,5952
4,5447
4,0826
4,4659
4,1831
9,0960
4,3189
4,1078
9,6215
4,2087
4,0065
9,5318
4,5558
9,4242
9,4476
9,0311
8,9756
9,4195
9,5422
3,9578
4,3766
4,3491
9,3583
8,9417
3,8869
4,5010
9,5044
4,8005
9,0621
3,8750
9,2414
9,6021
9,3486
4,3125
3,8535
9,4715
3,7729
9,4680
4,0109
4,2657
4,8390
4,3301
8,6546
9,8063
3,9392
4,3166
4,5820
4,5832
9,0492
9,4837
9,6004
4,8692
8,9144
4,0781
4,1149
4,6121
9,1615
8,8740
8,7913
4,6199
3,9924
4,0944
4,4118
9,0970
9,5491
9,7714
4,1426
4,2611
4,2315
3,9718
4,3686
9,2784
3,9994
9,1847
4,5654
4,2124
4,5229
4,1241
9,5329
3,9489
4,3868
9,3348
3,6111
9,2145
4,0789
4,6408
4,1319
3,9906
4,0963
9,1837
9,5735
9,8661
3,9130
9,1625
9,1599
4,4607
4,1264
9,4381
4,2487
9,2966
9,0533
4,5847
9,5257
4,2679
9,6213
8,9963
4,0514
4,1887
9,7431
9,8704
4,5115
8,6989
9,2330
9,4453
9,2203
9,2368
4,3691
9,8592
9,4422
4,3577
3,6322
8,8256
4,9314
4,3472
4,9936
9,0757
9,5073
9,0816
4,4939
8,8091
9,1128
9,4984
3,9497
9,2707
4,8441
3,7800
4,5144
4,3443
4,5475
4,4071
4,1949
4,5193
9,9419
9,3053
4,8554
4,0982
9,1014
9,1356
9,2649
4,3768
9,3598
9,7085
3,9664
4,0506
9,3612
9,8090
4,2926
4,3582
9,2047
4,1224
9,5599
8,9499
4,1562
3,5587
8,8571
9,0711
3,8008
9,2021
4,2822
4,9052
4,6962
4,1625
9,3109
3,7360
4,9730
4,0226
9,1276
4,5610
9,0420
8,8595
9,9282
9,5164
4,6875
9,6417
9,4901
4,8675
9,5561
4,7830
4,6705
4,3406
9,5669
4,1642
9,5354
8,8799
4,3131
9,3091
3,8997
4,8409
4,1131
9,6448
4,3435
4,8459
4,1449
9,0993
4,2510
4,3798
9,2932
4,6043
4,3677
9,7394
9,2401
4,0310
3,7311
9,4716
4,2743
3,5704
9,4895
4,4881
9,3641
4,5719
9,0548
8,8895
4,4288
3,8762
9,6596
9,0842
4,1885
4,7140
4,1993
9,4952
9,3049
8,9100
9,6918
4,6069
4,4111
9,5451
4,4526
4,6984
4,0647
9,3780
9,3777
9,2752
4,2708
9,5848
4,3743
9,6265
4,3937
9,5431
4,5685
9,1696
9,0487
9,1971
4,0282
9,2824
4,3393
9,4213
4,3227
4,7070
3,8370
3,9326
4,2736
3,8753
9,9047
3,6525
9,3924
9,2893
4,0728
4,7562
4,7980
9,2033
4,4359
9,0391
9,4216
9,2095
8,8569
5,0177
9,7376
4,7483
9,6597
9,0660
4,5672
4,3287
9,4133
9,0890
4,8901
3,6118
9,6350
4,6064
4,0334
4,3617
9,3361
9,6186
8,8367
4,4013
4,1903
9,5080
3,9572
9,5209
9,4094
9,6223
9,6209
9,1226
4,3081
9,7786
4,1106
4,4899
4,4101
4,3298
9,0391
4,2634
9,3571
4,2835
4,7175
9,6588
4,4205
8,9473
9,9104
4,4180
9,9169
9,4041
4,2515
3,9426
3,2204
4,8281
4,5214
4,1690
4,2866
4,4349
4,1838
9,6611
3,9113
9,6628
4,3833
3,9635
9,4124
4,8035
9,4877
8,9825
4,2371
4,7051
9,6647
9,1130
4,5411
9,6508
9,5025
4,0296
4,3444
3,7594
9,4179
3,8003
9,7047
9,1625
4,4422
9,4231
4,8114
4,8156
8,9621
9,2076
9,0358
9,5422
9,8464
9,1574
4,0579
3,6527
8,9738
9,1092
4,2569
9,3382
9,4957
10,2710
8,9607
4,2081
9,6208
9,2430
4,7830
4,7257
4,2198
4,5149
9,6108
9,5870
9,7596
8,9689
9,2415
4,3122
8,8734
4,6936
4,3354
4,8014
4,4311
3,7453
4,6904
4,7330
9,4332
9,6083
4,3953
4,5070
4,1406
8,9101
4,0436
3,7410
8,8801
9,1895
9,7351
4,3584
9,5709
4,0456
4,9082
4,2768
4,4541
4,0486
4,6135
9,0758
9,0844
9,4778
3,4900
9,9514
4,0738
4,4305
4,6870
4,0215
4,3909
9,0625
9,6528
4,1715
4,6142
3,8901
10,0988
4,7871
4,1323
9,4491
4,5860
8,8540
4,3201
3,8290
9,7907
9,5254
9,8963
9,3722
9,4717
4,4880
3,9238
8,7143
8,9482
3,2779
4,2879
4,4036
3,9893
4,0740
3,8941
4,3381
4,5112
4,2192
4,5262
4,0671
9,0479
9,2158
3,1966
9,3155
9,2421
4,0182
9,5568
4,1961
9,7257
4,2539
3,7501
4,1244
9,3421
3,2962
9,5412
4,2124
3,9195
3,9479
9,9941
4,6204
8,9132
4,2230
10,0488
9,0873
4,3150
4,0108
4,8028
9,2658
9,2067
9,8314
8,9998
3,9414
3,8369
3,9036
4,4979
9,3911
4,0395
9,1177
3,9837
4,3504
4,8738
4,5339
4,4797
4,3934
9,3123
4,9807
9,4241
4,5176
4,1861
9,6872
9,1164
9,3602
4,3031
4,0112
9,4168
4,0654
4,1306
4,3426
4,5775
4,3113
9,5976
4,3375
4,3854
9,7816
9,2975
9,8635
4,2825
3,9715
9,4972
4,7740
4,1429
4,8639
4,6358
9,1943
9,3476
9,0697
4,4353
8,5710
8,8226
4,5498
3,9085
9,1130
3,8881
3,8376
4,2217
9,0916
9,0415
9,4417
4,7113
3,8619
9,3838
3,7197
8,9352
9,0205
3,8131
9,2059
4,2843
9,9928
9,6248
9,5307
9,6797
4,5116
4,5142
4,2424
9,2807
4,2233
3,9492
4,7126
9,2891
9,5286
8,4417
9,4379
4,3999
4,0594
4,7152
4,8755
4,5799
4,5509
4,9918
4,2686
3,9311
5,2375
9,2655
4,3099
10,1698
4,8228
3,7845
4,7500
4,1866
9,4550
4,3369
4,3681
4,4953
4,1211
9,1913
4,7522
9,1386
9,5443
9,5563
9,5156
4,6486
4,5818
4,0058
3,6796
9,2366
4,0723
9,3428
4,3021
5,0274
9,3013
9,9071
4,7374
3,9853
9,5699
4,6844
8,7545
9,4070
4,6040
4,2950
9,4640
9,4556
9,3156
4,4437
9,3310
9,7158
4,5887
4,3690
4,0681
9,4795
9,4457
4,2380
4,4783
9,5904
3,9810
9,4188
9,6321
4,3256
9,4014
9,4692
4,4427
3,9496
4,1055
3,7956
9,4332
4,3154
9,3851
9,3788
4,3433
9,5402
9,2210
9,4628
3,8322
4,2248
3,6348
4,4466
4,2786
4,0435
4,1149
9,7160
3,8567
4,4172
4,6874
4,1132
9,4265
9,4052
9,6723
9,3476
4,0334
9,0853
9,3891
9,3450
3,8221
9,5439
9,0778
4,5179
8,9767
3,8637
9,3930
8,8248
9,2932
4,6357
9,4906
9,4357
9,0799
4,5866
9,4539
9,6325
4,0732
4,0413
4,3556
9,1583
9,6086
4,9724
4,1554
8,7902
9,6601
4,3618
4,5399
9,0766
4,4872
4,0902
4,0136
9,0229
4,3384
9,5200
9,9438
4,4263
4,8091
9,2084
4,1350
4,9133
4,2396
9,5188
4,2366
4,5713
3,5355
9,2515
4,5947
9,5479
4,0764
9,8651
9,7179
9,4148
3,7437
4,6046
9,8618
4,8404
4,3621
4,4389
8,8668
4,0037
9,6081
9,6883
4,4311
9,5128
4,9673
9,7253
3,9632
4,3880
9,7336
9,6341
9,1276
3,7904
9,6240
8,9840
4,4904
9,4630
9,3574
9,3109
9,1904
4,1932
8,7578
4,7252
9,3608
4,3642
4,4165
3,3764
9,4191
4,5113
9,3579
10,1205
4,3986
4,7918
4,3812
4,2333
9,2292
4,1172
9,4225
4,4815
4,5530
4,4832
3,7892
4,7072
4,6955
4,6937
4,7929
9,5387
4,1807
9,4042
9,6524
9,4519
4,6825
9,0092
9,3393
9,8597
10,2684
3,7373
9,5340
9,2577
10,2252
4,0589
9,3310
4,2059
4,3451
4,3258
4,8722
4,4851
9,6633
8,9739
9,4416
9,5738
3,9994
9,1672
9,3206
9,7076
8,9516
9,9108
9,2495
4,8037
3,9178
9,1649
4,5920
4,5757
4,3486
9,6250
3,7900
9,8343
4,0562
9,3855
4,6596
9,3419
4,2377
4,5084
4,2486
4,6142
9,2918
4,3536
3,8784
4,7165
4,2115
9,5879
4,5135
4,0762
3,9841
9,9118
4,2181
4,2788
9,1759
9,1660
9,5936
3,6925
9,2801
8,8149
4,1969
4,7085
4,1718
9,6605
4,0883
4,9197
8,9734
4,0734
4,5256
4,2007
4,3186
9,2091
3,8858
9,3015
9,3812
9,6198
9,3209
9,0969
9,4177
4,1631
4,4140
9,2780
4,3111
4,4965
4,1486
9,3936
4,2438
9,5838
4,5011
3,9456
9,7782
9,6875
4,2488
9,2611
4,6113
9,3787
9,2993
4,0155
9,5379
4,1547
4,0187
5,2255
3,9493
4,4119
4,6879
9,5559
9,5880
9,6761
4,3255
9,3158
8,9178
9,8333
4,4959
4,2577
4,7032
9,0422
3,8584
4,6422
4,4983
9,2580
3,9807
4,3022
9,2823
3,7669
9,3224
8,9424
9,3327
4,2542
9,2969
4,1121
9,1673
9,4502
4,3101
9,6182
9,5541
9,6152
4,3967
9,4802
4,3868
4,1385
4,3373
4,0501
9,6925
3,9486
9,6631
9,7168
4,1001
4,1201
3,7157
4,3401
8,9869
9,4368
4,6768
3,6554
9,8061
4,2923
9,7112
4,1219
4,1998
4,3049
9,3757
3,8712
4,1471
9,5025
4,1226
4,3913
4,9577
3,8061
9,2503
3,7684
4,0569
9,3918
9,6290
3,9223
4,3274
9,1915
9,3604
4,2579
5,0553
3,9130
4,4339
4,5761
4,0098
9,8693
3,7360
9,5691
9,6438
4,3258
9,4157
9,6712
3,9966
5,0802
5,1710
9,0490
9,9097
4,4214
9,8057
9,3291
9,8899
4,1625
8,8149
3,9809
4,5095
9,3932
9,3756
4,3520
9,7875
4,1818
9,5705
3,8628
4,4887
3,8909
9,2846
4,3783
4,3275
9,5857
9,5704
4,3924
3,4332
9,1439
4,0573
9,5344
9,3513
4,3019
9,5899
9,6269
8,8928
4,3513
4,9123
3,9828
3,9310
9,3943
9,2051
9,5383
4,1154
4,3649
9,6546
9,5363
4,3805
4,7449
4,2303
9,3867
4,6744
8,9984
9,0949
3,9626
4,5619
4,1967
9,4864
4,4234
4,2005
9,2587
10,0421
4,2853
9,2178
4,3092
9,1010
9,2142
3,9883
4,3148
4,5446
4,4224
9,4920
9,7067
4,3949
4,4484
9,4300
4,4322
4,5464
9,8860
4,1859
4,5641
4,3495
9,2375
8,9503
4,3356
9,4591
4,2092
4,1916
4,0197
9,1297
3,9548
9,1039
9,7309
3,8283
9,2002
9,2954
4,1064
4,6263
4,7449
4,6785
9,6651
4,1697
3,9685
4,5297
4,5817
4,3215
3,8644
5,0658
3,6526
9,9413
4,5150
9,5291
9,6784
9,4981
4,1189
4,6847
4,1553
9,3621
4,1569
9,6122
3,8650
4,3044
4,3555
9,3869
4,5684
4,1354
4,8795
4,6187
4,1157
9,5901
9,9046
9,2993
9,5149
8,9989
4,0654
3,9876
8,9093
8,6333
4,1439
9,5213
9,6641
9,3293
9,7713
3,8658
9,2039
3,7482
9,2683
4,4024
4,2700
4,0264
8,9934
4,5708
9,0708
9,4163
4,2333
4,0947
4,1404
4,2990
4,0982
4,1477
9,4228
5,1356
4,1828
4,1959
4,4612
4,9798
4,6870
4,2288
9,1500
9,7205
9,2185
9,6110
9,0357
9,6154
9,2457
4,8068
4,3098
9,6870
4,4946
9,3671
4,3656
9,5449
3,9043
9,2563
9,2673
4,0171
4,2041
4,3291
4,4625
9,8900
4,6539
4,8103
4,5574
4,7726
4,5609
9,5306
4,3328
4,0493
9,1622
9,5499
4,7172
9,8581
4,2714
8,7184
9,1038
9,7006
3,9410
4,4916
4,7381
9,8897
9,3734
10,0444
9,5406
9,7912
4,0978
9,6843
4,3808
3,4123
9,4772
9,2712
9,6023
4,6650
4,6497
9,1412
4,7149
9,3359
4,4734
4,1027
9,5205
3,9931
4,2341
4,4956
4,2945
3,9472
4,2813
9,7024
4,6871
4,1844
9,3765
4,2772
10,2206
3,5555
9,0974
4,1746
9,7311
9,4663
4,1248
4,5756
4,5236
3,8769
4,3283
4,0684
9,5211
3,8248
4,4216
9,9588
9,4593
4,2671
4,7431
4,0317
4,4462
4,4324
4,3135
4,5890
9,2509
4,2874
9,4139
3,9564
4,7187
4,7184
8,8746
4,5482
9,4552
9,8446
4,4478
9,3465
9,5127
4,7497
3,9670
4,6312
4,0770
5,0091
4,6227
9,0690
9,2042
4,7481
4,2900
4,3875
4,1963
9,2844
4,3771
9,4811
3,9005
4,0061
9,3523
4,5137
4,1383
4,0736
9,7349
4,0338
4,9606
9,2865
4,2648
4,5933
4,2220
9,7980
4,1819
4,1943
9,4909
9,2747
3,6945
8,8682
3,7022
3,8490
4,3321
3,9550
9,3459
9,5728
4,3518
4,0418
9,2998
4,5238
4,4531
4,7884
9,5727
4,5544
4,0911
9,3323
3,6718
4,0727
9,2615
9,5224
9,1744
4,6577
4,6548
4,6193
4,4282
9,6527
9,5351
4,1584
9,4410
4,2363
4,5214
3,8745
4,7931
4,3366
9,4152
4,4424
4,6920
4,3923
9,5772
9,5462
9,3238
4,0672
9,2933
4,5807
9,6323
9,6129
4,1918
4,0411
4,6812
9,6323
8,7324
4,2985
4,0960
3,5437
4,3684
9,4061
4,0887
4,4555
4,2352
9,1434
9,7329
4,7335
9,3751
4,6209
4,5035
9,5910
4,0019
4,9995
4,0990
9,3189
9,6928
4,2516
9,6160
9,0885
4,2086
4,2926
3,9617
3,7436
9,2474
9,1110
9,1015
4,4772
4,4015
4,1786
4,2258
4,3397
3,7142
3,2359
10,0250
8,8354
9,2166
9,6277
8,9237
9,8785
9,4743
9,9187
4,5883
3,7775
3,8072
9,9191
9,3497
9,9805
4,2000
3,9901
9,4731
8,9885
3,9033
4,6530
4,3760
4,7586
9,2269
4,1234
4,5421
4,7069
3,9728
9,8451
4,0767
4,4221
4,0499
4,5148
8,9316
9,3171
4,8243
9,5503
4,9795
9,2772
9,1557
5,0719
10,0499
5,0080
4,2333
9,5990
9,3458
9,3748
4,4228
3,9094
3,7673
4,4879
4,5699
4,9889
4,9722
8,8823
9,2449
4,7487
4,3028
8,9099
4,5887
4,3444
4,2254
3,7581
9,6741
9,1258
9,4840
8,9463
4,4185
9,6171
9,3774
9,4923
9,5216
4,3257
4,2959
9,0497
4,7994
3,9668
4,3900
4,4889
4,5797
4,3922
4,4132
9,4265
8,6932
4,0429
4,2301
9,1829
4,0890
4,4557
4,8759
4,5708
4,2657
9,6741
4,4781
9,2397
4,0306
4,3055
9,7315
4,2833
9,4939
9,2402
4,1776
9,5167
9,1103
9,3628
4,6134
9,7251
9,4004
4,5471
9,3920
9,5347
9,4983
9,6114
4,4465
4,3741
4,1517
3,9019
4,7118
9,6407
9,4522
4,5187
8,8661
4,5912
8,9715
9,7107
9,5616
9,1596
3,9941
9,1129
4,4824
9,5100
4,0330
9,0435
4,0740
9,4510
4,1141
4,7508
9,1713
5,1379
8,6550
9,3094
9,4511
9,6044
4,3280
4,1726
9,3953
9,5470
4,5625
9,1809
4,1107
3,8040
4,0407
3,9216
4,3032
4,3527
8,9960
9,8554
4,3341
4,3437
4,5456
9,5504
9,6759
4,4515
4,2424
4,1865
4,0768
5,3731
8,9274
9,5144
9,2776
9,6531
4,3651
3,6856
3,8344
9,0810
4,7175
9,7698
3,8815
4,2592
9,5472
4,6738
4,3282
9,5625
9,2433
9,3684
4,5007
9,3630
4,5796
8,8192
9,5791
9,2829
9,1839
9,6420
3,9437
4,5504
4,0605
9,6687
9,2647
4,4973
9,3750
4,4882
4,1366
4,5157
4,6431
4,1750
9,8036
3,9781
4,3282
4,7098
9,7876
9,4432
3,9031
9,3107
4,5696
9,3676
3,3474
4,2647
4,5954
9,8100
9,3887
9,3218
4,6399
9,1931
4,6616
9,3685
3,6288
9,5617
9,3206
9,1940
4,0153
4,0161
9,9265
4,2920
3,8686
4,3815
9,0141
3,9432
4,1743
4,6335
9,2604
9,2311
4,6809
5,0646
9,0727
4,4160
4,5227
9,5046
4,0765
9,3956
4,8060
3,9633
9,8907
9,3330
4,1649
4,7662
4,0079
4,4260
9,6256
4,8552
4,6652
9,2618
2,9808
3,8771
4,2967
4,5466
4,0819
4,8819
3,8278
3,6196
9,6998
4,0278
8,7174
4,8658
3,6638
4,3189
4,7626
9,2667
3,9858
9,4567
9,2469
3,8125
9,2622
9,8083
4,2798
3,5361
5,1637
4,1781
9,6054
4,0976
9,7842
4,1450
4,7138
4,1436
4,7294
9,8762
9,2863
9,5746
9,6220
4,7909
4,2596
9,3234
9,3177
4,2877
4,5920
4,3737
3,8854
4,6490
9,7524
9,3301
4,8195
4,5229
9,5008
4,3911
4,4039
8,8917
4,0925
8,9232
3,8627
3,9484
10,1676
4,6554
4,5776
9,5481
3,9158
4,0537
3,9939
4,5244
3,8995
4,8383
9,5457
4,1937
4,2011
9,2198
4,3601
3,8340
4,8116
3,6350
9,3520
9,2568
4,3056
4,6515
4,0374
4,7660
4,2292
8,8850
9,4328
9,0318
9,2661
4,1825
4,5280
9,2708
9,0337
9,6976
9,2871
4,3580
8,5952
4,1078
9,3371
3,9411
9,2387
4,4423
3,8554
3,8183
3,7376
4,4318
9,6430
4,1253
9,6989
3,5301
4,2257
9,2043
9,6893
3,9543
9,3086
4,3217
3,8001
9,3526
8,9762
4,9594
4,6530
4,2197
9,4810
4,2661
3,5701
4,4589
4,2522
8,8254
4,4272
9,4267
3,8538
9,4724
4,2704
4,2474
4,3062
3,7598
9,6726
10,0666
9,6630
9,5934
4,3077
4,0405
9,6260
9,4783
4,4691
4,3708
9,4501
9,3974
4,6441
4,6779
4,7568
9,6731
4,1254
4,4699
3,9690
4,5757
9,5554
9,4426
4,3525
9,7793
9,5601
9,2873
4,0064
4,0244
9,5387
9,1632
4,2129
9,5143
9,3254
3,9417
4,2128
9,9108
4,6288
10,0482
10,1600
4,3870
4,2402
3,8802
9,5539
9,3675
4,2745
4,4911
4,3315
9,7438
9,3587
9,8197
3,9786
4,5682
8,9211
9,4332
4,2573
4,3182
9,0972
9,4222
4,9168
4,1042
4,3321
9,6083
9,6616
9,9848
9,1667
4,1838
4,5264
4,2138
4,7388
9,3008
9,0150
9,6274
9,1523
9,6226
9,3671
4,6673
9,5078
4,7309
9,2127
9,3602
8,9325
4,1493
4,3174
9,0859
4,0667
4,3231
9,6610
4,6734
4,5115
4,1025
9,6736
4,6752
3,8358
4,0932
4,5385
4,7888
4,6118
4,4221
9,4209
3,9869
4,2953
9,5830
9,6586
9,3364
9,4454
4,0408
9,5487
4,5728
9,6988
9,4945
9,7782
4,8144
9,1262
3,9700
4,4398
9,7115
9,2680
9,3543
9,7996
4,5872
4,5560
3,8160
4,4965
4,2273
4,5923
4,3714
9,5297
9,4971
4,0956
4,5045
9,7550
9,7617
4,0523
4,4586
4,3401
4,5250
9,8064
4,0599
9,5679
5,2697
4,3409
8,9853
8,7521
4,2266
8,9915
4,7052
9,7663
9,0549
3,9383
9,1809
4,2148
4,9443
3,8788
9,3480
3,9720
4,2265
4,5009
9,8001
4,4286
4,0829
4,0438
3,5367
8,8641
9,1811
4,1958
9,3791
9,2615
9,8257
4,8962
4,7306
9,6009
9,3318
4,3324
4,4858
4,1992
3,9813
8,9911
8,7121
9,5777
4,4374
9,4890
9,1268
9,4488
3,8012
9,2930
4,4434
9,2713
9,3785
4,3265
4,0557
9,5853
3,9327
9,3862
9,3100
9,5214
9,3975
9,3309
4,4597
4,4128
9,1094
4,2393
4,4392
9,3981
9,1996
9,9265
3,7144
4,2619
9,0749
4,6930
4,9507
4,7379
9,0440
4,6464
9,3602
4,0942
9,2189
9,6966
3,6568
3,9782
4,2568
9,4530
4,8226
9,2515
4,0834
9,0273
9,2510
9,2845
4,2697
9,8360
4,4637
3,8684
4,3579
9,2582
3,7998
4,2739
4,5421
9,2264
4,3264
4,2692
9,6802
8,9608
4,5690
9,1630
4,0560
9,4155
9,5926
9,4267
4,1048
4,0097
3,9269
9,5515
8,9966
4,5553
4,2653
9,1162
4,2008
10,0017
4,5493
9,5983
9,2778
9,0654
4,8387
9,6262
4,1204
9,3621
9,5589
3,9034
9,3340
8,9101
4,3909
9,2054
9,5549
9,8439
4,6123
4,4123
4,1419
9,2545
9,5258
4,1374
4,5718
4,2940
9,5570
4,9377
4,3460
4,0233
4,2071
4,1008
8,9654
4,6135
9,2796
4,1176
4,6381
4,5972
9,5154
4,3151
4,3239
4,0448
9,2273
4,4318
9,0993
4,5277
3,8931
3,9554
9,7957
4,6468
4,3288
3,8989
4,7678
4,1626
9,5153
3,7923
4,2437
9,2100
9,3333
9,4438
3,9415
4,5094
4,4250
9,3591
9,6372
9,6190
4,4620
4,3115
4,3309
9,7086
9,2541
9,4999
9,1219
4,4419
4,2889
4,4267
9,3459
4,0265
9,5420
9,7042
9,1619
9,1542
9,2749
4,0147
3,9119
9,1005
9,2245
4,2778
4,3830
4,1948
4,2788
4,2230
9,1651
9,5825
9,9884
9,7938
4,7062
8,8909
9,3691
9,0126
4,1496
8,8036
9,3986
5,1089
4,4405
9,6684
4,3453
4,1360
9,1989
4,7081
9,8397
4,0088
10,0281
9,5129
9,4136
9,5540
9,2627
4,2630
4,4264
4,1809
4,3817
9,2841
9,3058
9,6646
9,2810
9,3108
4,1807
9,6412
9,5441
5,2034
5,1156
9,2538
4,2524
4,4593
4,7303
9,1866
9,3098
4,9957
9,4591
8,8651
9,2969
4,6537
9,1064
3,9913
3,8733
3,9698
4,9610
9,4334
9,6326
3,9777
3,9282
4,6622
4,4558
4,8012
9,3918
4,4962
9,7157
9,3608
4,0443
8,9284
4,0341
9,5339
3,9470
5,0453
3,8953
4,6218
10,0041
4,1545
9,6407
4,8410
4,5405
4,8451
9,2936
4,4937
9,8836
3,6669
3,9204
8,8940
4,0563
4,2319
4,6753
3,9460
9,1930
4,8076
3,6566
9,7255
9,6106
4,8262
9,5027
9,2646
4,3978
4,0642
4,7578
9,7110
4,2551
9,3661
9,5417
9,0931
9,7095
4,3572
4,5056
4,3457
4,5535
9,6898
4,0943
9,7546
3,9258
9,3052
4,3490
9,1839
4,3038
8,7241
9,0777
9,1377
9,0514
9,2531
4,3064
4,7601
3,9421
4,2374
9,5545
4,2415
3,8118
9,7871
4,7068
9,2295
4,0300
9,6414
4,2996
4,7241
9,2430
4,6432
9,1495
3,4948
4,4021
4,6266
9,3914
4,5785
9,4754
3,8424
9,5654
9,8640
9,5463
4,6008
4,6805
9,4651
4,4983
4,0669
4,2182
4,2792
4,3511
4,8267
4,4995
9,6729
9,4214
9,4252
4,5235
4,0260
9,0351
3,7847
4,3613
4,4755
9,3267
9,7235
4,9596
4,5257
9,7676
3,9966
3,9604
4,0010
9,2979
4,3743
4,3195
9,2984
4,0237
9,7293
4,3156
9,5567
4,1982
4,0194
4,4111
9,3639
9,0864
10,1137
3,6088
9,3955
9,5000
9,1682
9,8835
4,6102
3,7308
9,2997
4,1999
9,1436
8,9940
9,4866
9,4650
4,3345
4,8763
4,3643
8,6178
9,0199
4,5680
9,3680
4,7121
9,3514
4,0149
3,6554
9,3462
9,8590
4,4451
4,2827
9,5131
9,3687
8,7880
9,6264
4,6208
4,7744
9,5968
8,9758
9,8694
9,7030
3,6922
9,2257
4,1202
3,9634
9,3371
9,1830
4,2756
9,0846
9,5057
4,3829
4,2132
4,4137
3,6524
9,4855
4,6012
9,1118
9,3966
4,0506
3,7773
9,1400
4,3304
3,9364
3,9381
4,3588
9,3846
4,5076
4,3397
4,2841
9,2836
4,1603
9,3102
4,4805
9,1809
9,2035
9,6444
3,6501
9,4569
3,8953
4,7571
9,1882
9,8893
9,7883
9,5767
3,5323
3,8297
9,1033
3,9528
9,3287
4,9121
9,2026
9,4299
9,8607
4,4547
8,8107
4,3516
9,2268
4,4912
3,7709
4,3472
4,0142
9,4206
9,3650
10,1589
9,0117
4,1257
9,1211
3,7412
9,1981
8,8440
4,0296
9,2477
4,7610
4,9497
4,0542
9,8272
9,5749
4,2565
9,6543
3,9194
9,3453
9,4561
9,1286
4,2824
4,3166
8,8815
4,2254
4,1841
4,7392
4,2751
9,4089
9,6301
3,8309
4,1981
4,0059
4,6781
8,7877
4,4405
3,4903
9,5968
4,0754
8,8868
9,4297
9,2499
9,3459
4,4178
4,2633
9,4847
4,3712
9,5359
4,1547
4,9218
3,8819
4,0116
4,2736
4,1223
4,9198
9,4196
4,2725
9,6615
3,9412
4,1127
9,9587
3,9916
4,2177
8,7824
4,3886
4,7264
3,9904
9,4327
4,4595
9,4160
9,3550
4,5019
9,8605
9,1281
4,8844
4,3837
4,6134
9,3084
9,2572
4,7184
4,4984
9,0086
9,4175
4,2938
9,4462
9,9327
9,7778
9,1020
4,4912
4,0227
4,3173
9,3067
9,2772
4,0683
9,3160
4,6527
3,9117
4,7450
9,4092
4,1702
3,7321
9,6519
4,1339
9,7381
9,2772
9,2306
5,2019
9,5251
9,0547
4,3782
4,2681
4,6063
9,0774
4,6584
4,5006
3,8531
5,0093
9,6283
4,1471
4,6627
3,8776
4,5150
4,1700
4,4382
9,5808
9,5567
3,8497
9,2580
9,5365
3,8594
4,4093
4,3931
3,7384
5,0917
4,4679
9,2197
8,9722
9,5659
5,0967
3,5047
4,4586
3,8023
9,4352
4,3344
10,0625
10,0443
9,2820
3,6519
5,0009
8,8375
9,8881
4,3689
9,4489
4,0280
5,0672
4,1916
4,0899
4,0387
9,5820
8,8475
4,6223
9,6366
9,9770
4,0308
4,3974
4,4317
3,3154
9,2515
4,5789
4,3151
4,0108
9,5975
4,8376
9,2372
4,5796
3,9826
4,6224
4,3391
4,5422
9,4650
4,3989
9,4813
4,6612
4,3638
9,1533
9,1308
9,4064
4,9570
9,2042
9,2693
9,0899
8,6223
9,3714
8,8629
8,9909
9,7984
4,2659
9,3190
9,6294
4,9246
4,5575
4,3229
4,2346
4,9234
9,7126
9,1294
10,1584
4,0608
4,0887
4,1149
9,0667
3,9974
4,3906
9,6599
9,4512
9,0769
8,9602
4,5625
9,5976
3,7515
4,7785
3,6885
4,9387
4,6332
4,5302
9,1969
4,1349
4,5755
9,3350
4,3212
4,0508
9,5753
4,1059
9,2759
3,9275
9,3516
4,4072
4,7384
4,4814
4,5775
9,3505
4,4352
4,5041
4,3410
4,1297
4,3370
3,8189
9,3676
4,9124
10,0890
9,1940
4,6061
3,6969
4,8397
3,4603
3,5756
9,5321
9,3249
9,7852
9,7092
4,0441
9,5419
4,4235
3,9215
9,0080
4,0865
4,5873
4,4283
9,7553
9,2986
9,6838
9,7074
9,7539
9,1230
10,0358
4,8168
9,3259
4,3964
4,6137
4,3090
9,8356
9,4922
8,6930
9,8625
3,9819
4,0387
9,3589
3,9292
4,5158
9,8729
10,0000
4,2152
9,6754
8,9876
4,0597
4,2673
4,1757
4,7158
9,4206
9,6347
9,0642
9,0868
3,4711
9,1779
8,6293
4,3593
9,8708
9,1499
9,0217
9,4977
4,3510
4,2770
9,5271
3,7415
4,0303
9,4043
9,7617
4,7981
10,0178
8,8403
9,1761
5,0945
9,3738
3,8567
9,7371
4,3110
4,3949
4,9926
8,7004
9,1662
4,4735
4,8829
8,6915
9,2400
4,4512
9,7561
9,6454
8,7416
9,8039
4,6593
9,4190
4,4670
9,5868
4,0019
9,5460
9,3754
4,0440
4,3543
9,8902
5,0541
9,4713
9,5558
3,7280
9,4902
9,9269
9,3927
9,1956
9,4950
9,3703
4,7787
9,2473
9,2281
4,1598
9,7106
4,5599
4,5545
9,4016
9,6197
4,2459
8,7118
3,5971
9,0018
9,0572
9,1355
9,8401
9,4775
9,1821
9,3386
4,8156
4,3046
9,4516
4,8222
4,4647
9,3364
3,5576
9,4106
4,8056
9,0599
9,2353
9,4986
9,5140
4,6952
8,8014
4,4270
3,4784
4,2566
4,1606
4,1494
4,6479
8,7129
4,1575
4,1306
9,2319
9,5506
9,6424
9,5698
9,5452
9,4313
4,2749
4,6155
9,6740
9,3521
4,0389
8,9037
9,0641
4,4006
4,2461
4,2070
9,5854
3,9775
4,4450
9,2051
9,5805
4,4625
4,2425
4,2372
4,1823
3,9170
9,3091
3,8676
9,6332
9,1695
4,4279
9,8082
9,5883
4,2587
9,7172
3,9053
4,7684
4,7861
4,1849
9,9150
9,0216
9,5391
9,6440
9,4209
9,3933
4,4955
9,5409
8,7891
4,4754
9,5563
3,6237
4,1967
9,5848
9,2239
9,2417
9,7054
4,2030
9,7976
9,3678
8,9775
4,3954
3,7647
4,1713
9,0416
9,4235
4,6374
9,4254
4,1536
4,1640
9,6887
4,3876
4,1611
4,7383
9,2675
9,4006
4,7677
4,5649
9,1044
4,0540
5,3542
9,3781
4,4921
4,2201
4,3827
9,4066
3,6562
4,4563
9,2158
3,8600
8,4240
4,2748
9,7199
9,0402
9,6830
9,6176
4,4765
9,3108
9,2156
4,6020
9,4370
4,5308
9,6099
3,6175
5,1594
10,0014
4,8838
4,3199
4,2885
3,9563
4,2405
3,9069
4,3194
3,8433
3,8381
4,3464
9,7223
4,3120
9,5183
9,7681
4,1442
4,0119
9,1400
8,8398
3,6364
9,7376
4,3921
4,4282
9,5391
9,8254
9,5828
4,2080
4,9488
9,5868
3,8433
4,8874
4,4703
4,7871
4,3302
9,3393
4,8272
9,8707
9,3720
9,6624
8,9563
4,0592
4,8551
4,4604
9,6089
9,4619
4,8333
3,8798
3,9653
9,3498
3,7820
4,4184
9,6137
4,0762
4,2931
5,2157
4,5718
9,7943
9,0833
4,1727
9,5120
9,5257
4,5422
9,6376
8,9391
4,4279
3,6812
9,1247
9,6904
4,6879
9,9199
9,4196
4,2264
9,5902
3,5396
4,3385
4,3950
3,7532
4,3678
4,4964
9,6224
3,4562
3,8808
3,5571
9,4353
4,3294
4,3020
4,7105
9,5457
4,1453
3,3478
4,3781
4,2638
4,1484
4,9363
9,5065
9,6836
9,5534
9,6290
9,4808
4,7056
3,8042
9,0633
4,2071
4,0180
4,4077
9,9496
4,6899
9,4503
4,5719
4,1938
4,5558
4,3784
9,5668
4,2286
4,4673
4,6256
9,4846
4,0393
3,9351
4,6995
4,2577
3,9561
4,4185
9,4796
4,7232
4,2000
9,9477
9,2540
4,2386
9,2634
4,3725
9,5971
9,5505
9,8395
8,8124
4,7563
4,9145
9,6001
9,0154
4,1847
4,4527
4,0096
4,2646
9,0969
4,2199
4,3187
8,5409
4,1779
4,4032
3,8930
9,5695
9,3299
4,2492
8,8591
4,3222
9,2533
3,9560
4,7479
9,4304
3,8192
4,0098
4,9273
9,2841
4,4941
4,0971
9,8575
9,9074
9,5206
9,4616
9,6161
4,5418
9,7261
4,4979
4,5069
9,1820
9,7723
9,0814
4,3924
9,5737
9,0691
4,2228
9,2626
4,4290
4,2688
9,4130
4,8278
4,3838
4,1639
4,3240
3,7105
9,7123
3,8382
9,1502
4,4846
9,7351
9,3517
9,8623
9,6024
4,2301
9,0818
9,3398
9,7348
9,0245
8,9497
9,5165
4,1172
4,7657
4,9458
3,9435
4,2377
4,0533
9,7680
9,1128
4,4530
9,7146
4,1933
4,6246
9,6516
9,0991
8,8856
3,6718
10,0258
3,9548
3,9162
4,4536
4,7578
4,0127
4,1768
4,3413
9,6359
4,3498
4,5425
4,8055
3,8028
3,8465
4,5150
9,6390
4,4713
4,2057
9,6627
4,1056
4,1475
9,4360
4,6722
9,6554
9,5901
3,5920
4,6978
3,9619
4,4542
9,4700
4,5044
9,7264
9,0948
4,7889
9,1459
9,5147
9,8899
9,6348
9,6011
9,4889
9,8105
9,9886
8,6299
9,4702
4,1137
5,0342
4,7258
4,3402
9,6387
8,7354
9,1140
8,9492
5,0514
9,0915
9,2468
4,8073
3,7374
9,3645
4,4738
4,6789
4,3704
4,3694
4,5736
9,3045
9,4701
4,7365
3,8118
4,0970
9,9164
9,8584
9,4168
9,1404
8,9787
4,0017
4,5094
9,3543
8,9772
9,6163
9,5904
4,4950
3,8978
4,2183
8,9609
3,9323
9,7525
4,5099
9,5284
9,5499
9,2163
4,2955
4,8248
4,3713
10,0308
4,7094
4,5051
4,3989
9,4755
4,3852
4,8319
8,9594
9,5516
4,9137
4,2742
9,5727
9,4460
4,3585
9,0731
9,3953
9,2475
9,1381
9,1352
3,4750
4,4772
4,7004
4,4932
9,0532
9,1487
4,0804
4,4771
3,9947
4,2363
9,7798
4,2795
4,8734
4,5726
4,2151
9,4573
9,1164
9,1379
8,8336
4,0389
9,3468
9,6261
4,5808
3,9205
4,6324
9,4776
9,5238
4,8699
9,5464
4,5194
4,3855
4,6013
9,3989
4,1581
9,2319
4,2459
9,5623
9,4319
4,2703
9,0528
9,5717
9,8607
9,0719
9,6654
3,9970
9,3453
4,2999
4,7895
4,3971
9,5108
4,9250
3,9738
4,1678
3,4707
4,2998
4,8946
4,8364
3,7248
4,5488
4,2125
9,4178
9,4366
9,7188
9,7230
9,7023
9,8095
9,1814
3,6984
4,3387
4,9469
9,8080
4,2982
4,3217
4,0440
9,7833
9,4561
9,2090
4,3198
9,9394
9,2455
4,1431
9,4148
9,2685
4,8329
9,5372
9,5995
4,3574
4,4730
9,6435
9,4174
9,6775
4,2661
4,6702
4,1366
3,8412
9,8306
3,9518
4,5985
8,8352
4,2835
8,8148
9,9573
9,9277
9,2465
4,9220
4,3153
9,6725
9,2224
5,0750
4,1286
8,9784
4,4520
9,5032
4,6145
4,5071
4,1812
4,3018
3,7139
9,0941
9,6648
4,3695
4,2505
5,0940
4,1517
9,0970
4,7041
9,5382
9,7386
4,0779
9,4288
4,3164
3,9480
4,4248
9,4975
3,3825
4,4230
9,6092
9,5261
9,3114
4,6120
4,4980
8,9600
4,5330
4,3381
9,3183
3,6814
4,8555
4,1782
4,3846
9,5537
4,2723
9,1740
4,1912
4,4396
9,6383
4,0125
4,5077
9,0506
4,0734
9,2910
4,2698
9,6207
4,0350
4,6108
3,7805
3,6725
4,3833
9,3493
9,2652
9,2062
4,0889
9,4664
4,7677
9,3534
4,2019
4,0702
4,2431
9,3192
9,4603
4,1459
9,3661
4,3133
4,2500
3,8693
4,2479
9,3434
4,1066
9,5048
4,3390
3,8460
4,2902
4,7253
4,4565
9,3383
4,2039
4,5610
4,4304
9,3308
4,4584
4,3792
9,3209
4,3775
3,9544
3,7562
3,8858
9,4544
8,8522
9,3558
4,2881
9,2877
4,6192
9,0859
8,9299
4,5626
4,0772
9,9223
8,7611
4,0449
4,5776
4,7875
9,2593
4,8392
4,1286
4,2582
9,2498
4,3377
9,8658
9,5792
4,2619
4,4614
9,1583
4,0952
4,5006
9,6861
9,4715
3,8736
4,1763
9,4763
3,6680
4,4562
4,6445
9,5104
4,8773
4,6104
4,7934
4,9168
4,7982
9,6998
9,4239
4,3392
9,7289
9,5533
4,1462
4,4219
4,4367
4,4687
4,1981
4,3532
4,2621
4,4188
3,8539
3,9536
4,4515
4,1207
4,9506
9,3383
9,5992
3,7370
4,1036
9,5449
8,7953
4,5614
4,4304
4,5090
4,0548
4,1917
4,9892
9,5589
9,4833
8,9835
9,8979
4,1920
4,3335
4,4606
9,3809
9,5073
9,1206
9,2872
9,4701
9,0722
4,4270
9,8666
4,4007
4,3453
9,2605
4,2442
3,9633
3,9475
9,0361
4,3108
4,4422
4,3580
10,0116
10,0661
9,5837
9,6482
9,2736
4,5657
4,1275
4,5860
4,6840
4,3663
4,1811
9,2092
4,1675
9,3482
4,6568
4,8698
9,1522
9,3994
4,3647
9,0963
4,5685
4,4024
9,2508
9,0483
9,6990
9,9723
10,0230
9,4207
4,2745
8,9651
9,3497
5,4194
9,6747
9,7588
5,1329
4,3603
9,4389
4,2283
5,0010
9,1913
4,6471
3,9399
9,3752
5,0475
4,1383
9,8852
9,5837
9,6318
10,1195
9,2400
9,7821
9,5478
4,5921
9,0772
8,7050
4,8671
4,2534
4,8913
4,4117
9,5953
9,8029
4,5140
9,3205
3,7504
9,5172
9,2702
4,7084
9,0779
9,1949
4,3121
4,6163
9,0940
9,5433
9,2820
4,4817
4,3778
8,8720
9,2238
9,5150
9,4518
9,1861
9,2556
4,1667
9,0207
9,2816
4,5037
4,3252
9,3337
4,2602
9,3685
9,2066
4,2678
3,8304
3,8672
3,8388
4,5787
9,3902
9,4829
4,3122
9,1439
4,2639
5,4026
4,4933
9,6997
10,2492
8,9062
9,5715
9,4276
4,2785
9,4064
4,0066
9,5891
9,1405
9,7947
4,4713
4,8126
4,5644
4,4091
4,3321
3,4405
9,5277
4,1553
4,8806
9,1805
9,3813
4,5877
9,5097
9,8472
8,8559
4,1595
4,2774
9,3608
9,4213
4,2141
4,6355
3,8432
9,5441
9,4735
4,4517
9,3125
9,1916
4,0083
9,4294
8,9703
4,4316
9,5437
4,6080
3,9431
9,6136
9,6886
9,5575
4,4172
9,4102
4,3518
9,5486
9,5192
9,5963
3,8110
4,4574
4,5915
9,1265
4,3453
9,5726
4,4554
9,3743
4,6634
9,2277
5,0763
3,9844
9,5502
9,9541
4,5520
9,1839
9,2008
3,8777
4,0266
9,1384
9,5359
3,8652
4,4322
9,4872
4,1261
9,1390
4,2770
9,3920
4,1021
4,4358
4,5414
4,4111
4,6050
3,8200
4,7843
4,2823
3,9697
9,1367
9,1992
8,8981
8,9292
9,3900
9,5470
4,1551
4,3705
9,3772
9,4371
9,4939
4,4380
9,5521
4,2821
4,6003
4,2273
4,1337
4,6633
3,8646
9,4138
3,9619
4,9901
4,0942
4,2463
4,7096
9,1501
9,1516
4,4875
4,4515
9,8759
4,0671
9,5859
9,2267
3,8554
4,6144
9,1065
4,3793
9,9440
4,2623
4,0935
9,9546
3,9897
4,7655
4,8705
9,2169
4,4535
9,4329
10,0521
9,4117
4,8901
9,7403
4,1829
9,3506
5,0380
9,3412
9,1319
4,1715
8,8897
4,3808
4,2425
9,3133
9,3365
4,8037
9,6281
9,3839
4,7304
3,7812
9,2802
8,5906
9,4763
4,7560
9,4125
4,5938
4,6035
4,2661
4,5498
3,7989
4,5996
4,5949
4,2075
4,3374
9,4511
9,1186
9,7413
4,6023
9,7973
9,8432
9,3131
9,6567
4,3925
8,9729
4,3435
3,5352
9,4140
4,2996
4,0169
9,4332
4,2453
3,8515
9,4471
4,1616
9,5367
4,3731
9,5641
4,0243
9,7214
4,8691
4,8148
4,4355
9,3973
3,9248
9,4795
4,4159
8,7071
9,6271
3,9935
4,1350
9,4253
4,1559
9,2934
4,9097
9,3327
4,3287
3,7424
9,3341
4,1994
8,8177
5,1806
4,1678
9,1803
4,7435
9,3374
3,9931
9,7023
8,6812
4,2599
9,9568
4,4594
9,4990
4,4127
4,7443
9,1688
9,2074
4,1296
9,0118
9,7439
4,6136
9,0800
9,1816
4,0125
9,3869
4,3948
4,3996
3,9021
9,4105
8,9050
9,5177
4,2184
9,2170
8,8783
4,4336
4,2812
4,6672
9,2717
4,1440
9,2667
9,3089
4,6617
9,3200
3,8778
4,4175
3,8368
9,8544
9,3107
9,3651
4,2581
3,8327
9,4863
3,4342
3,8492
9,4256
9,8941
9,5660
4,0309
9,5187
9,4982
9,4649
9,9419
9,1817
3,9951
4,1485
8,9229
9,8532
3,9997
4,8151
4,3080
4,3287
4,0258
4,2079
9,2102
4,3711
9,0085
9,4559
3,8033
4,7494
9,7325
9,6246
9,8606
4,3215
4,1094
9,4479
9,6754
4,0822
4,0649
4,0914
9,1250
4,4840
4,1745
9,1177
9,6095
4,2626
4,2202
9,5077
3,7304
9,5241
9,6951
9,5948
8,8804
9,5264
4,5264
9,7608
4,3335
9,1031
9,0606
4,1154
4,0654
4,3473
4,2824
4,5100
8,9632
9,1610
9,5137
9,3609
4,5695
3,9075
4,5545
4,5131
4,0894
9,1305
4,2621
4,1887
3,8469
4,0126
9,3656
9,6267
4,5276
9,8874
4,6191
4,3720
9,5603
9,1957
4,2231
9,4976
4,0664
9,3406
4,6135
9,2933
4,2045
8,9403
9,0095
9,4893
4,3390
9,3573
9,7053
9,4783
4,4661
9,7440
4,5104
9,5896
4,3432
9,7398
9,6521
4,3808
4,0971
3,9913
9,1250
4,4929
4,3376
9,0761
4,2799
9,3856
9,4668
3,8750
8,9851
9,3855
4,3602
9,4448
9,5083
4,0278
9,2596
4,1735
9,4474
9,3652
4,0642
4,2913
3,1395
4,3651
9,6202
4,7890
4,4917
3,9619
4,7041
9,3855
9,2341
4,5674
4,1076
9,6263
4,4597
9,4158
3,9657
9,7668
9,3282
9,2068
9,4058
9,6200
3,9726
4,7863
9,3727
4,1510
9,7508
9,8582
4,1532
9,1885
4,0854
4,0492
4,2149
4,0810
4,4861
9,1842
4,2354
4,9613
9,7202
3,8470
4,2262
9,6135
9,7848
4,6341
4,4026
9,5909
8,9669
9,1562
4,2626
4,2517
9,2904
4,2026
9,3592
9,2249
4,0974
9,1977
4,1495
9,2984
9,6389
9,2590
3,9719
9,1237
4,0377
8,6842
4,5645
8,9158
9,2947
4,4002
9,1072
4,7143
4,4412
4,6349
4,6549
9,6239
9,1020
4,8444
4,1969
4,2322
9,1339
4,3884
4,4283
9,6980
3,8257
9,4944
9,6654
3,9902
9,4396
4,2047
4,1813
9,1909
3,6514
9,4592
4,8218
4,5640
4,1388
9,3310
4,1543
9,6318
9,1675
3,7749
5,0816
3,6223
4,6575
3,8075
4,3798
4,0444
9,1563
4,3352
4,4121
9,5209
9,2242
4,3924
9,0940
3,7096
4,7000
4,7293
4,0191
4,6915
9,4652
4,1657
8,9455
4,6106
4,7153
8,8168
4,5045
9,0052
4,5337
9,8207
9,7774
9,3791
4,3481
9,3474
8,9254
4,0617
4,6471
9,7321
4,6518
9,2287
8,7071
4,8096
4,2821
4,4839
9,1978
9,5257
9,0637
9,5738
9,4307
9,2721
9,3665
9,6677
9,3611
4,4567
4,8105
4,7728
9,8320
9,5949
9,0297
4,8495
4,6934
4,0519
9,2404
4,1706
4,4942
9,2079
4,3698
9,5363
9,3657
3,8580
4,4445
4,4367
5,0373
3,8424
4,7826
9,2028
4,3296
9,6058
4,1682
9,3342
4,1258
9,7935
4,2492
4,2633
4,2137
9,3856
9,7711
4,0590
4,6650
4,3326
9,2923
9,6928
9,5489
4,2986
4,7852
9,1057
8,6929
3,8650
4,2110
4,1263
4,3812
4,5670
4,3096
8,9761
9,3134
9,2377
9,2806
4,2952
3,8684
9,1152
5,3408
4,1309
4,8460
4,1458
9,3166
4,6830
4,1681
9,5055
9,4903
3,8046
9,0841
9,6319
4,5141
4,3398
4,5385
3,7386
4,1330
4,0410
4,5900
4,0897
9,4668
9,3041
4,1198
4,7097
9,0286
9,0958
4,7110
4,2956
3,8288
4,3658
4,2031
9,0918
4,8175
4,0881
4,2125
4,4423
4,3137
9,1865
4,1662
3,8391
9,3831
3,6489
4,7003
9,2110
4,8797
9,6963
4,8271
4,3015
9,6607
4,2824
4,4129
9,4518
4,7838
4,5155
9,5978
4,3728
9,5129
9,7303
9,4039
3,7978
9,0314
9,6237
3,6565
9,2618
9,2268
4,1413
3,7043
4,2691
9,0989
4,5388
4,5203
4,3661
9,4016
4,1448
4,8386
9,7574
4,2500
9,0372
4,5374
9,0661
4,9328
9,0448
9,1376
4,8412
9,9208
3,7525
9,3931
9,2112
4,1768
4,2120
9,3125
9,6880
9,1170
8,6153
4,9411
3,7152
4,9701
4,5518
4,6891
9,1536
4,0921
4,4687
4,1250
4,5255
3,4779
4,9182
9,5992
4,3158
9,5552
4,2985
9,1385
4,6392
4,7388
9,7545
9,0654
9,5032
9,8936
4,4541
4,1963
4,5785
9,9052
4,9891
4,0712
4,4738
4,1589
4,1399
4,5423
9,2064
4,1465
9,5788
3,6048
9,3233
9,8849
9,3512
9,4081
4,6572
4,1742
4,7378
9,5562
9,5751
9,0149
4,3082
4,0973
4,0473
9,6208
4,8306
9,5612
9,4371
4,5691
4,4259
9,6605
9,8658
4,7889
9,7502
3,9933
4,0451
9,2216
4,5524
4,6683
4,1234
3,7310
4,5809
4,0937
9,8621
4,4985
3,6353
9,4687
9,7722
9,5774
9,5603
5,0831
8,9184
9,2771
9,5549
3,9680
4,2130
4,4640
9,2239
9,6140
9,1907
9,3561
4,6300
9,2037
4,5753
4,5882
9,4957
4,0801
9,8888
4,1018
4,0036
9,7232
4,1298
3,9461
3,9218
4,2229
9,8550
9,3644
9,8011
9,2746
4,2925
3,6242
3,9148
4,3912
4,3711
9,6177
9,5939
4,0527
9,5745
9,3514
4,5495
3,9584
4,4862
4,6229
8,9446
9,8448
4,8012
4,7467
9,7822
4,2955
4,5594
5,0065
10,1165
9,6940
3,8094
9,0670
3,8052
9,6661
9,5782
9,1654
3,7839
4,3177
4,6803
9,3885
4,5557
4,1658
4,4197
9,4243
4,3120
9,3540
4,8690
9,7669
4,1950
9,4473
9,3962
3,5312
3,8913
4,0796
4,2249
9,6478
3,8374
9,0539
4,8938
9,4893
8,9965
9,3436
9,6054
4,1111
9,4424
9,5330
3,7337
9,3245
4,1505
4,2601
4,5887
9,4479
4,7353
4,0013
9,8540
9,2017
3,8874
4,4715
9,5967
3,8019
8,4826
4,9029
9,8052
8,8156
9,4532
4,1306
4,1167
4,5435
9,1398
9,6232
4,5835
9,6555
4,3357
9,7057
4,0960
4,1818
4,6693
3,9962
9,3625
3,6378
9,1988
9,4068
9,4181
4,5922
9,1376
9,3540
8,9607
4,6864
4,2227
4,7020
9,2704
4,2375
9,2303
4,1285
4,0330
9,3995
9,9638
4,9116
9,2657
9,1756
9,7485
9,7007
9,7635
4,6332
4,3361
4,3607
4,4137
8,7315
4,5240
9,4859
9,5796
9,5183
9,3009
9,3151
4,0498
4,4968
3,7006
9,8547
4,1539
3,4784
9,0924
9,2694
3,8788
4,2247
9,1273
8,9109
4,0142
9,7585
9,5378
3,9033
3,8527
9,0106
4,1772
4,3931
9,5217
9,0179
4,6108
9,4380
9,7665
4,2213
4,1521
3,9255
5,0386
9,4748
8,6940
4,4815
5,2015
3,8547
4,0526
4,1024
4,0075
4,4467
9,3752
4,8063
4,2424
4,1585
4,3580
9,4966
9,2365
9,6587
4,2072
9,4320
9,5517
9,5397
9,7776
4,5809
8,8492
9,6374
9,1988
4,4183
9,7252
9,3627
9,2019
9,5611
9,5705
9,1232
4,0953
9,1166
9,6946
3,9865
9,6647
4,3332
9,1876
9,6010
9,5755
4,6592
4,3031
9,0621
5,0503
4,3266
9,1633
4,9911
4,4899
9,0594
9,6312
9,7870
4,1933
9,5409
9,0157
4,2498
8,7242
9,5885
4,3012
9,4167
9,4619
4,1926
9,3839
4,2602
4,1128
9,0051
4,1777
9,4375
9,2332
3,5223
9,9393
4,7603
4,2510
9,9744
4,0074
9,4243
9,4552
4,0466
4,0578
9,4608
4,1849
4,7016
4,1183
9,5943
9,7123
4,6498
4,2228
4,3365
4,9020
4,2934
8,8045
3,8062
9,1797
9,5852
9,7941
9,4898
9,0746
9,6656
4,7476
4,4076
9,4293
9,7206
4,0162
4,4906
9,0884
4,2614
4,2533
4,3030
4,1705
3,6474
4,2710
4,5815
4,8122
4,3370
4,4428
3,9092
4,3998
4,1669
4,6863
4,4042
9,4985
9,1160
3,9746
5,0470
4,4056
4,0816
4,7890
9,5645
9,8348
4,5743
9,6417
9,2683
4,1682
8,8659
4,3071
4,0088
4,6889
9,0804
9,8669
4,8849
9,2491
4,5445
4,7118
9,8835
4,4055
4,9792
4,6735
9,3598
8,9936
4,5022
9,7369
4,7429
9,4474
4,4041
5,1445
9,5879
4,2337
3,4243
4,6148
4,3892
3,9709
9,5745
4,4810
4,4854
4,3984
9,0033
9,3872
9,3757
9,8286
3,2773
9,4606
10,0018
4,1268
9,3666
9,4478
4,7830
4,8685
9,4088
3,9664
9,5576
8,9234
4,3764
4,6000
4,3253
9,4106
9,3070
4,5939
4,5554
4,1637
4,1451
9,3002
3,7631
9,0342
9,7017
9,3403
4,6631
9,3956
3,8650
4,5346
9,6488
9,6052
9,2996
9,3999
9,4078
9,6313
3,9689
3,8052
5,2066
9,6823
9,2795
9,3029
8,8182
4,4478
4,4823
4,1128
4,4092
4,3048
4,3737
4,4540
9,4674
9,0828
4,3984
4,0983
9,3588
4,5032
4,8899
3,9189
9,6193
4,6659
4,2311
4,3478
4,5642
4,0936
9,1922
9,7071
9,2202
9,3546
3,9383
4,1973
4,7231
3,8702
4,4307
4,1659
9,6224
9,7418
9,2877
3,9285
8,8272
4,3124
9,4056
4,0025
9,4928
9,9030
4,3109
9,4529
4,4121
9,4951
4,1848
9,9173
3,8801
9,1346
9,3701
4,2554
9,5771
9,5563
4,2432
9,3681
9,5921
9,4907
9,4553
4,6438
9,9369
4,0444
4,1788
9,6750
4,3887
9,3640
4,5823
9,5741
4,5463
4,6963
4,0777
9,5897
3,6258
4,1293
4,3163
9,9872
9,3564
4,0238
8,8190
9,7119
9,2585
9,4728
4,0277
10,4092
9,2819
4,5922
4,1622
9,9805
9,0293
8,9350
9,0013
9,6910
9,3723
4,4791
9,3880
4,6977
4,5586
9,2544
9,7982
4,1717
9,0797
4,3613
4,2013
9,3033
4,9597
9,7933
4,6406
4,9426
3,9321
4,6515
9,2340
4,5764
4,3651
4,3625
9,6054
4,5918
9,3603
4,1688
4,2410
9,1445
4,5185
3,9725
4,5545
9,4830
4,7002
10,0148
4,6874
4,0161
3,5824
4,8380
9,4447
4,7482
3,8969
4,6401
4,0328
4,3648
4,3019
9,0950
4,2523
9,2824
9,0538
4,0769
9,5135
8,9922
4,5903
4,4193
9,5458
5,0810
9,7153
4,4932
9,4682
9,5192
9,3040
3,8974
4,1473
9,7501
4,1163
9,5483
9,5344
9,4766
9,3144
4,2456
9,1662
4,5259
3,8395
4,4708
9,2488
3,8433
4,6504
9,2070
9,6558
9,3686
4,3991
9,2810
9,6130
4,5311
4,7491
9,4860
9,7733
9,3965
4,2400
4,3573
8,7459
9,7185
9,2306
9,3114
4,5584
4,4694
9,8245
3,8042
9,3394
4,0581
4,1362
4,2963
4,6623
4,1565
4,8670
4,3176
8,9562
4,8980
8,9121
3,8562
9,5803
9,0820
9,0784
9,4143
9,3136
9,6640
9,4236
4,9552
4,1234
4,4378
3,9882
4,3229
4,4579
3,9704
9,5709
9,1886
4,8511
9,0888
9,4271
4,4642
9,1513
10,1513
9,1645
4,8174
4,4354
9,2043
3,8567
4,6946
9,6353
4,2023
4,7788
9,7316
9,6718
9,2080
3,8904
8,9726
4,5008
4,4504
9,3192
4,2017
9,8665
4,4977
9,5887
9,6107
9,4321
4,4746
9,4071
9,3536
4,6450
9,9706
9,4956
9,8753
4,4170
4,1800
9,7820
3,6698
9,5461
3,7739
4,0353
8,8543
9,6642
8,7076
3,8705
9,3448
4,5144
4,7700
9,1005
9,4449
4,1039
9,1950
9,1980
3,9736
9,4326
4,8388
9,2931
4,5920
9,7265
9,0629
9,4003
4,0065
9,5614
4,5896
9,3861
9,0228
3,5826
3,8775
3,9514
9,2161
9,3887
9,4349
4,4774
9,2352
4,4588
9,8070
4,4567
9,8060
4,2008
4,1035
4,2595
4,0572
4,4631
4,6065
4,1083
9,5738
8,9521
4,3168
9,9366
4,1250
9,4008
3,9247
4,5076
8,9925
4,7728
9,2308
9,5787
9,1916
9,0842
4,2425
4,0755
9,6707
4,7936
9,3234
9,4264
4,2975
3,9545
4,6895
9,3178
4,9420
9,4592
9,8712
4,7867
9,8547
9,1839
3,8408
9,1814
9,2146
4,0239
3,8521
3,9991
9,7354
9,4104
3,4854
9,4680
4,6039
4,6504
5,0497
9,6666
9,3233
9,3317
4,3799
3,7789
9,3393
3,7949
3,9810
4,5998
4,5596
4,5658
3,7298
9,5014
3,8370
4,2265
8,9832
4,0495
3,7346
3,9927
3,7507
9,2992
8,9672
4,1878
9,4398
8,9202
4,3960
9,0587
4,4658
4,5843
9,6114
9,1755
4,0202
4,9097
9,2742
9,2716
3,7998
9,1738
4,2515
4,2559
4,7627
9,6640
4,2086
4,1020
9,0164
9,7945
4,3213
9,7810
3,9801
9,4979
9,5539
9,2072
9,2574
4,3553
9,8907
3,9277
10,0445
9,3074
3,9086
4,7908
9,0966
4,8730
9,3350
4,5349
4,4548
9,1427
9,2820
9,5812
9,7482
4,6549
5,2276
3,9767
9,4497
5,2529
4,6514
8,8081
3,9107
9,9190
9,5894
9,6778
4,5052
4,2134
3,4577
4,4436
4,5579
9,0707
9,6444
4,5825
4,6915
4,7639
4,3568
9,5317
9,0281
4,4955
4,0003
9,2088
9,4018
3,8835
9,0438
8,9833
9,2488
4,5051
9,1228
4,1058
3,8929
4,5248
9,5212
4,5467
9,5921
9,3970
8,5251
9,1705
9,5765
9,4524
4,3985
3,9757
4,5352
3,8136
9,5841
3,6837
9,0110
4,1202
8,9584
3,7737
4,1592
4,2114
4,5515
9,1004
4,2994
9,6503
9,2023
4,5758
9,4581
3,8618
4,1850
4,4416
4,5591
4,2581
4,4043
3,5791
4,3506
9,2861
4,5911
4,7284
4,6340
4,3600
9,5861
9,8838
4,3019
9,4592
4,5888
9,3133
3,5417
9,7082
4,1121
9,7333
4,0784
4,1769
4,4675
9,5514
9,4594
4,2903
4,1689
3,8458
9,4331
9,1598
4,5773
9,4968
4,8477
4,1493
4,4152
9,3819
3,8307
4,2712
3,7004
8,8964
4,4974
4,2799
3,1838
9,9409
8,7054
9,4360
9,2800
4,4882
4,6397
4,1520
9,5245
9,5333
4,3144
4,5036
4,0075
3,6523
9,7537
3,9304
4,6647
9,9485
4,3379
3,6720
8,8706
4,1457
4,0560
9,3416
4,9121
3,8202
4,1357
4,5707
4,1813
4,6675
8,9505
4,4104
9,9793
4,4830
3,9000
9,2262
9,4134
4,2422
9,8364
9,1233
9,5985
4,1682
8,8979
9,3708
9,4425
4,1301
4,3606
9,3566
9,1281
8,8377
9,7412
4,6564
9,3686
4,0164
9,2217
9,6395
4,7215
9,5912
3,8682
9,3430
9,6010
9,3279
10,0036
4,6538
4,0718
4,0327
9,2723
3,6907
4,2759
4,7319
10,0946
3,9593
3,9047
3,8921
9,3291
3,9312
4,2753
3,6479
4,8343
4,1703
3,9691
9,8047
9,2608
4,2013
4,3722
9,3548
4,3802
4,3587
8,9294
9,2004
3,7880
4,3233
4,2953
4,0108
9,7150
4,8419
4,1122
9,3185
4,3685
4,5304
4,1935
9,2083
10,0517
9,8895
4,4468
9,1202
4,4030
9,4099
9,4500
9,1182
4,4290
4,3847
4,1705
3,8736
4,0298
4,3825
4,8091
3,6910
4,3815
8,8059
4,0000
9,2187
4,3386
4,3594
9,3278
4,4883
8,8918
9,4942
8,8286
4,3031
9,4762
9,4299
4,3531
9,9347
4,3734
4,9582
9,2384
3,9631
9,5332
4,2589
9,0526
3,7731
4,3215
3,8900
4,3734
3,9657
9,1057
4,1012
3,8964
4,3460
4,4437
9,2950
9,3473
4,0557
4,5331
4,6390
4,4528
4,1796
9,9355
10,0519
9,6680
3,7485
9,2013
9,9535
9,6674
4,5333
9,4517
9,7021
4,9477
9,3869
4,5191
4,0931
4,3009
9,5822
9,7284
3,8585
5,2013
4,1613
4,2358
9,4959
3,9829
4,0905
4,5242
9,4544
4,0258
9,3168
4,4027
9,2876
3,9885
9,8590
4,6083
9,4175
4,6111
4,4423
9,0125
4,1060
3,9313
4,4010
9,9750
3,7341
4,4093
9,2906
9,3881
4,6897
9,4446
9,2386
3,9184
3,6669
3,9463
9,5517
4,4865
4,1623
9,5114
4,1749
4,7153
4,3686
4,2520
3,7603
8,6903
9,3555
3,5911
4,6090
4,0242
4,0898
3,5646
4,2381
9,1487
9,5124
4,5818
9,3165
4,1700
4,5479
9,3332
4,9646
4,0724
9,6260
9,1201
9,5063
4,2196
4,2331
9,4146
3,9583
4,3550
9,5471
4,7952
9,5378
4,4978
8,7510
4,2861
9,3377
4,4569
9,2932
9,3868
3,9261
4,2484
3,9553
8,6474
4,2415
4,6479
9,2305
9,1657
4,2692
4,4789
4,1861
4,3662
9,5956
9,7610
9,0969
8,8395
5,2158
4,5368
9,5544
3,8873
9,2905
4,2512
8,9014
9,6853
10,0660
3,9159
9,5102
9,6082
4,7096
4,3753
4,1128
4,5488
4,3472
4,9435
9,1337
9,4528
9,4089
9,0379
4,4204
5,0167
4,8332
3,8466
4,7873
4,6823
9,4064
9,2779
4,4419
4,4660
9,2447
9,2524
4,3138
9,4557
4,7881
3,8140
9,4079
4,3495
4,1659
9,4089
9,2387
9,1307
3,9736
4,7401
4,6622
3,9938
9,3828
8,7102
9,6219
4,2985
4,6213
4,4893
9,5452
9,5242
9,2329
9,2139
4,4277
9,2856
8,7254
9,3629
4,6379
9,5415
4,7321
4,8651
4,2618
9,7478
4,2961
9,8664
4,1820
9,5564
4,5138
9,2804
9,4361
9,5049
9,0622
9,8476
4,7893
4,3797
3,7444
8,9447
3,7965
3,7895
4,3478
9,1227
4,9042
9,3454
4,2296
4,4808
3,6129
4,5847
4,2021
9,7309
4,5665
9,7307
9,2674
10,0091
9,1756
9,5036
4,8000
4,7746
4,0732
4,6454
4,1847
3,9776
4,1349
4,0350
3,6161
4,2905
4,5301
9,0995
3,3628
4,6437
3,3598
9,7023
4,2157
9,3407
4,3819
9,5875
9,4305
9,1667
4,0787
8,7806
4,2851
4,2486
3,9904
4,0708
9,4898
9,4432
4,6171
4,4627
4,0946
8,8854
9,4952
3,8349
9,3662
9,2415
9,2216
4,5985
4,1508
4,0692
9,3317
9,3203
9,6777
3,8049
9,8212
4,1240
3,7059
9,5459
4,2653
9,2995
9,6225
8,9818
4,3298
4,0173
8,7961
4,3611
4,3215
9,9862
4,3716
9,1611
9,7377
4,4205
4,0466
4,4225
4,4683
3,6676
9,5285
9,6080
9,2914
9,3712
5,0442
4,8712
8,8775
3,8292
9,7237
8,8426
5,4759
4,7723
3,8048
9,1827
4,5492
3,4511
5,1121
4,6817
4,6715
8,8378
9,1643
4,2788
4,5107
9,1744
4,3005
4,1407
9,7138
4,4301
4,2409
5,0882
9,9845
4,0845
9,1470
4,0418
9,9486
4,4447
9,6556
9,1755
9,7178
4,0726
9,3556
9,1239
3,8962
9,6769
4,6263
4,2578
9,1166
3,9088
9,6602
3,9078
8,9664
9,6606
9,1157
4,4964
9,3229
4,3490
4,5037
3,8718
4,1667
4,2399
3,9910
4,3743
3,9102
4,1717
4,1109
4,5873
4,2850
9,4364
9,5022
4,3873
9,1235
4,4564
9,3386
4,5894
4,6273
4,8084
4,5251
4,0415
9,0669
4,2271
4,1103
4,4585
4,5918
9,1903
9,4640
8,9200
4,6954
4,7888
4,4578
4,2890
4,0546
4,1016
4,1516
4,6960
4,2960
5,0484
8,9277
8,9800
9,2468
9,5989
4,8101
4,9609
9,7964
4,7330
4,9065
9,8418
9,8028
4,2079
9,3999
4,7053
4,0586
8,9979
9,9371
8,6411
4,1320
9,6461
9,7065
3,9491
5,0252
4,9910
4,3300
4,5638
4,4994
10,0225
4,3541
3,9466
5,1275
4,7838
9,8594
9,5078
9,1186
9,4161
4,3972
10,1900
3,7480
9,3622
9,5612
4,2810
4,3805
9,3808
9,2631
3,7125
9,8648
4,3606
4,6303
4,3219
3,7684
9,2051
9,4942
4,5351
4,6399
9,4465
9,5252
9,6688
8,7901
4,6872
9,2366
9,5394
3,9580
4,2210
9,5388
4,2448
9,3017
9,1373
4,5912
9,3584
9,8222
9,3411
9,9123
9,2232
3,8188
4,0934
9,2484
4,3762
4,1631
4,6674
9,3363
4,3009
4,0872
9,3269
9,2749
4,7596
9,4404
9,3765
3,9814
9,9025
4,5111
8,7835
4,3612
3,9278
9,3083
9,1246
9,4023
4,3759
9,7146
3,7622
4,0849
9,3750
9,2716
4,4859
9,3248
9,6345
9,6522
9,4076
9,3420
9,0881
9,6046
4,6581
9,4347
9,2859
4,7577
3,9765
4,2851
4,7698
9,3215
5,0002
9,2435
5,0394
9,5425
3,8604
9,2950
4,2493
4,2315
9,6368
3,9434
3,8483
4,1979
4,8808
4,0861
4,3869
9,6626
4,3183
4,6575
9,5047
4,1230
9,1311
3,8760
4,5947
9,2813
4,7946
9,3915
3,9368
3,7282
3,9674
4,8880
4,4919
4,3168
8,8896
9,2226
3,9175
3,8939
9,3903
4,2451
9,6535
4,5203
9,6416
9,7226
9,1370
8,8126
4,1757
9,3541
4,1136
3,8630
9,6044
4,1382
9,8446
9,2645
4,2780
4,5843
4,5216
4,5236
3,7915
9,1746
9,3781
4,1643
4,1790
4,9520
4,0189
4,4282
4,4764
4,0161
4,6229
9,7891
3,9887
9,6520
4,2388
9,2045
4,5690
4,3942
4,1789
8,8362
8,9194
3,9334
4,1965
3,9882
4,7182
4,9777
4,0700
9,5405
9,7229
4,2362
4,6677
4,5788
4,1579
4,3337
9,2683
8,9088
9,5833
4,7610
9,3867
9,3689
4,0675
9,6594
9,3687
9,4640
3,8247
9,4204
9,4726
4,0394
9,6267
4,7221
4,3361
9,6008
9,2091
4,8185
9,1385
9,6273
4,3464
9,7294
9,5965
8,9598
4,1827
4,4611
9,6633
4,1667
3,7522
4,1053
4,8197
4,1349
4,4933
4,6681
9,5277
4,3197
9,2915
4,2939
9,1838
4,0683
4,3995
4,4526
3,9432
9,6249
9,3376
9,2346
8,7610
4,2363
4,7030
9,7587
9,3288
4,5259
4,5070
9,0227
4,5312
9,6612
9,0653
9,4419
9,2197
4,8772
9,4467
9,2428
4,8588
3,8462
9,2511
4,6202
4,1076
9,9965
3,9628
9,5957
4,0670
9,7385
9,2829
4,6173
4,1167
4,4453
4,3289
9,8593
4,1045
4,3245
4,5917
9,0985
4,3837
9,6052
4,2680
4,6345
9,5725
9,7046
9,5613
9,8809
9,6849
4,2271
4,7950
4,7144
4,5527
8,7447
9,9161
9,5490
5,1638
4,1022
9,7675
4,3473
9,6187
4,4669
9,5281
9,3390
9,3189
4,4035
9,4997
4,4172
4,3797
4,2511
9,7244
9,9769
3,9644
4,7826
4,0340
4,4480
8,8387
9,0418
4,0422
4,5789
9,5199
4,2078
3,8780
9,2585
8,8617
3,7927
4,0272
8,9944
4,4541
4,1378
4,4676
3,9746
4,1734
4,2236
9,3930
8,7858
4,2418
9,3877
3,9096
4,2821
4,1851
9,1863
4,4891
9,6617
9,2645
4,8037
4,4305
9,3217
9,8500
4,7231
9,5624
9,0313
4,4286
4,2240
4,3794
9,8986
3,8216
3,5278
4,4373
9,7643
4,2957
4,7686
9,5908
4,2152
4,3253
9,6233
9,3650
3,5932
4,2241
4,3997
4,5702
4,6860
4,0647
9,2959
4,3465
4,3192
4,2038
4,4085
4,1473
4,0820
4,0770
9,6158
10,2471
4,0097
9,2269
9,2724
9,2913
4,0197
4,0466
8,7024
3,9070
9,3741
9,3282
4,4746
3,9883
4,0599
9,1401
9,7350
4,1430
4,1379
9,4349
4,4785
9,3646
4,5509
3,6127
9,7462
9,7547
9,6799
9,7925
3,6049
9,2237
4,0416
4,6115
4,4838
4,6916
9,3580
3,9669
9,7515
9,6044
4,0805
9,0801
3,8700
4,1240
9,8202
4,3313
9,5991
9,3609
4,6194
4,4586
9,4395
4,4302
4,0720
4,4304
9,4589
4,0997
9,1755
9,0503
9,6698
9,6548
4,5885
9,4780
4,8036
9,1291
9,4788
9,2515
4,1375
9,5035
9,6873
4,2246
4,1988
4,0786
4,6112
9,7715
9,0864
3,9457
4,0836
4,0837
3,8036
4,8290
9,4436
4,1855
9,1504
9,4553
4,2028
4,1319
4,1969
9,1566
9,7078
4,2039
4,2972
9,5419
9,3381
3,9093
9,1066
9,2453
9,4070
9,6940
9,3270
9,6514
8,9610
9,7432
4,4415
5,2528
4,6614
9,2126
4,6881
9,6685
4,5609
9,2595
9,4695
3,9845
8,9993
9,6216
4,5893
8,6059
4,0662
3,8887
4,7475
4,4649
9,3349
4,2773
9,5463
9,2837
4,6641
4,5479
4,3607
8,8947
9,1488
4,4615
4,6573
9,0689
9,4298
9,5936
4,9222
9,2144
4,5402
8,9685
9,5055
4,3183
4,4307
4,5668
4,4947
4,2597
4,0978
9,5447
3,8285
9,5202
9,0836
8,9841
3,7651
9,4207
4,1696
9,9088
4,2182
4,4649
4,1804
4,5784
10,2037
4,8711
4,2016
4,7710
9,4279
9,2993
4,0605
4,1826
9,4878
9,9121
9,4169
9,1802
4,4242
9,5314
4,2468
8,8967
10,1203
3,9754
9,8934
9,6011
4,1394
4,3584
5,0948
4,7340
9,9693
4,5705
9,0646
9,5438
9,4897
4,6273
10,1874
4,7741
4,1984
4,0165
9,4922
8,9924
4,1855
10,0014
4,4587
9,6016
9,7583
4,7107
9,3909
4,1214
9,3962
3,8893
4,1268
4,3779
9,4835
4,1764
9,5500
4,2034
4,5361
9,5819
8,8066
4,3458
4,0044
4,0910
9,7457
4,0642
4,4066
9,6356
9,0480
4,2739
8,9693
9,2248
9,3580
9,6340
4,1566
10,1027
4,6005
9,5178
9,2076
4,1272
3,8880
9,1409
3,8535
8,9357
3,9842
9,4691
3,7365
9,3126
9,5623
4,4820
4,4693
4,2793
9,6028
4,2483
9,6921
3,9756
9,5116
4,0982
9,4698
9,0190
8,7071
4,4366
3,9725
9,6230
9,4576
4,2848
3,7250
9,4764
9,3623
4,0812
4,4585
9,6524
3,9019
9,4476
9,1652
4,4334
9,5045
4,0191
9,4607
3,9404
8,8424
3,9891
9,3533
4,0752
4,2224
9,2644
9,2049
4,1076
9,5076
9,0383
4,2459
9,2714
4,5373
4,8342
4,0617
9,0580
3,8440
4,2755
9,1593
9,4820
4,0221
4,2264
5,0097
4,3025
3,9349
4,3281
9,2700
4,2259
4,1211
4,0603
9,3209
4,1127
4,9117
9,2229
4,3296
4,3099
9,8903
4,6762
4,5042
9,2836
9,0545
9,8121
9,1332
4,7127
4,1779
4,4728
4,4473
3,9018
10,1312
4,5951
4,3369
9,5175
9,2543
4,3856
9,0548
4,6617
9,1094
3,7275
9,6209
10,1038
9,6933
4,7830
4,4114
8,8935
9,3281
9,6906
3,6206
4,2515
4,2027
9,8308
9,0158
4,0645
9,5819
3,9849
5,0038
9,5944
4,2344
3,8867
4,2276
4,5094
4,8066
9,2868
4,1015
4,4470
4,0324
9,3552
8,9018
9,6825
9,4381
9,6421
9,6320
9,6144
4,6548
3,9320
9,3368
9,2668
4,0585
4,3805
9,4548
8,8289
9,0977
3,5320
9,5639
4,2804
4,2164
9,7365
9,7321
9,4962
4,4928
9,7750
9,5788
3,9039
9,8181
4,0123
4,4115
8,9329
9,3189
8,8987
9,9673
4,4291
9,1352
8,9941
9,4513
4,8057
9,7965
4,3554
9,2726
9,7455
4,7180
9,0159
9,4785
9,3491
9,5690
4,3695
4,2629
9,4110
9,4545
4,7918
9,4790
10,3740
9,6693
9,4499
9,2761
9,5083
4,3499
9,2867
8,8909
9,2495
4,6542
4,7421
9,1992
9,8071
4,3559
4,0146
4,6904
4,2270
9,2703
4,4310
9,2292
3,9723
9,4172
9,5777
4,4717
5,1447
4,5702
4,7305
4,6082
4,4459
3,6457
4,4567
3,7015
8,9351
4,0335
9,7257
4,1986
9,3627
8,9959
9,3896
3,8562
9,4161
9,1533
9,8438
4,3600
9,0425
4,6973
9,4762
9,3418
4,6817
4,6953
9,8850
4,8923
9,5768
4,7126
10,2358
4,4939
4,1129
4,3648
9,9709
9,4005
3,8275
4,4579
4,4170
9,2144
9,0374
9,2546
4,9697
9,1627
4,5883
9,2775
4,2145
4,1191
4,5718
3,7919
4,1492
9,0965
4,9995
9,5396
4,0187
9,3744
9,2891
4,0262
4,5965
9,7583
4,6324
9,6488
4,6238
4,5006
4,5030
4,2854
3,5651
4,4477
9,2922
4,1004
4,0734
4,2447
4,0228
4,3585
4,7697
9,5387
9,1324
9,5818
9,3008
9,4435
9,5573
4,0580
4,6278
9,5385
9,0198
3,7490
9,5064
9,1002
9,7378
9,5023
4,4862
4,5512
9,3314
4,6730
5,0118
4,6440
9,8808
9,3719
9,4376
8,9507
9,7274
9,4927
9,3440
9,3515
4,2162
9,2962
9,5546
10,0990
9,2257
3,6976
4,6423
4,1375
10,1751
4,7765
4,6163
4,9845
4,8901
10,0175
9,3547
4,8044
4,2344
9,1111
9,4805
4,2247
9,2303
9,1724
3,7610
9,3427
4,7742
3,8765
9,0971
9,3528
9,4830
4,4636
9,6999
3,8742
4,0735
9,8170
4,3811
4,0911
9,6508
4,7243
4,1168
4,2289
9,5594
4,0505
3,9093
9,6432
4,3481
9,2661
9,1359
9,6842
4,4448
10,0248
4,3700
9,7061
4,5328
4,4074
9,7470
9,2616
4,1277
4,4664
4,1311
4,2434
9,5270
4,4257
4,7551
3,8599
4,4725
9,6541
9,2106
9,1780
9,1826
8,8672
9,3624
8,7633
3,8301
9,5669
9,6128
4,2566
9,3372
4,2288
4,4454
9,3969
4,4703
9,6365
8,6569
9,3429
9,7838
4,2964
3,8767
4,1101
4,3448
9,4900
9,5046
4,3597
9,3413
4,2717
9,0598
4,5729
9,8389
9,1823
9,8579
4,3796
4,0777
4,3341
9,8124
4,6167
4,2502
4,7809
4,3033
4,5464
4,8870
9,6224
9,6982
4,1327
4,7687
3,8615
4,3662
4,3700
3,9176
4,3321
4,7296
9,6003
4,9363
9,4313
3,9645
4,2592
4,3291
8,8493
5,0402
4,4385
9,3077
9,2908
4,7402
9,5215
9,2739
4,7110
3,9740
9,2654
4,4195
4,5912
4,5404
9,6607
4,7184
9,6660
9,5873
4,4493
9,7898
9,6667
4,6505
9,4912
4,6565
4,9854
4,5160
8,6128
9,4688
4,4385
4,1349
4,3939
9,5973
9,5862
9,7357
9,0961
9,3890
4,3201
9,1179
9,6710
10,0711
8,9044
9,7275
8,9957
3,7218
9,0286
3,9400
9,4284
4,5696
3,6836
4,4439
4,5225
5,4708
4,0763
9,6519
9,0169
9,2375
4,5249
9,0060
4,2641
9,5559
4,0499
9,6606
4,3512
4,2803
9,8202
3,5854
3,4378
4,0448
9,3807
4,5020
9,1648
4,8606
8,9280
9,6915
4,3165
3,9701
4,1013
9,6497
4,4824
5,0582
3,8994
4,0737
9,5851
4,1617
9,0809
3,5662
4,1441
9,3090
9,1237
4,1212
4,5261
9,4498
9,6963
9,6738
9,2255
3,8533
9,2028
4,3452
9,6017
9,0186
9,0393
9,0723
9,8004
4,4318
9,1820
4,5569
3,8938
4,3927
4,6038
4,7777
9,3314
4,3911
4,1706
9,1017
4,0325
4,7766
9,1113
4,5194
9,4482
9,2919
3,8813
4,4988
9,8968
9,6561
8,9692
4,0386
4,9068
4,1056
4,0520
9,6549
9,9519
9,3352
3,9397
9,2590
9,9919
3,6462
9,1020
4,4959
4,0682
9,8786
4,7220
4,4961
4,4762
10,0233
4,2871
9,6407
3,8638
3,9116
4,3523
4,3991
3,8671
8,9971
4,1581
4,7386
9,3492
4,4276
9,1149
3,7539
4,3342
9,3970
8,9534
9,4705
4,1606
8,6973
9,1857
9,5488
9,5052
9,6687
4,2929
8,9943
4,2933
9,2386
4,2772
3,4298
4,2519
8,9499
4,3920
3,6792
9,8452
4,6405
4,9349
4,5762
4,0234
3,6353
10,1767
9,7944
9,3137
9,1171
9,2085
4,0261
9,2530
4,1976
9,3675
8,4888
9,1082
9,8147
4,6029
9,3381
9,2569
4,1852
4,4019
9,3313
3,9689
4,1869
9,2357
9,5801
9,2558
9,8161
4,2698
4,1227
4,2734
9,1156
4,2611
9,3451
4,4851
4,1861
4,4082
9,4352
4,3673
4,0125
9,4600
9,6842
9,5145
4,8837
5,1246
4,4084
4,3842
9,9765
9,3151
4,4722
4,2049
9,5568
10,0041
9,7215
9,5897
4,6093
4,4169
4,4740
4,4274
4,2739
8,9567
9,1328
9,3535
4,2921
9,1167
8,8890
4,1153
4,3265
4,5039
9,6470
3,7538
9,2689
8,9180
4,2076
4,6075
9,4242
9,2741
4,5355
9,6954
4,3494
9,7044
4,0050
10,0511
4,4724
4,3950
4,4185
4,7658
9,2342
3,7458
5,0437
9,5687
9,8783
4,2618
4,0042
9,6450
4,9529
9,5090
9,8433
4,0859
9,5314
4,3477
8,8716
4,2719
9,6752
4,2706
4,4005
9,7371
4,1414
4,6119
4,9946
3,9405
4,0174
4,6532
4,1160
4,9017
9,4711
9,5647
8,8948
4,6838
4,2090
4,5130
4,5505
4,7916
4,5205
3,9382
9,5950
9,3353
9,4278
9,5585
4,0206
9,3496
9,1827
4,4921
8,7617
4,4315
4,3622
9,3449
4,4138
4,1707
4,2322
4,8795
4,1802
9,8561
4,3755
9,5103
3,6188
9,5752
9,0174
9,5781
4,5374
9,2063
4,4900
9,7188
4,1501
8,4824
4,0593
4,8852
9,5710
4,2294
9,3333
9,3891
9,5482
9,5136
4,3268
9,0241
9,3102
5,2762
3,8797
9,9084
9,2906
3,9491
9,7983
9,9875
9,7040
4,5567
4,2449
8,8354
9,4256
3,9963
4,5574
4,8158
8,7816
3,9512
4,0033
3,7784
9,6381
9,6966
3,8613
3,8058
3,7957
4,4649
4,1113
8,9902
9,4130
4,3960
4,2009
9,2580
9,1703
4,5010
3,6380
4,3619
9,2563
9,4395
4,4733
4,1864
3,8494
4,6264
4,6573
4,6873
4,4640
9,6286
9,4992
9,1852
3,9255
3,7772
10,1617
4,2586
4,2771
4,2502
4,5450
9,1707
8,9240
4,5799
4,4934
9,7459
9,0249
4,5721
9,5342
9,6641
9,5893
4,4888
9,5320
4,4999
9,2885
4,4354
9,5059
9,0259
3,7648
4,6928
4,8004
3,5280
4,8610
9,5911
9,0829
10,0848
9,7455
4,4759
4,6495
9,0946
4,6302
9,3044
9,1382
4,0552
4,4751
9,5707
4,0725
4,3815
9,5969
4,9138
4,6800
4,6831
3,7668
9,1739
9,2687
4,6389
4,6671
3,9767
4,5404
4,0569
4,5603
4,4832
4,5753
9,6043
8,8874
3,8892
9,4954
4,1339
4,3772
4,3179
3,4290
9,7792
4,1808
4,4006
4,4388
4,1882
9,5283
9,7009
4,1899
4,0763
8,6078
9,4611
8,9205
3,9317
9,7732
9,4151
8,6400
3,9187
4,0731
8,6740
9,4561
4,3851
4,3396
10,0909
9,3962
4,4304
4,9788
9,1457
10,2147
9,2772
4,7215
9,4837
3,7890
9,7276
4,4090
4,0459
3,5066
3,9629
4,4692
9,7152
9,2681
9,0959
4,5442
4,7244
9,2174
8,9297
9,1805
9,6397
4,5683
4,4304
9,1847
4,9830
9,4573
9,5658
4,3446
4,1702
9,1534
8,9771
9,2411
4,4436
8,9525
9,4974
9,0006
4,0100
4,6815
4,5856
9,6645
9,2409
4,0523
4,5406
4,1614
4,3394
3,9306
9,4365
4,1904
4,1422
9,1227
4,1908
9,3788
4,1238
4,0807
4,0799
4,3647
4,3144
9,8198
9,5913
4,4839
9,4600
9,5289
9,1365
9,2070
9,8859
8,9643
4,2590
4,8776
4,3414
4,0461
9,7916
9,7384
4,2994
3,9075
3,9137
4,2274
8,9709
4,1115
9,3183
4,1918
4,3926
9,5520
9,2601
9,9517
9,5356
4,5811
4,5578
4,2486
9,4154
4,9717
9,2612
3,8819
9,6923
9,5901
8,6952
3,6074
9,3578
4,4744
4,2553
4,0798
4,4082
8,8226
3,8739
4,3256
9,0877
10,0503
9,8846
4,7744
4,2081
4,6528
9,4412
3,5052
9,7195
9,6691
9,3464
4,7055
9,8514
9,5807
9,1718
4,2602
9,2209
9,2238
4,1080
3,7029
4,4116
9,6607
4,6363
9,3770
4,4807
4,3642
4,1803
4,1602
4,4608
4,1335
9,2378
9,4449
9,1902
9,7657
4,7058
9,6081
4,3803
9,5024
9,6072
9,0295
3,7281
9,5497
9,5340
9,1066
3,6224
4,7692
9,3889
9,3105
9,5441
9,6106
4,6997
4,3765
9,2301
9,2340
9,0060
4,2858
10,0119
8,8444
3,7867
4,2579
9,5849
4,1441
4,4895
4,4653
3,9768
4,4732
3,7220
4,3665
3,8686
4,1224
4,2923
9,6941
9,3573
3,3067
4,4179
10,3275
9,8854
4,2174
9,3559
9,4774
4,3136
9,2892
9,5869
10,1874
9,5174
9,6274
4,3376
9,4853
4,8731
9,3069
9,6710
9,6062
9,3063
9,4113
4,6976
3,8339
9,2715
9,5902
4,4777
4,6711
8,8420
4,3283
9,1348
9,8961
8,9648
9,4706
9,2431
9,5695
4,4837
3,4669
4,0023
9,5032
4,6303
4,9174
3,8158
9,6845
4,6623
4,4811
4,5421
4,2072
4,2601
4,5984
4,3627
2,9888
4,1995
4,0250
9,2253
4,5666
9,7485
4,2016
9,5636
9,3192
4,3936
3,7207
4,3983
9,3106
9,1332
9,8642
4,4253
4,4375
9,2518
8,9537
4,2373
4,2945
8,9030
10,1549
9,0636
4,4396
4,3896
4,1026
4,5077
9,2060
9,1140
4,3071
4,4635
4,1929
4,1614
9,2773
4,3785
8,6387
9,2774
4,6386
9,7682
4,0737
4,1088
9,5046
3,7812
4,6601
4,1812
9,0221
9,3538
9,3739
3,9705
9,0747
9,0612
3,7984
9,9027
4,4474
9,0126
9,6520
4,9364
9,5219
4,4170
4,1188
9,6739
4,6021
9,5203
9,2444
9,7268
4,4696
9,8295
9,2134
3,9169
3,8390
9,8966
4,0864
9,1725
4,0922
4,4822
3,9020
4,0694
4,5206
4,6993
3,8760
9,5864
4,2164
4,7207
4,0620
4,3326
4,9760
3,7132
3,5782
4,3158
9,4936
4,2213
4,2826
3,9509
4,3046
4,1018
4,3129
9,0611
3,7949
4,2418
3,8696
4,0784
9,2524
9,3006
3,8581
9,5690
4,6594
9,2253
9,5102
4,8033
4,2984
9,7876
4,6821
4,5981
4,4115
9,4598
4,7908
4,8325
4,2413
9,6685
4,7109
4,0877
4,3938
4,3466
4,2785
9,5897
3,8785
4,4007
8,9385
4,8880
9,4160
4,3706
4,6744
3,9163
8,9537
3,6314
9,7775
4,3534
4,2464
10,1720
9,7769
4,0608
9,7869
9,2349
9,7355
4,0524
9,2930
4,9881
4,1215
9,4477
9,2511
3,5888
4,6321
9,5546
4,3941
4,3643
4,4129
9,8486
4,4092
4,3049
4,0704
9,2048
4,2797
3,7220
9,0742
4,6113
9,4195
4,1078
4,6891
4,7633
9,1702
4,4783
3,9061
9,6852
9,5213
9,3819
4,6151
4,6074
9,4461
9,7566
4,3655
9,7536
4,2106
4,0973
9,2649
9,0435
4,4211
4,8401
4,4193
9,0215
3,7265
3,6559
3,9876
9,6103
9,7994
4,3694
4,5707
9,8784
9,4749
3,6354
9,3529
9,2765
9,0223
4,5047
4,6212
9,9228
9,5216
4,2754
3,8214
4,6392
4,2406
9,2531
4,5094
4,5219
9,2236
3,8564
9,5739
10,0035
9,5864
4,8916
9,2028
4,1311
3,5882
8,9458
4,3324
4,2258
9,7337
9,0181
9,5143
9,1088
3,9363
9,5139
4,3048
9,6295
4,2326
4,4334
9,4975
9,1347
9,3056
4,3973
4,0363
9,2848
9,4468
4,2911
9,3371
3,4959
8,7948
3,7419
4,9276
3,7838
3,8654
9,7920
8,9123
4,6908
4,5370
4,4840
9,2683
9,5597
4,5149
9,1465
9,4655
9,3029
3,9733
9,5372
9,7258
9,3906
3,9615
9,3061
4,2759
9,5842
9,7396
4,6914
4,4795
4,1631
3,9257
4,2857
4,0270
4,4180
4,2435
9,3293
9,1373
4,0416
9,5510
9,5846
9,5524
3,8665
9,0869
9,5144
9,4667
9,4898
4,7595
4,6957
9,3202
4,6810
4,2354
4,1269
9,1583
9,8628
9,4453
4,5183
4,1422
3,9254
8,9966
4,5049
4,3420
4,4398
3,7664
9,7217
9,6052
9,9032
9,1278
9,2621
4,7301
4,3440
9,7093
8,7092
3,6475
4,5951
4,6328
9,5437
9,3484
4,9100
4,4954
4,3016
9,1905
9,5403
9,0033
9,4909
4,7254
9,7114
9,3513
4,6873
9,4018
3,9525
10,1950
9,2588
3,9962
9,4545
9,8210
9,3850
9,3912
4,9524
9,5531
4,3970
4,8499
9,4950
4,4142
9,7277
8,7840
4,5677
9,4855
4,0872
4,1880
9,3940
8,9331
4,1600
9,2861
4,6155
4,1153
9,0747
3,5300
4,1038
4,3294
4,1854
4,9750
9,1196
9,3521
4,2223
4,4755
3,8449
9,4322
4,4489
4,4926
9,2155
3,8789
4,7647
9,5990
4,6851
9,3632
8,7730
4,0147
9,2736
9,5781
8,5574
3,4299
9,6041
4,2621
4,9902
9,4780
4,0119
9,5763
4,4057
4,4256
4,4686
9,4747
9,5715
4,5951
4,1025
3,4437
10,0921
4,2350
4,3230
8,8485
9,4239
9,1441
4,2081
9,7511
9,7345
9,4680
4,4711
9,4569
9,2252
4,5783
3,7251
4,4165
9,4881
4,6868
9,1822
9,2973
9,3990
4,0519
4,0838
9,0821
3,9957
3,9226
9,2191
4,4443
4,6290
8,7015
9,1204
9,1334
4,2209
9,6194
4,6992
4,4688
4,1531
4,4898
3,8135
4,1108
3,6303
9,0981
9,6164
4,2871
9,4469
4,0983
9,5682
3,9217
8,6985
4,4497
4,8826
9,4234
3,8559
4,4087
9,2940
9,3855
9,4187
9,2557
3,6587
4,1415
9,4010
4,3516
9,8010
9,4616
4,9179
4,6791
9,5866
8,5201
4,5039
4,3664
8,9869
9,3094
4,3041
9,1894
4,2163
5,0715
4,3369
4,0761
4,2340
4,1812
8,5823
8,7777
4,9806
4,0277
9,5811
9,7860
4,8501
4,0470
9,3911
4,0045
4,2832
3,6890
4,3580
9,3941
9,2733
4,3102
4,5350
9,2785
5,1434
9,5938
4,5619
4,5325
9,7078
9,4947
9,0921
9,0173
9,5598
9,3976
9,3953
3,6289
4,1667
5,2063
4,2118
4,1532
9,7776
8,8668
4,4344
3,9973
9,5414
4,5409
8,9252
9,5923
9,4235
9,2305
9,1586
9,3375
9,9326
9,6422
3,9879
8,9109
4,2665
9,6515
4,5888
4,6344
4,0947
9,2363
4,1300
9,1232
9,3293
9,3691
9,8115
10,0426
4,5527
9,6682
9,0305
4,0627
3,9172
9,8640
9,4165
9,4133
4,4062
4,3624
4,6038
9,6956
9,2829
9,3952
10,0775
4,8037
9,8014
4,2792
4,1169
3,5749
4,8282
4,2250
9,3758
4,1133
4,1796
3,8667
4,6221
9,4451
4,3828
9,4267
3,9219
9,8526
9,3511
4,5086
9,5476
4,2839
9,5542
4,3442
4,2836
9,8125
9,7585
3,9821
4,7627
4,5352
4,6468
9,7038
9,7481
3,6855
8,9386
4,1305
4,0167
4,1186
4,8963
9,6583
4,0276
4,1124
4,1676
9,4906
3,8525
9,4953
9,0034
9,6279
4,1940
4,4022
8,9055
4,4291
9,5873
9,1823
9,2576
9,3599
4,0373
9,2092
4,0879
3,9130
4,7700
8,7815
9,6217
9,8312
3,9097
8,8725
4,1824
4,1734
9,1514
9,6218
9,5840
4,3001
4,5414
3,5384
4,7727
4,5642
4,3116
4,3645
9,8645
9,1591
4,7914
8,8164
3,8233
3,6107
9,5023
4,4304
4,6059
4,8460
10,0801
9,0977
9,3287
9,7388
4,2421
9,2540
9,2131
4,3150
8,7723
9,5394
4,3529
4,2359
3,8085
9,5458
9,4316
4,0900
4,3806
4,1455
4,2604
4,8921
9,3926
9,0847
9,3700
9,5800
4,3590
4,6405
9,9158
4,4557
4,1755
9,5263
9,2251
4,0334
4,6287
4,2306
9,7292
9,1088
3,3772
9,3564
4,7743
4,4605
9,9740
9,1940
4,3617
9,4550
9,0227
8,9672
9,1801
9,4816
4,3971
3,9148
9,4860
9,8081
4,5801
4,4457
4,8382
9,7138
9,2481
9,6234
3,9871
4,3912
8,9539
4,9474
9,4576
4,5845
4,0847
4,4513
4,4767
4,0073
9,5034
4,1734
4,3644
4,4185
9,5068
9,8405
4,3566
4,5069
4,4563
4,3765
8,7554
4,0857
4,2775
10,0377
4,8101
9,1510
9,6342
4,2605
8,6862
3,9949
9,3942
9,2202
9,7269
8,9996
9,3967
4,8339
9,5638
4,3967
9,1158
3,8581
4,2241
4,5520
4,3624
9,5412
8,8520
4,2797
9,5791
9,1892
9,9039
4,0603
4,4846
4,2663
8,9877
9,6747
9,1943
4,5763
9,7938
8,9201
9,6369
9,8970
9,2114
4,5560
4,7312
9,0311
4,4775
4,0366
9,0491
4,6141
4,5334
4,2429
9,0779
3,6270
4,6267
9,5417
4,1867
4,5087
9,6634
4,1288
9,8214
4,7015
4,1958
4,7408
4,6078
3,9554
4,4482
4,5411
4,6976
8,9399
4,6923
4,9466
9,5961
3,8184
8,9354
4,0074
4,4805
3,8611
4,7234
4,2000
4,0823
4,4232
9,2802
9,4576
3,9661
4,2338
9,2010
3,9292
4,2350
4,6592
4,4124
9,7718
4,3758
9,3514
4,1605
4,1999
9,3770
4,3938
9,5375
4,3814
9,3160
9,2926
9,1494
9,4048
4,0458
3,9071
9,7910
4,6932
4,1280
3,9837
8,8210
4,7941
3,8929
9,8023
4,1647
9,3658
9,4321
4,2013
4,4334
9,9926
3,9466
8,9410
3,9825
3,7475
4,5133
4,3674
4,6133
9,3470
4,2261
4,4017
4,3149
9,3898
3,9289
5,0701
9,5839
4,5408
8,8105
9,0366
9,7535
4,1972
9,6710
9,1456
4,7978
4,1491
4,1568
4,1691
9,3157
4,7041
9,2627
9,0093
9,4425
4,3458
4,0611
9,0710
3,7765
9,2770
3,7898
9,6180
9,1925
4,3505
9,3186
9,8712
9,6666
4,1205
9,3459
4,4470
9,4810
8,9832
9,5802
9,3197
9,2642
9,4496
9,2794
4,3276
9,3921
4,6905
4,3415
4,0234
4,0090
4,5506
4,2209
4,3787
5,0026
9,7745
9,7374
4,0872
9,5974
9,5083
9,8959
4,6318
3,9820
4,2005
4,1569
9,1432
8,9637
4,2788
9,3581
4,2081
4,6075
4,4651
4,3985
3,9248
9,2212
9,1552
9,2374
9,8624
3,9761
4,3029
3,9890
4,0435
4,5716
4,1782
4,5053
9,1310
4,3862
4,3691
3,4520
9,4038
3,9821
4,2289
4,0423
9,0777
9,3810
9,3054
9,1752
4,7479
9,2441
9,2109
3,5301
4,4548
3,6737
3,8512
4,3416
9,8251
9,7209
4,4467
4,1498
9,3656
9,3195
8,9466
9,7848
9,5918
9,2222
3,7681
9,3640
4,1013
4,4239
9,7462
9,8100
9,4238
9,5870
9,2536
4,0898
9,2793
4,5200
8,9515
3,7067
9,5517
4,8955
9,3491
4,2002
8,8616
9,5376
4,2029
9,6086
4,7260
4,1751
9,6254
4,2538
9,3669
4,6405
4,1856
4,3960
4,5218
3,9864
3,9394
3,7354
9,8257
9,1437
4,3010
4,0770
9,3265
4,6205
4,3849
4,1877
4,4705
9,0953
4,2804
4,5631
4,2655
9,5332
8,9173
9,3899
9,1971
4,4735
4,1211
4,5019
3,8698
9,6264
5,0988
4,4256
4,4811
10,0036
9,2922
4,9109
4,0738
9,2163
4,2441
3,7293
9,2546
9,1518
9,3285
4,4637
3,6032
9,1028
4,5771
3,8757
9,3207
4,0320
8,8398
3,8363
4,5215
9,5074
9,6030
9,7017
4,4243
4,3865
10,0953
9,7553
9,3262
4,3303
9,3743
4,3371
4,3697
9,0476
9,3660
5,0031
4,3751
4,3669
9,7740
4,3193
9,2076
4,5006
9,2418
9,4180
9,5716
9,8196
4,4595
3,9756
9,4035
4,3381
9,9631
3,8126
4,1317
9,1754
3,4547
9,2046
4,3692
4,5285
4,2322
9,1082
9,4630
4,3542
4,5582
10,0131
9,3354
4,2700
4,7647
4,1393
9,3836
4,5080
9,4149
4,1717
9,1188
4,0417
4,0955
3,9422
4,5369
10,0751
9,4943
9,4405
3,3373
3,7589
4,0713
9,4413
4,8824
4,3755
9,1030
4,3931
9,5857
4,7833
4,6616
3,7950
4,3136
4,5608
9,9835
4,4526
4,5942
4,0002
9,0430
4,4868
4,0649
4,2720
9,2233
5,0000
10,1230
4,4550
3,7033
9,3910
4,8151
9,7421
8,4871
4,0346
9,2803
4,4118
9,3388
3,8174
3,7856
4,0480
9,3536
3,8612
8,7215
9,2528
3,7507
3,9252
9,5398
9,1519
3,9117
4,3922
4,5221
4,3902
9,1318
4,0296
4,7170
4,2106
9,5078
9,5744
3,9796
9,6957
4,3096
9,4424
4,1160
3,9391
9,3417
4,1724
9,7000
4,4088
9,2922
8,9169
3,5546
9,2238
8,7069
9,1759
3,7834
9,5095
9,1477
3,7136
9,4068
9,3673
4,2584
9,9505
9,6093
4,9152
9,5163
4,9238
9,2090
3,9015
4,0915
9,0176
9,7390
9,3093
9,3380
9,4147
3,8367
9,4475
3,8509
9,3535
4,6703
9,3179
3,8422
10,0815
9,6615
9,4392
9,2885
4,5598
9,9246
9,7420
4,3697
4,7213
4,2979
9,6980
4,0493
4,2676
9,5425
9,2702
4,8805
9,9082
4,5687
9,8488
9,0838
4,0557
9,8522
9,2848
4,1210
9,7106
9,5045
4,4953
4,1927
4,2555
4,4431
4,4027
9,1536
4,2599
4,0739
4,4296
4,1440
9,1765
4,7947
5,2611
4,2810
4,2487
4,5139
9,1812
3,5464
4,4274
3,7070
4,0739
4,5533
9,1527
9,5601
4,9702
3,6381
9,0829
8,9676
3,6732
4,3372
3,7408
9,1943
9,3405
9,4336
9,2966
9,2745
4,2500
9,3876
8,9979
9,2050
4,6292
9,3366
4,0195
9,0170
9,3568
9,4543
9,7170
3,9537
9,4090
9,6230
4,6346
4,0724
9,3851
4,4011
8,9423
9,3553
4,3015
4,1985
3,6413
4,3391
3,9502
4,4099
4,0898
3,6673
4,5504
9,2997
9,8927
9,3293
9,4676
9,1444
4,6790
4,2727
9,7025
4,1209
9,1144
9,2916
4,3073
9,3325
9,9395
9,4962
4,0760
9,6434
9,6743
4,4139
4,6047
9,7871
4,3632
9,2910
4,0382
4,0118
9,1994
9,7282
4,2547
9,1989
4,5356
4,2307
9,3411
3,6079
8,9775
4,2900
3,8465
9,5163
9,6247
4,6164
4,3749
4,2563
3,8372
4,1729
9,9614
8,8318
9,4046
4,1511
4,4658
4,6371
9,6324
4,6655
8,8418
8,9319
4,1928
4,1942
9,1930
9,3159
4,2572
9,5591
9,3513
9,8042
9,0015
4,3402
4,3742
4,0439
9,4048
3,8624
9,7842
9,0622
10,2374
9,2207
4,5532
4,1758
9,3746
3,7765
4,1912
3,9428
9,9391
9,1598
4,9629
3,6904
4,8858
8,8952
8,9826
9,1442
4,5897
9,1996
9,0309
4,6708
9,3296
4,4234
4,0111
8,9823
3,8880
8,5989
10,0537
9,2528
4,2418
9,8701
4,3461
4,5214
9,1229
9,5525
4,5783
9,6279
9,5834
9,0939
9,5614
4,0253
4,2605
9,9004
4,1162
9,4398
4,1057
4,1669
4,7170
9,7778
4,5320
9,2039
4,4095
9,1851
4,1544
9,3037
9,0974
9,7289
4,5854
3,9137
8,8732
4,3158
3,8073
9,1527
4,5689
4,0695
9,1479
9,5564
9,3350
4,3327
3,9594
3,9507
8,6418
9,7177
4,2615
9,2784
4,9329
3,9977
4,0006
4,7489
4,5046
9,4209
9,2324
4,9064
4,3819
4,4021
4,0212
4,7208
4,0708
4,9731
3,7201
3,6523
4,5498
4,6338
4,5428
9,1058
4,8068
9,7462
4,1571
4,6801
5,0008
4,2556
4,0676
9,5025
4,1878
9,4855
4,5837
3,7798
9,2884
4,4469
8,7350
4,1987
9,5069
4,2832
4,4808
4,6429
4,4201
4,3458
9,5350
4,2685
9,6813
9,5907
4,1870
4,1582
4,0827
4,2952
4,6925
9,2109
9,4897
9,4188
4,0523
9,0763
9,2834
9,4993
4,7612
9,4488
3,7680
9,1921
4,7276
4,6920
9,0794
4,1789
4,7004
8,8457
4,1781
4,8024
4,5728
3,8622
4,2719
9,8529
9,3142
9,6294
9,1300
4,6487
9,2225
4,4080
9,0334
4,5028
9,0317
3,9627
9,8409
3,3412
9,4058
4,0993
9,3204
9,2116
4,4095
9,3065
4,2661
4,2018
9,2173
4,3871
9,2620
4,0667
4,9726
9,3849
5,0747
9,2241
9,0680
4,7479
9,3482
4,5307
9,0143
9,1819
4,1706
9,0443
4,1295
4,3263
4,3025
4,7308
4,0245
5,1891
3,9847
3,6541
3,9551
4,2067
3,9003
8,7173
9,4475
4,5535
4,5629
9,3531
4,3711
4,1587
4,3412
9,8432
9,0935
9,0597
9,6998
4,4839
3,8363
4,5908
4,8646
9,7096
3,9376
4,4653
3,8853
9,6558
4,6984
4,0414
4,2801
4,4926
4,1985
3,7055
4,1023
9,5057
9,2053
9,4697
9,3118
3,9683
4,5743
9,0014
4,2185
4,1189
4,0996
9,1964
9,5334
9,4083
9,3410
9,0641
9,0849
4,3768
9,3240
9,4448
9,2733
4,0442
3,7947
4,6354
4,8253
4,1326
9,4488
3,8060
3,9236
4,8792
9,8635
4,4257
3,5860
4,4451
9,5515
9,3243
9,1118
9,7574
4,6780
9,0335
4,6940
4,3141
9,2386
8,8061
4,1064
4,6431
9,1078
4,6717
3,7335
9,6428
4,8172
3,7261
9,8545
9,1764
4,4788
4,3520
9,7291
4,4915
4,3948
9,7548
9,4616
4,5349
4,4757
3,9136
4,3742
9,0445
4,4519
4,2080
8,9120
4,6803
9,1258
9,5284
4,9982
4,5788
4,3045
4,4440
9,5637
9,1309
4,2564
9,8995
9,5538
4,5637
4,6295
8,7505
9,0585
3,9728
4,6992
10,0559
3,7772
9,2758
3,7868
4,5751
4,2931
3,3899
4,1800
9,2463
9,4609
4,9978
5,0284
9,7730
4,0435
9,4171
9,7945
9,2428
8,8366
4,2143
4,1608
9,7662
4,2833
9,5857
9,5618
9,2522
9,4278
10,0113
4,6445
4,1658
9,0483
3,9225
9,4462
4,0973
4,0549
9,4192
8,7903
4,2680
3,3647
9,2252
9,3990
3,9675
4,8658
8,8959
9,0990
4,7058
4,7594
4,0124
3,6192
9,0935
9,4686
9,5259
9,7377
4,6452
9,5313
9,4029
9,8238
4,1929
9,5816
4,1462
3,9888
4,3388
4,3443
4,1226
3,7836
4,1698
3,6856
9,4205
3,7805
4,0570
4,3583
4,3984
9,3095
3,9963
4,5057
4,6327
4,2135
3,7098
8,8261
4,1008
4,5091
9,0842
3,6665
4,1926
8,8497
4,6265
9,5367
8,8741
9,6900
4,6271
3,9810
3,9601
9,5751
4,5605
4,7212
4,4960
4,7429
4,5611
9,3798
3,5382
9,0868
9,9390
4,7855
4,1086
8,9438
4,0307
3,7944
4,1904
9,2344
9,6376
9,4334
9,7568
4,0486
9,9393
4,4592
4,6286
8,8958
4,6041
9,3468
4,6770
4,0076
4,3743
9,5509
9,7294
4,6378
9,2207
3,6760
4,1578
4,3183
9,3122
3,9164
4,9247
9,5398
4,7178
9,2236
3,7692
9,4212
9,4363
4,1774
9,2426
4,3469
3,7039
5,0067
4,6840
4,2323
9,5286
9,4902
9,5132
9,4760
8,8717
4,0080
4,2165
4,4694
3,9691
4,0530
9,1390
4,3555
4,1913
4,6328
4,4254
9,6979
9,3984
3,9618
4,3290
4,6321
4,7172
9,1919
4,0062
4,3796
9,5776
9,1801
9,5689
9,5270
8,5918
4,3889
4,2869
9,6851
8,9902
4,9294
4,5517
9,2331
9,6760
4,6491
9,1830
9,8616
4,4748
9,3116
4,0701
4,4241
9,2884
9,3173
3,9981
9,4118
4,4019
4,1961
4,2832
9,2882
9,4150
9,0157
9,7098
4,2840
9,1408
4,3480
9,7041
9,7747
9,4200
9,7203
10,2560
9,0693
9,6674
4,6471
9,3843
4,0117
4,4038
4,1696
9,5475
4,1836
3,7596
4,3734
4,6261
9,3987
4,3602
4,2787
9,5106
5,4230
3,8853
9,1638
9,1573
9,5357
8,9805
9,5393
4,2901
4,4666
4,4515
4,7177
9,5562
9,7614
4,0590
9,3146
4,7763
4,0030
9,4073
4,5547
9,1072
3,8493
9,4103
4,1400
4,0627
9,6461
9,4896
4,0840
9,1481
4,2836
4,0605
4,1555
9,5699
4,6465
3,2853
4,6395
4,2130
4,0150
9,4075
4,3515
4,8476
9,3045
9,4846
9,4251
4,3778
3,9419
4,5336
9,6133
9,5880
9,3048
8,9386
9,9225
9,3981
4,6354
8,9740
9,6235
9,8979
9,1430
9,7322
9,3434
9,2320
4,5234
9,1158
9,8172
4,6308
3,7536
9,2721
4,1898
4,6931
3,6540
4,1884
3,8755
4,1573
9,3088
4,2441
9,8505
3,9958
4,3709
4,4369
9,7780
9,3292
4,3671
5,0580
9,0458
3,5667
9,1408
8,9790
9,4143
5,1818
10,0179
4,1066
9,4177
9,8465
4,2053
9,7364
9,0296
9,3651
4,0067
4,2137
9,0441
9,0125
9,9531
8,8471
3,9241
9,5823
4,0172
4,3037
4,8241
9,5218
4,1349
9,3451
4,9078
4,4171
10,0010
4,3683
4,7818
9,8159
9,7028
4,1112
4,5290
9,3752
10,0106
4,2978
9,7145
3,8200
9,7828
4,5188
3,8796
9,4113
4,0236
4,2572
9,0048
4,6691
4,2448
9,0553
9,1216
4,6204
9,7027
9,6787
9,5832
3,9884
10,1393
4,0795
9,3627
4,5925
9,2136
9,7625
9,7419
9,7871
4,6795
3,8921
4,1720
3,7663
9,2930
9,3222
9,7029
3,9316
9,5173
4,6935
9,9283
9,8223
4,0010
4,6647
9,6498
4,0716
9,6475
5,2709
9,5096
3,7426
4,5005
9,4261
5,1231
4,0696
9,3062
9,1287
3,9332
3,6456
4,3809
4,2296
4,5277
3,4671
9,3462
4,3923
9,9037
4,4302
4,1164
9,4926
8,9772
4,9095
9,0803
3,7635
4,3557
9,0790
9,5993
4,6762
4,0408
4,5075
10,0295
3,7509
4,1049
3,7207
9,4087
9,6551
8,8044
9,6368
9,0824
4,6331
4,8760
9,7256
9,5134
4,6501
4,3403
9,5597
4,4346
4,8654
4,2603
9,2676
9,2405
4,6241
4,4659
9,8019
9,1999
9,5314
4,3956
4,2360
8,9202
8,9638
4,0666
9,0049
9,7243
9,0560
4,3770
9,1778
9,1912
9,3190
3,8148
9,3621
3,9567
4,2046
9,4822
9,9278
4,4654
3,7458
9,7619
3,7517
4,6385
3,7064
9,5023
4,6189
4,1327
9,4103
9,9714
9,0617
9,5225
9,4302
4,7159
4,1535
4,5188
4,1101
9,5228
3,9515
8,7186
4,9436
4,4073
4,6948
3,9656
9,0632
4,0344
4,4764
3,7042
4,3402
4,3587
9,1653
4,0704
9,6941
3,8061
9,2212
9,6400
9,6338
4,3443
9,6998
8,8873
4,0826
9,4590
4,2146
4,0971
4,7813
4,0357
3,3295
4,3453
9,4777
3,4554
4,3632
4,2293
4,6660
9,1894
9,1553
9,3140
3,7304
4,2386
4,1797
3,9283
9,5073
9,6458
3,7525
10,3936
9,5380
3,9985
4,9463
4,5705
9,4299
3,8004
9,5270
8,8689
4,6919
9,5552
9,8180
4,4014
9,3514
9,6300
4,2025
9,5720
3,7961
9,5875
3,9644
4,3359
9,7174
4,4147
9,3503
9,3947
9,3602
9,5503
3,9345
9,4170
8,9102
4,5886
4,7012
4,2339
3,9112
9,3677
4,2669
4,4733
4,3897
9,5703
9,4099
9,4300
4,5784
4,5823
3,6499
9,4750
9,3999
5,1866
4,0986
9,4397
3,8608
9,6864
9,5567
4,2823
4,3922
4,0206
4,2050
9,4176
4,5778
3,9522
4,6823
4,9044
3,9704
4,5534
8,7014
4,4735
3,9031
9,3241
9,8741
9,3826
9,4632
8,6409
9,1468
5,0018
9,1169
4,1638
4,7940
9,8572
9,1064
5,0282
4,5372
4,2986
4,4013
4,8450
4,1625
3,7561
9,4336
9,7571
4,6163
4,0975
4,1999
9,8712
4,1191
9,6907
4,3222
4,3015
4,1050
4,0978
3,9318
9,4740
4,1992
9,3530
4,5151
9,9053
9,2834
9,4028
9,5623
4,9083
3,8956
4,0862
4,7110
4,5622
4,1253
4,1796
4,0963
9,4301
9,1348
4,1707
3,8424
9,3354
4,3603
9,2495
10,1723
9,8505
4,9055
4,6788
4,3454
4,1833
4,7695
9,4927
8,9782
9,1535
9,3877
9,5458
3,8310
9,0681
9,4345
4,8035
9,4567
9,0784
9,4392
9,8553
9,6355
3,9610
9,3536
4,3303
4,2726
4,8063
4,1190
4,5430
4,1206
9,4404
9,6006
9,1500
9,3202
4,4571
4,1811
3,9971
9,6895
4,1540
4,7888
3,6454
9,6215
4,2313
4,1950
4,5277
9,0793
4,1449
4,3123
4,1292
3,5843
9,5586
9,5835
4,3688
3,4911
9,0091
4,2150
9,4154
9,7725
4,4079
9,6496
4,5548
9,8457
10,1645
4,2195
4,1531
4,1391
4,3240
4,5509
4,2617
9,1110
4,1710
4,3649
9,2271
4,3600
4,4557
4,6261
8,9567
4,1724
9,4089
9,2363
9,5820
9,2169
4,6087
4,1718
9,5499
5,0481
9,6874
5,2052
4,3355
9,5083
4,2131
9,2590
4,1609
4,0785
4,6806
4,0012
9,5032
3,5929
9,4320
3,9862
4,8763
9,3752
4,9730
3,7657
8,7490
9,0852
3,9889
4,9108
4,3521
9,0240
3,8475
4,2764
9,6075
3,9766
4,4613
9,2357
3,8905
9,3446
4,4302
9,0568
5,0566
8,9282
4,3389
4,2334
4,1952
9,3803
4,4110
4,0900
3,5878
4,1422
8,9727
3,3818
9,3384
8,9383
9,1968
9,3233
4,1818
4,3296
3,9804
9,3717
9,7858
3,7603
3,7070
3,8646
9,2115
9,1420
8,9878
9,3379
9,8210
3,8903
4,7574
3,9785
4,7280
4,7610
4,4019
9,1393
4,2225
9,6665
9,6995
4,2044
9,3135
9,2594
4,5695
3,7311
9,4445
4,2781
4,5196
9,1290
4,4218
4,2258
3,7643
9,2672
4,0052
4,5112
4,1842
9,1628
4,1734
4,3684
4,4775
4,3239
9,3817
9,9146
9,2434
9,3106
9,8144
9,0001
9,4469
9,4871
4,4592
8,4818
4,1386
4,1421
9,9278
8,9949
4,3179
9,1405
9,4295
4,1490
4,6819
4,6780
4,4339
9,6657
3,6579
5,0035
9,3709
4,1604
9,2529
4,5826
3,5717
9,1364
9,5296
4,7439
9,4135
4,6067
9,5113
4,4533
4,1665
9,2719
3,9800
4,2777
9,2773
9,0002
4,5881
8,9665
9,2658
9,9264
9,5641
4,6385
9,5575
3,6572
9,3714
4,1548
4,8851
4,3196
4,0514
4,8346
4,6167
4,4268
9,1618
3,8114
9,5779
9,6890
9,7396
3,9361
9,6864
9,1105
9,2189
4,2721
4,3518
9,3783
4,5348
9,3430
4,0845
3,7729
9,7131
9,7290
4,6765
8,9968
4,1854
9,3539
4,0250
8,9493
9,4256
3,6888
9,7677
8,8048
4,6533
9,5713
4,6097
4,3228
9,6045
9,8820
3,9476
4,1085
4,0506
4,1529
4,1388
4,5246
4,1145
8,7761
4,3289
8,9926
4,3696
9,2253
3,8910
4,1954
4,0498
9,4519
4,0628
9,4292
4,2324
3,9793
4,0600
9,1082
9,1041
9,0825
3,9136
9,2684
4,1351
3,9130
4,5070
4,1231
4,6246
8,8800
8,6502
4,2155
4,4668
4,6572
3,8719
4,5747
4,1277
9,4370
4,1976
9,1428
4,4938
9,8270
9,7994
4,1724
4,6338
9,3703
3,4752
4,5706
9,4252
9,8781
4,3335
4,4798
4,4817
4,3229
3,7860
4,1287
9,2943
9,2382
4,2722
4,3227
4,2685
9,3891
9,2901
3,8822
3,7234
9,1377
4,2026
4,2513
4,3491
4,4278
9,6960
4,5230
9,8236
4,6004
4,7170
3,7066
9,6204
9,6898
3,9292
9,5358
4,5575
4,6888
4,6317
4,3517
9,4032
9,1948
9,6619
4,5965
4,1583
5,3204
4,2810
4,2036
4,3786
4,5198
4,6562
9,0921
9,0116
9,5417
9,1668
4,2998
9,4845
9,7085
9,6809
9,1740
4,2936
4,0265
4,1805
9,2548
4,3271
9,0073
4,2753
9,0074
9,4854
9,6562
9,5446
4,1149
4,3890
9,8208
3,7127
4,1141
9,0532
10,3734
9,6996
9,4346
9,4163
9,0610
9,0466
4,0054
9,3381
9,1092
4,4843
9,3322
4,3734
9,3849
8,9877
9,3702
4,9409
4,2825
8,7588
3,6226
9,6749
4,0668
4,1964
9,9133
4,2678
9,6508
4,3773
3,7943
10,0053
9,5182
4,5098
9,6435
3,9076
4,7627
9,5811
4,7800
3,9131
9,7755
3,8978
4,3147
9,7181
3,9610
9,7679
4,4686
9,3116
4,4354
4,2821
4,0366
9,2404
4,3993
4,3404
9,5124
4,4981
9,4803
4,0665
8,8902
3,9416
4,4255
4,4801
9,6987
4,1213
9,7627
4,3094
9,9380
9,1731
4,4314
3,7617
4,2117
3,5302
9,3407
3,3569
3,9288
4,3319
4,6413
9,3079
4,5262
3,9110
4,1809
9,2447
9,5262
9,6222
3,9749
4,2981
9,2065
5,1129
3,5194
4,5918
4,5824
4,0704
9,5430
4,4619
9,3890
9,0430
10,0201
4,5948
9,6065
4,2829
4,8833
9,5100
4,5368
9,4762
9,6019
4,4335
4,7407
4,3200
9,4302
9,6605
9,2434
4,5931
4,4754
3,9211
4,0058
4,3221
9,5399
4,4637
9,1551
4,1689
4,2368
4,3907
4,3526
9,8115
9,0025
4,5388
9,3529
9,6043
9,3398
9,7841
9,4154
9,2413
4,2726
9,1571
3,8810
8,6207
9,4044
3,6486
4,7343
3,8653
9,4577
4,1733
4,6423
9,4169
9,3282
8,8189
4,4555
4,6668
9,5061
3,7919
9,5231
3,8660
9,3651
9,3011
9,3252
9,5671
9,6601
4,1357
3,7805
4,7771
4,8895
4,0025
9,7434
9,0822
4,3314
4,1424
4,3653
4,2926
4,6640
9,6774
4,1902
4,5942
4,9299
4,2506
3,9655
4,6402
9,4127
4,6127
9,3144
3,7592
4,0536
9,6205
9,6839
8,9792
4,5187
4,6898
9,5982
9,3386
4,1453
4,4109
9,5589
4,6582
4,2058
9,3803
4,4852
3,7755
4,9500
4,5168
9,2618
4,0581
9,7422
4,6961
9,4337
3,5634
4,7308
9,7703
4,3121
9,4233
4,1988
4,2505
4,3388
4,7626
4,2400
9,6708
4,1657
4,3493
4,3899
4,0418
4,0542
4,5476
9,2778
9,7845
4,0123
9,3282
9,2354
9,2763
3,7322
9,4757
9,6305
4,3297
9,2539
4,2240
4,3330
4,0681
4,0603
4,2236
9,2106
4,2503
4,3832
9,4545
4,4767
4,4035
4,3953
9,3799
9,7495
4,2712
4,1867
9,2141
3,7849
3,8784
9,0605
4,0852
3,7614
4,0963
9,3542
4,1118
4,4096
9,1267
9,4673
4,0539
9,7689
9,3194
3,5138
9,7324
4,7008
4,4402
9,4530
3,7310
9,5550
4,9040
3,9364
9,9190
9,2596
9,1862
9,2882
4,5412
4,5708
4,3983
9,2116
4,2643
9,4811
3,8432
8,7862
4,7477
9,1631
4,0586
9,6068
9,3085
3,6955
4,3906
4,8392
9,2419
4,2339
9,9650
9,3906
9,6143
3,8872
9,4363
9,5048
3,7468
4,7759
9,5297
3,8001
9,4712
9,6029
9,3624
9,1184
4,2115
9,5508
9,2215
9,3272
4,4402
9,3795
9,2369
9,2889
4,0657
9,3690
9,8794
4,2842
4,1910
8,9795
9,5283
4,1083
9,4513
4,0148
9,3914
3,9697
3,7776
4,5198
9,5863
9,5157
8,9339
9,1640
4,0651
3,9445
4,5486
9,3910
9,3333
4,1267
9,3565
9,4705
4,4108
3,1454
9,4793
4,2396
4,5849
4,7147
4,1638
9,8328
3,9005
5,2365
4,6139
4,8538
3,9177
9,1424
9,0626
4,0939
4,5635
3,5689
9,8336
4,2213
9,4881
4,4300
4,9204
4,6114
4,0509
5,0176
9,3013
4,2351
4,9200
4,9166
4,8336
4,5141
4,4041
9,5629
9,1315
4,3348
9,4289
4,3935
4,3997
3,6162
9,7445
4,2287
4,1281
9,3214
9,3241
3,9412
9,7729
4,5376
3,6678
9,6261
9,2534
4,3088
9,5526
4,9094
4,7655
3,9916
9,5469
9,6483
4,4879
4,0381
4,1272
9,3262
9,0761
9,2391
4,7743
4,5270
4,1286
3,8973
9,3956
9,9002
4,0810
9,3559
4,3140
8,2704
9,5996
4,2717
8,9073
9,0510
4,2356
4,1882
4,1709
4,3256
8,9296
5,3575
10,2588
4,5552
3,0452
9,1507
4,1669
9,0649
9,5566
3,9717
4,3993
4,4966
8,8266
9,0302
4,3701
9,4411
5,1268
4,4000
4,3128
9,4398
9,4655
4,3838
4,7281
4,9347
4,3904
4,3727
9,3213
8,8540
4,2785
9,2239
3,7572
4,3378
4,3527
9,2067
9,2504
8,8968
9,1400
9,9486
9,2747
4,0327
9,1846
9,0267
4,5946
4,8877
4,8897
3,9511
4,8568
4,3123
9,4899
4,1556
4,6851
3,9734
4,1711
9,3337
9,0034
4,4863
9,2609
3,7442
9,4335
4,1521
4,1849
9,3190
3,9164
4,1221
4,0812
4,4737
4,8675
9,6285
3,9704
9,2323
9,2275
9,3499
4,5225
8,9237
4,3098
9,0464
4,5286
9,7686
9,2493
9,5878
9,4910
4,8081
4,4177
9,6658
9,3345
3,9700
3,9452
9,3310
5,1382
4,2141
4,5121
9,7370
9,2855
8,8465
4,2853
4,4097
4,2087
9,8607
4,3082
4,1164
4,3770
4,2169
4,6188
3,9864
9,2345
9,6655
9,6250
4,8770
4,7041
3,5631
3,9557
4,3543
3,8637
4,8903
9,4053
9,5077
9,6031
9,4273
4,8828
9,2300
4,5169
9,2045
4,0434
4,5653
9,7415
4,4819
4,1130
8,7177
9,3615
3,8475
4,1459
9,7613
9,3156
9,5229
9,3523
4,2141
4,3805
4,0623
3,4499
9,2448
9,4245
4,1041
9,7804
9,5459
9,2739
9,2649
8,9668
9,4190
9,5432
9,8130
3,5121
9,6532
9,3691
9,4917
9,4177
4,7151
9,9409
4,5752
4,1114
4,8356
4,8857
9,2679
4,3892
4,1513
3,6567
9,7276
3,9614
4,1034
4,0529
4,1740
4,7515
9,4719
10,0297
9,3333
9,3312
4,3760
3,5809
9,5234
3,8821
4,0483
9,8534
4,7362
9,2981
8,9946
9,5913
3,9278
4,6116
4,7238
4,1736
9,3495
9,8526
4,3394
9,7227
4,0146
4,2350
4,6367
4,1939
9,3440
4,6669
9,4527
9,4966
3,7099
9,2761
9,4641
4,6369
4,8672
3,5005
9,8648
4,0419
4,4478
4,5171
4,1824
4,3465
9,3406
9,6798
3,9791
4,3872
4,3853
4,8168
4,7394
3,6216
4,4714
4,6712
9,2871
9,9538
9,7533
9,2353
3,9728
9,1403
9,2467
9,3431
9,6135
4,6161
9,4310
4,5669
3,9749
9,4350
9,2571
3,8483
4,2063
4,5507
9,2776
3,7258
4,3835
4,0583
9,3305
4,3158
9,2139
9,4971
5,0991
4,0820
9,9671
9,2397
9,2654
4,6617
4,5961
4,3562
9,6171
3,9055
4,1689
4,7039
9,4807
4,7547
9,3522
3,6147
9,3675
3,6444
9,5703
3,9212
4,3199
4,3779
5,0851
9,3458
4,1495
9,3953
9,9629
4,0533
4,4363
3,8612
4,2058
4,6114
9,3191
9,0691
9,3247
8,9135
9,6499
4,4121
4,6060
4,2250
9,5955
9,6256
9,3162
9,2676
4,5339
9,2664
4,3001
9,0818
8,9048
9,0642
3,8395
4,4254
9,5008
5,0335
4,5356
9,1893
4,2149
9,0488
9,6736
9,1661
3,6643
4,1896
4,4396
4,1184
3,8706
9,3995
4,4721
3,4469
4,0825
5,0879
9,7354
10,2817
4,4700
4,7648
9,5178
4,4259
4,6331
4,6215
4,4908
4,6549
3,9725
9,3980
4,2205
3,3334
4,5172
4,1413
3,9618
10,3472
9,5047
3,8202
4,0575
9,8004
4,8528
4,2020
4,1216
4,2356
4,7982
9,4606
9,5380
4,9404
4,3230
9,2724
4,3104
4,4757
9,3705
9,2114
9,2518
4,1057
9,2156
9,8995
4,8280
4,1903
4,3310
9,6371
9,4752
4,5439
9,7131
4,2030
4,2366
9,6001
4,0404
3,9363
9,4893
4,5269
9,2892
9,3760
3,8138
3,8994
4,7939
9,5426
9,2676
5,1538
4,5833
4,4410
4,1869
9,8030
4,0352
4,0319
4,3086
4,4138
4,6668
4,5472
9,2988
3,6981
4,6007
4,6197
3,8889
9,6092
9,0726
9,3633
4,5996
9,4786
9,5725
9,7980
4,0592
4,6987
4,0951
9,4787
8,9879
4,1900
9,2271
9,2151
4,1086
9,5216
4,6411
4,5004
4,2717
9,4955
4,9306
9,1303
4,1757
4,6800
9,1826
4,4027
4,4928
3,8930
9,6143
3,6820
4,4668
4,6244
9,6467
9,3689
4,1681
4,4331
8,9498
4,1503
9,7041
4,0193
4,6288
4,8668
4,6476
9,4483
4,2371
4,4905
4,5025
4,2185
9,0658
9,2343
4,5658
9,3999
4,1166
9,5869
9,0740
8,9119
4,3193
9,5013
9,9063
3,7692
9,3640
4,3100
4,4348
9,4450
4,2206
9,6663
4,6857
8,8730
4,3021
9,3008
4,4924
8,7388
4,0561
8,9058
4,2857
4,7899
9,2187
4,3993
4,4739
9,7009
9,1673
9,5220
5,0483
9,0906
4,5378
9,0023
4,6868
9,6521
4,8725
9,2019
4,3453
9,4055
9,6339
9,8845
4,5306
4,1339
4,2899
4,1198
9,1492
4,4394
4,4427
4,2422
3,8463
4,0263
9,2315
9,2089
4,5211
4,0628
3,9216
4,8322
9,3021
9,0046
9,8825
4,0486
4,3005
4,4510
3,5631
9,0932
9,3650
4,1084
9,0701
9,3190
4,2751
9,4993
4,1275
4,7133
9,3543
9,5627
3,9780
9,3581
9,4588
9,0291
4,9075
9,6206
4,4263
9,6742
4,7138
9,0367
9,0895
4,0793
4,9382
5,2273
9,5058
9,4294
4,8183
4,3849
3,6431
3,9847
9,6615
4,5621
9,6216
4,7463
3,9400
9,9162
4,0458
3,8398
9,4530
9,9033
4,3785
4,1678
4,3844
3,9920
9,5690
4,8059
9,1410
3,5923
9,1452
8,9362
4,5130
8,9737
4,3823
9,1874
4,3864
4,4323
9,0191
3,7149
9,1189
9,6492
4,7701
9,6081
4,1199
9,1706
9,6872
9,8094
4,1924
9,8067
9,7326
8,8963
4,5166
4,2430
9,8443
9,5432
4,1125
4,0728
9,4169
9,4720
9,9295
4,5813
4,4906
4,2737
9,1792
3,9945
4,2760
9,5214
4,5027
4,8624
4,0777
4,6235
9,0150
4,0354
4,4171
4,6527
3,9296
4,3122
4,8108
9,3665
9,2392
4,2559
4,0245
9,3354
4,4025
4,4975
4,0615
3,9015
4,5009
4,1049
9,4756
9,1992
4,1674
4,9713
4,3890
4,2870
4,5222
4,9435
9,3582
4,4314
4,2502
4,3377
9,3820
9,2049
4,3431
9,2252
4,5469
3,4386
4,7278
9,5822
4,3864
5,2026
9,5645
4,0379
4,7499
4,3510
4,1817
8,9156
9,0826
9,1927
3,8868
9,4158
9,3063
9,3274
4,3659
4,1729
3,8346
5,2137
9,1543
9,0838
4,5833
9,6000
4,0314
4,2811
9,3073
8,8802
9,4510
4,3391
4,1312
9,1193
4,4397
4,2547
4,2274
8,9096
9,6178
9,6862
3,8740
8,7723
9,4420
9,9816
9,2648
4,6559
4,1425
9,3271
9,2167
4,0335
9,5777
8,9136
9,7422
9,5259
4,3915
4,3027
8,9953
4,5900
4,7415
4,0936
4,0160
4,6433
9,2006
3,9419
4,5468
4,3896
4,6066
4,9433
3,7354
4,1750
9,4716
9,5713
4,4381
9,2641
4,9307
4,4921
9,3251
4,4715
4,4577
9,2250
4,7442
4,2196
4,2174
4,4547
9,1292
4,5185
9,5846
4,3786
9,5948
9,6696
4,7114
3,7412
9,2651
9,4000
4,0780
9,5542
4,3017
8,7182
9,2244
3,9031
4,6130
9,1545
4,0324
9,5950
4,4454
9,2163
5,2337
9,3750
3,9823
4,2042
9,4413
4,3866
9,0184
9,2771
4,4909
9,2677
4,1027
3,7017
9,6784
9,4702
4,0943
4,1800
9,4008
4,1165
4,4544
9,2458
4,1482
4,8503
9,0378
4,5963
4,4790
8,6621
9,4150
4,5472
9,2310
9,3208
4,9735
8,8336
4,9822
9,5114
3,5545
9,3923
9,5429
4,4013
4,4615
4,4111
3,9815
9,4270
3,9101
4,6768
4,2235
4,5347
4,1677
4,3628
4,1574
8,3530
4,4460
4,5081
9,3878
4,4185
9,3297
4,3158
8,9100
9,4991
4,1787
9,3691
3,9819
9,0367
9,1244
4,4574
9,8903
9,1957
9,4586
8,4870
3,8264
4,5875
9,4522
4,4352
9,6131
9,2650
9,6262
4,3057
8,8007
5,0067
9,4730
4,6964
4,8340
3,9309
4,5701
4,6715
4,0867
9,0987
9,1269
8,9885
4,3093
4,6817
4,1296
4,2033
4,4570
5,1691
3,7026
8,5173
3,8275
4,3033
9,5469
9,2677
4,2846
4,1087
4,1859
9,3858
9,4563
9,3136
4,1990
8,9639
9,6927
8,5006
9,6304
8,7848
4,7369
9,5094
9,0981
3,8704
4,8531
4,3117
9,7030
9,2372
4,4480
4,1177
3,8415
9,5860
4,1206
4,3988
9,3536
9,1682
4,7335
3,5977
4,4256
4,1923
9,7581
9,4366
9,2579
9,4403
3,7403
9,7039
4,1840
4,6421
4,5440
4,1999
9,3668
4,1039
4,3479
4,4567
4,0437
8,7023
4,3110
9,4543
9,3765
9,6155
9,2248
9,3551
3,8341
9,2361
4,1608
10,0044
4,2084
9,1793
4,4582
9,2466
4,5372
4,0553
5,3435
4,1456
9,9316
4,3202
9,7517
4,4436
5,3059
9,0220
9,5395
4,3607
3,9684
9,4411
3,8880
9,6157
9,5741
9,2600
4,3890
4,7789
9,5259
9,4718
3,8547
4,2870
3,8766
8,9619
9,2222
9,8160
9,3584
9,4650
9,6013
9,6226
4,2479
9,4402
4,7067
9,8748
9,2575
9,7061
9,5625
8,9416
4,6110
9,5086
9,4940
9,2430
3,8563
9,0474
4,9631
9,5167
9,3640
9,9890
8,8915
9,4826
9,3543
4,2328
8,9543
9,1091
4,3340
4,3917
9,7833
4,1651
4,7217
9,4396
4,0849
9,2523
4,3090
4,1374
9,7417
4,6596
9,2954
4,3009
9,3495
9,2603
9,5438
9,0617
4,9021
9,6037
9,0778
9,6140
9,2638
9,4553
9,5228
4,1315
4,1240
4,4832
4,0684
9,3940
9,3635
4,3757
9,4462
4,1831
9,3308
10,1441
4,5478
8,9196
3,9508
4,1037
4,4996
9,1916
9,2719
4,0089
4,0018
9,7963
4,7057
3,8835
3,7226
4,3715
9,1998
4,1320
3,9519
9,4041
3,9632
9,4586
4,0206
4,5000
9,4204
9,0347
9,4693
9,0522
4,6681
9,3070
3,8180
9,5612
9,0149
9,5670
4,2458
9,6405
9,0064
4,6383
9,8970
4,7615
4,9205
4,3132
9,3800
3,5019
4,1217
4,3027
9,4417
4,3004
4,5854
9,5281
3,9811
9,0170
4,3821
8,9905
9,7743
4,1048
9,3829
8,5336
4,1518
9,2950
3,9230
4,0774
3,9709
9,2529
4,5215
4,4342
3,9581
4,7020
9,5853
4,1079
3,8602
9,2340
4,3940
4,5194
9,0890
9,3829
3,5421
5,4435
4,5405
4,8088
9,5035
9,5814
4,1514
9,1022
9,1654
4,0061
3,7349
4,2904
4,1694
9,7578
9,5337
9,7188
8,7409
9,5554
4,0863
4,2053
8,8777
9,1421
3,5771
4,4372
9,9595
4,2006
9,9080
4,7130
3,9584
4,1622
3,9514
4,5491
3,7837
3,9101
4,4300
8,7186
4,4380
4,0799
4,6943
4,0998
9,4449
9,5680
9,0972
4,6858
9,5783
4,2049
8,8861
4,5525
3,9041
4,1314
9,0268
4,1309
3,6591
9,3802
9,6785
4,1229
9,4753
9,4841
3,9576
4,4430
9,5136
3,7445
4,0011
9,2680
8,9891
4,2971
9,9518
4,2590
9,1113
3,6373
4,4508
4,6593
9,5456
4,5538
4,3738
9,0234
4,5554
4,5318
9,4612
3,9573
9,5035
4,4739
9,1537
8,3847
9,4662
9,3063
4,4505
4,3373
9,3691
9,7334
9,3509
9,2090
9,2449
9,5142
4,0248
4,4752
4,5296
9,5852
9,0764
9,6528
4,3463
4,7331
9,0912
4,2292
4,1588
9,0005
9,7596
4,0526
4,1662
4,2521
4,3827
9,7648
4,6731
4,8667
4,4314
10,1710
4,6792
4,2613
4,3278
9,2523
3,6927
3,9129
3,6399
9,4378
4,4771
4,5627
9,2267
9,1689
9,6749
3,9615
9,9076
9,4748
9,3093
9,2009
3,7936
9,1192
4,5146
9,4254
4,2057
9,4814
9,1112
9,1536
9,6030
4,4944
4,0618
4,3021
4,2369
4,0755
9,4025
9,6673
4,2512
3,9465
4,0250
4,0246
4,3556
4,0170
9,9855
4,4990
4,2198
9,4054
9,2328
9,3056
9,3836
4,3986
9,4565
4,3929
4,5849
9,7043
4,2384
8,8293
3,7851
9,3429
9,9689
9,1703
4,3397
4,0996
9,2297
4,6186
4,6425
4,0401
8,8491
3,9701
4,6131
4,0871
4,4760
4,2609
8,9982
4,1151
4,8335
4,0424
4,5924
9,4423
4,2404
9,3657
4,0162
8,9857
5,2250
9,6213
4,1672
4,4222
9,4887
4,1948
9,0271
9,6768
8,7827
9,7275
9,4719
9,7919
4,4399
9,0615
4,3872
4,3929
4,5145
4,1203
3,9551
4,1157
4,9085
9,3742
4,4866
9,8261
4,5422
4,6584
4,4176
4,0090
4,7247
4,1669
9,7658
9,1307
9,5583
4,2426
4,6398
4,4535
3,9112
4,7892
4,7926
9,4450
9,2831
4,8465
4,5096
9,4671
9,4484
3,8515
4,1444
4,4534
4,0092
9,6405
4,4822
3,9997
5,2718
9,1615
3,7327
9,3241
9,6619
4,4245
9,6480
4,4741
4,4001
9,1944
9,6522
9,4841
4,0350
9,4745
4,4687
9,1307
9,3743
9,5343
4,1032
9,6218
9,0529
4,1852
9,7001
9,7001
9,1018
4,1382
9,5320
4,0011
3,9464
9,8057
4,1152
3,9497
9,3141
4,2856
4,0551
4,9874
4,4120
4,0957
9,1435
4,8435
9,3975
9,4491
9,4323
4,3910
9,7373
3,8743
9,1651
8,8291
4,1532
4,4775
4,5183
4,0373
4,5159
4,5532
9,1827
9,8465
4,4498
8,8664
4,6818
4,1025
9,8010
9,5851
9,7762
4,3210
4,0911
4,5417
4,0223
4,1289
4,3014
9,6123
9,8895
9,7287
3,7168
9,2281
8,7489
9,3564
9,5054
4,7829
3,7187
3,8508
10,1166
4,7492
4,1807
4,0086
9,7298
8,8154
3,9881
4,7445
4,6693
4,8219
4,7983
4,0769
4,2646
9,7186
9,9223
4,0290
4,6530
4,2441
4,6536
3,8864
9,2026
9,7146
4,6996
4,9588
4,0179
9,3335
4,9386
3,7303
4,4632
9,1828
4,3590
4,0963
9,2445
4,3304
4,7038
9,2607
4,4041
9,2397
4,5250
5,4008
4,1571
4,0898
4,3788
3,8637
4,4718
9,4289
4,8377
9,7140
9,1402
4,3523
9,4017
9,2839
9,4817
4,5630
9,2120
9,7733
9,1101
8,8197
9,2964
9,6498
4,0038
8,9367
4,0403
9,9248
9,5851
9,1296
8,8918
4,9326
4,5951
4,8354
4,0128
9,9422
4,6120
3,8844
4,2281
4,1729
4,5989
9,4944
4,4986
9,6182
4,3743
4,4482
4,2199
9,4326
3,8298
9,5035
4,3321
4,3318
9,7789
3,7307
9,1840
9,1782
9,6127
3,6124
4,0511
9,1701
4,9342
9,5885
3,5523
3,7909
4,3350
4,4466
9,4362
9,4004
4,4433
4,6045
4,5564
9,4728
9,7571
9,6461
3,7785
9,0512
3,9752
4,7088
4,1582
9,1634
9,7921
3,8800
4,6446
4,0317
4,8481
4,0841
9,5506
9,1476
4,1671
4,5581
9,8538
4,1131
9,5531
4,7722
9,5371
3,9977
3,8699
4,0984
4,1032
9,1734
9,2960
5,0619
9,3620
5,4921
5,0583
4,1838
9,9951
8,8390
4,4441
9,2872
9,3468
4,3386
9,5257
4,3359
10,1124
4,9902
4,6428
9,4143
10,0507
4,3769
10,0112
4,5986
9,6828
9,5291
4,5073
4,0838
9,7749
8,9822
8,8010
9,9165
4,1799
3,9534
9,3802
4,5628
4,4449
9,5897
9,4267
4,1729
9,4596
3,9241
9,3378
4,5735
4,6348
3,9426
9,3001
4,6593
4,0226
4,8775
4,1475
4,4394
4,4987
4,3796
9,2090
4,2991
9,1810
4,2937
4,3561
4,3484
4,1436
4,4058
9,0354
3,2202
4,4281
4,3902
4,5694
3,8753
5,3067
9,0850
4,7012
4,4900
4,6291
9,2835
8,6213
4,5202
9,2500
4,4958
9,1609
4,2037
3,9945
9,3156
9,7160
9,2315
4,2690
4,6417
9,2259
4,0903
4,1408
3,3690
4,7796
9,4089
4,2755
9,3593
9,4735
9,5908
9,2449
9,4552
4,2378
4,0128
4,3288
4,1147
9,5428
9,3356
9,1706
9,4545
9,0525
9,2391
9,1556
4,6133
9,6675
4,9627
9,6574
9,4506
4,4312
9,4577
4,3857
4,1921
4,4438
3,6945
4,5117
4,1302
9,2662
3,5193
4,1308
4,1076
9,4458
3,6193
3,6065
9,5246
4,2216
8,6240
3,7819
4,2787
9,3400
4,3751
3,9828
4,6134
4,1863
9,7361
4,8685
9,4190
4,3459
4,4019
4,2490
4,3534
3,9335
4,2212
4,4277
9,3445
4,0317
4,6217
9,9089
9,8970
9,2137
9,0741
9,5592
9,7189
10,0812
4,4272
3,9813
4,5653
8,9622
4,5174
3,9365
9,7468
4,1059
5,4975
4,1011
4,6115
4,5968
9,3569
3,8681
9,6410
3,9196
9,7578
4,2812
3,8512
4,1365
9,2622
9,4768
4,5154
4,2121
9,2379
9,6079
4,7490
9,7755
8,8960
4,9032
8,9728
9,8850
4,4315
4,1589
4,4924
4,7397
9,4197
3,9086
4,2566
8,8985
9,6437
4,1122
4,4208
9,3201
4,2660
4,0884
9,4416
3,8984
4,6459
9,8267
8,8794
3,7905
4,3222
4,7204
4,3970
3,7240
4,9957
4,3818
4,7572
4,3664
9,1665
9,1680
9,5917
4,0695
8,9559
9,7287
9,0165
4,4985
4,4561
4,2222
8,9307
4,3228
9,9340
9,5154
8,6144
9,7727
4,1032
4,0433
4,2480
8,8678
9,5508
3,8783
9,4899
4,4745
3,7073
4,4394
4,3188
4,3232
5,0537
4,5615
9,3244
9,1070
9,0076
3,6742
9,4679
9,3830
4,0797
8,9460
4,6414
9,2955
8,7931
4,2485
9,3769
9,1120
9,3366
9,4675
8,7537
3,9171
3,8786
4,2800
3,9163
3,6148
4,6503
9,0450
3,8975
4,5590
9,9596
9,2912
4,2044
9,4330
4,2064
4,7092
3,6691
9,7921
9,4922
4,1399
3,7412
9,1829
9,5044
9,6494
9,2871
4,1501
4,3416
9,4842
9,8309
4,2675
4,4220
4,5022
9,5344
4,3648
3,8477
9,7177
3,9277
9,1382
9,2641
4,1720
3,8423
3,8688
4,4902
9,1768
4,0640
3,9669
9,7323
9,4709
9,4013
3,8615
4,0366
4,4094
9,7425
4,1801
4,5096
9,9368
4,2524
4,3629
4,5973
4,3232
9,1529
3,6853
9,0974
3,6727
3,9660
4,2599
4,2789
4,7857
4,6356
9,5547
4,1522
9,6238
9,4511
4,6368
9,5572
4,6656
4,2902
4,3161
9,4974
4,1067
9,1109
4,3851
3,6142
9,3310
4,3824
9,2072
9,4317
9,1229
9,5170
9,2715
4,6150
8,8944
4,2369
9,3253
9,2468
4,6512
9,0986
3,7264
4,3272
9,5989
9,6719
4,6716
9,5358
9,1429
4,6467
3,5352
9,1372
4,0887
9,1252
4,0416
4,4044
4,3830
9,8664
9,3824
9,7310
4,4036
4,1944
9,3155
9,5911
9,0766
9,6643
4,4926
4,3279
4,2820
4,6921
4,0698
4,2958
3,7390
4,5922
4,6078
9,4347
4,3968
9,3207
9,5490
4,5186
4,3774
4,2144
3,9673
4,2593
9,2917
9,6328
4,2087
9,7505
9,2892
4,2888
4,3915
9,9131
9,0526
4,0586
4,2235
9,2143
4,4722
4,2836
4,9382
3,8003
4,0273
4,3022
9,5345
4,1808
9,3525
3,9014
4,5553
9,3001
4,0451
4,0787
4,2212
3,7179
3,8650
4,4669
3,7748
9,1326
9,2364
9,3863
4,4316
9,3984
4,7105
4,1399
4,2000
4,1664
9,8673
4,3190
9,4908
9,5197
4,0050
3,2494
4,1012
9,5329
9,8990
5,2902
4,2223
4,8020
3,9788
9,5532
9,4568
9,2210
3,8382
4,3055
4,4675
9,6661
4,3984
4,4675
4,5682
4,6887
9,5342
4,4807
4,2493
4,4537
3,8170
3,9615
4,7711
4,2524
9,2726
4,5984
9,4994
4,0320
8,7283
3,8751
9,6488
4,3109
4,6572
9,4996
3,8844
3,7569
4,2071
9,6559
4,4333
9,6400
4,2996
9,0257
4,3455
5,1488
3,8414
3,8531
9,3429
9,3170
4,5046
9,8452
8,9931
4,2615
3,9828
9,3837
9,8145
9,0333
4,4013
9,4155
8,7793
4,5449
9,3007
9,6861
4,2692
3,8664
9,9028
4,0221
9,3574
3,8514
4,4061
4,2042
3,6153
9,4917
9,6408
9,2364
5,3670
4,3087
4,6661
9,5853
3,7744
9,3564
3,8852
4,7458
9,2394
9,8274
4,4871
9,4081
9,2790
9,5766
9,2216
4,4860
4,4563
4,6920
4,1984
3,9372
9,2521
4,4554
9,6545
9,2602
3,9857
4,6108
4,3406
9,2928
4,4348
9,4581
9,1182
4,3892
9,7791
4,5152
4,1763
4,1314
9,7173
3,7869
4,0589
3,8439
4,5687
4,0596
9,1361
4,2305
9,3614
9,4224
4,0843
9,8818
4,6742
9,3757
9,4523
3,9605
9,2284
9,4194
4,6243
9,3934
9,2645
8,7102
4,9415
4,0939
9,1440
4,1516
9,4507
4,0008
4,4869
3,7450
5,0433
9,8053
9,6438
4,1831
4,4903
4,2700
9,8618
4,0842
4,4449
4,2318
4,4392
9,2141
4,0415
3,9580
9,7919
9,7173
9,3818
9,5417
4,7800
4,2173
4,2833
4,5909
9,5977
3,9584
9,4904
9,5092
4,2980
9,4946
3,9383
9,8683
4,0694
4,8759
9,7682
3,5677
9,3966
4,2166
3,7121
4,2441
9,6188
4,5684
3,8103
5,2792
9,6888
3,6525
3,8902
9,5708
9,0110
4,4739
9,2164
4,8087
4,8114
4,3860
4,2593
9,2364
4,2763
9,8376
4,5224
9,4834
4,3926
9,5279
4,3029
4,4745
4,0502
3,9787
4,2550
4,4670
9,4676
8,6886
9,6676
9,6298
8,9777
4,5972
9,5899
4,4394
9,0508
4,3293
4,3861
9,0559
9,6982
9,4076
3,8703
9,1288
9,5759
4,2143
9,7237
8,8632
9,5974
4,4229
9,4659
3,8723
4,3156
4,7904
4,2382
9,7468
9,6896
9,2963
4,2964
4,6973
9,5069
8,7064
3,9360
4,0420
9,9725
8,8819
4,2220
9,8870
4,3365
3,9768
4,8049
4,7016
4,0656
4,6751
9,8644
4,4220
4,0749
4,1326
9,4549
9,4620
9,2230
9,0176
9,3561
3,6589
8,9795
9,7329
4,6913
4,6231
4,2742
9,3784
9,7684
9,7673
4,5373
4,4227
4,1012
8,8216
9,0599
4,2785
9,7021
9,3063
4,1638
3,9799
4,0608
4,4651
4,5013
4,2505
8,7642
9,3790
4,2490
9,3688
4,8729
4,2641
8,9727
5,1873
4,8796
9,5261
9,6926
5,1326
9,9479
8,8523
4,4530
9,2306
9,6267
3,5272
3,8498
4,6312
4,2027
4,3781
4,4478
4,1195
4,6610
4,5556
9,1790
8,6346
9,3867
9,1342
4,0259
9,2326
4,2850
9,3476
4,6543
4,7173
4,1292
9,3335
4,6409
9,5783
4,5661
9,0803
4,0002
9,5589
4,1071
4,0256
9,6309
4,1432
4,2003
9,7217
9,3847
3,8979
9,4392
4,8962
3,7892
4,1889
9,6171
4,0852
4,5607
10,5768
10,3035
4,3432
3,6237
4,2746
3,8233
8,7780
9,3601
3,6585
5,0266
9,2875
4,4449
9,9028
4,2346
9,6255
4,3825
8,8864
9,1291
4,4509
4,2526
4,3181
4,4059
4,6961
3,9405
3,9908
4,3428
8,9212
4,3530
10,0898
10,0391
4,2426
8,9927
4,6445
9,4017
4,3611
4,0908
4,6241
4,4559
5,0913
9,3814
4,4127
4,1217
4,2365
4,1443
3,4232
3,8072
4,1757
8,9612
9,6590
9,8591
4,2363
4,3803
8,5862
8,8305
4,5140
9,5234
5,0481
4,4569
10,0109
3,9312
4,0803
4,2372
3,8850
4,1744
4,3017
4,2482
9,4635
4,4549
4,2099
9,2881
4,4931
4,0593
9,3404
4,9842
4,2118
4,5314
9,4235
4,1664
8,8466
3,9926
3,9856
4,4257
9,6612
9,8616
3,3313
3,8684
4,8557
4,0521
9,2496
4,4198
3,8710
4,6496
9,4530
9,7187
9,1307
9,4375
9,1653
4,0453
9,3609
4,3220
9,0503
4,2797
4,4967
4,6526
8,8498
4,3787
9,8974
4,7922
9,2568
9,1851
4,5821
4,0929
9,0365
4,9467
9,3193
4,0298
4,5468
4,7390
3,7269
9,4566
4,9136
8,5974
3,7731
9,5671
9,0451
8,9983
4,3424
4,3738
9,0329
4,0713
4,1087
4,1501
4,2532
8,7926
4,9270
10,3661
3,8197
4,3237
9,2159
9,4830
9,8050
4,3769
9,0401
4,0399
3,9335
4,0868
4,4742
4,0918
4,2716
9,0632
3,9532
4,2320
4,0648
4,9351
9,0706
3,7261
3,9993
4,0845
4,0878
9,7501
4,0104
9,4190
8,8020
10,0411
9,1421
4,4708
3,9052
9,5724
5,0452
9,4303
4,7457
9,0628
4,4049
9,6611
9,0270
4,4643
4,2305
9,5287
4,4601
9,3016
9,1956
9,6205
8,8892
4,2482
4,0817
4,1769
4,3906
10,0066
9,6907
9,0419
9,5788
8,9159
4,7316
9,4069
9,4138
8,9864
4,0220
4,3996
4,3903
4,9818
9,5718
9,4262
9,0645
9,1943
9,1646
8,8653
4,1206
4,6403
10,0387
9,8732
9,4742
4,7107
4,0058
9,7975
3,9939
9,3265
4,2669
4,9690
9,1361
4,6391
4,1953
4,6237
8,9758
9,1492
4,4199
4,5383
4,5481
9,2255
3,9722
3,5922
4,2539
4,3746
8,6551
4,5401
9,6378
4,0757
3,7520
3,7155
9,2793
9,3668
3,9429
9,0383
9,3666
9,6740
9,3559
9,5711
9,0834
9,2870
4,0244
4,7381
9,7095
4,3611
4,0403
9,7115
9,3252
9,3374
9,9317
9,2356
9,2216
3,9412
9,0057
4,0064
8,8647
4,6392
4,5505
4,4507
4,3206
3,8501
8,8400
9,6648
4,2556
9,3821
4,2267
4,0185
9,7873
4,2406
9,1618
9,6776
4,5977
4,2873
4,3081
9,3930
4,3056
4,4978
9,5139
4,2636
4,3653
9,7192
4,5323
4,0765
4,0568
9,0282
3,6662
9,7316
9,3787
9,4982
3,9889
4,4531
3,4309
9,1966
9,0112
9,2329
9,1929
3,8413
4,5785
3,9014
3,8725
4,0970
4,4974
4,2187
4,4383
4,2015
9,1981
4,0830
4,4500
4,3581
3,4607
9,4706
9,4804
3,6868
4,4199
9,7324
9,4587
4,3481
9,5281
9,4710
4,6024
4,0643
4,3725
4,2628
4,0479
9,7823
9,0532
9,1855
4,7340
9,3574
9,5027
4,0015
9,9959
4,5676
4,2559
8,8809
9,6010
9,6047
4,0173
4,2250
9,4688
4,4090
9,6948
4,7142
9,4325
9,6759
4,7314
4,0870
9,4407
3,8684
4,4862
4,2183
9,6141
4,4573
9,1558
4,8598
9,4500
9,1603
3,9737
9,8040
9,1703
4,3017
9,2588
4,4238
9,4947
3,7458
4,6722
9,1281
4,3610
9,0901
4,1218
4,1528
9,5342
9,3576
8,8543
4,4206
4,1835
9,7629
4,4105
4,9136
3,9686
9,1120
9,0667
9,3380
3,7858
3,8913
10,0035
3,5102
5,0114
4,2065
4,2193
9,1494
9,7307
9,1082
3,6722
3,4426
4,1599
4,4397
9,6159
4,0762
4,1361
4,3191
4,0533
8,7669
4,2769
9,6755
4,0282
4,6438
9,2287
8,9364
4,7621
9,5432
9,0362
3,6664
9,3070
4,6591
4,3387
9,4416
4,7152
8,9492
4,2675
4,7461
9,6269
4,7854
4,4879
4,2380
9,2343
9,3414
8,8805
9,2555
4,1660
9,6379
4,1887
8,9503
4,3626
9,7918
4,4260
9,3790
4,1380
3,6627
9,3927
4,8109
5,0757
9,2336
8,9337
4,0186
9,9165
4,0699
9,7725
9,9064
9,5013
9,7510
9,5428
9,2900
9,5400
8,9409
4,2906
9,3468
3,9973
4,3799
3,8555
8,9492
3,8279
9,8457
4,7776
3,6913
9,6637
9,5190
4,0063
4,6134
9,6108
9,6902
9,8295
4,5388
4,1873
9,2237
9,4745
9,2124
10,0617
9,5978
9,4596
9,4853
9,8819
9,4950
9,3733
9,3307
4,0946
4,4420
3,9518
4,8434
4,6003
9,2777
4,6079
4,8704
3,9677
9,5777
4,2641
3,7069
9,1018
4,1700
9,8831
3,6473
9,4696
4,5789
4,0399
9,4389
4,0456
4,1729
3,7290
3,9417
4,1745
4,7490
9,4753
4,3746
4,1894
8,7673
3,8045
3,8537
9,7010
9,3456
3,9260
4,5237
9,2391
4,2753
3,7066
4,4352
4,6242
4,5423
4,0397
3,9145
9,1322
8,9068
9,1146
9,5331
9,3588
9,2653
4,6642
3,8983
9,4681
9,2192
3,8253
4,2012
3,9789
9,3988
9,5581
4,1794
9,3072
4,6006
8,7466
9,5797
9,6441
4,6437
9,7539
9,6000
3,7488
9,7522
3,9764
8,6242
4,5068
4,0026
3,6952
3,7143
4,2060
9,6095
4,2593
3,9846
9,3030
8,9356
9,0233
4,0792
4,2604
4,6631
9,3409
4,5487
9,4997
9,6802
9,2802
4,5741
9,1206
9,2719
9,5122
9,5286
3,8524
9,6177
9,9612
4,2351
4,4451
8,6956
4,4446
9,7448
4,1258
9,4938
9,7656
9,5642
4,2899
9,7023
9,0587
4,6542
4,7885
9,5354
9,5932
4,2312
3,8205
3,6451
4,0263
9,2809
4,3948
4,8128
9,2229
4,6534
9,7236
4,0962
4,3036
9,3925
4,2441
9,2563
4,2350
8,7181
4,4042
9,4209
9,3054
9,1986
4,4918
9,3920
3,5822
4,3429
9,7000
3,9604
4,2861
4,6304
9,5047
4,0450
4,5763
9,8249
9,1684
9,3681
9,1780
4,3539
9,4684
4,2092
9,3255
4,3047
4,8360
9,4172
4,6675
8,7157
9,7195
8,9611
9,5858
9,1738
9,6340
4,4716
4,4710
4,1938
9,7361
4,8342
4,5284
9,1087
9,0799
9,5571
4,5034
4,8926
9,8327
3,5084
9,5079
9,6169
9,2524
4,7062
9,3379
4,5209
3,8658
9,5235
9,5321
4,3198
9,4303
4,4436
9,5602
4,2803
9,3573
9,3698
4,3768
3,6308
4,3932
3,3821
4,1595
4,7621
9,3490
4,2368
3,9626
9,3829
9,5498
4,5970
4,1270
4,3750
4,4788
9,7902
9,3506
10,1775
9,6778
9,5740
4,2171
9,6399
9,1498
9,0792
9,4084
9,4928
4,8476
4,1131
9,7090
3,8406
9,1739
9,4292
4,0097
4,5261
4,4551
4,3393
9,4339
9,3346
9,2808
3,9286
3,9340
4,3377
4,1247
4,4397
4,8388
3,9246
4,8238
9,1566
4,0050
4,6429
9,6389
4,1632
4,4741
9,6126
9,7706
4,1740
4,3747
4,0287
3,9361
4,1816
9,5820
4,9109
4,1304
9,2346
4,3487
9,4368
9,1374
9,5740
9,4644
4,1153
10,3124
4,2787
4,5030
4,2546
9,2153
4,8673
9,4812
4,5610
9,4054
9,2369
9,5244
4,5851
9,2317
8,5847
9,5232
9,1926
9,6302
9,2495
4,6098
10,1071
4,5819
9,4991
8,9387
4,6808
4,0657
9,1902
9,3118
9,6556
4,3671
5,0723
4,4392
4,9078
4,0299
9,4740
4,1567
4,0520
4,4773
4,5116
4,4750
9,0915
4,0986
9,3248
9,4558
4,6499
4,4380
4,1347
4,8291
4,0532
4,7542
9,0724
9,7373
10,0350
9,3892
9,3245
4,3136
4,5826
3,8294
4,1247
4,3996
9,6921
9,7017
4,2761
9,3941
4,5956
9,6865
4,2195
8,9678
9,1179
4,6904
4,6690
9,3947
4,5179
3,8370
3,8238
9,2768
3,8925
4,0286
4,4280
8,7846
9,1850
5,0615
4,1020
4,3906
9,2593
4,7587
8,9765
4,0412
9,3371
9,3530
4,5640
3,5576
9,6991
9,3771
9,9716
4,5062
9,2680
4,2848
9,2684
4,2050
5,0436
4,1560
4,6302
9,2618
8,8927
9,5792
4,4704
3,2496
3,7342
4,0640
3,8802
3,9843
4,1978
3,9503
9,1990
10,0337
9,2094
3,8823
4,6015
4,1907
9,5659
3,7711
4,2069
3,9785
9,0471
3,9273
3,9442
9,4391
9,7790
9,6281
9,0707
3,9985
9,8790
4,7206
4,3432
4,2029
4,3397
9,1144
9,3063
4,2933
9,3288
9,2686
9,7850
4,4178
9,3443
9,7705
9,0953
4,7786
4,4005
9,0756
4,9539
9,5931
4,5917
9,7635
3,8079
4,2453
8,8059
4,5766
9,3527
9,5890
4,2373
3,6606
4,8392
4,3978
9,5071
9,0386
4,3646
4,2429
4,5003
4,0437
9,4027
9,6803
9,5040
4,3886
4,6136
4,1455
9,8593
4,2141
9,1511
9,0906
4,6507
4,4122
9,9495
4,0419
9,3732
4,2790
9,4627
9,2898
3,8275
9,9268
3,8509
4,9346
4,3638
4,1132
9,2176
9,3391
9,8334
4,3208
9,0718
4,0664
4,6201
3,8350
9,3296
9,0931
9,2375
3,8439
4,5557
8,9122
4,5146
9,5123
9,3123
4,1905
4,5370
4,1485
3,7739
9,4462
10,2393
4,0168
4,5629
4,0737
3,8513
4,1329
4,0803
4,6736
3,6438
4,1807
4,1780
4,7979
4,2542
4,5139
4,1898
4,5129
3,4107
4,0089
4,0612
4,1694
4,3640
4,3054
4,5121
4,1126
8,9909
4,3419
9,0982
4,5369
4,3198
4,8139
4,5368
4,8627
9,2347
8,9137
4,2402
4,1004
9,0152
9,3801
10,1093
9,3803
9,4462
4,0784
5,0693
9,1785
4,8359
9,4392
4,2698
4,4222
9,2021
9,4310
4,0310
9,9117
4,0565
8,9723
4,8166
9,2514
4,5544
3,8173
9,7796
3,9105
9,0837
4,8102
4,2042
4,4841
4,4348
3,4721
9,7359
3,7042
9,1088
9,7060
4,2144
3,2983
9,6692
9,5807
9,7008
9,1908
9,4996
9,5157
9,1913
4,7050
4,5020
9,2804
9,1912
9,1288
9,5998
4,7657
4,3965
4,3392
4,3472
3,8785
4,3428
4,2412
9,0240
9,7908
3,9709
4,3007
4,1966
9,2067
8,9433
9,3599
9,4387
4,4471
4,0888
9,2346
9,8587
9,2138
9,3473
9,5452
9,4653
4,1774
9,4556
9,1079
10,0479
3,9256
9,0884
9,5826
4,2780
9,5359
9,0425
9,2836
9,1568
4,7364
9,9348
4,2241
9,1020
3,8976
9,5461
9,4620
4,3327
9,5139
9,1694
4,0969
9,3565
4,5364
4,7653
9,6687
9,2025
3,8244
9,1031
4,4602
9,4560
4,1717
4,4065
10,0556
9,5206
3,6386
8,8913
4,4412
4,4982
9,3837
9,4226
4,5730
9,2174
9,3548
9,1849
3,4003
3,7075
9,5716
9,4491
9,3998
4,0641
4,5023
3,9591
4,2096
4,8104
4,0761
4,2939
9,2740
4,4684
9,9662
9,2117
4,2524
9,2248
3,7742
9,2942
9,3117
4,4688
4,0152
4,0465
9,6226
4,6443
4,3460
4,7165
4,8063
3,9848
9,0805
4,7384
4,4164
4,2865
5,1173
4,2791
3,5914
4,3250
8,9984
4,1817
3,9375
9,6282
4,2354
9,0766
4,4222
4,2211
9,0872
4,3751
4,2976
4,3741
9,1138
9,0444
9,7642
9,3537
9,5778
3,8496
4,3999
8,8174
4,1570
9,4613
4,3911
3,6088
3,9614
4,2684
9,6112
9,1167
9,3625
4,0415
4,4622
9,1623
4,5862
4,4931
4,4827
9,4783
4,5768
4,2347
9,3124
3,8985
4,4555
9,7664
4,2470
9,5323
4,7566
5,0025
4,1796
9,4313
4,9065
4,3849
4,6444
9,4774
8,9831
4,1360
4,7585
9,3719
4,1526
3,6735
9,4386
9,3611
3,6419
9,5879
9,2964
9,3217
4,0502
3,5712
9,0464
4,5781
9,6226
3,9579
9,5388
3,8746
4,5561
4,3904
9,4507
4,4830
4,6007
4,2719
9,4865
9,4323
3,9904
9,4870
4,7867
8,7341
8,8692
4,0095
10,3044
9,4651
4,4852
9,3226
9,1865
4,4547
9,5606
9,3223
3,9052
4,8384
4,3543
4,6643
4,7506
9,3150
4,8252
3,7919
4,5488
4,1828
4,4116
9,0791
4,4801
9,2582
4,2718
9,5290
9,4205
4,4522
8,5893
4,0974
4,2820
4,0648
9,3014
4,2418
9,0593
4,3471
9,2213
9,7414
4,4406
5,4951
4,2238
9,3461
9,3238
4,3495
4,1893
9,4164
4,4078
4,6970
9,7353
9,1768
9,5442
4,1434
9,4361
8,8946
9,4398
4,0699
3,8510
10,0292
3,7381
4,0821
8,8877
9,1482
9,2193
4,1380
4,8114
9,3347
4,0625
9,3299
8,8567
8,9053
9,6499
4,8307
9,2585
9,3565
8,8845
9,5639
9,1470
4,4970
9,4321
3,6735
9,5492
4,3400
9,8031
9,2775
9,6496
4,3227
4,1064
9,0942
4,6582
4,2342
9,5450
9,6116
9,6920
3,6951
4,4862
4,0990
9,2016
4,4103
4,5521
9,1236
9,5881
8,7735
4,1800
4,0762
8,9636
4,1442
4,8246
9,7099
4,6959
4,0802
9,1525
3,7662
4,9140
3,7645
4,4393
9,1283
9,5935
9,6056
4,8341
9,5372
9,5390
4,3834
4,5699
9,4060
3,9605
3,9145
4,6029
9,6469
4,6936
9,7453
4,7950
9,5798
9,2692
4,1380
9,8611
4,0646
4,9583
4,5958
4,2181
4,2398
9,1735
9,6379
4,3157
4,3540
4,0886
4,0924
9,5395
9,1110
9,4264
3,7540
9,6549
4,4493
9,6141
3,9009
4,6342
4,6732
9,3282
9,4169
9,6710
4,6267
4,4667
4,4168
9,3046
4,2201
4,5924
3,2029
9,2837
10,2291
4,2780
3,5501
9,5248
4,0476
9,1586
9,3025
4,0696
4,4390
3,4605
4,8676
4,4551
9,5197
9,4455
9,4772
9,7744
4,4215
4,3709
3,7286
4,2204
3,9871
3,8478
3,8421
9,3237
4,5228
9,3987
3,9339
4,5216
4,4909
8,9068
4,2246
9,2928
9,2314
8,9444
4,5187
9,8153
4,7029
9,4674
4,0711
9,5276
9,1284
8,9284
9,4219
3,7775
8,9357
4,4082
4,2853
4,5703
3,7031
4,5005
4,8352
3,4500
8,9607
9,2636
3,3955
4,6280
9,7736
9,1826
9,4612
3,8552
4,6376
4,2152
4,2835
4,5134
4,5442
9,8781
9,3564
9,3927
9,7373
4,3533
4,4387
9,1587
9,6608
4,1555
4,1942
4,4721
4,7953
9,1849
4,3993
3,6827
4,1841
9,4146
4,6120
4,0637
4,5981
9,1488
9,4279
4,5133
9,7194
9,4256
4,5503
4,1094
9,6623
3,8614
9,6404
4,6465
4,2789
4,3993
9,3048
4,1521
4,8319
4,1160
4,2359
9,3001
4,7275
4,2043
9,3775
4,3782
4,1935
9,8131
4,3775
4,1800
4,4742
3,9143
4,3426
3,7900
4,3802
4,2983
9,4955
9,7767
4,1470
4,6558
9,3573
4,5312
4,0160
4,2326
4,4992
9,1520
9,4501
4,4803
3,9209
9,1299
9,8820
9,1473
4,3280
9,5536
9,6938
3,8731
9,2082
4,4612
4,3049
3,3102
4,2356
9,6800
3,8539
9,4915
4,3113
4,5844
4,4291
9,5490
3,9614
3,9483
9,0502
9,4678
4,5561
9,2067
9,1426
9,4536
4,1577
4,6847
8,8793
4,2515
4,0422
4,2304
4,6422
9,1628
4,2213
4,4606
9,3705
3,9876
9,6548
9,3139
9,1644
4,2786
9,2168
9,3946
3,9789
9,4655
9,1040
3,8381
4,2705
4,5604
9,1961
9,6320
4,7311
4,5644
4,7253
3,8798
5,1912
9,1725
4,3304
4,3873
9,4092
9,3089
8,9757
4,0821
4,1258
4,3868
4,4276
9,2710
9,6189
4,2042
9,1818
9,6537
9,5414
4,2903
9,0646
9,3116
4,4701
4,2662
4,5307
4,1460
4,3456
10,0459
5,0504
4,3079
9,5221
4,0363
9,6124
4,6613
4,3941
9,6373
9,3413
9,7415
4,1824
9,8055
9,4849
9,0985
4,1490
9,1245
9,4576
4,1220
9,4040
8,9233
4,4451
3,8569
4,3964
9,4948
4,3639
9,2962
9,1362
4,5985
9,3928
4,6528
8,9615
9,6388
9,6943
4,6988
9,6198
4,8955
4,7299
9,6518
9,7099
8,8407
9,9194
3,9279
4,4239
4,6151
4,5074
3,7416
4,6533
3,9120
9,0246
4,0693
3,7929
9,3913
4,5800
9,3131
4,9982
4,4476
9,7789
4,4169
3,8112
9,5361
9,6300
9,2535
4,0406
4,6692
4,0125
9,7247
4,2621
4,5753
9,5148
4,3469
9,5109
9,3270
9,7393
9,5691
9,4704
8,8365
3,8756
9,7541
8,8008
9,4090
9,3850
9,7842
4,1560
4,2194
9,3325
4,3879
3,9841
4,1165
9,2134
4,5306
9,6024
4,6971
9,3161
4,4722
3,8578
9,6905
9,3823
3,8840
4,6068
4,2446
4,2173
9,2040
3,7435
9,6627
9,1765
4,5839
4,8888
9,4551
4,7037
9,3170
9,3393
9,6761
4,2542
9,0216
3,9812
9,1394
3,8591
9,1461
9,3347
9,0206
9,5301
4,1448
4,2291
3,7941
4,9129
9,0740
4,3298
9,5062
4,1168
3,9848
3,7370
3,9347
3,7031
4,5020
9,1474
9,5248
4,5974
4,4475
4,6048
4,3575
4,7261
9,2001
10,2188
9,4185
9,5077
4,1212
4,4780
3,9650
9,4338
4,0933
9,4930
3,8185
3,9250
9,7237
3,9972
4,3270
9,6931
9,2094
8,9238
4,6565
4,0595
4,6401
3,9266
4,6016
9,1597
9,9611
8,8590
9,5498
9,7736
4,1569
4,1611
4,1778
4,1062
9,5683
4,1563
8,9756
9,4353
3,9192
9,0974
9,2466
9,5670
9,2658
3,8695
9,4708
9,1306
9,6585
9,6334
9,4527
4,3776
4,2618
4,4711
9,6122
4,7139
4,1569
9,5078
9,2298
3,7077
4,1894
9,8949
3,7146
9,2832
4,4971
4,1124
4,9377
9,5354
9,8435
9,4387
4,3546
9,4340
4,1228
4,7198
4,3740
9,3329
4,2717
4,0669
9,3896
4,6079
9,1243
9,3366
4,5592
3,9562
4,4557
4,4810
8,7922
4,8431
9,0055
4,0187
4,4461
4,2724
9,3494
5,0649
9,0144
4,9384
4,1128
9,2047
9,4434
4,5051
9,5136
9,4633
4,9873
4,5782
4,2385
3,8691
9,7589
4,6395
3,8717
4,5479
4,1699
9,4340
4,3892
4,2035
4,3545
4,4464
9,2293
9,4027
9,2788
3,4270
4,5981
9,5889
4,2267
8,9575
4,3297
4,2608
4,0432
9,7162
4,5860
9,5796
9,3250
3,8915
8,8404
4,2260
4,3588
8,7870
9,1530
9,3604
9,4353
3,8834
9,5368
4,2833
9,5746
9,5465
4,7771
3,9444
9,5072
9,4001
9,7665
9,9674
4,4317
4,6822
9,1642
4,1103
9,6234
9,8444
9,6368
4,3912
9,0790
4,9844
9,0791
9,4238
4,2149
9,4157
4,0766
4,3662
4,4535
9,5197
9,3235
4,9478
4,4694
3,7391
4,4568
3,9369
4,5003
9,3289
9,2991
9,4180
4,4705
4,7357
4,5205
9,3105
9,1623
4,7323
9,4808
3,3695
9,1852
4,2338
9,0073
4,5951
4,0677
9,2513
4,0647
4,1993
4,5898
4,1156
9,4764
4,7387
4,3854
4,4734
4,7856
8,9430
4,4918
9,5968
9,6730
9,5119
3,5891
8,8537
10,0757
9,3589
4,0335
4,1585
4,4639
4,4145
9,5111
9,1066
3,9265
3,8034
9,7237
4,6725
3,9966
8,8644
9,1326
9,4597
9,1062
3,8785
9,3141
4,1332
4,3512
4,2112
4,2803
3,8485
9,5005
4,4832
9,3963
4,0280
4,1207
9,9480
9,6268
3,9390
9,2124
4,0474
4,7110
4,6208
3,9717
4,4556
9,5789
9,4119
5,3397
9,3718
9,7417
4,8074
9,3861
9,1997
9,4280
9,3345
4,2404
3,9362
4,2407
4,1570
9,4526
4,2009
9,3452
4,5273
9,7787
3,9876
9,9136
9,1811
4,8068
3,9288
3,9849
4,0105
4,8899
4,2775
9,3561
9,3252
4,0333
4,0780
9,5885
9,6167
9,1045
8,8292
9,3336
9,2268
4,4808
9,0149
9,0263
9,5152
4,0932
3,4864
4,0221
9,0001
4,0452
4,4036
3,5925
3,9635
9,2801
9,0196
9,0603
9,5137
4,1309
4,8772
3,9160
4,4253
4,5340
9,4211
4,7361
9,7990
9,6347
4,4447
4,7913
4,0169
4,5044
4,7114
9,3312
4,4803
9,7930
9,5315
9,6740
4,4673
4,1789
4,7796
4,5297
4,2163
4,0048
9,1642
9,4047
4,0101
4,6034
9,8201
4,9276
8,8073
5,0157
4,9483
4,7865
9,3785
3,7681
9,3146
4,3358
4,6601
4,0670
4,3047
4,2845
9,2336
9,6466
4,3606
4,0468
4,2638
4,6718
9,7904
4,2547
9,2171
4,0819
4,5056
4,4141
9,3689
9,2048
4,2022
4,9186
8,7617
9,5630
4,6153
4,0779
9,3399
9,5727
10,1780
3,9758
9,4522
4,4829
4,2871
8,9926
9,6090
4,3823
9,6601
9,2844
4,2241
4,0489
4,1272
4,3609
9,3865
9,5863
9,1949
9,9074
4,3905
9,3613
4,3971
4,6652
9,6610
4,1519
4,1879
5,0755
4,2436
3,8365
9,2930
3,8984
9,3458
9,9241
4,6325
4,2612
4,1602
4,5240
4,4392
9,8663
4,4530
9,7009
9,7018
4,1999
9,6717
4,4424
5,0001
4,2484
9,1188
4,2332
9,9629
3,8182
4,1685
4,4434
4,1167
9,2930
4,3378
4,3087
9,5682
9,1987
4,1377
3,9717
4,2589
3,9681
8,8997
9,6235
3,6380
4,0300
4,6202
9,1109
4,5414
9,2654
4,1548
4,3329
9,7477
4,3211
4,3880
4,7393
3,7818
3,5283
3,4263
4,3626
9,7174
9,5376
9,3442
9,9277
9,5011
4,5694
9,0903
4,2288
9,4542
9,0592
9,5123
3,3508
4,0648
9,3307
4,6563
9,2282
4,3590
4,5497
9,9132
4,3630
9,6321
3,9780
4,2403
8,9960
4,6258
9,5394
4,1920
9,1545
9,5329
9,7685
4,0445
4,1496
9,3810
9,6914
9,3932
4,4375
4,0799
4,1614
4,2364
4,2376
4,0214
3,9554
9,1223
9,5448
4,0467
9,3035
4,6764
9,3214
4,6612
3,8716
9,4825
4,0983
4,3399
4,5455
4,4623
9,4783
4,4164
8,9717
10,1533
4,3820
9,6019
4,8448
4,4521
9,0669
10,0775
4,4044
4,3242
3,6737
4,1837
9,2159
4,6559
9,5347
4,9440
9,5667
9,0652
4,7640
9,5158
5,1541
4,6244
5,0009
4,0418
9,5373
9,4687
9,3378
9,3537
4,2272
3,8443
9,1259
9,4681
4,5408
9,1053
9,1196
4,6095
4,1645
9,5277
4,3008
8,9042
4,2704
3,9852
8,9970
4,6365
4,1681
3,9116
9,5057
3,8112
9,3411
9,2515
9,5545
4,0233
9,2350
4,2913
4,5425
4,0423
4,2985
4,9846
4,3844
3,6068
4,3551
9,3877
4,5712
9,3722
9,6619
4,1397
4,4950
4,2611
3,9215
4,4063
4,5049
9,2782
9,8978
9,7072
9,1490
4,6382
9,7819
8,8919
4,5942
4,4082
9,4566
9,3568
9,1554
8,8398
4,1025
4,6901
4,2504
9,7215
3,9521
9,9721
4,5711
4,3850
9,7164
4,5833
4,8389
4,3416
4,0340
9,8186
4,2581
4,2684
4,9623
3,6059
9,1356
9,2159
4,0127
9,7449
8,9324
4,5471
3,9155
4,2829
9,4795
3,9146
4,3140
4,4192
9,4194
9,4159
4,3274
9,3168
4,4926
4,3473
4,3021
4,4106
9,5201
4,3924
4,2136
9,0014
9,1697
9,2033
4,4212
9,0576
4,6381
9,6213
4,7521
4,4534
8,9291
4,5771
9,3828
9,6292
5,3483
9,1773
4,2569
9,3913
4,6127
3,6091
3,8714
9,5865
9,2046
9,5790
8,8106
3,8735
9,8001
4,9812
8,8954
9,2830
9,1380
4,3249
9,0897
9,6797
9,5235
4,7833
3,4255
4,7630
4,4008
9,2495
3,9412
9,5957
4,3220
9,8362
4,3183
4,3814
5,2548
4,6314
4,0512
3,9102
9,8044
9,0434
4,0067
9,0449
4,4729
9,7412
9,8033
9,4382
4,3576
8,6741
4,6638
9,7705
4,3424
9,7922
4,0758
8,8582
4,4272
5,1663
9,5393
9,5205
9,5741
9,3283
10,1641
9,0918
4,6318
4,4374
4,2537
8,8768
9,0092
4,5768
9,3784
9,1655
4,4630
4,1504
4,4723
4,2537
8,7998
4,7080
9,1027
4,2286
9,6969
4,2668
4,2024
9,3638
8,6210
4,0272
9,3469
4,5216
4,3028
4,1528
4,2436
4,2700
3,9467
4,2734
9,9884
10,0986
9,2031
3,8927
9,0941
4,3987
9,1520
3,9737
9,5467
9,0159
8,8524
9,6919
9,8699
4,1186
4,0586
4,6847
4,3758
3,8440
9,4392
4,4054
9,3802
4,1200
4,3239
9,6924
9,0826
5,1354
9,4937
9,5809
4,2062
3,9208
4,4380
8,9323
9,5029
9,7190
4,0722
8,5821
4,4952
9,5602
4,3956
4,7575
4,4664
4,2817
9,1675
4,2976
9,2510
9,2573
9,5673
9,8849
4,4622
4,2656
4,2349
4,0347
4,9974
4,8545
4,8054
9,0036
4,0003
4,4399
4,5582
4,2549
9,3237
9,4664
9,0373
4,1308
9,3368
4,1342
3,8867
5,0828
9,0193
4,7594
4,4980
9,7899
4,3702
4,3471
5,0849
4,4602
4,7855
9,5482
9,5742
9,5350
3,9901
9,4874
4,2530
9,7500
9,5599
4,1593
3,8985
9,7734
8,9738
8,9457
8,9880
3,9032
3,8009
3,8045
9,5233
4,5054
4,0438
9,4288
4,6788
9,5061
9,4938
4,8079
9,3203
9,1863
4,0770
4,3889
9,1657
9,4445
9,0822
9,4787
3,8807
9,5406
9,1304
4,4829
10,4353
4,5377
4,3308
3,8159
4,3236
9,3709
9,4101
4,8013
9,4665
4,0306
9,2486
9,5884
9,2713
9,2914
9,5230
9,2517
4,3590
4,0984
4,4251
4,1930
9,7631
4,3851
9,7139
9,4052
4,1420
4,4444
9,3587
4,4364
4,6750
9,6476
4,5464
9,2902
4,0082
4,3443
3,8783
8,9939
3,8111
3,8851
4,4018
4,1100
9,4164
4,4390
9,6656
4,1962
4,3477
9,6152
8,8215
4,0399
9,0856
9,7057
9,1405
9,2629
9,4117
4,0154
4,7538
9,9784
4,6760
9,2814
8,8864
9,2853
4,8106
9,6817
4,2757
4,1251
4,1400
8,9427
9,4802
4,3516
8,7834
4,1509
9,4197
9,3210
3,8023
4,2035
9,4582
9,4077
4,6897
4,1236
9,3756
4,2702
8,9149
4,5409
9,2728
4,3818
4,9799
4,1866
4,5432
9,3140
4,6282
4,2843
3,8086
4,0981
9,7667
9,5049
4,0662
9,7448
9,4182
9,6382
4,1430
3,7413
3,9586
9,4901
9,7089
3,9597
4,1515
9,6670
4,0078
4,0116
9,1246
4,3490
9,8904
9,2596
3,7521
4,4854
4,5130
3,8386
4,3898
9,3870
4,5786
4,3923
5,0622
8,9741
9,5127
4,2411
9,0366
9,4948
9,6517
9,1942
4,3247
4,1793
9,1685
4,4985
9,8875
9,4253
9,1680
4,1733
4,4620
9,2302
9,5439
4,1470
9,3782
4,0922
9,8422
9,3596
9,5158
9,7492
9,5649
3,9313
4,0767
3,9267
4,0864
9,9565
9,4848
4,4356
4,0377
9,3137
4,3369
9,5692
4,5283
4,3714
9,0311
3,9156
4,1334
4,7103
9,1696
5,0632
9,5451
9,2052
9,0472
4,7564
9,4443
9,2509
4,3014
9,6274
3,9122
3,7369
3,9532
4,0883
9,3304
9,1848
3,7399
3,9915
9,3041
4,4027
4,1204
4,6268
9,2512
9,0768
4,3488
4,3610
10,2655
4,7855
9,2573
4,8566
4,3209
4,2419
9,4874
4,0748
9,1933
3,2064
4,3589
4,1467
4,3031
9,2399
4,6462
9,1391
9,2221
9,7243
9,6157
9,5627
9,6564
4,1564
9,2231
9,3908
3,9012
9,4655
3,9028
4,2807
4,2465
4,2532
9,5591
4,4088
4,2710
8,9614
4,4529
9,5143
4,0562
4,0256
4,9974
4,5129
9,4383
4,6239
9,2526
4,0804
4,6349
4,1344
9,4130
9,4486
3,9146
3,7588
9,9865
9,4785
4,6610
9,6981
9,1495
8,6686
3,7914
4,4722
9,7444
4,3305
9,4150
4,3724
9,0533
9,3111
4,7636
4,1132
4,8065
4,2258
4,1618
9,2679
9,6060
4,3225
4,0422
9,6447
4,0085
3,9745
9,4707
4,1589
9,2141
9,3546
4,1749
5,1026
4,1161
4,4289
4,6445
4,0626
5,1343
9,1031
4,3549
8,9313
9,4419
4,0604
4,9815
4,4763
4,6130
9,4114
4,0904
9,6639
3,7764
4,6324
4,4676
9,2138
4,2942
9,8091
4,5879
10,3020
3,8683
3,6732
4,1932
9,3982
8,9645
9,7546
8,9818
4,0517
9,1921
4,2667
4,3715
4,6377
4,3968
4,7983
4,0777
9,4330
8,6532
9,3668
4,0758
9,3426
9,4077
4,7360
9,0891
4,3856
9,2674
9,7364
4,9703
4,2764
4,6164
4,4500
9,4784
9,3441
9,3176
9,4924
4,0262
9,3040
9,4682
4,7185
4,4254
9,6312
9,4454
4,1070
4,1234
4,3477
4,2775
9,4820
4,1245
4,3652
9,2859
4,0314
9,5686
9,6639
4,1612
4,1781
4,1087
9,8186
8,9043
4,1330
3,8186
3,8733
9,2097
4,3065
9,1346
4,5189
9,4981
9,7144
4,1884
4,4709
8,8772
3,6842
9,2485
9,8529
4,3421
4,6420
4,0294
4,4191
4,3834
3,5018
9,4451
4,3438
9,0385
9,4375
9,2815
3,9692
8,8595
3,7670
10,0442
10,0710
3,9587
4,5515
4,8785
8,8820
4,7053
4,3611
3,8606
9,1385
9,5941
4,3262
9,4176
4,5109
3,8122
4,1422
4,0635
4,7889
4,4680
9,2482
4,6163
4,4686
4,8136
9,4785
3,9351
9,4161
4,3703
8,8282
4,3134
4,2758
5,0612
9,6411
4,1840
4,5807
4,6052
3,9164
4,3135
4,5929
3,7227
4,6735
9,1333
4,8821
4,7440
8,9174
4,4974
9,6174
4,3665
9,7619
9,3197
9,6869
4,4525
9,2730
3,8098
4,3754
4,1713
9,5959
3,7505
9,6862
4,1369
4,7446
9,8218
4,9542
4,3435
9,2182
4,4766
3,7039
9,3302
9,3846
3,8565
4,2836
9,4757
9,5174
8,7906
9,6256
4,2428
4,5899
8,6816
9,5385
4,1755
9,7127
4,4699
9,6537
3,9000
3,8630
4,2325
9,9410
9,4033
3,4984
4,5981
4,3445
4,2367
9,6014
9,8385
4,1499
4,3053
9,4796
9,2208
8,8471
3,9418
9,6588
9,6424
9,8212
4,8168
9,7559
9,2796
9,1822
9,5955
4,5267
4,2597
9,0438
9,4935
9,2458
9,5316
3,5230
9,4990
9,1497
9,1070
4,1036
4,8946
9,5328
8,9686
4,3408
4,0047
3,9502
3,9028
4,8434
4,6008
9,1778
9,6479
4,1974
3,3888
3,9352
3,8742
9,6708
9,8136
9,5000
9,2221
4,6205
4,4869
3,9292
4,4325
4,2888
4,3138
9,1654
8,9509
4,5614
3,8274
9,1067
4,1008
9,3048
4,4080
9,4534
9,3361
4,0227
9,2067
4,4019
9,5021
4,2670
9,4986
4,3079
9,6670
8,8815
9,7689
3,8348
4,0401
4,2737
9,6346
4,3898
3,5846
9,4747
9,0376
4,7651
9,3389
9,7644
4,3522
4,0955
9,5045
3,9995
4,4956
4,4094
4,2605
9,3748
4,6865
3,9899
4,6639
4,3496
10,1803
9,1817
9,5319
9,5123
3,6292
9,3627
4,2564
3,9597
4,0507
9,7136
9,4439
4,0978
4,3055
3,7757
9,2473
4,6768
4,3958
4,0754
9,6662
4,4851
4,1841
4,4248
9,1224
8,8605
3,9061
9,7481
9,6296
4,8376
9,2301
4,4763
8,9754
3,6064
4,4335
9,0262
9,3056
9,2806
4,5848
8,8519
4,1120
4,7651
4,2566
9,5819
4,4600
4,0859
9,2588
4,2272
8,9854
3,8763
3,7874
9,2567
4,2048
9,2782
4,8450
4,4660
4,1549
4,7897
4,8791
4,1188
4,5905
4,7351
4,4206
9,9162
9,3119
4,3535
4,1512
4,1068
4,6276
9,1055
3,7952
9,3213
9,3055
8,8516
9,4758
4,3871
4,9810
9,5381
3,9857
4,2658
9,7483
9,3423
9,8134
4,6984
9,5927
4,3099
9,4930
9,2171
3,8358
3,8062
9,6746
4,2875
3,9053
4,1837
4,1669
9,5403
4,4888
3,9438
9,0927
4,4992
4,6431
9,6774
9,3916
9,6510
9,4936
4,1786
4,5039
9,6767
9,7174
4,1383
4,5482
4,2129
9,3546
9,3718
4,4198
9,2284
9,6286
4,3651
9,1038
4,3169
4,1108
4,2210
9,4999
4,3185
9,3291
4,9155
9,1605
9,1031
4,2775
8,9892
4,2012
9,5473
9,1050
4,0483
9,6542
3,8959
9,3470
9,8195
4,5524
4,3745
9,3092
9,4633
5,0425
4,0080
9,6088
3,8832
9,3828
9,5778
9,4471
4,3056
9,9018
3,6413
9,1238
9,5943
9,4696
4,5286
4,3496
4,6360
9,0161
9,7469
4,4434
4,6575
3,7497
9,6260
3,9251
9,7180
9,5480
4,6400
9,5629
4,0614
9,1882
4,3954
8,9155
9,5727
4,7647
9,6920
9,2570
9,3189
9,0774
4,5958
4,1927
9,1063
4,4182
4,9271
4,0773
4,6617
9,3399
8,9087
9,4900
4,2602
9,8287
5,0832
3,9631
3,9838
9,6588
4,2468
9,5407
4,8059
4,6688
9,8989
9,4517
4,8752
9,0015
9,2413
4,5848
4,4137
9,5853
4,4495
4,2776
9,3488
9,3625
9,0214
3,5215
3,9386
9,5562
9,0061
9,5286
9,4090
9,2268
4,3617
4,5487
4,3117
4,0444
4,2697
4,7868
8,9355
3,8146
9,5378
9,4616
4,5737
4,3615
10,1887
3,2357
9,6344
4,5335
4,3178
9,5075
4,4020
9,4922
4,6798
9,2157
9,4817
5,0535
4,3711
3,8004
9,7404
9,2166
4,1311
4,0364
9,5247
3,8974
4,6921
9,4977
4,9320
4,8671
9,4845
9,4978
3,8250
9,4606
4,5187
4,4173
9,1303
4,2907
5,0021
4,6196
9,5199
9,6617
9,4323
9,1652
9,2431
9,2803
9,6335
8,7935
9,7455
4,5689
4,0557
9,1282
9,5442
3,9494
4,3889
4,0108
9,2104
4,2605
3,8322
3,9055
4,0740
4,4974
4,6836
9,5430
4,7749
4,4095
9,3778
4,5002
4,4252
4,2532
9,4621
3,7500
9,5215
9,4564
4,4579
4,3055
4,0907
9,0571
4,0639
3,9614
8,8590
4,2186
3,9579
8,5967
3,9482
9,1956
4,8382
9,5293
9,3551
4,4453
4,6883
9,4415
4,8026
9,5666
4,0757
9,5412
4,1022
4,4664
9,7124
4,1364
4,3171
8,9719
4,6565
4,3545
4,5027
9,3951
9,5692
4,8051
9,5537
3,9006
3,8751
9,2651
9,4294
9,7689
8,7848
9,9356
9,3425
4,8553
9,0541
4,7863
9,2884
4,4858
4,2183
9,5864
9,2109
3,9600
9,0478
9,4125
4,5560
9,3276
4,4868
9,4053
4,0423
3,9775
8,9591
4,5579
4,4432
4,4838
4,7109
4,3135
3,8597
4,2442
3,5723
9,0327
4,2951
9,6136
4,4278
9,5353
3,8592
9,2836
4,1130
4,1008
4,9975
4,6148
3,8879
4,3601
9,2978
4,8052
4,2759
9,6457
3,7013
9,3881
4,5390
4,5302
9,6340
9,4684
4,4764
9,3143
4,3698
10,0674
9,5717
4,2411
4,0848
3,8947
9,1795
8,9827
9,0205
9,6574
3,8830
9,7104
4,3939
9,3000
5,2249
4,4839
4,1657
3,9525
4,4620
4,0874
9,5597
4,3187
9,5793
4,4477
4,0234
9,7798
3,8264
3,6176
4,4837
4,4029
4,2229
8,8620
4,1278
9,6368
9,4595
4,2001
8,9538
3,6310
4,2085
5,0818
9,5788
4,8661
4,6331
4,0621
4,1898
4,1880
4,7740
3,9708
4,5063
9,2893
9,3057
4,1287
9,2157
9,0468
4,4740
3,4488
9,5577
9,4908
4,7121
4,7050
9,6881
9,5914
9,1154
9,3949
9,2894
9,3748
9,1007
9,2133
9,1382
4,8152
9,2183
4,7109
9,2448
4,4002
9,4907
4,9565
9,3006
4,0296
3,9964
4,3767
3,8213
4,0594
4,4915
4,3823
3,9355
3,4544
3,9120
4,1775
4,4769
9,0949
5,0662
4,3915
4,2713
3,8861
4,1552
4,6892
4,4072
9,3678
4,1204
9,7824
9,4728
8,8689
4,9786
4,1960
9,4921
4,4159
4,5684
9,4454
9,6316
4,1265
9,4975
9,4425
4,0067
4,8989
4,1732
4,2094
4,5679
4,6120
3,7157
4,3575
9,1384
4,7063
4,6762
4,1889
3,9247
3,8154
4,5574
9,5372
9,5821
4,2403
9,2949
4,7572
9,0336
4,2815
4,6017
4,2985
3,7153
4,7065
9,3111
9,4228
4,1706
3,8308
9,5008
3,9676
4,6093
9,6470
4,2095
4,5567
9,7058
4,3836
4,0649
4,4750
4,4054
4,1722
4,1011
8,8966
4,6473
10,1097
3,9285
4,1953
9,6930
9,9520
4,0793
9,3298
8,9297
4,2219
9,1155
4,4603
9,6874
9,2350
4,0834
4,8205
9,4854
9,5347
8,9965
9,6355
3,7462
4,1699
9,4381
9,3498
4,2940
4,0171
9,0001
3,9073
4,9116
3,7079
4,2180
9,0334
9,5322
9,1561
9,4746
4,2669
4,6115
9,1598
4,6084
4,5037
9,7794
4,7675
4,7759
4,5491
9,6563
4,0068
9,2858
9,8896
9,2392
3,3701
9,1935
3,7451
4,3055
9,7343
4,6670
9,2545
8,9509
4,0160
8,8273
4,4080
4,8050
4,3422
4,4636
4,3805
9,8172
9,3530
3,7918
3,7984
3,7350
9,1445
9,1329
9,0843
4,6443
9,7232
9,1597
4,2004
5,0544
9,4336
4,0211
4,4969
3,5937
9,1836
4,4000
4,0164
9,5351
3,7818
4,0548
4,1255
4,7612
4,0330
4,5435
9,8405
4,2534
9,6000
9,1640
4,4021
4,5545
3,9159
9,1455
8,9448
9,5700
3,8906
8,9412
8,8701
10,0383
4,3623
9,9256
4,3636
4,4150
8,8972
3,7359
4,5192
9,1916
9,0095
4,0874
9,3232
9,7730
10,0655
3,9052
4,6729
4,5404
4,4300
4,6484
9,2164
4,3196
3,9546
3,9036
4,3842
3,7252
8,9265
4,5483
9,5125
3,8378
9,1821
4,6767
4,2672
9,1602
9,1572
9,2654
3,8607
4,4102
4,3432
4,0125
9,4556
4,4853
3,8948
4,2131
3,9212
4,6067
4,4228
9,3126
4,9500
9,2860
4,7400
9,0712
9,3773
9,3348
8,9449
4,7234
4,5610
8,9480
3,9997
4,5623
9,4324
3,8111
4,4048
9,8112
9,1974
4,3115
4,5701
4,6064
4,8695
4,4745
4,4450
4,0446
9,7164
4,0888
3,1734
9,0110
9,4052
9,6643
3,2168
9,6306
3,6526
9,3030
9,6886
4,5748
4,4927
4,0896
4,2872
4,1434
4,4822
3,6185
4,2932
9,4110
9,2581
4,2137
4,0192
9,4761
4,7889
4,6582
4,1930
4,1771
4,6942
3,9134
4,4425
9,7332
3,7632
9,5331
4,7424
9,6813
4,7824
9,5718
9,7104
9,5089
9,8241
4,3439
9,4874
4,3563
9,5605
5,2439
4,2037
9,4402
8,9412
4,1277
4,3113
9,0404
3,9884
4,4120
9,0856
9,7498
3,6557
4,1233
4,5407
9,0794
3,8760
9,0394
9,3828
9,1974
4,2320
3,9514
4,6109
4,2256
8,9454
9,6466
4,1986
4,3822
4,5221
3,9299
4,6629
9,0434
3,7614
9,5480
4,1873
9,2456
4,5110
9,5365
9,5621
4,4115
4,6456
9,2297
9,8265
3,9889
9,5982
3,6949
9,1418
9,3998
3,7669
3,6346
4,5921
3,8222
9,4509
9,4643
4,1333
4,7831
9,1833
4,2039
9,4609
4,4147
4,2981
3,9886
4,4131
9,6889
9,5351
4,1013
8,9809
9,7215
4,5760
4,2089
9,1893
5,0984
3,6970
4,1417
8,9480
9,4569
9,2743
4,5995
4,8002
3,7729
3,6732
9,0834
9,3800
9,9386
9,7031
4,4942
9,4909
4,0338
4,6316
9,4421
4,5693
4,3148
3,7717
8,9940
3,5060
4,5217
9,9254
3,8812
4,4004
4,3615
4,1384
9,3347
4,4544
4,4603
9,5718
9,5579
4,1393
3,8360
5,0973
9,6855
3,8666
4,5589
3,9817
9,0457
4,2078
9,7767
4,1116
3,8437
4,2417
9,4528
9,9529
4,8164
9,4548
4,6325
4,5855
4,8567
9,8337
9,9805
9,4794
4,3059
4,1813
4,3093
9,0182
9,5082
3,9773
4,5503
4,4248
9,7560
9,2135
9,3214
9,7312
4,5847
4,2697
9,6576
4,8577
9,3985
3,7424
3,9087
9,1188
9,5779
9,3308
3,9476
4,7378
4,2853
9,4330
4,0597
4,3622
9,9299
9,2446
4,5033
4,4579
4,0413
9,8871
4,5426
3,6952
4,4682
3,7142
4,6603
4,0719
4,5761
4,4925
10,0285
8,9844
9,3800
9,3839
4,4780
4,0005
9,3714
9,3492
9,1117
9,3128
9,2519
4,4021
3,7096
9,5041
9,7029
4,6034
4,1141
9,1626
4,4186
9,5338
3,9217
9,2473
3,7855
9,2430
9,1966
9,6431
9,6503
3,9385
4,1063
9,3053
4,2210
4,1828
4,4627
9,6832
4,3961
4,3062
5,0306
3,9543
9,5804
9,4013
4,6530
9,1819
9,9886
9,8110
9,5323
4,6630
9,3073
9,2541
9,1662
9,0775
9,5724
9,4188
4,9863
4,1197
4,4251
9,8890
4,4620
10,0204
4,2571
3,8668
3,7617
4,9642
4,9648
9,1949
4,4062
3,3862
9,3024
8,9634
4,2415
9,2410
4,2165
4,3069
4,0348
4,6694
9,9182
9,2249
4,1210
4,4787
4,2702
4,2852
9,7811
8,8050
3,9353
4,6946
3,7054
3,9689
4,7332
4,3664
9,6750
9,2382
4,0474
3,7884
4,7635
4,7712
9,8068
9,1830
4,6557
4,3476
9,5769
4,2715
4,1671
3,8312
8,7365
4,5525
3,9947
9,1876
4,2021
4,4812
4,0858
4,6693
4,6152
4,5167
8,8729
4,1640
9,8400
10,0335
8,9840
4,3361
4,1018
4,0004
9,5761
3,8239
9,8410
4,6402
3,8602
9,3370
8,9462
4,2018
9,7808
4,1865
8,8469
4,4126
4,4451
3,8990
9,4587
4,2787
9,4042
4,4940
3,8095
4,7349
4,3527
9,4318
3,8313
4,1974
9,1629
9,6186
9,4834
9,7252
3,9988
8,9031
9,3273
3,4299
9,1274
4,1013
3,8090
4,7341
8,7150
4,1402
4,0964
4,3693
4,2268
8,8339
4,5906
9,1401
4,0060
9,0978
4,3320
9,6303
9,7798
4,2073
9,3493
3,5032
9,4502
4,0540
4,4789
4,1155
9,7053
9,2236
4,9335
4,3738
9,6698
4,3346
4,6199
9,6659
8,5892
4,2930
9,4897
9,5648
9,3070
4,3072
9,7770
4,3903
4,7270
4,3903
4,4499
9,7956
4,4030
9,2509
4,6894
9,3281
4,0653
4,6241
4,3950
4,4145
9,3018
4,8808
4,1896
9,3622
4,7839
4,0939
9,2009
9,4835
4,2757
4,5556
8,9315
4,2145
3,8969
4,3900
4,4701
4,4416
4,5414
9,4388
4,5916
3,9852
9,0281
4,4599
5,1902
9,3814
9,4768
9,4070
9,4911
4,6866
9,6652
9,5166
9,4235
9,4836
9,8401
4,1833
3,8070
4,5438
9,4008
9,5989
4,7892
4,8021
3,9662
9,2591
4,0222
4,1147
9,4330
9,2916
3,7940
9,2946
3,9485
4,0738
9,5762
4,0876
3,7928
4,3244
8,9140
4,0766
4,5835
3,9965
4,0953
9,6517
9,4728
4,6612
4,8770
9,9541
9,0961
9,8605
4,5542
4,6011
9,4345
9,4035
10,0136
8,8546
4,8000
4,4575
9,4758
4,3386
4,2405
4,3062
9,2590
4,8128
4,1441
4,7199
4,6074
9,6047
4,5624
4,2548
4,7359
3,9223
9,8007
9,2192
9,7799
3,9630
9,1010
4,6840
4,9242
8,6381
4,0885
4,2859
4,4131
4,7656
8,8322
8,9153
4,2155
4,4489
4,6866
9,2859
4,4781
9,1503
4,2854
4,1016
4,4954
4,4045
9,5111
4,7918
9,7123
9,4084
3,7732
4,0630
4,0859
4,7194
4,8498
9,1795
4,5393
9,5423
9,4581
4,4583
9,5718
4,5662
4,4240
3,3888
4,3977
9,6488
9,4667
4,4692
3,7555
4,1647
9,6459
4,2693
4,1400
9,2746
9,2817
9,7083
8,7492
4,3505
4,6340
5,0788
4,2303
9,1423
4,5709
9,6054
3,8790
8,9137
9,5847
9,3395
4,5528
9,3837
4,8138
9,2556
9,1916
9,4469
9,5173
4,0550
9,4757
3,8295
9,4023
4,4361
4,3607
4,2661
9,4166
4,2231
9,4037
9,5978
9,1971
3,8881
4,2529
4,0435
4,1302
3,8607
9,2546
4,6118
9,1483
3,8744
4,3830
9,1540
3,7346
4,5908
9,2749
9,4137
9,5172
4,8524
3,4528
9,2584
4,6305
4,3073
4,6973
3,6695
9,3389
9,1807
4,1687
8,9845
9,9140
3,6525
4,5258
9,9788
4,4417
4,4464
3,8633
9,5167
4,5694
9,8349
4,5672
4,3995
4,7119
4,7701
9,2554
9,6120
9,2193
9,7329
3,9682
3,8607
9,2157
4,2923
4,2810
3,5912
4,1575
3,8047
9,3033
9,5433
9,6148
4,6015
9,5591
9,4781
9,3988
4,4995
4,8862
4,7519
9,5949
8,8033
9,1611
5,1205
9,5028
9,3016
3,5092
9,5107
9,0980
4,0569
4,3379
5,1979
4,2441
9,0884
9,5699
4,4678
4,1301
9,6897
4,1780
9,9348
9,6520
4,4533
9,5802
4,4672
9,4464
9,7103
8,8141
9,6605
9,1980
4,0989
4,1126
4,4171
3,7788
3,5745
4,4109
4,0894
9,6124
3,5845
4,3822
4,8235
9,5246
4,1911
9,5726
4,3400
4,3263
3,8326
4,0120
4,5073
4,0388
4,4075
8,9004
9,4862
4,6126
4,5009
4,1613
3,7131
9,4672
4,3136
3,7992
9,8002
4,0558
9,5636
4,1806
4,3732
9,6318
9,3137
4,5047
9,2956
4,7249
10,2715
9,3278
9,0614
9,4552
9,6147
8,8772
9,6694
4,2374
4,8419
4,7325
4,0423
4,8611
4,7889
4,2705
9,6715
5,1419
9,2758
9,2441
4,4599
4,8758
9,1598
9,2207
4,4134
9,1131
4,4607
4,5896
4,4682
9,7344
9,1995
9,4411
3,9458
9,3581
10,2703
3,8090
8,9903
9,3720
9,2889
9,1271
9,3721
9,7700
3,7216
4,6266
4,2298
4,1394
9,4259
3,9148
4,2930
9,1057
4,6868
3,9219
4,4143
4,1733
4,6036
3,7982
4,8516
9,5140
3,9596
9,9703
9,4847
9,1698
4,2949
4,2346
4,2341
4,2709
9,3115
4,8500
3,6642
4,4981
9,9171
9,1406
4,5495
9,3758
4,9871
9,6620
4,1566
9,5731
4,8114
3,6985
9,4241
4,7432
9,9864
10,3076
3,3720
4,1559
3,6626
4,2548
3,7935
4,2794
8,3022
4,5426
9,7676
4,2677
4,3869
4,5606
4,4473
9,4837
4,7339
9,5172
4,9278
4,3557
9,4423
8,5834
4,1432
4,1106
8,6687
9,4312
4,3221
9,3426
9,6131
9,0683
4,2519
10,1904
8,9138
9,2198
4,4149
3,8943
4,7180
4,1359
4,1876
4,6132
4,1166
4,2272
4,2896
3,9256
9,6218
9,9333
9,2553
4,3062
9,0841
4,3708
4,5442
9,2905
4,3908
9,1002
3,9022
9,0765
4,2157
10,0848
9,1220
3,8593
4,3071
3,7368
9,5327
4,8413
9,2143
3,9050
8,8526
8,9875
9,3257
4,1227
4,0878
4,1476
9,4066
4,6014
3,9601
3,8834
9,7264
4,9978
4,0506
9,5167
4,5013
9,5370
9,5649
9,5172
4,2716
4,4614
4,1834
9,1487
9,3261
9,6179
4,1783
3,6940
4,5311
4,1751
4,0642
3,5043
5,0099
9,6975
4,3494
4,6063
4,4436
4,3450
4,5499
4,4106
4,6141
4,1999
4,3936
9,5138
4,7487
4,8839
9,6474
3,8681
4,5286
4,1136
4,8306
9,5365
4,4046
4,4060
9,7739
4,4069
9,4769
4,6722
4,1895
3,8967
4,9411
9,0689
9,6605
3,7569
4,5729
9,6387
9,6578
4,0006
4,8745
4,9058
9,0734
3,3927
3,8571
4,2931
4,8524
3,9795
9,3121
3,6344
4,0574
4,0114
4,1900
9,3015
9,1480
4,3841
4,2435
4,5323
9,5303
4,6201
4,4707
3,4585
4,6285
9,3669
9,7710
4,4404
9,5568
9,5302
9,5836
9,0640
9,6123
9,2066
4,5649
4,7122
9,6220
4,3573
4,2108
9,6267
3,6554
4,0039
4,0069
4,6402
9,5364
9,1421
9,3545
9,0252
4,1609
3,8718
4,1015
4,3235
4,5890
9,2840
3,9227
4,0045
4,3114
9,2220
4,3448
3,3920
8,9134
4,0768
4,2222
9,3674
9,2672
4,4289
9,3892
4,3729
4,1278
4,8992
9,3375
4,2713
9,1605
3,6786
8,9020
9,4833
9,1138
4,6247
9,3516
4,8882
3,9329
8,9354
4,1861
5,0329
3,3025
9,1389
9,3371
3,7379
4,3920
3,9809
4,8608
9,5706
4,2202
9,3018
9,0119
4,1544
3,1264
9,1423
4,1528
4,7535
9,5276
3,8403
4,3003
9,4027
4,3500
4,4482
8,8723
4,6126
4,4466
4,4449
9,8474
3,9894
4,3890
9,4475
9,2115
9,5166
9,1088
9,6516
8,8894
8,8749
9,6209
9,5029
4,3945
8,8692
9,1446
4,1821
9,0987
9,0594
4,8816
4,8724
4,3886
3,8516
9,5681
3,8557
4,9756
4,0646
4,5634
4,0925
9,7459
4,2991
3,9933
3,9016
9,8741
9,1208
8,9861
4,2732
4,4926
4,3704
9,7791
9,4059
4,5174
9,0061
3,5348
4,6037
4,1296
4,0487
3,6601
9,2755
9,5404
8,9279
3,5948
9,7182
9,8261
9,0811
9,4822
4,6930
9,6670
9,0575
9,9302
9,3746
4,1593
4,4071
9,2400
9,8463
9,3238
3,9702
4,9347
4,5359
9,3540
4,0886
4,2562
4,0622
9,4357
4,2335
3,9305
4,2823
9,0372
9,0577
9,4853
4,4539
4,1035
4,1986
4,7242
3,9057
3,9550
9,6024
4,3452
9,5020
4,6350
9,4241
4,2364
9,6668
9,5004
4,4766
3,7530
5,1263
5,1004
3,9586
8,8845
4,6898
9,6139
3,8144
9,5318
9,0385
9,4844
4,2849
3,6250
9,4797
4,4005
3,9937
4,4712
4,2333
4,3525
9,8471
4,7394
9,0154
9,8656
9,4066
3,9326
4,7548
3,8498
4,8000
3,9413
3,9511
4,6946
4,3302
4,1924
9,5864
9,5821
4,0583
9,6512
9,0995
9,4931
9,4836
4,5816
8,6985
9,3975
4,1615
4,5459
4,4852
4,1561
9,4101
3,8516
4,3367
3,8485
10,1732
4,2447
9,6367
9,1365
9,7313
4,2002
4,8623
4,1427
4,3655
4,5051
4,4161
4,3306
3,4241
9,3800
9,5008
9,2248
4,1985
3,7548
4,7262
3,8221
9,5485
9,7674
9,3406
4,5422
4,4446
4,5749
4,0447
3,9121
9,5248
9,4968
9,2705
4,3024
3,9464
4,3332
9,4056
9,6411
9,7072
9,4151
4,7880
4,4096
3,8314
9,3360
4,2171
4,6145
8,9965
4,5898
3,9375
4,7263
4,7732
4,1111
9,6302
4,4605
9,5432
3,9007
9,7333
8,9724
3,9914
4,3420
8,8986
4,2411
3,6958
9,4922
4,5475
9,2329
4,0289
9,5142
9,6074
3,9907
4,7048
9,0489
9,0882
3,8341
9,3817
9,4801
4,3297
4,2373
9,1654
9,6116
9,3748
4,5869
8,8390
9,3145
4,0032
4,6129
4,3913
9,3205
3,9365
3,9142
9,4193
4,5072
4,7408
3,9170
9,8735
4,4543
9,4258
4,8660
4,3500
4,5438
4,4802
4,0150
9,4922
9,6951
4,9958
9,5085
9,6722
9,4125
9,6735
4,6494
4,5280
4,0823
9,7971
9,8425
4,4383
9,1483
9,3698
9,2344
9,9180
4,3331
8,7518
10,0708
4,0441
8,7504
8,7938
9,0427
3,9145
4,5580
4,0804
4,0756
4,2055
9,7298
4,6530
9,5350
9,4066
9,0962
4,2088
9,3890
4,5786
4,2998
9,4244
9,5236
9,4885
8,8844
4,3052
9,2100
9,3286
9,7581
4,4589
9,5137
9,0374
9,8881
9,4278
4,8892
4,2539
9,3511
9,8244
4,4375
4,3327
4,2288
9,3655
4,3920
3,7570
4,0792
4,2123
9,3994
4,2999
4,6770
9,6982
9,0902
3,9949
9,4847
4,3094
4,8673
9,2562
3,6941
9,5082
9,2560
3,9170
4,0835
9,1273
3,5404
9,2116
3,9229
9,4629
9,3148
3,9843
9,7839
4,3964
4,3340
3,9853
3,7403
8,8752
9,8204
4,4752
9,4145
4,1879
9,4875
9,3892
3,9495
3,9333
9,2186
9,1455
4,6918
9,4274
3,9359
4,3218
9,6507
8,9220
4,0247
4,3637
8,9249
4,5407
9,8566
3,9614
9,1556
9,4703
9,3552
4,3471
9,3805
9,7603
9,8238
4,0335
9,7688
9,3345
4,5497
5,0173
9,8743
8,9384
9,3345
3,8379
9,2263
9,3064
4,4207
4,2184
9,9216
4,2993
4,6225
3,9026
4,6206
4,5419
9,2492
9,4948
9,3429
4,2688
9,4118
4,1782
9,1440
9,0085
9,5912
9,5395
9,4128
4,0519
4,7094
4,2955
9,3428
9,5042
4,3019
9,4443
9,0435
9,9223
9,0871
4,1677
4,2431
9,3544
4,1102
4,8271
4,0675
9,3053
4,4850
4,1717
4,4203
9,3420
9,5965
9,7004
4,4082
4,3504
4,7793
9,3346
9,7320
10,0595
4,8007
9,6966
4,4761
4,2435
3,8582
9,7041
9,9324
4,4082
9,3545
3,6631
5,1407
9,6459
3,9653
5,0401
9,5373
4,1216
4,2904
9,5392
9,2352
4,2242
4,6416
4,4811
3,9134
4,4866
4,2348
9,0082
9,5138
9,1316
9,6848
4,1803
4,5339
4,4185
4,6055
9,3402
9,4431
9,4685
4,9551
9,1846
10,4449
4,4397
9,9172
9,3171
8,9664
3,7538
4,0397
9,4900
9,2108
4,4427
3,9934
3,9996
9,5293
9,0947
9,5161
9,6241
9,1990
9,3811
4,0090
4,0060
4,0571
4,9351
3,9325
4,4187
9,2153
9,2376
4,0251
4,5167
9,5126
9,8451
3,9953
9,4584
4,3505
4,0110
9,7768
4,1435
4,0259
4,7576
4,6225
4,2753
4,8132
9,2882
9,8878
4,5200
9,1646
9,3980
4,4822
4,1981
3,9914
9,5411
4,2066
4,3591
9,0793
9,4253
4,0090
4,3521
3,9805
9,2315
9,3606
4,1682
4,1712
9,1575
4,6432
4,4046
9,2835
4,5385
9,7000
4,4694
9,6169
4,2463
8,8039
4,7237
4,3404
4,1048
4,2100
9,1394
4,6189
4,5435
4,3931
4,0300
4,2563
8,8151
4,1950
4,0983
9,4330
3,4245
9,2541
9,3731
4,1311
9,1180
4,1354
9,7897
9,3187
9,8773
9,3316
4,5315
4,3809
4,0423
4,7283
8,8647
9,5599
9,2572
4,8208
4,0903
4,4186
9,5213
9,6736
9,3300
4,2368
4,2201
9,1573
3,7273
4,0474
9,7018
4,1311
4,6434
9,4421
4,2130
4,7251
4,2030
4,3661
9,7927
9,2731
9,1781
4,2194
9,0077
4,1019
4,1401
9,1618
4,3149
8,9252
4,4101
4,1380
10,0972
9,6484
9,4262
9,3520
4,5200
3,8049
9,0710
4,6175
4,6483
4,4125
4,4528
9,6155
9,2743
9,3100
9,3031
9,3533
4,6001
9,7016
4,3417
4,5457
4,3197
9,0423
3,5369
9,8086
9,2820
4,4055
3,5423
4,7377
9,4863
3,5873
9,6222
4,2221
4,5574
4,3810
4,5544
9,2494
4,0034
9,3644
3,6880
4,6706
9,0757
4,2595
4,5097
4,1787
9,2820
3,7764
4,9400
10,0405
9,5633
4,0573
9,3105
4,3275
4,9727
4,3021
4,2111
8,9238
9,4249
9,8801
3,4799
4,8075
4,1330
4,1764
4,1946
4,4813
9,2939
4,1443
4,3113
9,4735
8,6665
9,2396
9,7637
4,0799
9,2707
4,5113
9,3910
9,4269
4,1052
9,5113
4,0812
9,6138
4,4889
3,4871
4,3826
3,9334
9,3832
4,5573
4,3181
8,9189
9,1932
9,6824
3,7881
9,4744
9,8460
4,3546
9,5961
3,9811
9,0904
4,4966
4,4004
4,2578
4,6119
5,0081
9,6007
9,4972
9,7617
9,2990
9,3651
3,7814
4,0852
9,0237
4,4479
9,4129
4,5495
9,1632
9,5873
4,6176
4,7448
9,2382
8,9558
4,3895
4,9107
8,9872
4,1462
9,6045
9,7791
4,2300
9,6997
4,0370
9,5106
4,4210
4,4222
3,4319
4,3632
9,0846
9,4651
9,0287
9,8529
4,2557
4,3224
4,5369
9,1948
9,3309
4,5239
4,2609
4,1306
4,1605
4,1314
9,6057
4,4031
9,2818
4,2685
9,5862
9,6198
9,7845
4,2879
4,3327
3,9200
5,0226
4,1456
4,0456
9,5269
4,7082
10,0902
9,5144
3,9234
9,5761
4,7185
4,0968
9,4489
3,9935
8,9204
4,3555
4,6082
3,7145
4,5038
9,0928
3,9725
4,3273
3,7122
4,4384
4,1209
8,9674
4,2644
3,9601
4,0008
4,6874
9,0057
4,4855
8,9997
4,0059
4,0512
9,5220
9,5264
9,4743
9,7676
4,1005
9,7859
9,2208
4,5380
3,5375
3,4570
4,2924
9,4475
4,2606
4,8134
9,5927
4,4049
4,0830
9,9964
4,1720
4,3026
5,0022
3,8926
4,4072
9,2051
4,4576
4,6279
4,3887
3,9972
4,3792
4,2741
4,3555
9,3891
5,0150
4,4867
9,2963
4,0855
9,5155
4,3053
4,6647
4,2719
4,5591
10,2754
9,6602
4,2507
4,2537
8,8900
4,4856
9,3138
4,6897
9,4008
4,2251
4,7459
4,2683
4,3628
8,9688
4,2105
3,7329
4,2321
4,7466
9,4447
9,5074
9,6684
8,5858
9,3661
9,4223
9,7873
4,2392
9,2578
4,8616
3,9267
4,5767
9,9703
4,0529
3,9355
4,7999
9,3478
9,2901
9,7170
4,7204
8,8951
4,6828
8,9784
9,0822
9,1368
9,8206
9,8005
3,8924
4,1487
9,5028
9,6747
5,0788
9,1785
4,0233
4,8150
3,9087
4,2219
9,5714
9,5711
4,0855
9,6230
3,8838
4,1118
4,5080
9,3710
9,6586
9,2556
9,6615
9,4735
4,3620
4,0226
9,4868
9,6965
9,5640
9,5078
4,7593
3,8729
4,5412
9,4953
9,5094
4,3635
9,3738
9,5122
4,2746
4,0367
4,3499
4,4453
4,6014
9,4323
4,3721
8,9705
9,1095
4,2141
9,4017
9,1352
4,0618
3,8303
4,4244
4,3440
9,4824
4,7976
4,6090
4,6842
4,1950
9,0128
3,2334
4,1118
9,4270
4,3426
9,3851
9,0529
4,7415
4,2161
10,3427
3,6476
9,3718
9,9379
9,4321
4,3074
3,8229
9,4272
9,5387
4,2032
4,0025
4,8185
4,8965
9,2784
9,3687
9,0673
3,8102
4,1448
9,6947
4,7282
9,8054
3,8243
9,3542
4,0922
9,5070
9,4544
4,6137
9,4820
9,1905
9,6826
4,0052
9,4112
4,8418
4,6718
4,3963
4,3009
3,8203
4,7675
3,9778
3,7963
4,0598
9,0893
4,0523
4,4649
3,4890
4,0842
4,5003
4,6196
3,7196
4,4554
4,4461
9,4295
9,8759
4,7924
9,4956
4,5570
4,6122
4,1791
9,4890
4,6336
9,1061
3,3698
9,3460
4,2608
4,5392
4,7046
9,4145
3,5925
3,9864
5,0505
9,9568
9,5556
9,1943
9,5445
9,2622
4,7670
3,8720
9,4927
4,6630
4,3561
9,2147
9,7529
9,6658
4,1986
4,4610
4,5696
9,3350
4,2853
3,8231
4,9702
4,2057
3,9994
3,9565
9,2751
9,7686
4,1632
9,5735
9,7798
9,2561
9,1796
9,5625
4,5420
9,3158
9,0108
4,3990
9,3430
4,7992
9,0012
9,2505
9,7094
4,0423
9,4877
9,1924
4,1950
9,3934
9,4095
4,2521
4,4944
9,6308
4,4661
3,9875
4,4799
9,9607
9,1847
9,1990
9,1417
9,9396
3,4765
9,4136
3,6420
9,2470
4,4128
4,2454
9,5141
9,1972
8,8458
4,2849
9,0733
3,5502
3,9481
9,6134
9,2595
4,1421
4,1607
8,9696
9,2218
4,3133
4,6021
4,1882
9,6787
9,3070
4,1615
4,3984
4,4295
9,8984
4,2318
4,5650
9,1183
9,6563
8,8256
9,2251
4,5453
8,8230
9,1305
9,0091
4,3412
9,2239
9,7463
4,2654
4,8280
4,1421
9,2091
4,0943
9,7119
9,4989
4,2287
9,4006
8,8905
3,6704
4,6614
4,1182
9,0160
4,1007
10,1547
9,5180
9,3255
9,2794
4,2397
9,7157
4,5901
8,8922
3,8514
4,6059
4,2460
4,5871
9,9162
4,1786
4,0329
9,4212
4,0734
4,3208
4,7392
9,4576
4,3831
4,3227
9,1602
4,0648
4,1867
4,5169
4,9464
9,3826
4,1843
3,6252
4,8291
4,3754
4,1714
4,5975
8,8073
9,5433
4,3209
4,4688
4,2016
4,9337
4,6009
4,3309
9,1862
4,0963
3,8903
4,3278
9,4582
4,6192
4,1532
4,2134
9,1068
9,7435
4,0905
4,4003
3,7751
4,2912
9,2864
9,7617
4,2891
3,8555
9,9170
3,5311
4,4575
3,9232
9,3149
9,1566
4,7080
4,7596
4,0613
9,2647
9,0517
8,8931
9,7461
4,6956
9,5235
5,0314
3,9457
4,0952
9,0150
8,9689
4,1383
4,4724
4,1008
4,4409
4,0957
9,3552
9,4567
4,0097
8,7471
9,3532
9,3467
4,1297
3,9149
9,5397
4,5857
4,5285
4,1498
9,1716
4,8947
3,8214
9,1339
9,5179
4,5935
4,4997
9,0552
9,2361
9,5256
4,1193
4,3706
9,3647
9,9581
3,7849
8,9255
9,6209
3,9247
3,3353
5,1567
9,6955
9,3132
4,4464
4,1106
9,8264
3,8716
4,3653
4,1085
9,3074
9,2380
4,6100
4,6057
4,2554
4,6185
4,1420
4,4440
4,1408
4,3348
9,6310
9,4212
4,3055
9,3393
9,5969
4,0553
9,7560
9,1202
4,1073
9,3475
4,2029
4,1503
4,0961
4,2605
3,9950
4,7506
4,9385
9,2336
3,7169
9,6461
4,0178
4,2509
9,8872
4,7000
8,7374
9,8417
9,3285
4,1130
9,2132
9,6460
4,5175
4,4301
5,1778
9,4007
4,8858
4,1834
4,5155
9,7126
9,6759
9,2799
9,4457
4,3097
4,3086
9,0064
4,3392
4,6034
9,4426
4,2068
4,2548
9,3430
9,2513
4,3578
4,0761
3,7232
4,3338
4,2079
3,8678
3,9946
4,5030
9,2349
4,8114
4,3184
9,4440
5,1341
3,6933
9,4248
9,0541
4,5920
9,6566
9,5541
9,3126
4,3925
5,0385
4,4211
9,2607
9,6272
9,0224
4,7068
4,1820
9,4546
4,3872
3,9664
9,3091
8,6381
4,0004
9,6952
9,2962
9,3050
4,2532
9,1485
4,6167
4,2320
9,4235
4,4665
9,2848
4,3398
9,6884
4,5479
9,1962
9,1445
8,7906
4,1061
9,6383
9,6791
3,8318
9,3353
4,1871
4,2481
5,0530
4,4138
4,4927
4,4890
4,1859
9,5100
9,0896
4,2527
9,7158
4,5832
3,8271
9,4779
4,7000
9,4896
4,8149
4,5672
3,5284
9,3466
4,4914
9,4971
9,5788
9,4059
4,5685
4,6857
9,3691
9,6943
4,2643
4,2296
4,0585
4,6212
4,2100
9,6819
9,4095
8,9386
4,3841
4,8195
9,5213
9,4844
9,1858
9,3162
9,3380
4,2809
9,1560
4,3462
9,8684
4,6846
8,6985
9,5031
4,1373
4,4569
9,1738
3,6007
9,3909
4,0323
3,9002
4,5439
4,0544
4,2866
9,4377
9,7278
4,1355
4,7691
4,9060
9,8395
4,3407
4,3141
9,1864
4,4521
4,5590
4,5908
4,5740
9,2508
4,2109
4,4365
9,0765
9,8359
4,3007
5,1528
9,1906
9,3042
4,2171
9,5035
9,0867
4,3396
8,9722
9,1331
4,0200
4,4521
9,3826
9,1629
4,6220
4,1693
4,2959
9,3626
4,5166
9,3874
4,1851
9,6353
9,4798
9,6780
9,7828
4,6513
9,7285
9,9865
9,4260
4,7547
4,9175
4,4461
9,8500
8,7947
4,0309
4,2980
9,4311
4,4024
4,3209
4,0830
9,6487
4,0872
4,7323
9,4897
9,2773
4,4137
9,1651
9,7981
9,2588
9,5698
9,4465
4,3254
4,1486
4,3116
9,1859
8,7674
4,4183
4,4457
9,2764
4,5102
9,7299
4,4912
9,8669
4,5527
9,5582
4,4779
4,9108
3,8262
4,9478
9,0656
9,0955
9,6268
4,3749
4,3192
3,8541
3,8196
9,0672
4,3731
4,6535
4,1904
9,0647
4,9910
9,2148
9,6660
9,6297
9,3539
9,4387
3,7323
9,2558
3,8328
9,7268
9,4853
4,0601
4,3292
4,3714
3,9248
3,9439
3,9411
4,2889
4,0425
4,2096
10,0953
9,3801
3,8762
4,2979
4,2491
4,6603
4,0559
9,4484
9,1692
9,4749
9,4710
3,7990
9,7140
9,2968
9,6581
4,3784
9,3864
3,7259
9,6343
4,5461
9,6068
9,3010
9,8399
9,5424
4,6696
4,0244
9,6931
4,5700
4,3546
9,6123
4,2304
9,7022
4,2073
4,2504
9,2187
3,8024
9,1967
3,9947
3,9313
9,2898
3,8851
9,8737
4,3613
4,8377
4,6100
4,3674
4,0314
4,2827
9,3082
4,7377
4,0463
9,0395
9,3690
9,4519
10,2750
4,0868
9,2011
9,4359
3,9617
3,9512
4,2499
4,6392
4,1491
9,4054
9,3649
4,5656
8,9815
9,4070
3,6986
9,8134
9,1727
10,0166
9,6107
9,5375
4,0830
9,8535
9,3856
4,3764
9,4433
9,5495
4,5809
9,0198
9,4293
9,6080
4,0711
9,3656
4,1518
9,7505
9,2066
4,1916
9,2329
4,1264
4,3409
4,7912
9,1971
9,4127
4,1778
4,5337
4,2884
4,0751
4,3951
3,9625
3,8423
5,0585
5,0000
8,9620
3,8130
4,2217
3,9056
4,3621
9,5257
9,3039
3,8764
4,5421
4,2369
9,2272
4,1228
4,2798
9,6800
4,3893
4,1209
3,9364
4,7306
4,3665
9,3194
9,7182
9,5865
9,5769
9,6384
9,7639
9,7186
9,0829
3,7797
4,3495
9,3094
9,4175
3,6961
9,2777
9,8218
9,5148
4,4406
9,4315
3,9296
3,6591
9,3888
4,0627
9,7495
9,8913
4,0678
3,9196
9,6906
3,8634
9,9740
8,9256
9,5432
9,2518
4,5772
9,5161
4,3806
4,4442
4,9132
9,3532
4,1669
8,4389
4,4062
5,1341
9,7028
9,7198
4,5667
9,6923
9,4496
4,5235
5,0133
4,3695
8,7683
9,3979
9,7028
4,7500
4,8899
4,3516
9,1467
5,0205
4,2539
9,1474
4,2894
9,2702
9,8592
9,1477
9,1844
9,8261
3,9683
4,7860
8,7688
8,9294
9,5822
4,9908
4,2488
9,2801
9,5231
3,8326
4,8223
9,1916
9,4015
9,3973
4,3821
4,3459
3,9291
9,3899
3,9552
9,1815
4,2888
4,5121
4,5281
4,3171
3,6970
9,0832
9,3176
4,1208
9,5427
9,4229
4,2898
4,2157
4,6208
4,4919
9,6407
9,6711
8,8585
9,4406
10,0684
8,9380
4,4033
9,8519
9,4702
9,2701
9,1217
9,7935
9,5021
9,1645
3,9554
9,8581
4,0330
4,4136
4,2730
9,7443
4,7069
4,3760
4,6016
4,3208
4,6313
9,4234
9,7134
4,0450
4,4485
3,9858
9,6851
9,1359
4,5304
4,1931
9,6063
9,1290
9,2912
9,6095
9,9235
4,1443
4,5984
4,5123
4,4583
9,2721
9,6301
9,8184
4,4895
3,6911
9,4826
9,1094
4,1001
4,3223
4,5545
9,5018
4,3305
9,2255
4,1500
4,6327
3,9144
9,4568
9,5202
4,1848
4,2639
4,3074
9,1494
4,1307
4,1898
9,4690
4,4841
4,6561
9,4896
4,3556
4,3296
9,1540
10,0979
9,3543
3,8906
9,0566
4,2321
9,8940
5,1122
4,4599
3,6562
8,9787
3,9478
9,4978
9,4750
9,2286
4,4252
5,0492
4,4142
9,6071
9,7435
3,6804
4,3676
4,3341
9,6631
4,1790
4,4962
9,5703
9,6194
9,8570
9,2388
4,7363
4,8350
9,1626
3,9288
3,9335
9,5765
9,4652
9,1943
4,3513
4,2966
9,8175
4,3355
9,3046
8,9328
8,6604
9,5727
9,1646
3,9786
4,3822
9,5047
4,3731
9,6487
4,6053
9,4667
9,4707
9,3343
4,3779
4,8257
9,3570
9,3271
4,5907
4,3827
3,7560
9,0258
9,0470
4,3719
9,1074
4,6164
3,7773
4,0590
4,0499
4,6113
3,9813
4,0289
4,1921
3,8585
4,4664
9,2274
9,4713
9,1403
4,4748
3,3568
9,0713
4,6318
9,6955
3,9647
3,9046
4,4097
4,0926
9,1396
3,7846
9,5974
4,2513
8,9961
5,0583
4,7021
4,1384
4,6412
9,5106
9,1568
9,5238
4,3704
4,2073
4,1696
4,1828
9,5084
9,7514
9,6435
3,9541
9,7947
4,4590
3,9906
4,6074
9,4371
3,9822
9,5989
4,1598
4,5476
4,1609
4,6168
4,2708
9,1257
3,9271
4,2663
9,0260
4,3501
9,2176
9,2496
4,7622
4,2041
4,7460
9,4407
3,5144
3,9573
4,1776
9,6166
3,7690
3,6229
3,3161
9,3782
4,1562
4,4612
9,1084
4,5591
4,5150
4,2489
9,1940
9,6573
9,3668
4,4441
9,6668
9,0967
4,0938
9,2181
4,0563
9,1827
4,1177
9,1697
4,3243
9,3973
4,6457
4,9376
9,9330
3,9576
3,5909
4,5888
9,3891
9,4882
3,9539
4,2110
3,9839
4,7623
9,8023
9,1575
9,5247
4,4490
9,2068
3,6036
9,6657
8,9502
9,0668
4,4034
9,1084
3,6110
4,5758
4,5577
9,5923
4,4005
4,9886
3,7452
3,9836
5,1561
9,4322
4,4727
4,6891
9,6790
4,1102
4,5017
4,2903
4,6744
9,2781
9,8872
4,5108
9,2000
4,3888
9,2040
4,8678
4,5529
4,6173
3,8039
4,9969
8,9096
10,3055
4,6084
4,4154
9,3421
9,3806
8,9753
9,5895
8,7182
4,8913
4,4075
9,6626
9,5391
9,4058
4,6233
9,2306
9,3971
4,6963
9,3503
4,4019
4,7846
4,1908
9,5658
9,6528
9,5353
9,3692
9,2635
9,5743
9,0717
3,0926
4,5141
4,3568
4,3934
3,8603
9,1327
3,7180
4,2855
3,6158
4,3812
9,1862
4,2002
4,0408
4,4276
4,5453
8,9145
4,6533
4,0740
4,3535
8,5352
4,2450
4,6106
3,7645
3,9842
8,7277
9,9511
4,1847
5,2252
4,4865
4,0871
9,8140
4,4452
4,0212
4,2972
9,5439
4,1919
4,2368
9,3374
9,4189
3,9939
4,3307
8,7404
3,6586
4,4463
4,1318
9,2235
4,7399
9,3963
8,8313
4,8207
8,8980
4,0293
3,8319
4,6693
4,0053
4,6681
4,1675
9,2401
4,2636
4,3703
4,0493
3,9470
4,0327
4,7162
4,1639
4,1831
9,2135
4,5537
9,8351
4,5831
4,1503
8,8661
3,8485
10,1215
9,0361
9,0933
9,2874
4,3629
9,4968
9,6855
9,9674
3,8735
4,2458
4,6440
3,9623
4,6569
4,4889
4,2571
3,2660
9,2548
9,6902
9,5897
9,4422
4,5050
9,5582
9,4833
4,4840
9,4128
4,3194
8,9107
4,6088
8,9656
4,4561
4,5896
9,2758
3,8626
4,3367
9,3436
8,8584
4,1113
4,0268
3,9123
4,1117
3,8022
9,2177
9,2832
4,0319
4,2904
9,4801
4,3766
3,9761
9,1346
9,1730
9,3353
4,1492
9,8393
9,1369
4,1505
9,5427
4,6165
4,1470
9,9794
8,8731
9,6234
4,2098
9,4824
4,6818
8,9284
4,4583
4,7865
4,1462
3,4922
9,2855
4,5401
9,3048
4,1211
9,3191
9,3619
3,9391
4,0201
4,1833
9,7815
9,3335
4,1010
4,2052
4,3747
9,6963
4,1487
9,6450
9,4863
4,5505
4,0403
9,2375
8,9122
3,9711
9,5854
3,6596
4,8128
9,4848
9,7051
9,4034
4,1266
9,2218
3,9944
9,8142
9,2674
4,0309
4,3572
9,8223
9,5166
9,2279
4,5534
4,5351
4,4524
4,5132
4,0531
9,5679
9,7584
4,2256
4,2354
4,6896
9,3952
4,2014
4,6774
9,8009
9,6595
3,9848
4,0707
4,5858
4,3639
4,1084
3,9243
4,7456
4,1948
3,6772
4,3693
3,9182
9,3433
4,7177
4,2204
9,3163
9,1922
4,2691
9,2668
4,1165
9,7947
3,6265
9,2754
9,0496
9,1326
9,2023
3,7933
4,6213
4,5218
9,3063
9,6466
4,8926
9,2791
9,2915
9,5637
9,1942
8,9743
9,5802
4,4385
4,2310
4,7369
9,4548
4,8445
9,5227
9,8128
4,2364
9,0285
9,4926
4,8599
4,0053
9,5105
9,0775
3,7654
9,3716
3,7928
3,9629
9,3688
4,9731
4,1366
3,7991
4,0464
4,1604
5,0723
4,3499
4,1970
4,3252
4,2237
4,0734
9,3594
4,3438
4,3848
9,5249
4,4159
9,8115
9,4919
9,3575
4,9681
9,2794
9,6839
5,0480
9,4592
9,1986
4,1625
9,4745
9,4771
4,5512
4,4283
3,3727
4,1559
9,3906
4,2766
9,3473
4,5613
9,2231
9,4788
4,5064
4,5918
4,6524
9,0270
4,2546
4,1019
3,6743
4,3538
9,3546
9,3476
3,8012
4,1048
9,5739
4,5384
4,1275
9,4123
9,4433
4,9632
4,7391
4,2794
9,8012
4,2164
4,2563
4,1917
4,4880
10,1668
4,8397
3,9733
9,0478
4,5333
8,4364
4,4605
4,3410
4,6197
4,2034
4,7683
9,2335
4,5766
9,4633
4,4218
4,5964
9,5817
9,7274
9,3076
9,0054
4,3793
8,8150
3,9627
3,6377
9,3229
9,0252
9,7306
9,3905
5,1865
4,7187
4,1256
4,3461
9,5601
4,3296
9,1210
3,9732
4,0890
4,2604
4,4007
4,2545
4,8933
3,7262
4,3967
9,1643
4,6802
4,4824
4,6511
4,2298
9,4444
9,3954
4,8358
9,5977
4,1185
4,3060
4,6443
3,9014
9,1452
4,5309
3,9503
3,8560
8,7310
3,8761
4,5681
9,1384
9,7685
4,8869
8,4493
3,4774
9,7154
3,8676
9,5563
8,9192
9,2464
9,5216
4,5009
4,1223
3,9843
9,2510
9,3172
9,8268
4,1360
4,8411
4,0301
3,6923
9,8769
9,1324
4,2359
9,7970
4,0068
9,3736
3,9995
4,9579
9,4187
9,6552
4,4193
4,6859
10,0472
4,5727
9,3182
4,1957
4,3066
4,1616
4,3745
9,4874
3,8308
8,7224
9,4996
4,3181
4,6817
3,6292
4,6959
9,0549
4,7983
3,6440
9,3487
9,4739
4,3083
9,5559
4,3247
9,5826
10,1429
4,4349
4,1137
4,5188
3,9445
9,4574
9,0351
4,3526
9,3341
4,5035
4,0535
4,5435
4,2937
9,3336
4,2774
4,2768
9,0008
9,1056
4,3134
5,0388
4,2544
4,4663
9,5901
4,4990
4,4738
4,0694
4,4568
9,6529
3,9885
3,8427
4,1880
9,3709
9,5561
9,5173
9,4556
4,6360
4,6658
4,4380
9,3957
9,0318
9,3050
4,4042
9,1264
9,2325
5,0275
4,7652
9,8133
4,0556
9,6548
8,9125
9,1685
4,7858
9,8219
9,8950
9,8664
4,3365
4,2252
4,3463
9,3987
10,0292
4,0412
9,4184
4,1380
9,5860
9,3551
9,6307
8,8695
9,8291
9,4754
4,6819
9,0187
4,0187
9,1960
4,2508
4,3998
3,7757
9,3532
4,6229
4,1126
4,3155
3,9374
4,4678
8,9825
8,9755
4,6611
4,7605
8,8461
4,3916
9,7950
8,7864
9,9271
9,5548
9,3401
4,4094
4,0284
8,9026
4,2735
9,4780
4,2062
9,5117
4,5060
9,0418
4,4991
4,5302
3,9174
9,9041
5,0405
9,3338
8,9209
4,4922
3,7430
4,0396
4,3286
3,8546
4,4789
4,6374
3,8207
4,4984
3,9585
4,2033
4,5812
8,7455
4,5897
4,1970
4,1292
4,1793
4,3874
9,6012
4,2374
9,1411
4,2186
9,7589
4,3342
9,7309
3,4729
8,7443
8,7777
4,7601
4,5796
4,5258
9,5765
4,5793
4,6258
8,7916
8,7252
9,2052
9,1260
4,6921
4,6716
4,3854
9,3305
4,3991
3,8305
4,3172
4,1751
4,4903
5,1158
9,5066
4,2606
9,1514
3,6902
9,2591
4,5831
4,7140
9,4079
9,2744
9,6029
4,4395
9,4597
9,3339
3,7729
9,6518
4,4965
4,1938
9,2095
9,5291
4,0946
4,2811
9,0449
3,7087
4,6456
4,1593
4,0921
9,3742
9,1109
9,5086
8,9304
3,8727
4,4414
5,1050
3,9288
8,8949
9,5249
4,3018
9,9672
4,3903
9,0174
4,7526
8,8746
10,1467
4,1520
4,5440
4,6772
8,9195
4,6657
9,0727
4,5719
4,4857
4,3898
9,3028
4,7589
4,6812
4,8570
9,2511
4,1081
3,9157
4,2717
9,3730
4,0384
4,2402
9,3249
4,3143
9,3656
3,7407
3,8022
4,1422
4,3627
4,1571
4,6083
4,3150
4,0743
9,7015
9,1999
3,9801
9,5148
3,5459
4,7476
4,5386
4,6623
4,1388
4,1076
9,3537
9,5541
4,3418
4,7960
9,9872
4,2534
9,6604
4,5518
9,0831
4,4607
9,5088
4,0989
4,0037
4,3141
4,7620
4,2085
9,9317
4,4254
9,7755
4,8942
8,9411
8,9139
9,2516
4,7342
8,9491
3,6065
8,9736
9,7627
4,6748
8,9612
9,5197
4,6964
9,8384
4,3676
4,7017
4,1492
9,1833
4,3754
4,0173
9,0924
4,3652
4,0770
4,4096
9,0877
3,7203
3,9523
9,0558
4,6119
3,9431
9,4641
4,1506
4,2911
4,4844
9,1362
9,0007
3,9120
9,6542
9,4079
4,5667
4,1835
9,5669
4,3393
4,3410
4,6562
9,6348
3,5068
9,2614
4,7188
4,9958
9,1849
4,5321
9,1550
9,5650
4,3261
9,6353
9,3535
3,9343
4,4497
9,3495
9,4742
4,1320
9,6350
4,0351
9,3878
4,8774
9,4066
9,4546
4,4261
3,5942
4,3612
8,5963
9,1068
4,5830
4,1138
9,5664
9,2724
5,1381
4,5244
9,2410
4,8193
4,6384
9,1083
9,4046
9,6149
4,3622
4,5678
9,6372
9,7753
9,6064
9,7226
4,2817
9,2515
4,1414
4,4836
4,4799
9,0869
9,2953
4,6005
9,3165
4,3756
4,0340
4,1484
9,4782
9,7047
9,3876
4,5536
9,9128
9,0636
9,4322
4,1208
9,1890
5,0069
4,9146
9,1052
4,3604
9,4936
4,6751
9,5078
9,0181
9,0687
9,3658
4,1385
9,3833
4,4111
4,5497
9,8641
9,1852
9,1574
4,7174
9,6754
9,7156
4,0515
9,1106
9,7001
9,2525
9,5437
9,3550
4,2261
3,9705
9,7528
3,9509
9,7954
4,2240
9,5096
9,9862
9,2369
3,8859
9,0034
9,0988
4,1689
4,1048
4,6398
4,6790
4,2431
3,8225
4,1958
9,3927
9,3723
9,7318
9,4711
4,5339
4,3852
9,5439
9,7717
3,9485
3,7701
9,4952
4,5614
4,0428
4,3939
9,2467
4,2640
3,9450
4,4159
10,0965
8,9659
4,1524
4,8316
4,3366
3,8742
9,5809
4,2326
3,9518
9,4058
9,2532
9,2092
4,1591
4,5928
4,1026
4,5907
9,3409
4,3836
3,8804
4,7284
9,4730
9,4541
8,9815
4,7632
4,0114
9,1387
9,9055
4,0989
4,4593
4,8792
3,8507
8,8902
4,1939
4,0093
9,1446
9,9131
9,4325
9,5487
4,0890
8,8870
4,0450
3,6356
9,4308
4,6476
9,1883
9,5977
3,9172
4,6193
8,9949
3,9766
3,9089
4,5471
4,6703
4,1730
3,5682
4,2689
4,1891
9,3120
9,5617
3,8591
3,9597
4,0436
4,4874
4,0574
9,4204
5,0922
3,8108
9,2880
4,6959
9,8385
4,2812
4,8610
3,5022
10,0733
8,9445
8,6302
8,9765
9,1065
9,8300
9,3702
8,7701
9,0958
8,6771
4,3859
4,1021
4,6839
4,7535
9,1231
9,6519
9,3307
4,0220
8,8974
4,0508
4,3088
9,4380
4,8333
4,1769
8,9179
9,2637
4,5439
4,3062
3,8483
3,9806
3,8464
9,0797
9,5213
9,2532
4,3720
8,9968
4,8164
9,7748
4,9128
9,1667
4,0794
3,6834
4,3695
9,4681
4,0422
9,5193
4,3922
4,6784
5,0705
4,4446
9,8072
4,0375
3,9179
4,0874
4,1849
4,1736
4,6893
9,4564
3,9763
3,9656
4,3697
4,5650
4,1869
3,6052
4,2078
9,4546
4,7296
9,4296
9,5334
4,0777
9,4942
4,2792
9,7279
9,2938
4,0077
4,2938
9,6720
8,9588
9,0214
9,5750
4,2129
9,4515
9,6268
4,1979
9,0763
4,1688
9,2444
9,3158
4,3517
4,7057
9,5355
4,2828
8,8512
4,5759
3,8101
9,3135
9,9655
8,9288
4,1040
4,5421
9,1822
4,2930
8,9740
9,4041
4,4410
4,2713
3,8598
3,7179
9,5401
9,3959
4,0977
4,3573
9,4551
5,0070
9,2631
9,2578
4,6501
9,2520
9,3466
9,9614
8,8093
9,4212
4,1326
4,5125
4,2740
4,8783
4,0580
4,8575
9,5654
4,3365
9,5175
9,6512
9,4278
3,5983
4,4199
9,1162
9,3834
9,5155
9,1847
9,2738
3,5761
4,3840
4,4809
9,1501
4,1089
4,3581
4,3781
9,1295
4,0165
9,5391
9,7981
9,1897
3,9649
9,3362
9,2974
4,2953
9,6430
9,5753
4,0334
9,7055
4,3956
4,4112
4,8554
9,9166
4,2704
9,3275
9,8542
4,7760
9,0793
9,5459
4,0294
9,8095
9,2966
9,6757
9,5196
4,4324
9,0662
4,3399
4,0653
8,8227
4,4728
4,9269
8,9967
4,1264
5,0539
9,2731
4,4199
9,3277
4,9015
4,4550
8,9825
9,7780
9,3368
9,0264
9,5248
4,7837
4,4301
9,2234
9,4548
9,0762
3,8270
8,8756
4,2956
9,3661
4,6648
4,2523
9,0579
9,4327
9,2464
9,4970
4,6025
4,7326
9,1475
9,2512
4,3132
3,8932
4,4712
3,9632
9,4572
3,9398
4,5338
3,8292
9,6132
9,6028
9,6954
9,1361
9,1220
4,2749
8,9228
4,5658
3,6554
4,1906
3,7576
4,2414
3,6615
4,1413
9,1595
9,0381
4,0750
8,9469
4,3336
3,9431
10,0627
9,3924
4,3067
9,1365
4,2755
9,6629
9,3557
9,0394
9,4265
9,6026
4,0872
4,1936
8,6866
8,9767
9,1756
4,2914
4,4370
9,6472
9,4292
9,0094
3,7027
4,4592
3,7597
4,1956
9,4342
9,8272
4,4740
9,3715
5,0766
9,2386
4,7721
4,7957
9,3296
4,4509
4,9213
9,0660
4,3796
8,9024
4,0865
3,4963
4,3864
4,1615
9,7430
3,8804
9,8410
9,2657
9,8620
4,1592
4,6121
9,8428
9,2058
9,6356
4,4684
4,2097
4,6891
9,2067
9,3697
9,1001
4,2794
8,5586
3,8327
9,2414
4,1061
4,1777
9,3837
4,6449
3,5119
4,2703
9,3123
4,5132
9,4325
9,3996
9,4896
9,9898
4,3314
3,8229
9,3674
3,8241
4,8862
4,5614
8,8097
4,5092
9,1532
9,5457
9,1453
9,1081
9,5085
4,8612
4,1885
4,2670
4,0433
4,1478
4,5023
4,4731
9,4005
9,2359
4,2170
4,8491
4,4142
9,7006
9,7893
4,8886
8,9695
4,1680
4,0992
4,0402
9,2884
9,7508
4,7057
4,6658
4,3445
3,9897
3,7525
4,3188
9,5943
5,2483
4,1230
9,6046
4,2951
9,8601
4,2708
4,1726
9,5822
9,8970
9,4971
4,2265
9,0209
4,3711
9,3644
9,7784
9,4948
4,5546
9,6265
4,3344
9,7061
9,2436
4,5461
9,4062
9,2239
9,0308
9,5076
8,9182
4,0812
3,6326
4,7140
8,9206
4,1607
4,4170
4,7110
9,4077
9,6066
9,3692
9,7095
9,1356
9,2974
4,3546
4,2003
8,7334
4,5767
4,2254
9,2145
9,4438
9,7751
3,6569
4,1163
4,5953
9,3117
4,4128
9,7127
9,9570
9,2400
9,3051
4,4525
9,3774
4,4341
4,5738
9,1502
4,8474
3,6941
4,4371
4,0248
9,2086
4,6167
4,0627
9,3816
4,1010
3,6560
4,1510
9,5798
4,5878
4,4136
9,4338
4,0851
9,1652
9,3482
4,8823
4,5592
3,8303
9,9462
3,7950
10,0975
4,7945
4,6993
4,3856
9,6434
9,4844
8,8948
9,6852
4,1653
4,2538
4,0231
9,3361
9,2823
4,1992
4,2233
9,7545
4,4771
4,0145
4,2820
4,8602
4,7506
4,8047
3,9830
8,9716
9,8299
9,7298
4,7084
8,8283
3,9663
4,6071
4,2870
9,5590
4,2373
4,4216
3,9058
9,4422
4,7343
9,0215
4,0837
4,5357
3,5335
8,9141
9,3320
4,5071
9,1085
4,3376
4,2513
3,4688
4,1452
9,7140
9,7219
9,4801
9,5561
4,3529
3,8835
8,9635
4,8749
4,6437
9,7557
4,5835
9,0644
4,2720
4,4225
4,8319
4,6252
4,3938
4,3785
9,8128
4,2392
9,4406
9,4651
4,4845
3,6576
4,5615
9,5599
4,7331
4,0348
9,3310
9,3730
4,5070
3,3478
5,0019
9,1514
9,1828
4,4074
3,8312
9,2632
9,4065
3,9521
3,6877
4,6890
4,4488
3,8931
9,4832
9,6516
9,3666
4,1580
3,9318
4,2910
3,8216
9,9424
4,1453
4,8733
8,7559
4,0478
9,2722
9,5570
5,2422
9,9511
9,8074
4,2568
9,1170
9,5900
4,7112
4,2302
9,2876
4,3012
4,8056
4,6947
9,2731
4,3836
4,2183
4,5907
9,2081
8,9286
9,4997
4,1425
4,4786
4,3857
4,6586
4,1866
4,3850
4,0871
9,3429
9,6294
4,2985
9,0293
3,3386
4,0769
5,0187
9,7041
3,8246
4,1349
4,3421
9,0505
3,9555
4,2129
3,9411
3,9685
9,2352
3,9851
4,6534
4,6403
9,5158
3,9444
9,2009
9,5949
4,5690
4,6281
3,9649
9,0904
4,1453
4,1354
3,3317
4,3499
9,5749
4,3889
4,2917
4,8439
9,2160
3,9648
4,4819
4,1631
9,2367
9,5964
4,0026
9,4337
9,8364
9,9312
9,9848
4,4464
3,9847
9,3489
9,5522
9,5843
4,6567
4,0427
4,3139
4,2467
4,4147
9,9177
9,8263
3,9803
3,8540
3,8886
4,2981
9,4913
4,3234
9,8182
4,1448
9,4177
9,3017
8,9633
4,3365
9,0801
3,9977
9,3504
8,9788
4,3813
4,1136
4,4529
4,5380
9,3493
4,3896
9,3081
9,4777
3,7401
4,2762
9,7740
9,1747
4,5981
4,4743
4,1399
3,6076
4,5302
9,3883
9,1983
9,1340
9,5179
4,2668
3,4035
9,0159
9,5791
3,8879
8,9901
9,4898
4,0312
9,4258
9,0142
9,5520
4,8077
4,1110
3,8758
9,1909
4,4635
4,3365
4,8315
9,9639
4,0768
5,0185
4,2554
9,3721
4,6098
9,4726
3,6864
9,3918
9,1362
8,6905
9,4196
4,4358
4,8855
8,9424
4,6035
9,4298
4,3957
4,7545
3,7048
4,3106
9,9784
4,4699
4,3768
4,1346
9,1879
4,5704
3,8931
4,6270
9,7378
4,1952
9,4467
3,9597
9,7109
9,5358
9,2666
9,1985
3,9553
4,2642
9,3703
4,5800
8,9888
3,8147
9,7845
3,5650
9,7966
9,7643
9,6307
9,0140
9,4530
4,5897
3,8511
9,0814
3,8480
4,1011
9,3334
9,2531
8,9451
9,6675
4,3518
9,2439
4,5132
3,6130
4,6066
9,6889
9,2226
4,0995
4,2101
8,9529
9,6496
9,6389
9,1820
4,3794
3,6752
9,4522
9,4438
9,1719
9,1643
9,3841
4,6198
9,9116
4,8188
3,8339
3,9646
4,5242
4,6419
9,6161
8,9744
3,7577
9,4674
4,0651
3,9744
9,5280
9,1500
9,2184
4,5955
4,4490
3,7456
4,0419
9,5979
9,3845
9,0509
9,9588
9,6468
9,3316
9,4629
4,8518
4,7764
9,7625
4,3854
3,8708
9,1934
4,8341
9,5305
9,7573
9,2847
9,1841
4,2326
9,4791
4,4406
3,9412
9,4623
9,3867
4,1821
4,3973
8,9927
3,5428
4,7256
3,9403
4,1098
9,5264
9,3332
9,6696
4,2299
9,9800
9,6795
3,9994
9,1336
4,7081
4,1055
4,1090
9,0836
4,4017
8,9260
9,5125
4,4279
5,0135
4,1351
4,5278
3,8524
4,5306
9,4390
9,4612
4,0506
9,5594
9,3294
9,8452
4,6868
4,7220
9,5251
9,2803
9,6776
4,9030
9,4174
9,3342
9,9541
9,6106
4,9470
9,2862
4,0166
4,8134
4,2321
4,5971
8,9355
4,1376
3,8902
3,6123
4,5687
5,0006
4,9274
4,1537
9,4325
3,8833
3,8568
9,4428
9,4220
4,5722
9,5866
9,6531
4,2260
4,2739
4,4371
3,6571
3,8822
9,4549
4,7061
9,0245
9,3758
4,3871
9,5055
9,1998
4,4540
4,9271
9,8204
9,3844
4,3079
9,0764
9,5180
9,3194
4,4643
10,3253
4,3331
9,6073
9,0576
3,3454
4,3930
9,4999
8,7799
9,8988
9,2508
4,9688
4,3699
9,7432
4,2535
9,2371
9,0127
8,8503
9,2891
9,5360
9,3764
3,8263
4,2539
9,5829
9,7368
4,1124
9,4622
4,6291
9,2245
9,2139
8,7050
9,3196
4,4351
4,6119
9,1112
4,3027
4,3292
9,2557
4,1952
4,3419
4,4176
4,9989
9,3303
4,3656
9,1349
3,9630
9,0080
9,5251
4,7132
4,1075
9,0891
4,6014
4,6174
9,6430
9,4492
3,5853
9,4707
4,4047
9,7426
3,9832
4,0386
4,5615
4,0470
9,2375
4,0316
4,1722
9,0638
4,8747
9,2585
3,8805
8,9121
3,9540
8,4305
9,4064
4,0918
4,4041
4,3481
9,3960
9,4894
4,2246
4,0092
4,3953
4,7656
9,2460
4,9178
9,4889
9,2904
4,3306
9,3722
4,8668
4,4605
4,0610
4,5396
10,0552
4,7459
9,7288
3,6630
9,3696
3,5854
4,3963
9,3644
9,8464
4,8477
9,7040
3,9348
3,6001
9,3838
9,3385
9,6719
9,3986
4,1405
4,1342
9,3438
9,0739
4,5633
9,2394
9,4650
9,6507
8,8658
4,1246
4,2443
9,7494
4,1069
4,9954
4,6459
9,2147
4,3036
3,8489
4,5075
4,2108
9,7755
9,5084
9,4026
9,4876
9,5843
4,1485
3,5991
9,3220
9,7472
4,1867
4,9460
9,4217
4,2281
4,0572
4,1899
4,1974
9,5493
4,3528
4,8272
3,9772
4,2816
9,7384
9,3646
9,5598
4,2336
8,9990
9,4676
9,4067
4,2531
4,4075
9,6304
9,3396
4,4951
9,5697
9,3604
9,6287
4,7451
3,9100
4,5470
8,8412
9,3523
5,5265
3,5857
4,3756
9,0820
4,3907
9,6648
9,3515
3,5223
4,1761
9,4843
9,4198
8,7556
4,6632
9,5593
3,6772
4,6152
9,3559
4,3752
9,2580
4,5346
4,6356
4,7280
9,0473
4,0950
9,1405
4,5344
4,5295
3,8795
4,3703
4,4031
4,1294
9,4020
9,7399
4,3927
9,4716
4,1992
9,3049
9,5190
9,4338
9,4297
5,1675
4,8580
4,9431
8,9189
9,2115
9,7447
4,5959
9,0026
9,3836
5,0274
4,2861
4,0346
4,9186
4,4569
4,2557
9,3563
4,5876
4,8393
4,8267
4,1751
4,1030
3,7013
3,9586
4,7200
9,5484
9,9368
9,1058
8,9956
8,7902
9,9098
4,1025
4,6221
9,4706
9,5524
9,1727
9,4282
9,6792
9,0795
4,5115
9,4393
4,8641
5,1275
9,4668
4,0307
9,7344
9,1747
9,4298
4,2858
9,5042
3,8744
4,3760
4,3503
4,3132
4,4004
4,2064
9,6020
9,5424
9,8564
4,2026
5,1173
4,1728
4,7079
9,4687
4,3025
4,4207
9,8539
4,9081
4,1492
4,0246
9,1511
4,4405
9,5953
9,5730
9,2531
9,8779
9,2838
9,5884
9,4519
9,3361
4,0163
4,1644
4,3473
9,1882
9,3610
4,4758
4,4311
8,9612
4,5505
9,4737
4,2827
4,5866
9,1559
4,9605
9,3921
4,3559
9,2357
9,1550
8,8396
4,3467
4,0364
3,6364
8,7664
9,2705
4,1731
9,5622
4,0197
3,9394
9,4413
4,0890
4,1088
3,9666
4,0686
9,8576
4,1936
9,3844
4,7357
9,4673
5,0952
9,5832
4,2437
9,2956
4,2665
4,1954
4,9419
9,2633
4,7161
9,2211
4,1883
9,3001
9,4358
9,2035
9,7142
9,4372
4,2590
4,4548
9,4777
4,6334
3,4845
3,8596
9,0766
4,2392
8,9460
9,4181
9,7921
4,3075
9,3701
4,0018
4,3625
9,1405
9,4620
4,2836
4,2185
9,5703
4,5528
4,8874
8,9961
4,3682
9,9219
9,3594
4,5396
8,9306
4,7102
9,3990
9,5681
4,4316
4,3126
4,6084
4,5145
9,4675
9,0287
4,3292
9,4695
4,2490
3,7054
9,1127
9,0288
4,2773
9,0915
9,0767
9,5433
3,5612
4,0199
4,1006
9,3850
9,3020
4,1695
3,8933
3,8983
9,1743
4,2544
4,6373
4,5325
3,8828
9,4720
10,0474
9,2953
8,9594
4,2830
3,6084
4,0406
9,2631
8,9575
4,5860
9,3091
4,7760
4,9377
9,1500
8,9896
8,9823
4,4422
9,4871
4,4569
4,1172
9,1479
4,1150
9,7611
4,3408
4,2931
4,0306
9,3529
9,1687
3,8203
4,3612
4,4129
9,5649
3,9837
4,1734
4,8614
9,8783
9,2722
4,2310
4,2734
9,2532
4,6590
3,8862
9,3372
3,7972
3,9947
4,0342
4,0363
9,3208
8,8978
8,8955
4,7181
4,6289
4,3049
9,7298
4,3018
9,6403
9,5760
9,2494
9,6382
4,0788
9,4484
9,1362
4,4033
9,4320
4,0799
9,2437
9,4930
4,5918
4,1758
9,0811
3,9065
4,7560
9,6257
4,7340
9,8717
9,9444
9,1381
4,0962
4,9170
4,5508
9,2723
4,1683
9,5800
3,9222
4,0663
4,7178
9,4708
9,3184
9,1379
4,2852
4,6089
4,2625
4,2943
8,8156
9,0819
8,7337
4,2184
3,6185
10,1863
9,6593
9,1162
4,2114
4,0749
4,6902
8,6910
4,1793
10,0648
4,6062
4,3086
4,6094
9,1127
4,3877
9,7022
9,1648
4,2856
3,7642
4,6247
9,5063
4,6024
4,0572
4,4498
9,3049
4,7739
4,4030
4,5526
9,2355
9,8897
9,1487
4,0360
4,2877
8,8797
9,3230
9,5578
3,9897
4,5935
4,5649
9,3290
4,0391
3,7237
3,7192
4,8090
4,4896
5,2082
3,8407
9,4670
4,4931
4,7990
9,6101
4,1707
9,4304
9,2079
8,9457
9,5976
9,3493
4,3573
4,4527
3,5463
9,6841
4,1311
9,3176
9,6654
4,0037
3,9921
3,9514
4,1246
9,1377
4,3983
9,3365
9,6764
4,2017
9,1924
9,1860
4,6564
4,1856
4,4533
9,0769
9,2557
4,3403
9,2212
4,2996
9,2149
4,7064
9,1118
3,3082
9,2714
9,7643
3,4604
4,2178
3,8155
4,1034
3,9391
4,4828
4,4033
8,8018
4,2598
9,0121
9,4338
8,9569
9,7103
3,7136
9,4631
4,3028
4,1022
9,6930
9,0783
9,1675
3,9417
4,6270
9,3386
4,2546
4,3376
4,3515
9,3468
4,6313
4,4944
4,2400
4,2298
4,1806
4,0387
9,2410
9,5183
3,9527
4,2420
9,2786
9,1509
9,1583
9,0403
3,8186
9,1123
8,7658
9,6263
9,5124
4,5037
4,4391
4,1088
9,5033
4,3010
4,2999
8,8445
9,4026
9,0385
4,3091
9,7771
4,3166
9,4107
3,8926
9,6641
5,2647
3,8398
4,8387
4,1524
9,3693
3,9025
9,3884
3,7359
9,1434
8,7724
9,1580
4,0877
4,4316
4,2056
4,3020
4,8465
9,5745
10,0576
9,3185
3,9773
4,2152
9,0993
9,3209
9,2614
4,4743
9,0234
4,0743
4,2687
4,9119
9,7364
9,3573
9,8367
9,5279
9,5731
4,5275
4,8131
9,5341
4,3436
9,4017
4,4341
9,3188
4,2616
3,4316
9,6130
3,7925
3,7389
4,2047
4,4043
9,7010
4,3215
9,8652
9,7337
9,3290
9,8908
4,8975
9,6926
4,3128
3,8234
4,6755
4,3563
9,3720
9,1222
4,6501
9,0504
9,5530
4,8703
4,1996
8,7057
4,6701
4,3451
4,7312
9,1221
9,6219
4,1921
4,0598
8,9136
9,4706
4,1392
4,8846
9,9662
4,6032
10,0349
9,7803
4,7649
4,3152
3,3492
4,4268
9,4929
9,2447
9,2727
3,8942
9,6635
9,6276
3,4439
9,3468
9,2340
9,3089
4,6317
4,0554
9,0507
9,3551
9,6942
4,0586
9,5639
3,8093
9,9875
4,0655
4,2838
4,6070
3,9098
9,5618
9,0904
3,9745
9,4539
4,0796
9,5033
9,0325
9,2566
9,2455
4,6828
9,5101
4,4487
9,4996
4,4914
4,6330
9,6208
4,7088
9,6110
4,4998
9,3682
4,0116
5,2579
9,3445
9,4304
3,5047
4,2134
9,4582
4,6693
9,4354
4,2715
9,5674
4,1826
9,1371
4,9700
4,6468
9,2121
9,5763
9,6595
9,2091
4,4772
9,3655
3,9704
4,3441
3,8699
4,5528
9,0395
9,3148
9,7127
3,4789
3,8725
4,5208
4,7086
9,3804
4,4178
9,3012
9,4230
4,3276
9,0267
9,5505
4,7544
3,9731
4,8020
4,4074
4,8955
9,1539
9,8714
9,1151
9,2512
9,4766
9,7276
9,1013
4,1357
9,3759
9,8593
4,5181
9,4219
4,4171
3,9983
4,0836
4,2181
4,2402
4,0587
4,6366
9,0677
4,2739
4,5138
4,0915
4,4495
3,5914
4,9283
4,7448
9,9862
4,4262
9,1235
4,3812
9,5085
4,0497
3,7727
4,8109
4,2207
4,1613
8,6874
4,1615
4,0905
9,0806
9,3087
9,2795
4,4647
9,5579
9,2105
9,0777
4,1742
4,5348
3,9492
9,5761
4,6399
9,4368
3,9004
9,5819
9,4582
4,3190
3,8483
4,2952
4,4846
10,2216
9,3758
4,6841
4,1831
9,6965
9,1416
9,8322
9,1553
9,4829
3,6890
3,9794
3,9786
10,1025
4,2582
4,3429
3,9123
4,7690
4,5303
8,9627
9,6971
4,2794
9,2236
3,6991
4,8253
4,2335
4,2402
4,4974
4,1867
4,1392
9,0680
4,5994
9,6390
9,1301
4,5090
4,0571
9,0006
9,2901
9,1407
3,9515
3,7513
3,8785
9,6290
9,5404
4,3112
8,8929
9,7798
9,4768
4,6484
4,4535
9,7302
3,1506
4,7150
4,4141
9,5617
4,4766
4,0142
9,6353
9,2535
4,2757
4,0623
9,2919
9,3262
4,2505
3,7145
4,7064
9,2893
4,3543
9,2834
4,2414
4,4752
3,9226
9,1475
3,7773
4,4957
4,3093
9,4820
4,7118
4,4803
4,1855
8,7828
4,2884
9,7384
4,3417
4,4251
8,8670
9,4821
4,6042
4,4301
4,4507
9,5874
4,7252
4,1057
4,0344
3,8124
4,6528
9,5071
9,0718
9,5243
9,7510
4,5948
4,1591
3,8025
9,3908
3,9624
3,6470
3,9983
4,4398
9,5395
9,4555
9,5576
9,3576
9,3457
4,3299
3,7121
4,6379
4,7470
4,0192
4,2600
9,9026
4,1282
9,4705
4,0683
4,4015
9,8482
4,6857
3,6592
9,7427
9,2354
4,1042
8,9761
4,7139
4,5201
4,0983
9,8803
9,1613
9,0303
9,4420
4,1578
9,5792
4,4856
4,6858
4,4437
9,4261
4,8027
4,4561
4,2933
9,4309
9,4671
9,8272
4,1879
4,0787
9,5388
9,4422
3,8190
9,8086
9,5114
4,5769
9,0885
5,0068
4,7163
4,8699
9,1233
4,2228
4,6488
4,3422
3,5160
4,1881
4,2937
9,4835
3,9822
4,6921
3,6975
9,3205
3,9895
3,6750
4,5506
9,4773
9,8476
3,8257
9,2536
4,7845
9,6828
3,7061
4,9166
4,7171
9,3388
3,9966
3,9829
3,6868
9,6116
4,2901
4,1584
4,5004
9,4706
9,5797
4,6329
9,6389
4,2672
9,4782
4,4953
4,2210
9,9211
4,0086
4,3853
9,3815
9,7811
3,9980
4,2983
4,0845
4,6659
9,0628
3,9788
9,4202
4,4820
9,0295
9,4410
9,3088
9,4012
9,1518
4,2245
4,2952
9,4513
9,6799
4,4247
3,7644
3,4041
9,3926
9,5749
3,8429
3,9592
9,6539
4,2039
3,6526
8,9910
9,6303
4,5147
9,0547
4,0853
9,3123
4,0627
9,4107
9,2873
9,1467
9,2939
9,0133
9,9267
9,1495
9,5236
4,2805
4,2529
4,3166
4,4366
4,2655
9,3303
4,3779
4,9095
9,6553
3,4234
4,3744
4,1045
9,9078
8,8519
4,1917
3,6554
4,1209
9,3030
9,5366
9,3465
4,6703
3,9604
9,1645
9,3383
4,8538
4,6767
4,1661
9,7319
9,3517
4,1747
4,3707
9,4058
10,0423
3,6453
9,7343
9,3127
4,7031
3,7416
9,4695
8,7872
3,5800
9,6705
4,1979
4,0523
4,5612
9,4136
4,2424
4,7123
9,1517
9,0207
9,7042
4,5387
4,0178
9,4517
4,1813
4,1306
9,6000
4,2701
9,6724
3,7598
9,5121
4,7591
3,8971
9,4917
9,2227
9,4835
3,9079
4,2430
4,4527
4,2129
4,1519
9,3570
9,2730
4,3223
4,1145
9,5608
9,3253
3,6645
4,3886
9,3948
3,9286
4,9719
9,5410
4,3184
9,2501
8,9109
4,0633
9,8119
4,0230
3,8816
9,4032
9,8192
4,1069
4,4868
5,0854
9,1368
3,8794
4,4283
4,6469
3,7763
9,9998
4,7741
8,9576
9,2835
9,2794
3,9207
9,8137
4,2952
9,2206
9,4061
4,1149
9,4422
9,2932
4,2871
9,2329
4,4933
3,2494
3,9181
9,4928
4,4496
3,9481
4,2844
9,9305
9,1498
9,4252
8,7353
3,9445
9,6850
4,4773
9,2729
4,3967
3,8501
9,0910
4,2822
4,3453
3,7497
4,7770
9,8143
9,2822
9,0973
4,5803
4,6636
4,3190
4,7750
4,0386
9,5898
8,8223
4,2306
9,6757
9,1981
4,0866
4,3297
4,3634
9,2254
3,9151
4,9341
4,0803
3,9570
9,1178
9,0674
3,9018
4,5311
9,5821
9,6165
3,3809
3,9270
3,0595
4,6996
9,4697
3,8376
9,5410
9,7154
4,5774
9,5761
4,6424
9,2002
4,3330
4,9169
9,5455
4,9178
4,2586
4,5173
9,5079
4,1799
9,4990
4,6888
4,0669
4,0498
4,0711
9,2914
9,6002
4,2860
9,7091
9,4425
4,6178
8,8897
8,8839
4,0576
9,3003
3,9349
4,2389
4,4763
4,1835
9,1458
4,1809
9,4490
9,8564
4,4961
9,4344
9,4193
4,7306
9,4901
9,7280
9,2624
8,8747
4,2207
4,2433
9,4124
9,6144
4,5929
4,7747
8,9736
4,5391
9,9017
9,6896
4,1240
9,2362
5,1797
4,0029
9,5854
9,7650
9,7425
9,8084
4,6387
3,9209
9,4758
9,8360
8,8040
9,6715
4,2082
4,0379
8,8505
4,4849
9,3300
9,2764
9,6865
4,3993
9,2891
9,3886
4,8073
8,9946
4,4475
4,2892
4,5429
4,1958
9,1663
9,2645
4,1221
9,6468
3,6443
4,5199
9,3798
4,2858
9,4555
9,4627
4,8810
4,1709
9,8191
3,8620
9,2635
4,6787
4,2528
9,4716
4,1196
4,4085
4,0390
4,5481
9,9195
4,3123
4,6028
9,3019
9,5890
9,4138
4,0894
3,4809
3,9735
4,1422
4,6891
4,2862
4,0802
9,7754
9,1153
4,3600
3,7777
4,4046
10,1397
4,8666
4,6040
9,2911
9,1475
9,2655
9,3569
9,3080
9,9933
9,3514
4,2915
9,2377
4,2035
4,5750
3,7845
9,6494
4,0173
4,4633
9,2486
4,5424
4,2077
9,2325
4,0249
9,2864
9,3889
4,8205
4,3506
9,6664
9,6746
9,2561
3,9047
8,8911
4,4197
3,6779
9,4000
9,7852
8,9783
4,4603
4,1791
4,0534
9,6787
9,7573
9,7098
9,0059
4,1476
9,8618
4,1109
4,4308
9,7224
9,4561
9,2691
4,7049
9,4669
10,0549
9,7461
4,1597
9,6747
4,4262
4,1439
4,1665
9,5010
4,1193
9,0515
4,2892
9,2508
9,5235
4,2750
8,9026
9,5816
9,6468
9,1746
3,9689
9,1071
8,9302
9,6978
9,0238
8,9468
4,2243
4,2385
9,0715
4,5066
3,7660
3,8545
3,8435
3,8159
4,6896
4,8750
4,3611
9,6270
4,6069
4,3872
9,6236
8,9157
4,7543
4,4206
4,3198
9,7346
3,6836
9,2481
4,5715
4,3138
9,7811
4,7741
9,2268
4,3176
9,5185
9,5993
4,6725
4,2290
4,1973
4,2485
9,2818
9,2082
9,4023
4,2784
9,7407
9,4063
4,6350
9,6078
9,0158
8,8105
3,6333
9,3547
9,1139
9,0719
4,2247
9,1791
9,0927
4,4904
4,0672
9,4886
9,2403
4,4881
9,4466
9,3689
4,3461
9,0160
9,4482
9,0411
4,4781
9,4598
4,6337
9,0347
4,3972
4,8872
4,4226
9,8936
9,1695
3,7552
4,4066
9,3264
9,4258
4,4282
4,2603
9,4705
3,6030
4,4244
3,8655
4,0843
9,6048
9,4848
9,4615
4,0786
4,1404
3,9413
4,1953
9,0455
9,5064
5,0702
9,3280
9,4700
4,2444
4,0248
4,6801
9,1781
4,4018
9,4856
9,5504
4,3644
4,0123
9,4287
9,8213
9,3012
3,9927
4,2515
4,1567
9,1680
4,6573
9,2557
9,4003
4,5139
4,9704
9,1102
4,8946
4,4397
9,4635
9,0974
9,3859
9,3880
3,9702
9,6818
4,8435
4,4511
9,4768
4,4874
4,2766
8,8674
9,3592
9,2647
4,2316
3,7951
4,0116
3,9671
4,0557
3,9388
4,2984
3,6297
9,6168
3,9079
9,2728
9,4214
9,2026
4,3848
3,9859
9,2878
9,6412
4,1575
3,5546
5,0214
9,1527
4,6519
9,4121
4,6973
9,9065
9,2157
10,0214
9,5080
9,5242
4,8613
3,9150
9,3956
4,8537
9,6432
4,4100
9,1920
9,1956
4,0545
4,6482
3,4808
3,6357
4,4415
9,8201
9,6418
9,0981
4,3082
3,9933
4,5115
9,7837
8,7988
9,7732
5,0419
9,1679
4,0245
4,6281
4,4481
4,2681
4,0330
4,3012
3,6382
4,1588
4,4201
4,6305
8,7880
4,2777
9,5044
9,5389
9,3230
4,4298
4,4335
9,4229
8,6932
9,4304
4,5214
3,8039
3,3073
4,2815
9,7804
9,9380
4,4169
4,7163
4,2398
9,5455
9,8884
4,7840
4,6633
3,8293
9,1343
9,1912
9,8535
4,3841
9,7718
9,2111
4,1711
4,2022
4,8214
9,6092
10,0437
4,3935
9,7551
4,7889
8,9292
4,3764
4,2009
9,2488
9,0830
4,1931
9,6305
9,1516
9,2250
4,8671
8,8614
4,2920
9,4020
4,6118
4,4822
4,3138
3,6543
9,3330
4,5607
4,3213
3,9411
4,6945
4,0152
4,4126
4,5825
4,9796
3,9771
9,3366
4,2466
4,0827
9,6140
4,0801
4,2154
9,4394
3,9974
4,4540
4,7535
3,6607
5,1596
4,7495
4,5894
4,4245
4,2387
9,3431
9,3026
9,6539
9,4190
4,2377
4,3570
9,0733
9,5299
9,1188
9,5958
4,0259
9,1941
4,6637
4,1760
4,4460
9,3743
4,8683
9,6098
4,1063
3,7545
3,9832
3,7417
4,6268
9,4866
9,4026
8,9447
9,2328
9,8249
9,8588
4,3874
4,3820
4,2085
9,5269
9,5506
9,3034
4,2357
4,3158
3,7751
4,2001
4,3014
4,0808
3,7864
4,2846
3,9529
4,1666
9,7010
9,6898
9,5989
9,3058
3,6155
8,6454
4,3655
3,8756
9,0935
9,5850
4,1446
9,5336
4,5201
4,9042
4,6706
9,5234
4,2564
4,4568
9,3952
9,2687
8,5277
9,1408
10,0133
9,4205
9,5717
4,5306
3,2991
3,2384
3,7481
9,4740
9,7729
4,5427
3,9447
4,0987
9,0897
9,7851
3,7276
3,8733
9,5101
3,7179
4,2687
8,9688
9,6567
9,2446
9,7591
4,2154
8,9901
9,1233
9,5059
4,9313
9,9896
9,6574
9,2681
9,8965
9,2782
4,4049
9,3287
4,2051
4,7140
9,1090
9,5912
3,9296
4,6160
9,1355
9,4571
3,9124
4,4000
9,5908
4,3316
9,4501
8,9647
4,1666
3,6588
4,1258
9,4813
4,0880
9,5988
9,2846
9,4107
4,5305
9,6019
9,3471
9,0003
4,2031
4,3211
4,3704
4,5321
9,4769
9,3424
9,1412
4,3380
4,4129
9,6582
9,0779
9,5065
8,7965
9,0715
4,0023
4,2534
8,8646
9,5353
4,3188
9,3663
4,4589
4,5504
9,0512
9,6165
9,3400
9,6520
4,4210
4,1415
9,5833
9,7264
4,1504
9,6804
4,6277
4,6177
9,4811
3,9797
4,2769
4,4258
4,0506
4,3542
4,1871
9,6595
9,4138
10,1232
9,6481
9,3003
9,6653
9,5660
9,6862
4,2899
4,5467
4,1953
9,4086
4,1486
4,4162
4,1619
3,9007
4,1309
4,3283
4,0752
4,4536
9,1943
9,7031
9,3668
4,5189
3,7898
4,0967
4,4643
4,6436
8,5781
9,6053
8,7516
9,6206
4,0512
4,1138
9,2146
9,1708
9,1503
9,6119
9,6888
3,7629
9,3993
4,2906
9,0010
4,2832
9,1739
9,7106
9,0000
9,4511
8,9648
9,1422
4,0016
3,9246
4,2049
4,2223
4,5172
9,6479
5,0267
4,8722
10,0421
9,4280
5,0074
9,6673
9,5540
9,2445
4,4244
4,1716
4,0275
4,3029
4,2756
4,0279
9,5493
9,0492
9,3753
9,0234
8,9286
4,1547
4,4807
4,1873
4,7735
9,0329
4,0724
4,2255
9,5217
9,1606
4,3705
4,7219
4,9347
3,9547
4,4915
4,4844
8,9700
5,0191
4,3004
4,1806
4,1977
4,2134
4,5083
3,8028
4,4225
4,1378
8,8020
9,3085
9,1355
9,4086
4,4804
9,3487
3,7029
4,2204
4,4131
9,0464
4,7436
9,4620
4,4040
3,8186
4,5368
3,6458
4,6516
8,6585
4,0598
4,2769
9,8758
9,3426
4,1056
9,1603
9,0103
9,6405
9,6936
8,8048
4,1866
9,1008
8,6224
9,5749
3,7174
3,6904
4,6825
9,1662
9,6724
9,8139
4,2317
4,6538
4,0151
9,6432
4,4953
4,4310
9,0146
9,2572
4,5788
9,2605
9,3333
8,9939
4,3972
9,1487
3,9074
4,0360
9,4204
3,6790
9,2432
9,4262
9,6239
8,8584
4,2741
4,2054
9,5929
4,3145
3,9840
9,6318
3,9653
4,4034
9,5819
9,0950
3,9812
3,6622
4,4351
3,5422
4,4255
9,1910
9,4635
4,2936
9,7413
9,2229
4,8582
9,0220
4,2780
4,3036
9,3421
9,5312
9,5257
4,2284
4,2864
8,5646
9,7650
9,2621
8,7535
9,1910
10,0674
4,7535
4,2546
9,1737
4,5725
9,1175
9,5470
9,4090
9,9540
9,1950
9,6160
3,7100
9,2773
9,4050
4,7489
8,8860
9,2396
3,9468
4,2111
4,1589
9,3792
4,0571
9,1700
8,9134
4,0165
8,6121
9,6720
3,7300
9,4376
4,0947
9,3661
4,2993
9,7235
9,0258
4,9064
4,4736
4,2144
4,3004
4,0005
4,4846
4,1694
8,7156
4,3770
4,1325
9,8247
4,9333
3,9963
9,2940
9,6137
9,0451
4,4770
8,9519
4,1094
4,1191
9,3255
4,5811
4,0370
4,1052
9,6455
3,9565
9,9168
9,9382
4,5748
9,9774
9,8232
4,6648
3,9949
9,8105
9,4671
9,4679
3,8758
4,5636
3,8515
4,5198
4,7362
3,6289
9,0521
4,4507
4,0546
4,1350
9,4279
8,8879
3,8499
4,3575
4,2884
3,7695
4,3141
8,8153
9,8139
4,3913
9,1453
3,9991
3,8113
9,0928
9,3710
4,3576
4,0404
4,3408
4,0029
9,6386
9,0773
4,3104
4,1369
4,4150
4,1924
4,2763
9,8257
4,7556
4,1276
3,9542
4,4210
9,2459
3,8274
4,8481
3,7737
4,5729
4,0816
9,8260
9,5580
4,6045
4,1307
9,3860
3,8407
9,2690
9,2229
9,1524
8,9049
9,6786
4,4577
4,3104
9,5860
4,0729
4,6491
4,3664
4,2248
9,2567
4,1656
9,1225
3,8613
4,0725
4,7371
4,1534
9,7059
8,8098
9,6205
4,5866
9,1912
9,4568
4,0961
9,5241
4,0632
4,0971
4,0047
4,2824
9,4847
4,4914
4,0553
9,5615
4,0137
9,4044
9,7245
9,3114
4,2383
4,7786
9,2933
4,7522
9,1044
4,8227
9,4672
9,6474
4,0014
9,7175
9,6540
4,0607
4,1079
4,4208
4,0549
9,0011
3,8460
4,1381
9,5940
9,3525
4,2911
4,0133
9,7082
4,3283
4,0724
8,8506
4,3995
4,1931
9,3590
4,3170
4,4201
4,3718
4,2535
9,6259
9,4592
9,5339
9,5838
4,6647
4,7498
9,7431
9,3600
4,8608
4,4415
4,1120
4,7946
9,5138
4,0830
9,5545
9,3400
9,4064
4,7022
4,5326
9,5415
4,4177
4,7593
8,8923
4,4123
9,8209
4,4026
4,4964
9,2942
5,1239
8,9323
9,0417
9,7239
4,1604
9,2000
9,2937
9,6154
4,1084
9,6074
8,8888
4,1351
4,2986
9,2964
4,3913
5,1117
4,0438
9,4704
4,0987
9,2417
9,6198
4,6174
9,7684
9,4727
9,5220
9,1009
9,3564
9,2984
4,1739
4,0718
9,8520
4,1221
4,6770
4,6667
9,1304
4,3009
9,6390
9,5590
4,6792
3,7066
9,2652
9,8901
9,9257
8,8312
4,6445
3,8654
8,8580
9,4793
5,0236
4,4082
4,3157
4,2515
9,4028
8,8645
9,4533
4,5858
9,0012
9,6042
9,3526
9,7972
4,5099
4,4431
4,0562
4,3806
4,8416
4,3530
4,2372
3,8989
9,5233
4,6083
4,0122
9,4421
3,8392
4,3905
4,6643
9,2372
4,5931
5,0453
9,4626
9,4383
9,3010
9,6676
8,9055
3,8113
4,2261
3,9007
4,2824
9,2343
8,7815
4,0034
9,7351
8,9385
4,3701
9,5278
4,4143
4,5657
9,7525
9,6169
9,6362
4,9119
4,5698
4,0807
9,4389
9,5586
9,3476
3,9089
4,0823
4,2055
9,3222
4,4127
9,6775
4,0959
9,0974
4,2343
4,4388
9,4173
9,4720
4,1638
9,0225
4,7797
9,1094
9,2516
4,1927
9,1584
9,1257
4,7445
9,1833
4,8421
3,7861
4,3224
3,7560
9,3875
4,1801
4,3189
4,3140
4,0788
9,4058
9,3178
4,6453
4,1910
5,0788
4,3882
4,4825
9,5758
10,0177
4,6807
4,7298
9,8007
4,8007
9,3828
3,8962
9,1672
9,7039
9,3467
9,7832
9,3102
9,1680
9,6678
9,2691
4,0977
4,2181
4,9081
3,5859
4,1615
4,1530
8,8888
4,3120
9,5559
9,2303
9,7155
9,3694
9,5177
4,8567
9,1195
3,9632
3,9156
4,4992
4,7227
9,8073
4,3471
4,3753
9,2265
4,4748
9,3544
4,7227
9,5002
4,8230
4,1100
9,2012
5,1656
4,3512
4,8303
4,0647
9,5548
9,3837
4,0234
4,3774
4,3077
4,0576
9,5954
4,2398
9,7978
4,0713
4,0911
9,2586
9,8447
4,1538
4,4291
3,8861
9,9505
4,4894
9,7989
4,4459
4,4739
9,4244
4,4726
8,9414
4,3588
3,9677
9,1594
9,9308
4,6099
4,2729
4,7723
9,7705
4,0949
9,4795
9,2659
9,5614
4,6272
9,4163
3,8800
4,5479
9,5285
9,2284
9,0985
9,6666
9,5051
9,2464
4,5025
9,5984
9,3763
4,0793
4,1787
3,9765
9,2434
9,2979
4,1681
4,0749
9,2355
9,6148
4,5021
9,7437
9,4422
9,1506
4,1077
9,0800
9,6305
9,3425
4,2310
9,1757
4,2170
9,2854
3,9072
4,4861
3,8690
9,3549
4,1568
9,0289
9,1502
4,1117
4,4925
4,5881
3,9606
9,3321
9,2419
4,7848
4,0158
9,3461
9,4272
3,7387
4,5501
5,0141
9,6259
9,1072
9,5237
4,0093
5,0734
9,0306
9,6441
4,1611
4,2780
9,3502
9,3102
9,6376
4,0618
10,0633
4,6024
9,5060
4,1871
9,4859
4,3699
9,3888
4,6706
4,2305
4,3306
9,2935
4,2262
3,9865
4,3582
9,4535
9,3846
3,4162
4,2305
9,6500
9,5263
9,3150
4,3269
9,0053
3,9452
9,0531
4,4197
4,2685
4,5179
8,9827
8,8154
3,8205
4,4714
9,2299
4,0299
8,9104
4,0882
4,1653
3,7746
9,5018
4,1339
9,3726
9,7795
8,9283
9,7371
9,1456
9,0933
4,9179
3,6861
4,3039
4,0597
9,4164
9,4738
4,1788
3,9399
4,0802
9,3987
4,2547
4,9858
9,4693
4,8087
9,2999
4,6260
9,2341
9,7457
9,1806
4,5356
9,7225
9,1191
8,9558
4,6429
4,5822
4,8642
9,8839
4,5785
9,7310
4,3229
8,9368
4,2182
4,6705
9,4806
4,0818
9,4367
4,2597
9,0459
4,2503
4,7502
4,0360
4,3530
4,6798
10,0054
4,7836
8,9892
3,6414
9,2834
9,3339
4,6073
9,9163
9,3867
9,5648
4,8295
3,8232
4,2249
4,7302
9,2673
4,2409
4,7177
4,4674
4,4058
9,3315
3,9931
4,4399
3,5766
9,6300
9,8109
9,3403
3,7111
9,6830
4,5652
4,9112
4,2361
9,4002
9,2141
9,4315
4,0191
4,8096
9,0302
9,4667
9,1805
9,4199
4,6916
5,0413
4,5800
4,5782
9,0649
4,8428
9,2486
9,0522
9,3751
8,9910
4,2456
8,9091
4,1077
4,1372
4,6923
9,4290
8,9609
4,8263
9,9032
9,5888
4,5751
4,1404
9,4820
9,3744
4,6959
9,6394
9,2191
4,2811
9,0248
4,0196
9,9061
9,1584
4,6232
9,4105
4,5336
9,1914
8,8541
9,3425
4,1091
4,2759
4,1864
9,4048
4,7731
9,2898
5,0204
4,3611
9,1793
4,3882
4,1919
9,4956
3,9548
4,1952
5,0119
9,4580
9,2504
9,2803
9,7985
4,7933
9,2693
4,4576
9,1726
9,1933
9,6056
4,6538
4,7156
4,0586
4,9900
9,8415
9,2342
9,4194
4,2973
4,8097
4,1689
3,9180
9,5849
9,9607
9,7815
4,4644
8,9444
9,4981
9,0593
9,5638
9,5682
9,1667
9,9492
9,3784
9,1499
9,2793
4,4200
3,9634
4,2404
9,4724
4,1243
9,0113
9,3270
9,1852
9,9743
9,6733
9,6299
4,1505
3,7448
9,0723
4,2387
10,3060
3,4574
9,3603
4,6659
4,0980
9,6015
4,1676
3,4176
4,8370
4,5185
9,4734
9,0730
8,9514
9,7591
4,9250
9,5746
3,7143
5,0626
9,7819
9,1138
4,4266
4,3362
4,4530
4,3314
4,8347
3,7296
8,9160
4,0263
4,4075
9,4989
8,7395
4,3804
9,7136
4,3906
9,4975
9,2818
4,2255
4,4124
9,2900
4,2378
4,2810
9,5806
9,1251
9,1583
9,7931
9,6606
9,6871
4,2779
9,2345
4,4602
9,1619
9,8203
4,4251
3,7105
9,5855
3,9158
3,6679
4,4572
9,7276
9,5174
3,7308
9,0789
8,7360
3,8397
9,3244
4,5246
4,8277
8,9900
4,0141
9,6018
9,3142
9,4932
8,9268
4,4370
9,0421
4,1140
4,3711
4,1723
9,5222
9,4811
4,4121
9,4922
9,4860
4,3409
4,0796
3,9855
4,2968
9,3091
3,9717
9,2129
9,4921
4,1971
3,8847
8,9559
3,9654
4,6303
3,9336
4,0748
9,7760
3,9143
9,6571
4,1014
4,0026
3,7358
4,4562
8,9183
9,2468
4,7453
9,1520
4,2260
4,5528
4,1570
4,2064
4,3669
4,2442
9,4508
4,7648
5,2707
4,5215
3,8441
9,6895
9,6693
4,4600
4,3843
4,7660
9,6576
9,4720
4,1454
8,8689
3,7941
4,6771
4,6452
9,2392
9,2322
9,3734
9,5492
9,5062
9,3537
9,3710
4,8807
9,4301
9,0215
4,4236
9,4541
4,4379
4,1828
3,5079
4,2663
4,4918
9,1381
4,0874
9,1415
4,1406
4,7115
9,2788
9,5945
4,5887
4,6515
5,0895
9,9644
4,3802
9,4384
4,2364
4,7255
4,5664
9,8739
3,7258
4,8650
4,6697
9,2961
4,1271
4,0885
4,4207
9,5495
3,7537
3,5826
4,1389
4,6107
10,1151
4,3666
3,9801
4,0628
3,9780
4,0829
4,3626
4,2963
4,7968
4,3746
3,6263
4,8558
4,1336
3,9537
4,0877
9,6271
4,5393
4,4639
8,9379
4,0897
9,6974
9,3759
3,7346
4,0773
9,2396
4,0583
3,8898
4,8614
3,9816
4,3552
4,2969
9,5335
9,7077
9,5050
4,5702
9,2105
9,3244
9,4259
9,3144
9,6811
4,0905
4,4078
4,7590
4,0824
4,6660
9,6616
4,1768
4,2464
4,9149
9,4587
9,7448
4,3495
9,1549
4,0633
4,3681
3,5933
4,8338
3,9655
3,9859
4,5901
4,2235
9,8896
9,2562
9,1162
4,8550
9,4150
4,4483
4,3343
9,1929
4,2579
9,6939
4,9361
9,2321
4,8883
9,3287
4,4177
3,7082
4,3027
9,8072
4,2533
8,9537
4,2630
9,0872
4,0158
8,9471
9,5488
4,2810
4,7207
4,8515
9,4415
4,0488
9,1000
4,7575
4,3695
4,1784
4,0012
9,5024
4,0402
4,0862
3,9596
4,9904
4,3612
9,2717
4,7392
4,3193
9,6250
9,1265
9,3263
4,4956
4,2600
9,5406
3,9267
4,3148
4,1774
4,0185
9,4458
9,1748
9,6408
9,2000
9,4088
9,7713
4,8259
4,3038
9,3589
4,3126
4,1727
4,0733
4,2236
9,2097
9,2254
4,7261
9,5983
9,6985
9,6408
4,3291
4,9668
4,4606
4,5212
8,8645
9,2397
4,2150
4,3275
4,2242
4,1925
4,0798
4,2027
4,2950
9,3268
9,7288
4,3115
4,0220
4,2914
4,8144
9,5618
9,5143
9,3795
9,3060
4,5531
4,2475
9,1848
3,0645
8,9524
4,4024
4,3683
4,2060
9,4314
4,4926
9,3181
4,0567
9,6656
9,7262
4,5137
9,7826
4,4708
9,6927
9,1802
9,7265
9,4996
4,2855
9,2310
9,2821
3,9360
4,6551
9,2580
3,9867
4,4296
4,0925
4,3927
5,0034
8,8989
4,0041
3,8711
4,2443
4,1207
4,4614
9,5736
9,6618
9,4648
4,1141
4,6310
9,1731
4,2869
4,1990
9,0415
4,1704
3,6522
9,2063
9,4255
9,3503
3,7547
4,2925
4,4235
4,2477
9,6092
4,0560
4,4613
4,2838
9,6809
4,1029
4,4104
4,4897
9,8794
3,9014
8,6886
9,8522
3,4994
4,4620
9,3618
4,4573
4,5994
9,2959
4,2504
4,6115
4,7031
3,5497
4,7049
4,1983
3,8313
4,5030
4,4634
9,2312
4,8291
4,4035
4,1870
4,1421
4,1385
9,5858
9,1038
4,3117
3,9750
9,5283
4,6948
9,3781
3,9962
9,6647
9,3579
4,3471
8,8162
3,4473
4,1649
9,6840
4,3979
4,5401
3,3226
3,9057
9,5261
9,6611
9,2236
4,4000
4,6540
3,5079
4,1169
8,9946
4,4470
4,2377
3,6455
9,6476
9,5012
5,0268
9,5543
9,2703
9,2244
9,7056
4,1194
3,6649
4,4184
9,5609
9,4124
8,5582
4,6307
9,2923
9,7606
4,7127
9,7604
4,4683
4,2056
9,3826
9,1886
4,1309
3,9255
9,5144
9,5034
3,8253
3,9753
9,5732
9,7366
4,3070
9,2014
4,4505
9,5465
4,2470
9,7947
4,9105
3,5000
9,0367
4,2166
4,0165
9,0585
3,8012
4,2335
9,7344
4,3047
8,9466
9,3686
9,8251
5,2359
9,3901
10,1065
9,4135
4,2732
8,8241
4,8354
9,2723
9,3042
4,3063
9,0223
9,4645
9,0337
9,3106
4,8714
4,1646
9,6474
3,9729
8,9787
4,2722
9,1944
4,4616
4,1033
9,7593
4,2932
9,4703
4,3220
9,0573
4,4244
4,4867
9,4235
4,0024
4,2334
8,8433
4,6127
9,7569
9,1971
3,8140
3,8582
9,3294
8,9128
9,4430
4,1222
9,4519
9,4760
3,6491
4,6597
8,9454
9,5044
4,4612
9,4495
9,6518
4,1047
4,6012
4,5321
4,2323
3,7232
4,1929
9,5858
4,5204
3,9017
4,6246
4,5741
9,0671
4,1308
10,1114
9,1719
9,3187
9,4073
4,6438
4,0313
4,7672
4,1439
9,1551
4,2113
4,3183
9,8619
9,2588
9,0216
4,0420
9,8178
9,6908
4,9103
9,8137
4,4736
9,6975
5,1355
3,9949
9,0446
4,8492
4,4565
9,6579
9,3336
4,7119
4,1840
4,7119
4,2803
9,4224
9,8928
10,0216
4,2615
4,3222
9,6103
4,2008
3,9379
9,2303
3,8892
9,5973
9,3388
4,6119
3,9574
9,2098
9,1036
8,9900
9,1040
4,2045
9,6997
4,9854
4,7599
9,8670
8,9933
4,2984
4,0994
9,0079
9,7846
4,5452
4,2562
4,4596
3,9148
9,2525
4,1618
9,1625
4,0603
4,6519
4,0197
3,9048
9,3281
9,1690
9,4640
9,6251
9,7779
3,7815
3,9298
9,1386
4,6113
4,7506
9,5583
3,8478
10,3231
9,4600
9,6832
4,7062
9,3841
9,8600
9,3251
9,4233
9,1744
9,5388
8,9116
4,1173
4,0830
9,5377
4,3684
9,4900
9,2137
9,5436
4,4426
4,6257
9,5510
4,6022
4,4458
4,3658
9,2595
9,2980
3,9411
9,3849
4,1580
9,3433
4,1543
4,5223
3,9224
9,3505
5,0035
3,7989
4,7551
4,7707
4,3228
4,2677
4,2632
9,7061
3,9309
4,1156
9,1880
9,2966
8,9142
9,1398
9,1797
4,1806
4,4452
4,7505
9,4982
4,1887
4,0462
4,2127
9,5797
9,4435
4,0649
9,2386
4,4160
4,1740
9,3472
9,5401
9,5005
9,4446
8,7917
4,3787
9,3974
3,9847
4,4800
9,4410
4,3387
8,9347
5,0079
4,3527
3,4575
4,4237
9,0739
3,8256
3,8787
3,9790
9,3501
4,1956
3,8834
3,9752
4,0185
4,3911
4,3889
4,5316
9,3246
9,6418
3,9102
9,7780
9,5229
9,5134
3,6658
4,2894
4,3280
4,2689
8,7448
4,6955
9,5767
4,1900
9,3988
9,1554
4,3248
3,9550
9,4756
9,5946
9,5054
9,2433
3,5307
4,8350
9,3781
4,1290
4,9057
9,8958
4,5862
4,2059
3,9381
4,3585
8,8388
4,6729
9,2616
5,1435
4,5524
9,7704
4,6820
3,7054
9,6218
3,9315
3,9342
9,5138
9,8436
9,5513
9,2478
9,4022
4,0043
4,6979
4,4499
4,4554
8,9955
4,2396
4,6946
9,3977
9,5417
4,0209
4,8302
9,4207
4,0845
4,2520
10,2032
4,0417
3,9347
4,7878
4,0536
4,1396
3,9132
9,3892
4,0948
4,0916
9,4097
9,5273
4,6971
4,2325
4,5620
9,3613
4,2491
9,6095
3,9917
4,3392
9,3503
4,5689
4,1588
3,8343
9,0446
9,2323
9,5591
9,4788
9,4848
9,2972
9,4162
4,1461
4,1301
3,8427
9,4864
4,7096
4,5445
9,5664
9,7728
4,5281
9,8575
4,1699
4,5482
9,1855
4,5470
4,0590
4,4492
9,7849
9,7670
9,4592
9,4742
9,5291
9,3193
4,3318
9,0352
4,5138
9,0801
3,7729
9,0675
4,5287
9,6235
9,9466
3,6308
4,1443
8,8118
9,1476
9,5202
4,2236
9,0171
4,3909
4,0168
4,3250
9,1749
4,3715
9,8360
4,0089
4,3667
3,9468
4,0248
8,9194
9,4558
4,1486
9,4906
9,4311
3,8716
9,3675
3,9836
4,1247
4,3846
3,9749
4,4569
4,4251
4,3467
10,1253
9,6737
4,1678
9,0547
9,9043
3,6001
9,2389
3,8080
9,5766
4,0433
4,7029
4,6184
4,8151
4,7226
9,2157
9,9375
9,0805
4,5417
3,9731
4,9055
9,1796
9,2907
8,7267
9,1555
9,7730
9,5166
4,4890
4,5770
4,0300
4,3299
4,1182
4,4731
4,2306
9,4551
4,0971
3,8933
9,7200
3,5050
4,4512
4,7352
4,1271
4,4237
4,8343
4,4878
8,9972
4,3291
5,0839
10,2617
9,5181
9,3321
9,2810
4,4160
4,3122
9,0398
4,3900
9,7350
4,2127
4,3560
9,6290
3,8299
3,8342
9,4054
9,9050
4,5355
4,3641
4,9554
9,0941
4,1979
9,8837
9,1349
9,7304
9,2237
3,8871
4,8998
4,3068
8,8934
9,7000
9,6385
4,2973
4,4867
10,2274
3,7598
4,7851
9,7758
10,0378
3,8652
9,5860
4,1101
9,1218
9,5481
9,2525
9,0567
9,6721
4,1101
9,0333
9,3498
4,4404
4,2664
9,4204
4,4404
4,4414
9,8363
4,1910
4,7783
8,9460
4,2691
4,5346
10,3799
9,1164
4,4072
9,0834
4,5901
9,6305
9,4340
5,0349
9,9757
4,5474
8,5072
3,9121
9,5761
4,1584
3,9236
4,6666
9,6009
4,1893
9,8795
8,9224
9,5497
9,1287
5,0132
9,6182
8,5756
9,7674
4,3063
9,1799
4,6831
4,7499
3,9476
4,4145
4,5980
4,1977
9,5538
9,7188
9,9671
4,3082
4,3549
4,3286
3,8086
9,6342
9,5938
3,9651
4,3021
9,7171
4,3568
9,2435
4,6989
9,0911
4,9007
4,2720
9,5098
4,7160
4,3744
9,0730
4,5811
4,2553
4,6906
4,3272
9,0617
9,3353
4,1767
4,5773
4,4223
4,8150
4,5507
5,0847
3,3180
4,4871
9,5624
4,1198
9,5731
5,0798
9,5033
4,3609
9,6495
9,5053
5,1142
4,2374
4,4712
9,0774
9,2633
9,0611
9,7538
9,6986
4,6622
8,9663
9,2260
4,8112
9,1758
9,0318
4,0624
4,0987
4,3618
4,1114
4,2929
4,0965
10,2118
4,2007
4,3120
3,9750
4,1548
4,3351
4,9865
4,3598
9,0476
4,6405
9,1484
4,7880
4,5686
3,9453
9,3637
4,2368
9,4747
4,1923
9,6492
4,1727
9,5352
9,1414
4,1928
9,7010
4,8653
9,6640
9,7960
9,0301
4,7242
4,0359
8,8944
9,5147
9,4340
8,9418
4,3874
4,3914
4,5863
9,4367
4,7523
9,0506
9,9761
4,9699
4,8863
3,8229
9,6048
4,1491
9,0713
4,4290
4,6026
4,6070
9,5868
9,1122
4,1426
4,4524
3,9717
9,2143
4,8677
4,3313
10,0024
9,0821
4,2432
9,0435
4,2084
8,7506
4,2606
9,7901
4,5963
9,3284
5,0586
4,6412
4,4302
4,6503
5,3799
9,4762
9,6941
3,9924
4,7111
3,8083
4,2021
4,2507
4,7482
4,3468
4,1460
4,1000
4,2751
4,4473
4,6265
9,1269
9,6195
9,0412
9,5512
8,9700
9,1639
4,6302
9,4160
9,2761
4,6128
9,4043
4,5091
9,2222
9,5067
9,2379
3,7754
9,3195
9,7021
9,6823
3,7146
4,1245
9,4632
9,1952
4,2174
4,5997
4,1983
3,8786
9,1039
9,8685
9,2648
9,3291
4,1282
4,1957
3,9100
4,1673
4,6116
9,4642
4,2670
9,9893
4,1962
9,3958
9,4164
3,7455
9,4418
3,7982
4,7692
9,6347
9,6165
9,2005
4,2647
9,5578
4,1560
4,1432
4,4247
3,9931
9,1431
4,3047
4,6940
9,9009
4,3182
4,1034
9,2094
4,2231
4,2229
4,3057
4,1365
4,4272
4,1904
4,2041
9,3896
5,1074
4,6789
4,3271
4,4400
3,6193
4,8305
8,9170
4,4558
4,1136
9,7960
4,2910
9,7407
4,7723
4,2815
9,9907
4,1551
9,3498
9,4337
4,7872
9,4956
4,9286
4,4186
4,5825
4,3641
9,1079
9,5324
4,6763
9,1600
4,3588
4,4947
9,5740
9,3629
4,5597
9,0131
4,0951
4,3602
9,6953
9,3362
9,3860
4,3436
9,7435
9,4643
4,2082
9,7407
9,0211
3,7569
9,7699
9,4706
4,1374
4,7204
3,7468
4,8040
9,0798
4,2078
9,3588
4,2262
9,0312
4,5284
4,5840
4,4319
8,7748
8,7922
9,5001
4,6769
9,7372
4,4980
9,2516
3,6954
9,6043
4,0347
4,3068
4,0699
4,4308
9,2416
4,3628
4,4492
4,3122
9,7079
9,0466
8,9522
9,2717
4,0289
9,6298
4,1132
3,9150
4,0666
3,8104
9,5863
9,5828
3,9214
4,4073
4,5134
9,8148
9,2173
9,4549
9,5700
4,3442
9,2857
9,3601
4,1856
4,0880
9,3342
4,0318
8,9851
3,8204
9,2054
9,0290
9,8665
9,2250
9,5518
9,1297
9,6301
8,9486
9,6880
3,8527
9,6335
9,4644
4,2682
4,6749
8,6582
3,8947
9,3824
9,2350
9,4689
9,4694
9,5993
4,3797
4,5685
4,0919
4,0634
3,7611
3,9707
4,2372
4,0379
9,3041
4,9726
8,9256
4,5921
4,2931
4,0987
4,3634
9,6894
9,4483
9,4233
4,1502
4,4387
9,4991
9,6025
4,5447
8,6920
4,4834
4,0624
4,1713
4,0237
4,2855
9,5940
4,3786
9,7176
3,7892
9,4040
9,7956
3,8821
4,5814
9,2695
3,8975
4,1431
8,8841
3,6699
9,9790
9,0351
9,4341
3,9125
4,2727
3,8880
4,1539
9,6614
4,0625
9,3417
4,5114
4,7644
4,7850
9,6367
4,5212
3,6063
9,9071
3,9819
4,0494
9,5275
4,3874
8,7879
9,7545
8,8668
9,5439
9,4151
9,3140
3,8499
3,7348
3,7696
9,3621
4,0169
9,5687
9,2717
9,7517
4,2096
4,2088
9,2169
4,4025
9,7404
4,5150
9,4799
9,3634
4,4988
9,6304
9,8811
4,1054
9,5605
9,5433
9,0404
4,0248
9,5447
9,5640
9,4641
3,3584
9,2201
4,3301
4,2181
9,4336
4,3963
4,2900
3,6469
4,1985
4,2290
3,4902
9,5900
4,1899
4,2142
9,4507
9,8062
9,5311
9,6409
3,9385
3,8930
9,0858
4,2510
4,3947
9,6900
9,4253
9,0383
4,1175
4,0836
9,2913
9,3673
3,9705
9,3529
4,2785
4,9188
4,7299
9,7262
4,1557
9,7513
9,0696
9,4183
3,9994
4,1570
4,0079
5,1896
4,4398
3,3628
4,4903
8,7869
4,1862
8,7525
4,0929
4,9881
9,6427
9,5627
4,4152
3,8411
3,9760
3,7756
9,0818
4,6162
9,6674
9,6132
4,4931
5,0462
4,4611
4,4100
9,4314
9,7998
3,9949
4,2296
4,7170
4,7199
4,1793
9,6882
8,8188
4,7861
9,7235
9,6609
4,3008
9,3353
9,7801
9,0300
4,0905
3,7012
4,3096
9,4920
5,0996
9,3188
4,1516
4,4105
9,3821
3,8672
8,9144
3,9742
9,0749
4,2510
4,3596
10,1665
4,3082
4,8040
4,8686
4,1314
9,4155
4,4744
3,8463
4,1775
9,7585
4,3579
9,1870
4,1985
3,9593
4,0644
4,7872
8,9166
4,1851
4,0143
3,9990
4,5402
9,0881
9,4871
3,2956
9,6456
3,9984
9,1435
4,4204
4,6363
4,2406
3,9357
3,6147
9,6730
9,5557
4,7762
9,6937
9,1490
4,3910
9,4979
5,0001
4,4003
3,7206
3,8077
9,1248
4,5526
9,3622
4,2752
4,2889
9,5008
9,7518
4,5301
9,2589
9,0947
4,6080
3,9444
4,7615
5,2009
4,4133
4,7474
3,9783
4,0817
3,8148
4,6381
9,5859
4,5382
4,3814
4,0331
9,3744
9,4832
9,4237
9,6166
3,8121
9,2151
4,7929
4,4658
4,2112
4,3008
4,1258
10,0158
3,3537
8,9520
3,9928
8,5456
4,1834
9,7780
4,3988
8,9038
4,3842
4,0914
4,1677
9,8780
8,8345
9,7031
9,3442
3,8269
4,5278
4,2191
3,7991
4,4227
9,3195
4,5077
9,4575
9,4231
9,2210
9,2092
4,3546
9,3004
4,6368
4,5419
4,7051
9,6853
3,8586
4,6082
9,9090
9,1008
9,8129
4,4771
9,0481
4,6053
4,7495
9,4717
4,2687
4,8309
4,2594
4,0074
4,1145
9,5394
9,4469
9,6299
9,6315
4,0993
10,0331
4,6185
4,0796
4,5508
4,6291
4,4524
9,5167
4,5001
4,3225
3,9535
9,5176
9,4178
9,3266
4,9993
4,1826
9,1875
9,9994
9,1114
9,0445
9,4097
9,5151
9,5106
9,3031
4,7888
9,6297
9,4257
4,4400
9,0862
4,5990
4,1469
3,7789
4,3575
4,8493
4,4920
4,0391
9,4375
9,2115
4,0754
4,6908
4,4907
9,1205
9,3560
4,6690
4,4837
9,1341
8,8890
4,3607
4,4361
4,2829
4,8668
9,7387
9,3924
9,2421
3,4609
3,6378
4,2246
4,2387
9,5655
9,1488
4,5851
9,1552
4,1353
4,5558
4,8746
3,9871
3,8787
9,3327
3,9133
9,1997
4,7524
3,9124
9,6695
9,2313
9,6322
4,4655
4,5127
3,7501
4,3242
4,0519
4,5392
4,5736
9,9147
4,5226
9,0364
4,5978
4,5626
4,1652
4,4258
3,9216
4,1278
9,6249
3,9601
9,4946
9,3740
9,5015
4,4473
9,1860
4,4849
9,4693
9,4994
9,1962
9,6299
10,2012
9,3949
9,5108
4,3962
4,4050
4,2440
9,3958
9,5897
3,8540
4,6722
9,6651
4,4029
4,3484
9,1803
3,8183
9,5044
9,4476
4,4423
4,5184
4,2972
3,7589
9,4092
4,3108
4,7109
9,3450
3,8835
3,4612
3,7769
9,2069
9,3537
4,4871
4,0057
9,5174
4,3473
8,8803
9,2891
4,6014
4,5978
4,0897
9,1008
9,2212
4,8303
4,4899
8,7355
8,9624
3,7186
9,1514
9,5650
4,3366
4,4657
9,4690
4,0932
4,4217
4,1530
9,5732
4,1489
3,9180
4,6683
4,2262
3,6852
3,5824
9,2214
4,9851
3,9001
4,6886
4,9018
3,9491
4,8419
9,6685
3,9922
4,3138
4,3223
9,2257
9,6120
3,9618
9,2461
9,6439
9,3489
4,8532
9,4736
9,8517
9,7947
10,0320
9,3892
4,5362
3,9843
9,5791
9,1332
3,8435
4,6363
9,6566
4,6569
9,5498
4,6217
4,3213
4,1879
4,1214
9,2732
9,5818
8,7880
9,2586
9,6053
4,5404
9,0104
4,8589
9,3151
9,7102
4,5265
9,7581
4,6604
9,2520
9,9550
9,1380
3,8363
9,2927
4,4751
9,1574
4,3354
4,0753
4,2681
4,9892
9,3089
3,8673
4,4536
4,7823
9,1591
9,3638
4,6904
8,9595
4,6551
4,5217
9,2023
3,9206
9,8737
9,2717
9,1521
4,7930
4,6904
9,6189
4,5278
4,3183
3,9765
4,4411
4,7096
9,5582
4,1409
9,3927
4,1680
9,3389
4,2477
4,1858
9,1337
9,1615
4,4437
4,0393
4,3764
4,6083
4,3828
3,9911
4,0584
9,4612
9,2807
9,0829
9,2057
8,9111
9,0134
3,4616
4,7872
9,0501
9,6706
9,0723
3,9349
4,4079
4,2410
9,7222
4,2871
9,3756
9,3788
9,4845
9,4194
9,6682
4,2981
9,2956
4,4874
9,3710
4,1504
9,4567
9,3560
4,7411
9,3044
9,3365
9,3242
9,3281
4,7895
4,6493
8,9188
9,2170
3,7665
8,9770
3,8146
9,4790
4,5499
4,4158
9,3582
9,4245
4,1969
4,5453
4,2606
9,0973
9,0999
4,0544
4,2507
4,1080
9,6562
4,5845
10,2282
4,6104
9,4404
4,3683
4,0974
4,1953
4,0988
4,2279
4,1447
9,0366
3,6450
9,8095
3,7621
3,9090
9,2564
4,8389
3,9515
9,7521
4,4168
4,1978
4,1682
9,2959
4,7386
4,0027
4,1875
9,1387
9,6315
5,0625
4,1421
9,2340
9,2358
4,0748
4,2585
4,2069
9,4819
9,7159
4,4658
4,1167
9,3283
9,2240
4,8708
4,1885
4,1253
9,7984
9,5345
9,6483
9,3318
4,5040
3,7703
9,2371
4,7165
4,0924
4,0673
3,9428
4,2300
9,5303
9,4047
9,4795
4,4198
4,3067
4,2967
4,6948
9,5002
9,5535
4,3567
9,8539
4,9012
4,0185
9,6021
4,4753
4,4704
4,2102
4,3441
9,8466
9,2799
4,0993
9,0584
4,1954
9,3317
9,4538
9,0388
4,3226
4,1415
4,0456
9,1838
9,0602
9,8388
4,6699
9,0776
9,4524
4,6262
3,7767
4,0489
3,7485
9,7212
4,3951
9,2499
4,0225
9,7354
4,6985
9,4967
3,9636
4,6312
4,7200
4,0199
9,0609
4,4545
4,2422
4,5097
4,9176
4,3279
9,3286
4,0255
4,0600
8,8870
3,8898
9,1377
4,5257
9,2974
4,2404
8,9520
3,6755
4,0721
4,0239
4,5033
8,6677
4,0203
9,5907
9,3467
4,5129
4,1262
8,7025
4,6008
4,4552
4,1350
4,6732
4,2847
4,2343
3,9881
3,7932
4,4868
4,7459
4,8982
4,0780
4,1612
4,0792
9,0871
9,3900
9,1596
3,8759
4,3894
9,0592
4,1413
9,5948
4,1324
3,6750
3,9681
9,2487
3,8744
9,2979
4,3982
9,0223
9,1421
9,6489
4,2071
4,2193
4,5129
4,6449
4,5473
4,2099
9,0084
4,1060
9,2890
3,7798
4,6210
3,9319
3,8836
9,1385
4,0654
4,4176
9,4990
4,5990
3,9875
9,3516
9,4196
4,3426
9,6212
3,9145
4,0773
4,9272
4,2885
4,5679
9,6299
9,2027
4,2724
4,4625
3,8120
9,5580
3,7493
9,3193
9,4901
9,3705
4,6063
3,9386
9,5180
9,2575
9,8922
4,2450
4,0123
9,3275
4,5406
4,3201
4,1845
9,8357
4,1810
4,2352
9,3935
4,6556
9,4368
4,1115
9,5085
8,9666
9,4676
9,5922
4,3599
4,7299
10,1052
4,2494
4,5092
3,7017
9,2201
3,8115
10,2189
4,1054
8,9065
3,5566
4,3126
4,1017
9,4741
4,0588
10,0933
9,3195
4,3638
4,3995
4,0162
9,1503
4,2950
4,5229
9,4959
9,2688
8,8693
9,2239
8,9731
4,2030
9,3352
3,8421
3,9063
4,1139
4,7027
4,5327
4,2150
4,2165
4,3557
9,6041
9,0157
9,4777
4,1818
9,0969
9,6276
3,9831
4,0504
9,0763
4,3051
9,7079
4,1235
4,2636
4,3833
8,9928
4,4530
9,4723
4,3206
3,7331
4,0106
4,4698
9,4343
4,3500
9,6367
4,3750
3,5087
3,7584
4,4269
8,9481
9,3874
4,7832
4,0840
9,1738
9,3572
9,9449
4,6586
9,4150
4,4757
5,0736
9,7926
4,5821
9,5715
4,4879
9,1973
9,5603
4,8912
3,5745
9,7110
3,7905
9,2644
8,9027
9,3000
8,9920
9,4661
8,9940
9,2769
9,0459
4,0876
9,0749
4,4202
4,6457
9,4852
4,4514
4,2665
9,7253
9,1771
4,4932
9,2862
9,2334
4,8657
4,7594
3,6281
4,7087
9,9115
9,4403
4,1234
3,6702
4,3596
4,1228
4,5098
9,5585
4,0386
3,7014
4,3161
9,1037
9,7508
9,5453
9,7262
4,0324
4,5226
9,5209
4,5313
3,7861
3,9690
4,1250
4,5015
3,9909
9,5882
4,8607
3,9834
3,9933
9,2389
4,4018
4,1253
4,4902
9,2438
9,2757
4,1615
4,3872
4,3585
9,5143
3,9838
9,3675
9,3947
9,1770
3,8061
9,2388
9,5527
4,4803
9,0537
4,7534
8,9213
4,6502
4,5151
4,6107
4,3647
4,0033
9,4550
3,9522
9,3352
3,9132
3,7898
9,8920
9,4394
9,8102
9,6585
4,4601
4,4638
9,3938
9,4151
9,8035
4,4142
4,6566
4,1229
9,2650
3,8229
4,5848
9,1303
9,4187
9,3295
4,5874
4,5871
4,1890
4,2450
4,4069
4,2386
9,1568
9,6418
3,9042
9,4789
3,9794
4,2193
4,4392
4,2271
4,5206
8,9187
9,3549
4,8141
4,8765
4,1812
9,3465
9,5238
4,4460
4,5236
3,8083
5,1591
9,8952
4,1323
9,0943
4,4682
9,1504
4,2474
9,3794
9,0618
9,4094
4,8569
9,8818
3,6389
9,2940
5,0588
4,2053
9,2064
3,3227
9,3013
4,3073
4,0445
9,0706
4,3070
9,4495
9,2621
3,8031
4,3535
4,0058
4,3241
4,9050
9,6563
4,4401
8,9264
9,0816
4,4007
9,3444
9,0714
9,1595
4,4582
9,5794
9,7883
9,6678
9,4540
8,9157
4,5920
9,2283
4,3292
4,2761
3,8863
4,9705
4,0900
3,4719
4,5565
9,4263
4,9104
9,7097
9,3947
4,2783
4,4771
9,3213
9,2174
9,1833
9,2456
8,9655
9,5411
9,2367
9,3463
3,9052
9,5295
4,3310
4,2998
3,9996
4,0130
4,1886
9,3722
9,8409
3,7364
9,3849
3,8354
9,6205
4,7123
9,4946
9,2984
4,4226
9,0069
9,0618
9,5083
4,2988
4,0990
3,8032
4,1381
9,8274
8,8163
4,0223
9,5284
4,6927
4,6144
4,7770
4,0466
4,4139
9,1594
4,4374
3,8318
3,8558
4,0223
4,6976
9,1396
9,3958
4,8114
4,1201
9,5041
9,4734
9,0542
9,6681
3,8305
9,5023
9,3673
9,5095
9,5830
3,7121
4,5689
4,1726
4,1726
9,0944
9,2395
9,1618
9,6356
3,9544
9,8316
3,7844
9,4245
4,3481
9,1666
4,2062
4,5124
3,8492
5,0143
4,4118
4,2289
9,7729
3,8211
9,0746
3,9593
9,7397
9,7005
9,4998
4,1031
4,2667
4,9753
4,2929
9,7063
4,1373
9,2993
4,7009
4,1000
4,0170
4,4491
4,7019
3,9593
3,5134
4,6745
9,4942
9,1243
9,3136
4,6267
9,6505
9,1151
9,1021
4,4356
9,5772
9,4672
9,5071
4,7305
9,8061
9,6348
9,5917
4,1660
4,5464
4,5244
9,0906
4,4816
9,3669
4,3719
4,3178
9,1573
4,6378
4,3634
4,7526
8,9008
8,7365
4,8693
9,7474
4,4653
9,2738
9,6673
4,4629
9,7002
3,6517
9,3058
9,5220
9,7204
9,1963
4,0531
4,2008
4,2889
9,2870
4,4782
4,1241
9,5723
9,5393
4,9701
9,5940
4,6400
9,6871
9,9910
4,4089
9,5611
4,7368
9,5793
4,4771
4,3329
4,5398
5,0962
4,0663
4,2199
4,9306
4,5277
4,2942
4,6179
4,2915
9,3331
4,7147
4,0876
4,4991
9,5691
4,7310
9,3607
9,3882
4,4546
4,7042
4,1941
9,3183
4,3864
9,1193
4,5028
4,1305
3,9674
4,2239
10,0413
9,4217
4,4157
8,8972
4,5264
4,4320
4,0072
8,9932
4,3188
3,8162
4,8031
4,6143
4,0761
4,1706
4,5506
9,5287
4,6864
4,5739
9,4857
9,7278
9,6561
3,9189
9,9740
4,6637
9,3693
9,3253
3,9662
9,5108
3,9871
4,2248
4,2273
10,0424
4,0679
8,4271
4,8352
9,6882
4,7643
3,8604
3,9012
9,0040
4,4922
4,6566
4,2780
4,3510
10,0982
4,2572
9,7657
4,8131
9,6577
4,0526
9,3602
9,4671
9,2702
4,4301
9,9631
9,7719
9,5796
4,1628
4,6779
9,4268
4,2288
4,1455
9,1318
9,5522
9,7629
4,5650
9,0912
9,1744
4,0407
3,7671
4,6996
4,2638
5,1519
4,2513
4,0213
4,9195
4,2913
3,3966
9,7536
9,3784
9,4450
9,9734
9,5447
9,1001
4,8050
9,2133
9,6362
4,8306
9,0929
4,5265
3,9036
3,5951
4,6493
3,9303
10,1529
4,3543
3,6979
3,8853
9,4608
3,9907
4,2493
9,7028
4,9791
9,2144
9,4284
10,0239
3,7314
10,0228
9,5489
9,3145
9,2266
4,7798
4,2151
4,5588
3,6819
9,0772
9,8139
3,9673
9,1606
4,6715
3,9554
4,2378
4,0780
9,5198
4,2092
9,6649
9,1241
4,5065
9,0152
4,4885
4,2233
4,4654
9,4736
9,4215
9,1272
4,7635
9,0596
9,3416
9,4239
4,2983
3,9173
9,7152
8,7248
4,6076
9,7949
9,3868
4,4996
5,2267
4,2501
4,4764
4,6707
4,1359
4,5324
4,6734
4,0619
3,9141
3,8409
9,3220
4,4050
4,6649
4,3489
9,4150
4,4214
8,9454
4,3198
9,3323
4,4413
9,5818
4,1703
9,1702
9,3408
4,5847
4,3434
5,0683
4,2358
3,9605
4,4303
9,7236
4,5316
4,4937
4,6294
4,6691
9,3922
8,6958
4,6493
4,7016
9,3903
4,1762
4,5648
9,4419
4,0551
4,1115
9,3363
9,0287
9,7955
4,2777
4,2866
9,6212
3,9576
4,2255
9,1071
3,8666
3,7331
4,2556
9,0715
8,9376
9,7235
4,6599
9,6034
4,6653
4,3336
3,8679
3,7750
4,5177
4,1424
9,4123
3,8791
9,9296
9,1985
4,7209
9,6190
4,0011
8,9069
9,2628
9,3721
4,8256
4,3841
3,6329
9,8108
9,3956
9,5978
9,5938
9,5486
4,2170
9,0378
4,4406
9,0514
4,1352
4,1717
4,6147
9,0401
4,5437
9,4852
9,8012
3,8377
4,3074
9,3248
9,4320
9,6211
3,8263
9,1840
4,4127
9,4995
3,8600
3,9766
4,6832
4,4108
4,5291
8,8274
4,7441
9,5394
4,5588
8,9968
4,5074
9,6673
9,4413
4,6111
4,3350
3,9718
9,3004
3,5838
9,4063
9,5123
9,2377
3,8604
4,3353
4,7598
9,0713
3,8788
4,3123
4,0734
4,0808
4,0674
4,3423
9,2682
4,3096
9,7718
8,7587
3,7781
4,1250
4,3714
9,7381
8,7163
9,1036
4,1797
4,1256
4,3839
9,5904
4,5441
8,5560
4,2684
4,4184
4,2942
4,3511
4,4406
9,5527
4,3610
9,5094
9,6394
3,9829
4,4178
9,5610
3,4226
4,5775
9,2713
4,4006
4,1668
4,6950
9,1368
9,1865
9,6667
4,0747
4,5542
9,1081
9,5740
4,1557
4,4290
4,0448
9,9736
4,1851
4,8393
9,2765
9,5533
4,0073
9,1814
9,6302
4,7081
4,5717
9,6222
9,8049
4,3581
8,7806
9,5556
4,6240
9,7634
8,9996
9,4975
8,9812
4,3747
4,3438
4,3933
4,6215
9,8555
4,4145
10,2372
9,0665
4,6141
9,5581
4,8149
4,2152
9,2949
8,9476
4,2993
4,0397
3,8764
4,2122
9,4780
4,4193
3,5583
4,6413
9,0972
4,7275
3,6837
4,2808
8,8900
9,2358
9,3977
8,9812
4,2540
3,9974
9,3153
9,5235
9,7324
9,2769
9,5387
4,6391
4,7123
4,3480
3,8091
4,0396
4,7190
9,2996
4,6826
9,4699
4,4041
9,7335
8,9731
4,8654
4,3174
4,7457
8,8416
3,9234
9,4978
9,7381
4,0862
9,3278
4,2836
4,4930
9,2945
4,0369
9,3418
9,6089
9,5702
9,4929
9,3836
9,1678
4,1980
9,3244
4,2120
9,0486
4,5360
4,1197
9,5072
9,5129
3,9493
4,5116
4,3177
4,2732
9,4568
4,8523
4,3775
4,9942
4,2547
4,4818
5,0845
4,1268
9,5371
4,5457
8,9769
4,5931
9,7087
4,5024
4,1794
4,6715
9,5000
9,8464
9,1856
9,5172
4,5974
3,8773
4,3767
4,2434
9,3274
9,4215
9,2197
9,3389
4,4223
9,1676
3,9564
4,7772
9,7307
4,2031
4,8620
4,3270
4,7835
3,9741
9,5449
9,5745
8,8791
4,2398
4,0197
4,3024
9,5611
4,0947
4,1781
4,0575
9,2935
4,7747
4,1563
3,6347
9,4745
4,2777
4,2933
9,3386
9,0497
8,3594
3,7895
9,6607
4,6582
9,1371
9,7399
9,4093
4,4860
3,7439
10,1175
9,2065
9,8684
9,6389
4,5121
4,6534
9,4471
9,1716
9,0543
4,2875
4,7436
4,4255
9,1526
9,0860
4,4909
9,0030
3,9041
9,4021
9,3741
9,5231
3,9362
9,2328
4,2104
4,1803
9,7346
4,0996
10,1364
4,1048
4,5158
4,1702
4,2670
9,3383
4,5005
3,9117
4,2556
9,1881
9,7068
4,1191
9,3651
4,3143
4,3838
9,3519
4,4281
4,1818
9,6920
9,1122
8,9371
9,4717
9,1639
4,6440
9,4329
9,8248
4,0716
4,5291
9,1893
9,1606
4,6317
9,5558
10,0059
4,4011
3,9362
9,4412
3,7975
4,1665
9,6621
9,9231
4,4130
4,0412
4,4513
8,7595
3,6147
5,2197
3,9898
4,3720
9,4497
9,3152
4,1759
4,5211
3,8548
9,6363
4,4203
3,3731
3,8002
4,3045
4,2238
4,1441
4,4297
9,3928
4,1893
9,2645
9,2978
9,3902
9,3437
9,3664
3,6013
4,1251
4,2266
4,2472
8,8729
4,1916
4,5579
4,8006
9,6349
9,3784
4,3468
9,4887
4,2150
4,2466
9,7259
4,8556
3,8415
9,4701
3,7247
3,9248
5,1001
4,4045
4,5668
4,5997
3,9494
4,8295
4,5995
4,5760
9,5796
9,4830
9,1272
4,6280
9,6017
8,9908
9,5229
9,6537
9,4656
9,1849
9,0450
4,0182
9,6987
4,1329
4,5937
9,9482
9,2286
4,2420
9,3277
3,9986
9,5435
9,0591
9,4497
3,5644
4,0657
4,3979
9,4385
9,5202
4,1058
9,8674
8,9964
4,8273
4,4040
9,4408
9,5178
9,8095
9,8756
4,2386
9,5697
4,3958
5,0649
4,6685
3,6093
4,5775
9,3510
9,3853
3,5063
4,2380
4,8292
9,4942
9,4367
9,4145
9,5947
4,7007
4,5953
3,9630
8,9983
9,0701
8,9466
4,4849
9,6420
9,3626
9,3471
4,5822
9,2365
9,2705
9,3714
9,0504
9,4844
4,3086
9,5679
9,3313
4,4376
4,7833
9,6702
4,7770
3,8296
9,2993
9,1936
4,0480
8,5670
4,3183
9,8915
9,5935
9,4145
4,2284
9,2638
3,8561
4,0813
4,6987
4,0318
4,0146
4,5750
9,3183
4,0913
4,1136
4,7437
4,3228
9,6675
3,3103
4,5086
9,7963
9,1548
4,2290
9,5322
9,2582
9,3785
3,9491
4,5558
9,6066
9,4580
9,5161
3,8377
4,0490
4,2788
4,3925
4,2903
4,0321
9,0709
4,4584
4,3875
4,1348
9,3964
9,4119
4,5613
8,9968
9,2648
4,5075
9,1459
4,2364
3,9592
8,6921
9,6568
4,7314
4,6745
4,7797
4,2971
9,5655
4,0062
4,2444
4,1900
9,5463
9,6763
9,8267
9,7729
4,5404
4,4193
4,7565
4,6249
9,5521
4,6106
9,7421
4,2716
4,2540
4,5315
9,4106
9,6725
4,2567
4,0073
4,1740
3,7951
4,4413
9,4699
4,3027
4,0280
9,7401
9,8246
3,6184
3,8628
9,1170
4,9880
4,3489
9,7697
4,5482
9,5314
3,9811
4,2126
8,9039
4,0042
9,4670
4,3979
3,8932
4,5039
9,0927
4,7442
4,1547
3,8355
4,4659
8,9085
3,5809
9,5525
9,2323
9,5265
4,5657
4,5544
9,1136
4,6367
4,8815
4,6732
9,3046
9,4713
9,2978
9,7600
9,4940
4,4625
3,9548
3,8665
4,6471
4,5179
9,5915
9,3278
9,0712
4,1960
9,9170
3,9415
9,0809
9,0360
9,0676
9,5834
4,6622
4,2172
4,4665
4,6064
9,2802
4,0521
4,2696
4,6696
4,4568
9,7275
4,8422
3,9300
9,1249
10,1492
4,4131
4,9685
9,7545
9,9376
9,0482
9,6358
4,0154
9,2245
9,6742
4,4963
3,9808
9,3331
4,3995
9,1298
4,2978
9,3587
9,7850
9,3435
4,8934
4,0160
4,1491
3,7828
9,5379
9,0614
9,6632
3,9657
9,5918
3,9775
9,1434
10,0675
4,1812
4,0710
4,2005
9,4108
9,3995
9,0715
4,6301
9,1367
4,2335
4,7974
4,2828
9,8501
4,4796
3,6817
9,7503
9,4562
4,0827
9,3103
4,3076
9,3270
4,2262
9,3947
5,0464
4,1685
4,2032
4,3695
4,1840
4,3162
4,3757
3,7095
8,7111
3,7886
9,6175
9,3038
4,0782
9,7323
9,4931
9,4647
9,3058
3,7564
9,9706
3,7161
4,4223
4,2160
3,9599
9,5752
9,2634
9,6713
4,6712
3,6894
4,1244
4,2490
4,3136
3,9993
4,2364
4,0578
9,2052
4,7735
9,2618
9,2565
4,7116
9,2068
4,3936
4,3887
9,2172
4,1948
4,4595
9,0686
8,8903
4,4154
9,4710
3,8840
4,2838
9,3522
10,1605
4,2745
9,0066
4,4044
4,7026
9,2684
4,3286
9,2833
4,6047
9,1626
4,5270
9,5566
9,2764
3,9810
9,1698
4,4588
4,2513
4,3867
4,1991
9,1184
9,6850
4,1526
3,9039
4,5575
9,4575
4,4409
4,4884
9,7717
9,2419
9,5504
4,9708
10,2437
3,7902
4,8389
4,3431
9,6780
4,1461
9,9562
9,6949
3,9839
9,7808
4,0390
9,2601
9,5531
9,7099
4,3505
4,1784
4,9305
4,6643
4,5050
4,5494
9,2600
4,2442
3,9976
9,7157
3,9917
4,4600
4,4407
9,0681
3,8929
4,2389
9,3361
4,4705
4,4369
4,2505
4,6763
9,7398
9,3724
9,5037
4,2230
4,3630
4,4009
4,3114
4,2445
10,0152
4,6826
4,0122
9,3475
4,3301
3,9464
9,2909
9,6548
4,1774
4,4378
9,4684
9,7200
4,4446
3,8467
9,5979
9,3141
9,6302
4,5120
9,2221
3,7982
9,3952
4,6989
4,5621
9,6686
4,1058
8,9173
9,5875
4,3487
4,8542
4,0465
4,5570
4,2795
9,1202
9,3139
9,4148
9,0707
9,0416
4,4777
3,9285
4,4224
3,8525
9,0032
4,6815
4,6108
4,5744
4,6194
4,2731
8,9324
9,7611
4,7512
4,1003
4,3009
9,3953
4,1818
4,3952
4,4482
9,5170
8,7109
4,1397
3,7326
9,2582
4,4033
4,2983
9,1266
9,2126
9,9446
9,6881
4,6713
4,2730
3,3234
9,8002
3,8364
3,8030
4,6715
9,1012
4,5383
3,5366
9,5244
4,2015
9,8301
9,3018
9,2831
4,3739
9,6556
3,9028
9,0456
4,4124
9,3663
9,6276
9,4596
4,1128
4,7742
9,5837
9,4229
4,2838
9,2758
4,8190
4,4422
9,4593
4,1930
3,6709
9,3783
4,8999
9,7025
9,2085
4,9146
5,0243
4,6047
4,7467
4,3137
4,4461
4,3981
4,3396
9,9357
3,9839
9,0060
4,7047
9,4102
9,1894
4,0865
4,4350
4,9471
3,9410
9,2935
4,1140
4,4103
10,1073
9,5987
4,6175
4,3985
9,7492
4,9352
9,6004
9,3955
4,5578
9,2741
9,8477
9,0387
8,8138
4,0318
3,6982
4,1574
9,2417
3,9998
4,3078
4,5746
9,7510
4,4912
9,5115
3,2731
4,7838
3,9629
9,2293
9,2774
4,6813
4,2855
4,1330
4,7156
4,2528
3,6793
9,5875
9,3093
4,1809
9,1340
4,0432
4,1002
4,7699
3,9853
4,4158
4,8763
4,0970
4,2557
8,9413
9,0257
9,3851
4,4339
10,0170
9,2779
4,5152
9,8336
3,4908
9,2609
9,2463
9,2472
4,3703
9,3350
4,4782
9,5707
4,4647
4,3883
9,5417
4,9261
3,8820
4,5867
4,2434
9,2208
9,7835
9,1921
9,6047
3,7976
9,8984
9,8288
4,3952
9,6394
9,5108
9,0641
4,4012
9,7116
4,3739
4,3064
10,0236
5,0384
4,4629
9,2957
4,1884
3,4748
4,5824
8,9665
4,4545
9,9716
9,0667
4,1093
9,8486
9,4043
9,7994
9,1521
9,6467
4,7166
3,9862
9,3479
3,8209
9,6248
9,2666
4,8876
9,4589
9,2510
3,6667
9,0007
9,2502
3,9720
4,8741
4,9537
9,6348
4,0625
4,0131
3,4375
4,5226
4,3225
4,2049
4,1172
9,6621
4,1127
4,1659
9,2929
9,8984
9,5134
3,9919
4,6118
10,0627
10,1411
9,0490
4,0288
9,1272
9,6359
9,2601
4,0272
4,6127
4,0826
8,9094
4,5243
4,5130
4,0773
4,1527
9,1643
4,2614
9,8544
5,2369
4,5070
4,1500
9,9796
4,2162
3,8746
9,5013
9,7492
8,7338
4,4155
4,0788
4,8831
4,4402
4,8621
3,3938
3,9049
9,8298
9,3991
4,2912
4,1313
4,1823
9,8428
9,0714
9,7200
4,6180
4,9729
4,0400
4,4735
9,2504
9,9102
4,7056
8,7984
4,4416
4,8449
3,8239
4,0239
9,6267
4,1207
9,7764
3,9817
9,3041
4,3875
4,3380
3,7735
4,3103
4,5177
3,4054
9,5345
9,6940
4,8318
4,1979
4,3415
9,2971
4,1718
4,5911
3,9210
4,5582
4,5048
9,1916
10,0622
9,9470
4,3948
3,7365
4,1574
9,0957
9,5987
9,6098
5,0507
3,4684
3,7700
4,2954
3,6268
4,3891
8,8017
9,6451
4,3776
9,2888
3,8646
4,3731
4,6798
9,5729
4,6497
4,7582
9,4082
3,9643
4,2942
9,4449
9,3991
3,9302
9,5686
4,2250
4,9630
9,2013
4,5563
4,8684
4,5046
9,5549
9,3468
9,3902
4,6831
9,0293
4,9333
9,5473
9,8309
4,1785
4,4478
9,1655
4,1491
4,4049
9,6871
9,7467
9,5061
9,7572
4,7128
9,3880
4,5032
4,1776
3,7007
9,0339
4,3428
4,0843
9,3935
3,4309
4,1081
5,1805
4,5316
3,6666
4,7293
9,4680
9,6774
9,4052
4,4099
4,6684
4,4660
9,5315
3,8665
9,1017
3,8394
9,1869
9,3175
9,4542
3,9706
4,4327
4,5488
9,3559
9,7453
8,7310
4,3557
4,3639
9,1631
4,8419
9,3396
4,1141
3,7650
9,2985
4,7301
9,7184
3,6222
4,1555
5,2769
9,4230
4,9030
4,3566
4,5696
9,8746
3,9780
4,5290
9,9194
4,9839
4,1955
3,8544
4,3535
9,0013
9,5052
9,1756
9,6862
4,5673
4,2738
5,0355
4,5229
3,8693
4,2877
4,5547
4,8053
4,1958
9,2663
9,5528
5,0636
9,2022
3,9423
9,5973
4,5761
4,3794
4,6654
9,5004
4,2687
4,1414
9,7586
9,5229
8,8244
9,3846
9,2796
4,5464
9,2050
9,5624
4,6992
4,3496
4,6114
9,0399
9,3216
4,1434
9,0263
3,8139
4,9271
4,5276
9,4641
4,2525
9,1618
3,6687
4,0694
9,7700
9,2163
9,6415
4,5121
9,4256
9,8436
9,7566
9,5265
4,1458
4,1673
4,6545
4,0418
3,9201
9,0721
9,2568
10,1099
9,1155
4,6834
3,9815
4,3299
3,9736
4,6222
4,4607
3,9051
9,2087
4,4081
9,3733
4,4121
9,2097
9,2532
4,3366
4,5509
4,6325
4,2780
3,9728
4,0302
9,3297
4,1555
9,0500
4,1399
9,4561
9,6775
3,8081
4,0630
9,1100
9,5222
3,9496
4,5539
9,6351
3,9746
4,4266
9,3857
9,2935
8,8361
3,9680
3,7681
4,3135
9,6898
9,6652
9,7233
9,6735
9,2422
4,0837
4,0923
4,5424
4,1697
9,1367
9,5606
9,3426
9,2596
4,5507
3,7139
9,7758
9,4761
4,6071
4,6749
4,2943
4,9172
4,1613
3,9774
4,4283
9,6758
9,8659
4,0692
5,0398
9,2280
9,2123
4,3397
9,7307
3,9542
9,3485
9,9193
5,3348
8,7685
9,4118
8,8838
3,9120
9,4420
4,3896
10,0200
4,2424
4,0818
9,2680
4,0250
9,4101
4,6061
9,0066
9,7105
9,9873
4,0830
3,9100
9,5686
9,4157
4,9369
9,2798
4,3725
9,4265
4,3599
4,7113
4,1029
4,5700
4,3028
9,6537
9,0317
9,4324
8,9497
9,7354
4,3668
9,2745
9,4922
4,4143
4,0065
9,8448
4,5330
3,9578
8,8517
4,0824
9,2942
4,0673
4,1191
9,8244
9,2897
9,8430
9,6828
9,3949
4,4753
4,9651
4,3838
4,6354
4,5007
9,7596
8,9707
8,9979
9,8994
9,1854
9,7241
4,2363
4,0402
9,0871
4,9907
4,5273
4,5462
4,4651
4,4546
4,1384
4,5312
4,3094
9,6553
3,7830
3,7810
4,2426
9,2550
4,3627
4,7579
4,1141
3,9617
4,1893
9,8399
4,0738
9,2712
4,3697
4,0822
9,5258
9,2679
9,4282
4,5243
9,4905
9,7873
4,4214
4,0476
4,5055
9,6654
4,6827
4,4848
9,1190
4,5694
4,1239
9,6587
3,9811
3,9491
4,5242
4,0879
9,6809
9,8414
3,7525
4,0800
4,5385
4,7574
4,4255
9,3581
4,3639
4,6222
9,1690
4,4051
9,5348
4,3574
3,8813
9,1560
4,8308
4,6615
8,9393
9,3033
9,5077
4,3941
4,0099
9,6322
4,7703
9,9827
9,2338
4,1984
9,1617
9,6949
9,6594
9,5627
3,6004
9,5757
4,0983
4,1502
9,2977
9,5563
4,4213
4,0145
4,4704
9,3686
9,3933
9,8952
5,0301
9,4185
9,0888
9,0439
9,2293
9,7290
9,5699
4,4257
4,0588
9,6872
4,2955
9,1082
9,2119
4,5400
9,3081
9,2584
9,1086
9,3216
4,3242
4,1946
4,4371
4,6181
9,0345
3,9194
4,4979
4,6261
4,6314
4,9144
4,5702
9,1689
4,3039
4,1030
4,3085
4,3294
4,1893
3,6100
3,9767
3,7338
4,3242
3,9990
9,4834
4,7773
8,9101
4,0877
9,1355
4,1806
9,7107
3,8104
4,2875
4,2233
8,9993
4,1954
4,5141
4,6754
3,7768
4,4186
9,5346
4,9349
9,1904
9,8487
9,9133
4,0963
9,6047
9,1206
9,4327
4,1587
3,8556
9,5888
10,1139
4,0828
4,7598
4,3071
9,1789
9,1632
4,5901
9,3308
4,0626
9,4023
4,1302
8,7211
9,0771
9,4722
9,1946
3,9031
3,5968
4,3228
3,9152
9,7289
4,0213
9,2713
4,5010
3,7590
8,8844
9,9252
4,3887
8,9869
4,2669
4,4419
4,7593
4,0228
9,2734
9,0783
4,5769
4,3081
9,4273
3,9347
4,2015
4,5014
9,7912
9,4005
9,4008
4,0035
3,8445
9,1013
9,0899
4,1459
9,7196
10,0446
9,7347
3,7864
9,2249
9,3730
10,0158
9,7889
9,6481
3,7379
4,9588
9,2989
4,1308
4,2556
4,4007
9,4233
4,0502
4,3106
4,0941
4,4433
3,7409
3,9250
4,1013
9,2049
4,0929
4,7252
4,4832
9,7827
9,4380
9,5194
5,0985
4,3395
9,8065
4,5624
4,2688
3,8235
3,9845
4,8304
4,3747
4,6732
3,7980
9,8029
4,9629
9,6871
9,6543
3,5983
3,8677
4,4313
4,4480
3,8503
4,5102
8,8250
4,4335
9,3726
4,1645
9,3237
4,2481
9,4903
4,4355
9,1085
4,3786
9,3653
4,1385
9,1789
4,1062
4,4094
4,1792
4,3663
4,3618
3,9526
4,3256
3,7986
9,6829
5,1331
9,7650
4,5373
9,7735
9,5363
9,6432
9,2702
9,5133
4,1780
9,2481
4,1519
9,2215
4,1929
3,5497
9,4513
4,5113
9,3573
4,4485
9,2883
4,0628
3,9551
8,9906
4,5549
9,4690
4,1484
4,9979
3,9635
9,5941
4,4713
4,5594
9,4936
9,9662
9,2656
4,0861
4,4395
4,4478
3,8184
4,5360
9,0105
4,7156
4,4491
3,9123
4,1247
9,5210
5,0076
4,3843
4,5050
9,1070
9,8492
3,7200
4,8366
4,4887
4,4074
3,8346
3,9279
9,8509
9,8083
4,3190
4,4502
3,6465
9,5090
4,5406
3,9172
4,3452
4,1796
3,7819
9,1292
9,2347
9,2892
4,2697
4,7513
8,8256
9,7538
3,9090
3,9640
9,1506
9,5993
4,5741
9,4094
4,3286
4,1949
4,1015
4,4975
4,6771
8,8667
4,5331
4,7164
9,7682
9,7056
4,1054
9,6131
4,2896
4,0335
3,7607
9,4323
4,0616
9,6787
9,5071
9,6841
4,8912
4,0211
4,2940
9,6446
4,0537
3,9628
4,4156
9,5132
3,7162
4,4800
9,3119
4,4785
9,7260
4,6443
3,7131
9,6568
4,2350
3,9951
9,2782
9,2968
4,7973
9,6128
4,9944
9,1230
9,5726
4,1804
9,8599
4,7055
9,3576
9,4230
9,1901
9,0858
9,7164
4,5062
9,3734
3,9075
4,4826
4,9455
3,8438
9,3791
4,3107
9,3271
4,2271
9,4742
4,4543
4,1849
4,3473
4,5465
9,6838
9,2864
9,6576
4,6574
9,2711
3,3047
8,9081
9,4967
8,9819
3,8287
9,7161
9,9309
9,3297
4,3568
3,8460
9,3273
4,6214
4,3513
4,5500
9,1719
9,3131
4,3463
4,5433
3,7886
4,2267
4,0874
4,3866
4,6503
9,7137
4,4705
4,4225
4,1691
9,5653
9,6757
4,3011
3,8028
4,4460
9,3224
4,3877
4,0793
4,4334
3,7920
3,9385
4,5302
9,0951
3,5925
4,2288
3,7811
4,0957
4,5931
4,4450
4,6402
9,0151
9,7951
9,2386
9,7463
9,4069
9,4526
4,4601
9,6876
9,3627
4,5409
4,2908
9,3662
4,4953
3,7705
4,1056
4,6420
4,3596
4,6355
4,0392
4,2094
9,5722
3,8699
9,3767
8,7997
9,3703
4,2743
9,2705
9,5476
4,2924
9,4205
5,0725
4,7519
4,5052
10,1405
4,2481
8,6306
9,1456
4,1287
4,4113
4,5457
9,4374
3,8332
4,0199
9,8287
9,5315
9,1830
9,8620
9,1202
3,8630
3,9997
3,8351
4,2924
3,9998
9,0583
4,0567
9,0773
9,3841
4,3800
4,1759
4,6851
9,2023
9,7849
4,2527
4,0455
9,8821
4,3241
9,5846
9,3089
9,1678
4,2948
9,1699
4,1821
4,6077
9,0612
9,8095
4,4309
9,2626
4,0363
3,7441
9,2379
4,2458
9,2160
9,1312
8,9949
4,4094
9,1762
4,6732
3,7649
4,3229
3,8596
4,6226
4,6743
4,0874
9,1028
3,8157
9,2036
4,1502
4,0683
3,9811
4,5348
9,1802
3,9578
4,3737
4,2793
9,6489
4,3695
4,1082
4,2741
3,7548
9,8358
9,3350
9,6244
9,2129
3,7857
9,4946
9,2904
3,9622
4,8634
9,5398
4,5198
4,1488
9,4256
9,5190
9,3045
4,1092
9,7209
9,2496
9,4514
9,2291
4,3108
3,6421
4,0699
4,1068
9,3216
4,6540
9,0734
9,4275
9,3627
9,8879
4,4288
9,5239
8,5988
4,8255
9,7264
4,3827
4,6419
4,3632
4,1968
10,0577
9,4955
4,4450
9,3617
9,1884
9,5192
9,3928
4,7252
9,1834
9,5998
9,4695
4,0654
9,0807
9,1631
9,2218
9,2102
10,1771
4,5920
3,5881
4,8510
4,0147
5,0356
9,6105
9,9765
4,0559
4,5520
4,7026
9,1765
4,0534
4,2358
9,2497
4,7896
4,0337
4,4182
9,6381
9,3847
9,6617
4,5137
3,5162
9,5809
4,3713
3,7865
9,1682
10,2326
9,0391
3,9771
4,7540
9,8712
4,6065
9,4395
9,3230
9,0756
3,6454
4,1198
9,6639
4,0242
8,9830
3,7204
4,1413
4,2020
8,5836
4,0110
9,4859
4,2825
4,5188
4,2946
9,3850
9,6499
4,0552
4,2546
3,9094
9,3484
9,7962
4,0039
3,9512
4,5848
4,3086
9,1501
4,2354
3,9935
9,4287
9,5690
4,5056
4,2826
9,2154
9,9622
9,3303
8,8195
9,3866
4,2834
4,8522
10,0824
9,4428
9,0035
4,7667
3,5532
8,8118
9,4392
8,5212
9,5019
4,4883
9,2401
9,4888
4,2177
9,4592
9,6503
9,1330
9,7963
9,2737
9,3115
3,9343
4,9374
9,4774
4,6367
4,3810
9,5860
3,9884
3,7070
4,7452
3,7307
9,4486
9,5619
4,2944
5,0202
4,4389
9,2118
3,9741
9,4381
4,0601
9,1951
9,2870
4,1583
4,7628
3,7861
9,2114
9,2264
3,5606
9,2334
9,2061
5,0409
9,6948
9,6918
9,4364
9,2527
4,1341
4,2476
4,2337
9,8017
3,8869
9,2509
9,6486
9,3390
4,0550
4,2964
9,6285
9,4932
9,8038
9,5741
4,5553
9,6261
9,4018
4,0543
4,8531
9,4545
4,0999
4,7000
9,2964
9,2462
4,5339
4,4719
3,8331
4,4689
4,0826
9,5315
9,2773
4,4631
9,3460
3,8088
9,2612
4,6397
3,8034
9,1266
8,9229
4,2513
9,4520
9,7138
3,9684
9,6247
8,8448
4,3960
3,9475
9,1697
4,3376
9,6839
3,7553
4,7044
9,3066
4,6875
4,2527
4,4816
4,4542
4,2390
9,4587
3,9184
9,3497
4,3140
4,8459
9,6005
4,4443
3,7079
3,9291
4,4416
4,2773
4,0480
9,9767
4,2825
9,4115
9,3532
4,1386
4,5277
4,2267
9,9166
4,0341
3,5185
4,2542
9,7889
4,1508
9,5915
4,7510
5,1116
3,8884
9,3179
9,7609
4,5256
9,3968
4,1891
9,2080
4,1964
9,9152
9,0988
9,6132
9,1801
4,2097
3,7863
8,6996
3,9068
4,0793
9,8274
4,7727
4,0523
4,6511
4,2810
4,1745
4,2726
4,8082
4,6880
4,8403
4,4476
4,7846
4,3221
4,4389
10,0912
4,1594
9,1182
9,4198
9,1366
9,3483
9,3843
4,4332
3,4580
9,9679
3,9573
4,3403
9,2441
4,6928
4,2457
5,0002
4,4430
4,8002
9,5841
9,1744
4,5012
4,8786
9,0996
9,3300
4,3420
9,4736
9,2371
8,9236
9,2722
4,6049
9,1599
9,3639
9,6224
9,8199
4,2866
4,3796
9,4845
4,3107
4,4164
9,4256
9,7150
9,7526
9,4681
4,6734
9,6128
9,0704
4,2662
4,3693
4,0605
9,2040
3,7662
4,5114
4,2122
9,5780
9,0480
4,3903
4,0625
3,9523
4,2233
4,6073
9,4769
4,2160
8,9762
4,9708
9,7121
4,2570
3,9796
9,1982
4,6576
4,0369
9,5269
4,1506
9,7422
4,2769
9,5846
8,7480
4,4509
9,4765
9,0144
9,0323
3,9361
8,8803
4,1999
4,0970
4,9858
3,9319
3,9541
9,0957
4,0313
4,8480
4,7673
4,0003
4,2204
9,4053
9,3991
9,7244
9,6310
4,3420
4,2486
9,2826
4,4089
4,0677
9,1394
9,3394
8,9712
9,6253
4,2486
4,5341
4,5792
3,7821
4,3899
4,6428
4,7296
4,8542
9,4871
9,7423
4,9884
3,8768
3,9688
9,4430
8,9897
9,3372
4,3895
3,9953
10,2202
4,2121
4,3579
8,5925
3,8172
9,8127
4,3378
3,8331
5,4220
9,4608
4,1475
3,8395
9,8854
9,6285
4,1528
4,9049
9,1434
9,1340
3,8904
9,6400
9,4346
4,4229
4,6958
4,5849
4,3792
4,2489
4,6678
9,9274
4,0756
4,4796