73,3363
73,5580
73,2980
73,5790
73,7863
73,4820
74,1410
74,4849
74,0069
73,9074
73,7593
73,4892
74,0075
73,4934
74,3615
74,2107
72,8667
74,1492
74,1306
73,8328
73,6143
73,9452
73,5636
74,1965
73,5300
74,0441
74,0874
73,8896
74,1653
73,6428
73,2783
73,6386
73,6752
73,4082
73,8057
73,5329
74,3002
74,3104
73,6338
73,8728
73,4335
74,4761
74,1834
73,9760
73,4974
73,2557
73,9296
73,5583
73,8239
74,0755
73,4827
73,3840
74,0834
73,6023
74,3855
74,3439
73,4586
73,5648
73,8545
73,8212
73,3973
74,1181
73,4736
74,2817
73,7216
74,5730
74,3418
73,4503
73,3964
73,5515
74,6653
73,3661
73,5642
73,4719
74,6061
73,9648
73,2529
73,8367
73,9151
73,6112
73,5416
74,2792
74,4346
73,8463
73,4519
73,8033
73,4581
73,8972
73,6707
74,3835
74,3483
74,4079
73,7857
73,6409
74,1058
73,9058
74,0318
74,1205
73,7967
74,3912
74,3405
73,1117
74,6697
73,6396
73,4992
73,8096
73,7794
73,8761
73,7454
73,3799
73,4962
74,1327
74,0511
74,0538
73,3690
74,1001
74,0136
73,6637
74,1390
74,0241
73,8630
73,3673
73,4556
74,1578
74,1238
73,2775
73,7070
73,8046
73,8515
74,3393
73,7923
74,2140
73,4808
74,0702
73,8639
74,0094
74,1455
74,2861
73,5395
74,0418
74,2232
74,2897
73,6137
73,9541
73,1259
73,7075
73,3755
73,7175
74,5233
73,8413
73,7222
74,1654
73,3878
74,3387
73,9716
73,7674
74,0733
73,8679
73,9207
74,6015
74,0025
74,1150
74,3271
73,9036
74,0083
73,7125
74,2419
74,4493
74,3597
74,2466
73,3728
74,3018
73,6938
73,0265
73,7452
73,9992
73,6203
74,0926
73,8873
74,2967
74,3102
74,0465
73,9454
74,2407
73,5052
74,2190
73,5214
73,8876
74,1268
73,9626
74,6137
73,1156
73,3932
74,1075
73,6791
74,2634
74,0983
73,5892
73,8084
73,6307
73,7750
73,2518
74,2361
74,2749
73,8605
73,3786
73,6879
73,9779
73,5429
73,2638
74,0266
74,0743
73,5566
73,8943
74,6606
74,0738
73,5437
73,3516
74,0845
73,3874
73,5445
73,8301
73,4069
73,7635
74,4872
74,2474
73,6772
75,0074
73,7275
74,0148
74,2592
74,5415
73,5272
74,2516
73,0988
73,4258
72,9878
73,7667
74,5605
73,5913
73,4503
73,9381
74,2358
73,8777
74,5341
73,6308
74,0119
73,4903
73,3629
74,3187
74,0523
74,1242
73,9283
73,8149
73,5882
73,9188
73,9954
74,1726
73,8142
73,5116
73,7914
73,6470
74,0569
73,8780
73,9555
74,2186
74,0035
73,8686
73,5722
73,8407
73,2572
73,6558
73,8528
74,4645
73,6335
73,7799
73,9730
73,7466
73,7865
74,4735
74,5725
74,1822
73,5232
73,8377
74,5633
74,6316
73,6657
73,5188
74,4157
73,9777
73,5644
73,6552
73,8279
73,8595
73,9593
73,8659
74,3243
73,7033
74,0337
73,8170
74,0939
73,3785
73,8653
73,6422
73,2091
74,3670
73,7904
73,4010
73,8637
73,4948
73,6713
73,8079
74,0096
73,5412
74,4767
73,7813
73,8238
73,8124
74,6761
73,6147
73,4269
74,1052
73,9130
74,4066
73,9920
74,1412
73,9038
73,6012
73,7686
73,5314
74,4690
73,4541
74,0799
73,7872
74,1782
74,1007
73,4310
74,2497
73,3100
73,5911
74,0139
74,5359
73,5642
73,7779
73,9506
73,3302
74,6576
73,6459
74,0324
73,7108
73,7157
73,9456
73,4137
74,0428
73,5651
73,8351
74,4754
73,6190
74,0168
73,8903
73,9943
73,9147
73,6554
74,2748
74,1897
74,0253
74,0221
73,3462
73,6396
74,2827
74,0219
73,7986
73,6812
73,4793
73,6995
73,8111
74,3862
73,4683
73,3703
74,1172
74,1131
74,2237
73,7994
73,5951
73,7935
74,8296
73,3712
74,2984
73,9473
73,1488
74,0234
73,4588
74,0826
73,4348
73,5965
74,3392
73,9009
74,0833
74,1209
74,0037
73,8415
73,8419
74,2429
73,8083
73,7670
74,0038
73,8079
74,2768
73,5775
73,8813
74,3260
74,6241
74,5725
73,5629
74,1203
73,6543
74,3748
73,9014
73,8968
73,8734
74,1695
73,7103
73,3140
74,0947
74,0546
73,5365
73,7697
74,1003
74,5722
74,0708
73,3159
73,8883
74,7636
73,6413
74,2084
74,1456
73,8376
73,9803
73,5337
74,2105
74,0152
73,6817
73,4125
73,6044
74,0404
74,0513
73,7883
74,4964
73,8087
74,0572
74,1443
73,7678
73,9760
73,6070
73,4718
74,3293
73,9543
73,8796
74,3056
73,5275
73,6265
74,0285
74,0608
73,6632
73,7813
74,4950
73,5912
73,5847
74,3048
73,7275
73,8052
73,8739
74,0414
73,4173
73,1106
74,0461
73,7510
74,0458
73,7134
74,3720
73,2081
74,0765
73,7206
73,4118
74,2158
74,2567
73,6625
73,9521
73,6701
73,7083
73,7800
73,9798
73,3810
74,0641
73,2739
74,6232
73,7224
73,2895
73,6859
73,7939
74,3982
73,4377
73,7672
73,4908
73,9572
73,7173
74,3453
73,7451
74,4125
73,9240
73,1412
73,6907
73,5171
73,7978
74,3501
74,0008
74,0430
73,4261
73,3300
74,0273
74,1586
73,9413
74,5162
74,0831
73,8105
73,1797
74,2123
74,0794
74,2196
73,9432
74,0826
73,7701
74,0434
73,5622
74,1367
73,5941
74,0797
73,4314
74,7321
73,8999
74,0328
73,8688
73,7157
74,2290
73,8068
74,1758
73,2423
73,6546
73,5818
74,4356
73,4922
73,2995
73,9068
73,3897
74,1445
73,7582
73,8086
74,6785
74,0454
73,9091
73,8981
74,2718
74,0511
73,9385
74,0722
73,6493
73,7168
74,5293
73,9405
74,2916
73,3100
74,3075
74,2470
74,6778
73,5114
73,1198
73,7681
73,8367
73,5530
73,5835
73,8218
73,3258
73,2212
73,6438
74,4487
73,3406
73,8299
73,9922
74,0523
74,4191
74,0619
74,1547
73,9497
73,8097
74,2062
73,7295
73,8539
73,5275
73,5500
72,9867
74,1408
73,8470
74,2866
74,2885
73,2280
73,8748
73,9609
73,9962
73,7651
73,4410
74,6237
74,3871
73,1704
74,0045
73,4869
73,5277
74,7130
74,0044
73,8216
74,4575
73,8795
73,9723
73,0972
74,0786
73,3196
73,8293
73,3484
73,5181
74,1469
74,0001
73,8272
73,9560
73,0808
74,2580
73,3089
74,5627
74,1274
73,0157
73,8583
73,5395
74,3274
73,9970
73,6397
74,3104
73,6797
74,1207
74,3487
74,6612
73,8915
74,3467
74,1981
73,7889
74,8508
74,1590
73,9461
73,9370
74,3205
74,1841
74,4550
73,9903
74,4102
74,7561
73,9354
73,6154
73,8966
73,7530
73,4694
74,5755
74,1951
74,1367
73,2372
74,6738
73,9398
73,6988
74,3333
73,4142
74,1949
73,6237
74,4462
73,0651
73,6477
73,9368
73,3917
74,3876
73,8292
73,8828
73,3649
73,9253
73,5884
74,1841
73,7084
73,7110
74,1275
73,6510
73,2706
74,0069
73,6934
74,1118
74,2684
74,0925
73,6997
73,6623
74,0307
73,8236
73,9200
74,3177
73,6493
73,5511
73,5035
73,7323
73,6089
73,8307
73,6380
73,5760
73,7838
74,2519
73,9786
73,6072
73,6748
74,2637
73,6633
73,5326
73,6102
72,9259
73,2839
73,5200
73,3313
74,0122
74,3378
73,3268
73,6896
73,5315
74,0606
74,2811
73,7835
74,0252
74,3122
74,1930
73,3845
74,2554
74,6202
73,8507
73,0615
73,0665
74,5302
73,8659
74,1351
73,3463
73,6423
74,1094
73,6736
73,8784
74,4886
73,7528
73,5936
73,9625
73,5447
74,5249
74,2774
74,0762
74,2442
73,8230
73,9773
73,6812
74,5940
74,0290
73,8806
73,8440
73,6924
74,2924
73,8220
74,4972
73,8418
74,0411
73,7716
73,4443
74,8790
74,0522
73,8027
73,9358
74,2204
73,8029
74,1319
73,7838
73,9012
74,4544
73,9579
74,2707
74,1738
73,4270
73,8146
74,0501
73,8959
73,5343
73,9554
74,1750
72,8960
74,1917
74,1754
73,6775
74,3914
73,5821
73,6256
73,7601
73,8618
73,8663
73,5246
73,4982
73,7215
73,8040
73,5687
74,0055
73,9832
73,6844
74,2354
73,4505
74,2204
74,4792
74,0363
73,2147
73,9729
73,5801
74,1264
73,7871
73,0794
73,8075
74,1363
74,2369
73,7341
74,9440
73,9180
73,9865
74,4698
73,3173
74,2173
73,6728
73,4634
73,9349
74,0695
73,9862
74,7029
73,6460
74,2876
73,7242
73,4951
74,3106
74,0121
74,4090
74,1331
74,4607
74,4657
73,3465
73,8576
74,5505
73,4527
74,1505
73,8416
73,5734
73,8519
73,9908
74,0853
73,5592
73,5835
73,9839
74,1100
73,4345
74,7907
74,1716
73,9612
73,2861
74,1533
74,0232
74,1293
74,0406
74,2362
73,6649
74,2816
73,7429
73,8776
73,8380
73,7248
73,8678
74,1676
74,0588
74,0182
74,2682
74,7678
74,0154
73,6472
74,2501
74,1910
73,3260
74,1456
73,8082
73,8037
73,7943
74,0345
74,5340
74,1621
74,0895
73,8665
73,9646
73,7727
73,7930
74,0433
74,5132
73,1884
73,8695
73,6466
74,1467
73,9751
73,7133
73,7746
74,4398
73,9749
73,9185
74,1123
73,7416
74,1273
74,4567
73,9417
73,9095
74,5500
73,6983
73,8471
74,0754
73,6352
74,0188
74,0418
73,3134
73,9305
73,7039
73,5237
73,3132
74,0127
73,5862
72,9846
73,5473
73,5760
73,9992
73,7617
73,7010
73,6539
73,5375
73,7233
74,5497
74,1411
74,0219
73,4497
73,5505
73,9236
73,9435
73,4331
73,6570
73,6799
74,2085
73,8783
74,1006
74,4723
72,8928
74,4078
74,1158
74,0094
73,1950
73,7327
74,1515
74,1535
73,6510
73,8888
73,4549
74,2040
73,9567
73,8609
73,2672
73,8472
73,3962
74,0000
73,7792
74,1637
73,4234
74,3444
73,9511
74,2409
74,5299
74,4227
74,4023
73,6831
73,7045
72,9257
73,4249
74,4323
74,2851
74,2225
74,0965
73,6612
74,4379
73,4854
74,3537
73,5272
74,2768
73,8914
74,1237
74,0648
73,7911
74,4340
74,0076
74,0983
74,1015
73,0623
74,2254
74,1713
73,4876
73,7611
73,4703
74,2279
74,2504
73,4948
73,7548
73,8408
73,9751
73,4841
74,2432
73,3838
73,4100
73,9083
73,7600
74,1902
74,0720
73,8738
74,3209
72,8537
73,2691
74,2130
73,0991
73,3173
74,2366
73,4935
73,1347
73,8217
73,9337
74,0159
74,2401
73,7570
73,6824
73,9274
73,8352
73,4347
74,1961
74,0180
73,5741
73,4167
73,9025
73,4437
73,9690
74,1716
74,3523
73,4531
74,0497
73,5035
74,1000
74,1791
74,7402
74,5599
73,4695
73,7745
74,1875
73,9286
73,4642
74,9288
74,2583
73,9260
74,0612
73,6177
74,1968
73,9519
74,4676
74,2048
74,6580
73,9675
73,8092
73,4664
73,7708
73,8993
74,0184
73,8277
73,0578
73,0102
74,1394
74,1442
73,9056
74,3729
74,0662
73,5370
73,7959
74,3491
73,1538
73,6792
74,0118
73,8227
73,8584
73,6204
73,7837
73,9249
73,5367
73,7236
73,0852
73,9867
73,3272
74,0031
74,3192
73,9889
74,3873
73,8734
73,9482
74,1502
73,9582
74,4652
73,9609
74,0953
73,7271
73,8183
73,8260
73,7917
73,2469
73,9142
73,7015
74,4878
74,3005
74,3572
74,0360
73,4690
74,0834
73,4079
74,0444
74,0585
74,2167
73,8794
73,7213
74,3940
74,2431
73,4755
73,9118
73,3799
74,0779
74,0180
74,6156
74,2678
74,0067
73,7962
73,6544
73,5287
74,4749
73,9141
73,6269
73,9741
74,0370
74,1203
74,1522
73,9353
73,4210
74,3768
73,7998
74,1164
73,4726
74,0054
74,3047
74,3182
74,0751
73,9834
73,3149
74,4166
73,9446
74,1021
74,1660
73,8938
74,2455
73,6397
74,1709
74,0990
73,7469
73,5331
73,2357
73,7903
73,2821
73,6288
73,7642
73,0682
73,5379
73,9468
73,6278
73,6837
74,4092
73,8817
74,5023
73,1927
73,8912
74,3482
73,3497
73,9284
74,1139
74,4641
73,8754
74,3386
74,6832
73,8438
74,2528
73,7799
74,1110
73,6242
74,8110
74,2419
73,7573
73,7027
73,9200
73,6811
73,5873
73,9645
73,7383
73,9011
73,2742
74,2564
74,3262
73,9516
74,4528
74,1368
73,8507
74,3009
74,0633
74,2032
74,3605
74,0412
73,9052
74,4429
74,2205
73,9855
73,8010
74,6153
74,2771
73,6927
73,3921
73,2952
74,1864
74,1484
74,3093
73,8374
73,2793
73,5792
74,1083
74,2634
74,0590
74,9237
73,1643
74,6072
73,9211
73,9294
74,3225
73,7818
72,7591
73,7731
73,1800
73,0642
73,8430
73,1291
73,9319
73,7381
73,9061
74,1538
74,1609
73,5818
73,3405
73,9015
74,0601
72,8610
73,8361
73,4815
74,1215
74,0715
74,3610
73,7179
73,2478
74,3295
73,6942
73,5132
74,5041
73,9568
74,8375
73,8875
73,7188
73,9011
74,0619
74,0294
74,2786
73,5913
74,1981
73,9603
73,0547
73,5934
74,0341
74,0743
73,8541
74,0858
74,3558
73,4466
73,4161
74,2419
74,0471
73,8153
74,1106
73,5213
73,6368
73,8135
74,4087
73,1816
74,2287
73,7426
74,1455
73,9252
74,2121
74,3393
73,5474
73,9020
73,6714
73,6064
74,1267
73,6191
74,5333
73,4455
73,3867
73,8567
74,1213
73,3560
73,2983
73,7678
73,4873
74,5974
73,7864
74,0340
74,3107
73,8755
74,0028
73,9599
74,1344
73,9867
73,9141
74,3588
74,4100
73,8199
73,4899
73,9993
73,6292
74,3949
73,8750
73,6478
73,8386
73,9023
74,2835
73,4081
73,0307
73,5066
73,0656
73,9221
73,5625
73,3903
73,5074
73,4518
73,6607
73,7243
73,9948
73,7670
73,6465
74,0999
74,1434
74,1582
74,5109
74,0216
74,4487
74,0746
74,1738
74,1937
73,7427
74,1832
73,8297
73,2398
73,8808
74,7260
74,5137
73,9889
74,4307
73,7122
73,3374
73,8777
73,5299
73,9452
74,2715
74,5687
73,9087
73,6584
73,2826
74,0927
73,9877
73,6109
74,0770
74,3616
73,9377
73,6604
74,0440
73,6740
74,4241
72,9943
74,0742
73,5711
74,4095
73,7311
73,6524
74,1269
74,0516
74,6388
74,2631
73,6979
73,9034
74,0599
74,4569
73,8456
72,9396
74,2003
74,4045
73,8253
73,1017
74,2674
74,3147
73,6902
74,1677
74,0359
73,8888
73,7027
73,5215
73,9926
73,5928
74,2497
74,0395
74,3090
74,3087
73,4924
74,1351
73,8614
74,3536
73,7805
73,5399
73,7918
73,5439
74,2398
74,3912
73,7166
74,0481
73,4186
74,4670
73,0810
73,9294
73,4820
74,0841
73,7576
74,0173
73,8593
73,7761
73,5797
74,2354
74,2497
73,7503
74,0738
73,8105
74,0042
74,1289
73,6898
74,2395
73,9918
73,7478
74,4476
74,2590
73,9923
73,2995
74,1022
74,0364
74,3189
74,0870
74,1277
73,6612
73,0497
73,9480
73,6283
74,1333
73,7928
74,0423
73,2171
73,8729
73,8720
73,8903
73,7377
73,4038
73,6344
74,0346
73,5900
73,9136
73,7809
73,7944
74,1371
73,7841
73,7691
74,2157
73,6957
73,4942
74,5268
73,8756
73,9043
74,2831
74,2067
73,2252
73,5332
73,5151
74,2847
74,1008
73,6952
73,9700
74,4309
73,3996
73,4233
73,9544
73,9428
73,9329
73,3142
74,0311
73,9336
73,8046
73,8107
74,1058
73,5812
73,2346
73,7284
73,9568
73,8693
73,6967
74,0103
73,8442
73,5601
74,0860
73,7869
74,2015
73,5376
73,8957
74,0060
73,8835
73,5820
74,2110
73,4677
74,0987
73,6122
73,6074
74,5430
73,6356
74,2021
73,0278
73,6260
73,5613
73,9223
74,0430
73,0709
73,8362
73,6114
73,4299
73,5206
73,9226
73,1101
74,0249
73,6600
73,9775
74,0014
74,0218
74,6234
73,0464
73,9096
73,6196
73,6666
73,6983
73,5900
73,6783
74,0217
73,6878
73,8557
73,5195
73,8642
73,3657
74,1930
73,5664
73,6747
74,0630
73,7107
73,3736
73,7132
73,9341
73,7870
73,5902
73,7348
73,8365
73,3317
73,5776
73,7993
74,0388
74,2713
73,5068
73,9921
74,3211
73,8216
74,0959
73,8393
74,2569
74,6176
73,7012
73,7962
74,3402
74,0491
74,4201
73,8896
74,0483
73,4550
74,2338
74,5091
73,7807
73,2476
72,9488
73,7751
74,5860
74,0600
74,2699
73,5169
73,7635
73,5835
73,0560
73,6238
74,2859
74,2198
73,9334
74,8233
73,8243
73,8406
73,4766
73,8994
73,7650
73,9419
74,0411
73,4525
73,5523
73,7881
73,7809
73,8288
73,8595
74,0630
73,7585
74,0602
73,7391
73,7052
73,8612
74,3886
74,0501
74,2098
73,4892
74,3775
74,7741
73,9903
73,7999
73,7482
74,7968
73,5328
74,0892
73,5779
73,5399
73,8754
73,9642
73,8909
73,8327
73,7044
74,0228
73,9540
73,9753
73,5507
74,1829
73,1272
73,8368
74,2077
73,9686
74,0089
73,0386
74,2791
73,3917
74,1684
73,8574
74,2301
74,1607
74,6126
73,2025
73,7807
73,3571
73,5530
74,1321
74,0034
73,9301
74,9956
74,3779
74,2266
73,6970
73,7244
73,2382
73,5072
73,5665
73,2459
73,3649
73,9395
74,1989
73,9475
74,0463
73,3096
74,0464
74,1156
74,2289
73,2593
73,7496
73,2734
74,2430
74,1400
73,7774
74,2839
74,4175
73,4863
73,8988
73,9939
74,1726
74,0300
73,6990
74,5334
74,0215
73,5513
74,1733
73,6657
73,7577
74,0197
73,3638
73,9722
74,4897
74,2547
74,0910
73,6286
74,1983
73,5432
74,4727
73,8012
74,2786
73,4676
74,3210
73,9862
73,8974
74,3234
74,2076
74,0160
73,7028
73,5645
73,7111
73,9800
73,0239
73,8716
73,4578
74,2335
73,8884
74,3582
73,9816
73,7448
74,1080
74,1204
73,6759
73,5272
73,9891
74,0864
73,6891
73,5738
74,0404
73,9395
73,8512
74,0943
73,5120
73,3444
74,4868
74,4218
73,8435
73,4861
74,7319
73,6593
73,5099
74,3813
73,3026
73,8891
73,9948
74,2453
73,9120
73,7143
73,9983
73,8183
74,3523
74,2204
73,9970
74,4285
73,4850
73,3096
73,9403
74,2400
73,8164
74,4837
73,7587
73,8300
73,8902
74,1953
73,7888
73,6281
73,8528
73,5963
73,3471
73,8228
73,5484
74,0390
74,1577
74,0310
73,7617
73,8690
73,8033
74,9804
73,7228
74,0450
73,3459
74,5978
73,7485
72,9816
73,4428
73,9599
73,5822
73,1767
73,9242
73,6709
73,8111
73,6574
73,8760
74,3748
73,8600
73,6707
73,8723
73,8751
73,5760
73,8672
74,2028
73,8213
74,3527
73,6963
74,3066
73,7454
73,7312
73,2952
73,9878
73,7126
74,2106
73,8329
73,6865
74,2912
73,9583
75,1929
73,9755
73,8563
74,1844
73,7784
72,8267
73,6013
73,7748
73,4819
74,0415
74,1748
73,7972
73,8243
73,6337
74,1482
74,6947
73,5580
73,7725
73,9711
73,2116
73,8394
73,1415
73,6653
74,4913
73,4285
73,0513
73,8495
73,8700
74,2908
74,3895
74,1729
74,3788
74,0331
74,6326
74,1378
74,4570
73,5045
74,2085
72,9427
74,0069
73,8346
74,5273
74,1566
73,7362
73,9063
74,2473
74,0578
73,8261
73,7901
73,0832
73,6100
74,0456
73,3839
73,3261
73,6069
73,0018
73,5511
73,7628
74,6991
74,1333
73,5477
73,5086
74,2182
73,9074
73,6318
74,0569
74,4036
73,5344
74,1953
74,0237
73,9655
74,3170
73,4449
73,3515
74,4723
74,3546
73,8862
73,7258
73,8400
73,5150
74,3210
73,9957
74,0984
74,0523
73,9200
74,1509
74,2722
74,0484
74,7017
74,4452
74,0325
74,2101
74,2303
74,4356
73,7807
74,1324
74,1135
73,5499
73,4298
73,7800
74,2756
74,2733
74,0882
73,9271
73,3503
73,6510
73,4306
73,8889
72,8904
73,3594
74,6529
73,7786
73,9059
73,8502
73,4658
73,6540
73,3361
73,7616
73,5564
74,0259
74,7589
74,8373
73,3956
73,2665
73,8858
74,6516
74,7268
73,8976
73,8078
73,3285
73,5056
74,0906
74,5997
73,6492
73,6572
73,0775
74,0901
74,6282
73,4234
73,7185
74,0601
73,9993
73,5275
73,5847
74,3274
74,0297
74,1717
73,8090
73,7473
73,3198
74,2114
73,9981
73,4344
74,1850
74,4368
74,0541
73,7988
73,5334
74,1681
73,4002
73,2429
74,1856
73,8735
73,8520
74,2109
73,8564
74,4997
73,3745
74,4192
73,7659
73,9761
73,9182
74,2114
73,6145
73,6860
73,5521
73,2128
73,8132
74,0515
73,6296
74,7938
73,8215
73,8764
73,5919
74,5082
73,5753
73,7776
74,1666
73,6737
73,7130
74,2784
73,7995
73,9042
74,1983
73,9435
73,7513
73,7093
73,7495
74,7803
74,4448
73,5546
74,3985
74,1026
74,4081
73,8773
74,1970
74,3618
74,4624
73,1657
73,6253
74,5550
73,7124
73,6781
74,1705
74,5290
74,2097
74,2943
74,1890
73,6568
73,7899
74,2020
73,7754
74,0942
73,8206
73,8026
73,4655
73,6473
74,2300
73,7934
74,1153
73,6698
73,4582
73,2275
74,1320
73,9795
73,3699
74,0101
73,8818
74,1512
74,3932
73,8522
73,5101
73,8604
73,6677
74,0067
74,2191
73,5988
73,6291
73,8009
74,0198
74,1649
74,4790
73,8729
73,6729
74,1226
74,5757
74,3848
73,8743
73,8886
73,3327
73,9631
74,0886
73,3577
73,5401
73,6844
73,8573
73,8956
73,7262
74,4078
74,7340
73,9904
73,5913
73,9138
73,7294
73,3004
74,0091
73,8647
74,1868
73,9397
73,5362
74,1828
73,9617
73,6073
73,7087
73,9090
74,2150
73,3255
73,9779
73,8324
73,2221
74,7563
74,6625
74,1212
73,7584
73,4461
73,6427
73,7007
73,6310
73,8881
73,6904
74,4079
73,2319
73,9988
73,7829
74,3320
73,5905
73,5107
74,6630
74,3623
74,3332
74,0984
74,3852
74,1696
74,1009
74,0358
73,8041
74,2187
74,2077
74,2276
74,1616
73,9068
74,0331
73,2871
74,1081
73,8051
73,5473
73,7154
73,9839
74,2406
74,1084
73,6304
74,1850
73,3897
73,6037
74,0337
73,5900
74,2571
74,5447
73,7321
74,0412
74,5663
73,7347
74,0053
74,1437
73,6621
74,0261
73,6004
74,0991
73,6345
73,9511
73,7653
74,1149
73,5903
73,3025
74,1574
73,5989
74,0073
74,2063
73,9618
73,8161
73,8294
73,3564
74,3642
73,8461
74,0467
73,8717
73,8358
74,4441
73,6187
74,1526
74,2512
74,1921
73,8811
73,6161
73,8424
73,4470
73,7687
74,1497
74,1879
74,7227
73,9184
74,1265
73,1880
73,9085
73,8320
73,9640
73,9298
73,9134
73,9281
73,6940
74,2117
73,9330
73,7540
73,5629
73,6045
74,5125
73,9827
74,0452
73,4444
73,8072
73,6899
73,9372
74,0260
74,2188
74,0397
73,5299
74,4540
75,1085
74,7456
74,0302
74,1902
73,9149
73,8104
73,4262
73,5476
73,3917
73,2191
74,1643
74,3608
74,2101
73,7114
73,2461
74,4607
73,7310
73,4779
73,3625
73,3974
74,2248
73,8816
73,6328
73,8783
74,4475
73,5194
73,7206
73,6747
73,7106
74,2889
74,0928
73,5941
73,5611
73,4370
73,7524
73,2355
73,8788
74,3794
73,2050
73,6906
73,8830
73,1428
73,9301
73,8558
73,6405
73,6793
74,5263
73,5478
73,8668
73,9584
73,3324
73,9085
73,9821
74,3010
74,0734
73,8037
73,7763
73,9591
73,8196
73,4231
74,3472
73,8342
74,1022
74,1664
73,6325
73,6540
73,8536
74,4895
73,8117
73,9269
74,4765
74,6938
74,1661
74,5158
74,1684
74,0861
73,7592
73,6170
74,0067
74,0473
74,1305
74,0411
73,8200
74,3144
74,1411
73,8467
73,9164
73,9254
73,7316
74,0089
74,0565
73,5378
73,5384
74,3471
73,7938
73,8530
73,9320
73,9349
74,5860
74,3355
74,1069
74,0714
73,8573
74,3795
74,3832
74,1237
73,9897
74,4808
74,7271
74,5800
73,9489
73,6229
73,8452
73,8413
74,0517
73,4527
74,1239
73,9298
74,1933
73,6828
73,3305
73,7994
73,2946
73,6554
73,6821
73,9191
74,4258
74,1406
73,9870
73,6064
74,0613
73,9371
74,2263
74,0920
74,4418
74,4379
73,3510
73,7625
73,4623
74,2905
74,0756
74,1149
74,2831
73,9497
74,0538
73,5678
74,3016
74,0751
73,6392
73,8842
74,1017
73,7121
73,9140
73,8804
73,4842
73,8903
74,0737
73,7653
74,2006
73,7235
73,2532
73,6697
73,3824
73,1401
73,6707
73,4291
73,3700
74,3858
74,7621
73,5473
73,4006
73,9967
74,3891
74,1503
74,5980
72,9040
74,3416
74,5299
73,7269
73,7152
74,4308
74,1987
74,1496
73,8468
72,9610
73,9619
74,0465
73,5662
74,3912
74,1182
73,7618
73,3225
73,4148
73,6248
73,6105
74,3878
74,0076
74,4081
73,9699
73,6813
73,2859
73,7789
74,5228
74,5502
73,7979
74,5226
74,0358
73,5370
73,9948
73,1552
74,8066
73,8100
74,4297
74,1622
73,4794
74,3683
74,0051
73,8667
73,7061
74,0030
73,9133
74,1698
73,8187
73,6180
73,7487
73,8140
74,0379
73,3374
73,2540
73,5310
73,6222
74,2955
73,0222
73,7236
74,4141
73,8875
73,8609
73,7972
73,7653
73,4201
73,9656
74,2468
74,0947
73,8890
73,8367
73,9016
73,7295
73,3195
74,2778
73,8696
74,0895
73,8066
74,1293
73,1902
73,8578
73,5156
74,1575
73,6676
73,4188
73,1392
74,0350
73,1019
74,0492
73,5911
74,3077
73,2870
73,4874
74,2842
73,5999
73,3306
74,2805
73,8918
73,2214
74,2361
73,9341
73,7784
73,2769
74,2130
73,8145
73,7933
74,0059
74,4852
73,0442
74,4190
73,9416
73,9687
74,2714
73,5074
73,8981
74,1046
73,5206
74,7084
74,3393
74,0963
74,2553
73,6563
73,8119
73,3556
74,0024
73,6000
73,3880
73,4137
73,4342
74,1152
73,5171
73,9774
73,7272
74,5429
74,1010
74,1083
74,2934
74,0535
73,7351
73,9396
73,7963
74,0511
73,6669
73,2802
73,1469
73,8006
74,2258
73,8240
74,0094
74,0698
74,0618
74,6779
73,4239
74,1724
74,4165
74,0678
73,6763
73,2604
74,1732
73,5603
73,4949
73,8481
74,5896
74,3132
74,5012
74,4529
73,8128
74,5075
74,5240
73,8357
73,2661
73,7345
73,8803
73,3781
74,0174
73,7845
73,2622
73,7819
73,9699
73,7146
74,6727
74,0609
73,8720
73,8094
73,9987
74,0961
73,8489
73,6070
74,0043
73,7947
73,7556
73,6887
73,6394
73,5777
74,1026
74,0629
74,2516
73,3186
73,5800
73,9490
73,8998
74,0463
73,7977
73,8225
72,9647
73,8023
73,4446
73,7817
74,0397
73,8559
73,5465
73,2137
74,1928
74,0073
73,8424
73,5874
74,2768
73,4586
73,2087
74,2558
74,3066
73,7673
74,0909
74,3777
73,8013
73,9771
73,6798
73,5271
73,8266
74,0005
73,8366
73,4621
73,9139
74,3940
74,4702
74,2617
73,8254
72,8950
74,5305
74,0768
74,2056
73,2889
73,2913
73,7257
73,8147
74,2365
73,6629
73,8482
74,3201
73,3301
73,7165
73,4570
73,6610
74,0236
74,0737
73,9409
74,0008
73,7746
74,3489
73,8533
73,6180
73,8499
74,1394
73,1135
74,2287
74,3432
73,6008
74,2179
73,9789
73,6809
74,2435
73,9794
73,7848
73,9982
74,1595
73,8371
73,6211
73,9690
73,4143
73,7464
73,7664
74,2302
74,2433
73,7234
74,0366
73,4074
73,1981
74,3808
74,6940
73,5958
74,2477
74,2478
73,7892
74,2207
74,7354
73,6128
74,2905
74,6921
73,4700
73,4849
74,2802
74,7424
73,6148
74,2078
74,5802
74,6675
73,2107
73,8735
73,8038
73,9556
73,8675
74,4404
73,6387
73,8340
73,3982
74,2489
74,7090
73,3652
73,9143
73,7429
73,9589
73,9952
73,9778
73,8557
74,0324
74,2190
73,4192
74,5874
73,6570
73,7503
73,4392
74,0293
73,3999
74,2254
74,2252
73,4690
73,5253
73,5636
73,8684
73,2957
73,5912
74,0459
74,5705
74,4677
74,0006
73,5435
74,0253
73,5492
73,5085
74,4211
74,1774
73,6137
74,4024
73,7088
74,0570
73,6770
73,7896
73,3292
73,9690
74,4564
73,9088
74,3095
73,1318
73,2965
73,7740
73,8117
73,7992
73,2089
74,1873
73,7373
74,4988
73,8055
74,1382
73,1451
74,5296
74,1587
73,9144
74,6157
74,1682
74,1072
74,4876
74,2051
74,4001
73,3219
74,0226
73,4454
74,0439
73,4453
74,4061
73,5529
74,0711
73,7127
73,9888
74,1767
73,7037
73,8933
73,8787
73,7001
74,3046
73,4325
73,4899
73,5710
74,1783
73,6688
73,6486
73,7661
73,1749
74,1650
73,8090
74,0649
74,1699
74,1410
74,2668
73,6765
74,1828
74,0845
74,0227
73,0102
73,4687
74,3723
74,0949
73,8495
73,6852
74,8165
73,9040
73,2236
73,7973
73,9341
73,8699
74,1792
73,6898
74,0915
74,3331
73,5766
74,0211
73,6490
74,2604
73,2637
73,1824
73,7466
73,4274
74,2520
73,1855
73,7523
74,2988
73,5593
73,6740
74,1173
74,6048
74,6286
73,9778
73,7393
73,9141
74,3321
74,0039
74,0003
73,8052
73,9288
73,5075
73,5223
73,7719
73,6186
73,4413
73,7007
73,8268
74,2384
73,0906
74,4292
74,1280
74,1643
72,8568
73,1209
74,4641
74,1660
73,4454
74,5537
74,5279
73,7757
73,8234
73,6518
73,5845
73,8944
73,4297
73,4923
73,9743
73,5526
74,2369
73,6317
74,0190
74,1974
73,3070
74,3206
73,3968
73,4767
73,8305
73,4598
73,3828
73,5610
73,2131
73,6664
74,0145
74,7411
73,3964
73,6428
73,8697
74,1882
73,7007
73,6526
73,7155
74,0002
74,0375
73,5529
74,0308
74,2971
73,3837
74,0954
73,3418
74,0078
74,0536
74,2779
73,7476
73,7288
73,9524
73,9488
73,3605
74,3643
73,8333
74,0534
73,6583
73,4692
74,3679
73,8373
73,6864
73,8866
73,4138
74,5089
74,2668
73,9370
73,9838
74,0771
73,3968
73,8534
73,6294
73,8376
74,6005
73,5813
74,0873
73,4738
73,7605
73,5041
73,5633
74,8038
73,3886
73,9109
74,2327
73,3187
74,3139
73,7209
73,2389
74,1125
73,5269
73,7838
74,2112
74,2620
73,9957
74,5524
73,9732
73,8018
73,9127
74,2483
74,1967
73,0397
74,1706
73,9891
73,1053
74,4935
74,3594
74,4273
74,1286
73,2753
73,6569
73,8122
73,8091
74,5343
72,8947
73,5147
73,9475
74,0076
73,8951
74,5395
73,6247
74,1197
73,7409
73,1266
74,1355
73,8702
73,9586
73,7439
73,7534
73,6346
73,0121
73,9655
73,3804
73,7341
73,7206
74,6320
73,9628
73,9206
73,7648
73,3138
74,0249
73,8871
73,9858
73,8530
74,3292
73,8461
73,8620
73,6851
74,1343
73,9403
74,5492
74,2580
74,4497
73,9125
73,8646
74,3087
73,3668
73,3502
73,0374
73,1723
74,0161
73,2205
73,6127
73,8048
74,3005
73,6882
73,6585
74,2817
73,5105
74,2783
73,5785
74,6659
73,8232
74,2065
74,3640
73,6341
74,8427
72,9143
74,0221
73,2192
72,8800
74,4903
74,6619
73,9616
73,0218
73,7487
73,6558
73,5816
73,8667
74,3847
73,2706
73,7252
74,1761
73,7404
73,5240
73,3890
73,7825
73,7263
73,3296
73,9959
73,6362
73,9320
74,0409
73,8575
73,5156
73,5802
74,0744
73,8555
73,7253
73,6689
73,4366
73,7498
73,8628
73,7062
73,9903
74,2522
73,5354
74,0012
73,8938
73,9429
73,8921
74,0526
73,8900
74,2482
73,9450
72,8562
73,7742
73,6897
74,0505
74,1448
72,8842
74,0474
74,2811
74,8060
74,0982
73,9225
74,5056
73,7157
74,0002
73,4775
73,7704
73,8271
73,9467
73,9323
73,7572
73,9316
73,5299
74,2084
74,1045
74,1900
74,0837
74,3842
74,2792
73,8880
73,8990
73,7881
74,0251
74,3403
73,6734
74,2070
74,1432
73,5965
73,5151
74,0721
74,4876
73,8831
74,6779
73,9269
74,1223
74,6254
73,7046
73,8314
74,2257
74,1759
74,2714
73,5406
74,0193
73,8315
73,9706
74,3391
72,8996
74,3149
74,2549
74,1233
73,2813
73,3637
73,9574
74,0757
73,6995
73,8814
73,7032
73,8734
73,9834
73,6369
74,0995
74,0439
74,3743
73,6085
74,2246
73,7196
73,6418
73,8819
74,0858
73,7219
73,5872
74,1130
73,7320
73,9165
73,3887
72,9615
74,0693
73,8664
73,7345
73,9864
73,8012
73,7579
73,6571
73,9958
73,5790
73,6601
73,9002
74,1027
73,1417
73,1717
73,1722
73,6577
73,5343
74,5192
73,5685
73,7668
74,2512
74,2071
74,0305
74,8423
74,3628
74,1237
73,5548
73,2415
73,4889
74,1173
74,0649
73,7740
73,5728
74,1334
73,7080
74,5700
73,7253
74,1072
73,5924
74,3314
73,9141
74,2305
74,0529
74,5983
72,9964
73,8695
74,5242
74,1488
73,9664
73,9466
73,3007
74,3929
73,7424
74,2027
73,9882
72,9856
73,6612
74,6724
74,0958
74,2460
73,9393
73,8578
73,2192
73,5454
73,8246
73,8698
74,0277
73,7086
73,8028
73,6896
74,0054
74,1409
74,0079
73,3804
73,6866
73,5247
73,6959
74,2607
73,4353
73,9812
74,0028
73,9579
73,4524
74,2602
73,4161
73,5945
74,1769
73,5361
74,3013
73,7934
74,0799
73,9274
74,3642
74,1318
74,2091
73,8974
73,2885
73,3518
73,4664
73,7917
73,4514
73,8604
73,6818
74,2356
73,6993
73,9188
73,7349
74,4310
73,3483
74,3579
74,4814
74,2300
73,7809
74,2055
73,7801
73,6578
73,3703
73,6786
74,0222
73,6139
74,9002
73,6359
74,7800
74,4088
74,3992
73,6808
73,3029
73,8980
74,1485
73,5355
74,0240
73,4564
74,0037
73,9364
73,4845
73,3662
73,7785
73,4801
74,1090
74,4190
73,8882
73,8498
73,3257
73,9730
74,0158
74,0723
73,9306
74,0351
73,7772
74,4044
73,7886
73,9707
73,7315
73,9396
73,7972
73,7584
72,9956
73,6255
74,2594
73,5817
73,8172
74,1409
73,5512
74,1694
73,4070
73,4305
74,3176
73,0050
73,8592
74,0560
73,9570
73,8389
74,0835
73,9908
73,8854
73,6843
73,4621
73,6591
74,0682
73,6316
73,6603
73,8888
73,6572
73,8853
73,8908
74,0191
73,5331
73,4958
74,3793
73,8244
74,3268
74,1535
73,6039
74,2139
73,4724
74,1176
73,8639
74,6429
74,3182
74,0535
73,8302
74,3320
74,0708
74,6284
73,7960
73,8829
73,5041
73,7782
73,7721
73,7165
74,1838
74,2772
73,7956
73,9385
73,2292
74,2359
73,3145
73,8795
73,7420
73,8651
74,1467
74,4759
73,2930
74,0314
74,3097
74,5938
73,5960
74,0829
74,1191
73,8705
74,0113
73,9244
74,0337
73,8989
73,5877
74,0721
73,5460
73,6535
73,7064
73,7460
73,8047
73,6997
73,9688
73,2149
73,2811
74,4824
73,7971
73,5991
74,2661
73,2517
73,7030
74,0852
74,3582
73,6811
73,6896
73,5020
74,0120
73,7013
73,0289
74,2197
74,2450
73,7802
74,1598
73,6311
74,4848
73,3077
73,5025
73,4557
73,8515
74,4980
73,3867
73,9018
73,6138
73,9773
74,2490
74,0402
73,4418
74,4006
74,0313
74,2588
73,5904
74,0233
73,6104
74,2649
73,7127
73,7471
74,3423
74,1726
74,2859
74,2958
73,7663
73,7041
73,1761
73,5352
73,5556
73,9046
73,7469
73,8877
73,3701
74,1880
73,2743
73,6318
72,9019
73,0739
73,7393
74,4250
74,4068
74,5515
73,7123
73,7297
73,6997
73,3009
73,8697
73,8917
73,8948
73,9835
74,5843
73,5250
74,4385
73,7643
74,3297
73,5373
74,0227
73,9912
72,7109
73,5693
74,1750
74,1048
73,2290
73,0172
74,0716
73,8782
73,6302
74,0438
74,3783
73,7878
73,5767
74,1167
73,8696
74,1194
74,3778
73,9023
73,7975
73,3675
74,2295
73,6131
73,3694
73,9787
75,3504
73,6085
73,6838
74,2565
73,6928
73,8665
73,7092
73,4532
74,0515
74,1515
73,3154
73,8016
74,2642
73,8024
74,5239
73,9629
73,9167
74,0859
74,4418
73,6611
74,5189
73,8065
74,4361
74,8868
74,0222
73,8698
74,2707
73,9600
73,7563
73,5389
73,8775
74,1141
73,9868
74,0119
74,0475
73,2696
74,8712
73,3482
74,3050
74,0646
73,8418
74,0002
72,9267
73,3141
73,9272
73,8977
73,8192
73,3306
74,4482
74,1071
73,5801
74,4323
73,8201
74,6904
73,9780
74,3091
74,1353
74,3005
73,8047
74,2233
73,5493
72,8158
74,2204
74,0803
73,7391
73,6413
73,5660
73,5948
74,1293
73,6302
74,0562
73,7170
73,3428
74,0112
73,3477
73,6245
74,0315
73,9626
74,1762
74,0034
74,0128
74,0827
74,1907
74,5177
73,7421
74,1615
73,5945
73,5047
74,0206
73,3484
73,6256
73,9044
73,6960
74,2649
74,0355
74,2231
74,0040
73,7448
74,2380
74,0526
73,9851
73,5763
73,3295
74,3766
74,5358
74,5604
74,1134
73,3305
73,8972
74,5055
74,1894
74,0104
74,1979
73,4983
73,6046
73,9056
74,2129
74,4137
74,1866
73,9544
74,3832
74,7489
73,9350
73,7307
74,3173
74,0644
73,3750
73,7730
73,9088
73,9856
73,7867
74,2521
74,3400
74,1820
74,0613
74,7069
74,0653
73,9627
74,1856
74,3758
73,6153
74,1282
73,6832
73,2583
73,7423
74,0975
74,0836
74,1185
73,6258
74,2500
73,5940
74,0794
73,4403
74,3729
73,9145
74,0110
74,2627
74,2662
73,5090
73,9366
73,8960
74,0525
73,9151
73,7190
73,8294
73,2367
73,9422
73,6728
73,9809
74,0463
73,9130
73,4798
73,9633
73,4476
74,3793
73,9017
74,1446
73,6180
74,3715
73,6154
73,9081
74,2464
73,9146
73,7126
73,5943
73,7468
73,5671
73,5019
73,8056
73,1822
73,8397
73,2396
73,9320
73,9909
74,2365
74,3653
74,0120
73,4510
73,5470
74,1916
74,0306
74,6354
73,5533
73,5565
74,3051
74,4199
73,5281
73,1740
73,8014
74,0678
74,3717
74,0607
73,4124
73,9860
73,7143
73,7371
73,3834
74,2678
73,5497
73,5351
73,4966
73,9863
73,8242
74,5454
72,9522
74,3788
73,8293
74,1912
73,5132
73,9308
74,8928
73,6028
73,7827
73,9698
73,8958
73,3558
73,4703
73,7740
73,9304
73,9337
72,7035
73,9992
73,4440
73,8654
74,3922
74,6958
73,6765
74,2897
74,5726
74,5056
73,8389
74,0331
74,0521
73,7662
73,6868
74,0338
74,6536
74,2346
74,1314
74,4872
74,3643
73,4965
73,9358
74,3031
74,5947
73,9575
73,2087
74,3142
73,8347
73,6325
73,5111
73,9326
74,1601
73,3160
74,0900
74,4708
73,0317
73,3262
74,3072
73,2582
74,0356
73,3708
74,2884
73,8574
74,0450
73,6727
73,7488
73,5081
73,3020
73,6284
73,7776
73,8366
73,8393
73,6056
74,2632
73,9993
73,8774
73,6852
74,1827
73,6159
73,6024
74,2431
73,8959
74,0707
74,3073
74,0981
73,6794
73,6023
73,9727
73,3382
74,4430
74,2757
73,8322
74,1384
74,2765
73,6698
73,0651
73,8389
73,5266
73,7865
73,5548
73,0186
74,0027
73,9196
74,7711
74,8162
73,9998
73,8507
74,1831
74,0506
73,3880
73,5549
73,6573
73,7851
73,3130
73,8397
74,3568
74,0368
73,7572
74,5976
74,2883
73,8274
73,8772
73,8054
74,7350
73,5156
74,2794
74,0591
74,0981
73,4197
74,4105
73,8438
73,6361
74,5475
74,0571
73,5777
73,8038
73,1330
73,9618
73,7738
74,0529
74,0998
73,4674
74,1771
74,7021
73,9054
74,1770
73,5493
74,1764
73,9399
73,8924
73,7208
73,5497
73,9837
73,2729
73,7542
73,8998
74,1059
73,8642
74,1062
73,1304
74,3500
74,6341
73,1300
73,9292
74,0447
74,2992
74,0408
74,2530
73,4891
73,8297
74,3104
73,8392
74,1320
74,2723
73,4803
74,7061
73,9432
73,7218
74,0376
73,8175
74,0350
74,0095
74,2588
73,7504
73,9802
74,1172
74,3268
74,3167
74,4298
73,5145
73,9040
73,8570
73,9482
74,1430
73,9853
73,8026
74,0121
73,8778
74,5159
73,2384
73,9635
73,5897
73,3703
74,2632
73,9030
73,7697
73,3657
74,0362
73,5812
74,2778
73,1463
73,5096
74,1051
74,2702
73,9351
73,8754
73,0695
73,8419
73,7865
73,3269
73,8952
74,3848
74,0882
73,9847
73,9916
73,7124
74,0634
73,9874
73,9457
73,9382
73,8032
73,5675
74,0975
72,9791
73,1296
73,7491
73,9509
74,4569
73,1818
73,9987
73,3551
74,3914
73,6339
74,1984
74,0659
73,6348
73,7950
73,8711
74,0723
73,2726
74,3525
74,2187
74,1540
74,2122
73,4262
73,9234
73,7984
73,8425
74,0562
73,7229
73,8764
74,5635
73,6062
73,5396
74,7674
73,8969
74,0138
73,7149
74,1144
73,1145
73,5404
73,3415
73,8047
73,4787
73,6390
74,0531
74,4742
73,9654
73,7642
73,8630
73,2372
74,3158
74,3957
73,7367
73,9961
74,0750
73,7174
74,4387
73,8764
73,7750
73,5761
74,2506
73,5649
74,0027
73,8486
73,9911
74,5800
73,8862
74,2886
74,1563
73,4584
73,6889
74,3014
73,9864
74,3344
74,5955
73,8295
73,6269
73,8910
73,4697
74,2595
74,0119
73,6241
73,9021
74,7721
74,4256
73,8491
73,7234
73,7973
74,2180
74,0697
73,5312
74,0840
74,0282
73,5527
73,7818
74,1940
74,2383
73,8605
73,9331
74,2450
73,8449
73,7770
73,9876
73,0984
74,4062
73,2260
74,5441
73,6198
74,0307
73,9262
74,1162
73,3736
73,7290
73,4811
74,0406
73,5649
74,3033
73,6377
73,8757
73,9843
73,5039
74,2169
73,8278
73,8227
73,4315
73,5054
74,1802
73,4514
73,5231
73,8925
73,2850
73,6333
73,2839
73,7516
74,3095
73,8219
73,4563
73,8854
73,7099
74,2942
73,4301
73,5016
74,2114
74,5385
74,1272
73,7902
73,7665
73,9891
74,1000
73,9397
73,6663
74,2693
73,8745
74,7767
73,5249
74,2751
74,0587
73,8493
74,0516
74,8219
74,0513
74,0133
74,2141
73,7797
73,8415
73,3624
74,1282
74,1117
73,3750
73,7491
74,2076
73,3416
73,6495
73,8513
74,1872
73,9721
74,0281
73,8019
73,4471
73,7221
73,8765
73,5475
74,2376
73,8512
73,6740
74,2115
73,8636
74,2644
73,9917
73,6789
73,6004
73,9790
73,2633
74,1213
73,6856
73,7379
73,2694
73,7144
74,5175
73,7700
73,5687
74,2795
73,7023
73,9566
74,1313
73,9571
73,0748
74,1090
74,1638
74,8453
74,2357
73,3624
73,8066
73,9818
73,1015
73,9570
73,7913
74,4522
73,6197
74,3369
73,1936
74,5328
74,1049
73,6241
73,7148
74,7078
73,9832
74,1419
74,4305
74,1630
73,7854
74,7288
74,1962
74,0404
73,8998
73,5839
73,3107
73,8747
73,7068
73,8363
73,7053
74,4650
73,8916
74,2026
73,5459
74,6765
74,0777
73,3942
73,4734
74,0754
73,9610
73,4681
74,0150
73,7314
73,5988
73,6002
73,3067
73,4742
73,2992
73,4843
73,8946
73,8961
73,8768
73,3743
73,9644
74,4061
74,2518
73,7289
75,0278
74,0944
73,4186
74,5508
73,9626
74,5323
74,4550
73,2460
73,4041
74,7164
74,2870
73,6129
73,8514
74,0303
73,5448
74,0923
73,5639
74,3491
73,9108
73,6201
74,2630
73,6437
74,0037
74,3910
73,9368
73,3057
74,1188
74,1871
74,1348
73,8621
73,8778
74,1816
74,0727
73,9014
74,0090
73,6535
73,9548
73,6548
74,0160
73,7621
73,4894
73,8158
73,4809
73,7119
74,0055
73,6351
73,4642
74,0332
74,2570
73,8394
74,0833
74,0027
73,6272
74,1526
73,5839
73,4309
73,8302
74,3903
74,2666
73,8999
73,8186
73,9118
74,4830
73,7063
73,4528
73,2378
74,1363
73,8669
73,7590
74,0026
73,9613
73,2248
73,8447
73,6475
74,1702
73,6527
74,4445
74,2425
74,1670
73,7790
74,1217
73,8556
74,3016
74,1932
74,3371
73,8965
74,1587
73,4244
73,2295
74,1555
74,0560
74,0356
74,1346
73,7507
73,5663
73,5941
73,9894
74,2395
73,3381
74,1346
73,4210
73,9721
73,4872
73,5908
74,0199
73,9932
74,4149
74,3189
73,9041
74,0526
74,2310
74,1743
73,3627
74,5023
74,1338
73,7719
73,1889
74,0952
73,9998
73,5596
74,5343
74,4457
73,9948
74,0108
73,7447
74,3707
73,9599
73,6832
74,5009
73,4213
73,3194
74,4408
74,2005
73,7146
73,8273
74,4324
73,5255
74,0077
73,9664
73,9412
74,0015
73,8034
74,0542
73,3285
74,2779
73,9451
74,1086
73,9966
73,3814
74,2101
73,3666
74,2288
74,4582
73,5752
74,1226
73,6858
73,9167
73,2962
73,3975
74,0690
74,5369
73,7299
74,1556
74,0546
72,8435
73,5953
73,9596
73,5072
73,9358
73,6357
73,6876
73,2557
74,8637
74,1542
73,8288
73,6546
73,9235
73,6123
73,6610
73,9730
73,9921
73,8117
73,3745
73,7742
72,9872
74,3244
74,2593
73,4448
73,4338
73,3060
73,4018
73,5674
73,7402
74,2153
73,4973
74,4772
73,1503
73,1184
74,0363
73,6039
73,6652
73,4888
73,6194
73,8917
74,0477
74,3094
74,1112
74,0611
74,0871
73,9774
73,2306
74,2122
73,9990
73,3562
73,5880
73,7828
73,3776
73,6898
73,8011
74,5638
73,6853
73,7217
74,1052
73,6172
73,6349
73,9464
74,5910
74,0962
73,8147
74,6577
73,5364
73,7223
74,0825
73,8282
73,6314
74,0962
73,7503
74,3187
74,1148
73,6994
73,8247
73,6724
73,6037
74,0706
73,8955
73,4519
73,1846
73,9438
72,9309
73,8698
73,9059
73,3643
74,6028
73,7659
74,0574
73,8493
73,8444
74,2011
73,6670
74,4388
73,9659
73,8790
74,3454
73,7441
73,7534
74,2509
74,1430
73,9212
74,1161
74,1132
73,6217
73,8632
73,8523
73,9457
74,9560
73,7832
73,6209
74,1396
74,1168
73,1400
73,6885
73,5263
74,0780
74,2528
74,0800
74,4045
74,2926
73,8264
73,9257
73,4569
74,2171
73,9435
73,6023
73,7756
73,9340
74,0890
74,1563
73,8315
73,4075
73,3013
73,7533
73,9236
73,4019
74,0632
74,2979
73,4256
73,7100
73,5618
74,0185
73,5984
73,7596
74,2342
74,2738
73,4659
73,6124
74,1454
73,7392
73,2982
74,1442
73,5548
73,9694
73,4520
73,7831
74,3593
73,9175
73,9897
74,5583
73,8925
74,1525
73,7948
73,8856
73,6044
73,2871
72,8495
74,2211
73,7101
73,5960
74,0618
73,7354
73,6597
73,9037
73,9455
74,3552
73,6997
73,3522
74,0524
72,9654
74,0716
73,9147
74,1774
73,8278
73,3290
73,9500
73,8173
73,7707
74,5563
73,7362
73,5427
73,7415
74,2697
73,9239
73,6319
74,0348
73,6716
74,1560
73,9245
73,5714
73,0464
73,8770
74,1680
73,8474
74,2066
73,5842
73,6443
73,6832
74,0178
74,3051
73,8787
74,3825
73,3344
74,5276
74,1456
74,1965
73,7702
74,0519
73,6343
73,9943
74,2298
73,8244
73,8703
73,0560
74,2966
74,4231
73,9020
73,4087
74,1233
74,0621
74,2302
73,8358
74,3296
73,6021
74,0756
74,2340
73,6231
73,3060
73,9114
73,9123
73,3891
73,8270
73,6532
74,0734
73,5549
73,5529
73,2482
74,7712
73,4577
74,2624
73,9192
73,2437
73,8688
73,8772
73,7710
73,8551
73,2054
73,7546
74,4461
73,5241
73,7090
74,5083
73,0620
74,3015
73,8452
73,8613
74,5071
74,2540
73,5506
73,9663
74,1883
73,3495
73,9576
74,2106
74,0653
74,4707
74,0355
74,0207
74,1793
73,3558
73,5475
74,4723
74,1684
73,4979
73,9519
74,5875
73,9422
74,4012
74,4305
73,7187
74,0974
73,8142
74,0212
74,1441
73,9981
74,3567
73,6730
73,4968
74,4768
74,0112
74,3868
74,0787
73,9898
74,5354
73,9599
74,0415
74,0194
73,8402
73,6990
74,6694
73,2990
73,7856
73,9127
74,3765
73,8269
74,3778
73,9448
74,5105
74,2800
73,5245
74,2121
74,2056
73,8423
73,2619
73,9946
73,6418
74,1599
73,7991
74,5100
74,0565
73,3512
73,6265
74,3806
73,7664
74,0609
73,5591
73,8792
73,9442
73,3692
73,8347
73,5925
73,9852
74,2701
73,8587
73,5823
73,6309
73,7171
74,2032
74,1261
74,3455
73,7502
74,6162
73,4869
73,5787
73,9344
74,1632
74,1205
73,6270
74,1615
73,7753
74,0748
73,3398
74,0106
74,0141
74,0842
74,2313
73,6243
73,8468
74,1930
73,5466
73,8913
73,9205
73,1254
74,1818
73,3265
74,1301
74,1895
74,0877
73,6334
73,5986
73,4265
73,8772
74,6608
74,2800
73,9501
73,8103
73,6364
73,6513
74,1541
73,9086
73,9765
73,6852
74,1490
73,4191
74,1578
74,4656
73,7770
73,9676
74,4675
73,2927
74,0806
74,1597
73,8859
74,6693
73,4520
73,4073
74,1888
74,3850
74,4457
73,8707
74,1656
73,8281
74,1642
73,7748
74,3914
74,1190
73,7677
74,1096
74,0686
74,1892
73,8867
74,0070
73,9073
74,0898
74,0265
73,8828
73,5761
74,1044
74,2800
74,4029
73,4117
73,9818
74,2250
73,7002
73,9370
74,0753
74,3102
73,4511
73,7800
73,6973
72,9466
74,1001
74,2727
73,4960
73,9734
74,9033
73,4215
73,9972
74,0301
73,7332
74,0808
73,5985
74,5623
74,5096
73,4717
73,6091
73,3612
73,7243
73,9180
73,4611
73,6614
73,8115
74,3953
74,1286
73,4879
73,8597
73,8187
73,3874
74,1223
74,2112
73,7750
73,7633
74,2209
74,0525
73,8916
74,3222
73,6818
74,7635
74,5299
73,8884
73,9480
73,8206
73,8704
73,6682
74,2491
73,5893
74,4371
73,4798
73,7119
74,1294
73,5418
73,8854
74,2452
73,7786
73,7305
74,3527
74,0106
74,1387
73,7107
74,1029
73,9647
74,3982
74,0006
74,0597
73,5749
73,2216
73,6869
73,5394
73,9841
73,7706
73,8236
74,4118
73,5477
73,3116
74,5100
74,5280
73,8816
73,8258
74,0306
73,4425
74,2463
73,7462
73,8597
74,1559
73,3484
73,4574
74,9915
73,2114
74,6454
74,0421
73,9120
74,0683
73,8656
73,7488
74,2441
73,6711
74,1480
73,9897
73,2777
73,5346
74,1178
73,9250
73,5230
73,6800
73,4103
74,3390
73,5983
73,6681
73,8760
73,1223
73,8546
74,0809
74,3411
74,0161
73,8195
73,4080
73,4599
73,1770
73,6713
74,1345
73,7119
73,6641
74,0497
73,6405
73,3563
73,6762
72,9818
73,6591
73,5180
73,7149
73,3792
73,9505
74,0677
73,6598
74,0392
73,5222
73,9647
73,8065
73,8742
73,9265
74,1871
73,7659
73,8142
73,3566
74,3954
73,6260
73,4730
73,1182
73,9570
73,8445
73,9300
73,6674
74,1754
73,4807
74,2580
73,5234
73,7247
74,0084
73,4334
73,9546
74,3866
73,8629
74,4427
73,5341
74,1332
74,6684
73,7013
72,9782
73,9697
73,6786
74,3184
74,0998
73,9676
74,3941
74,1924
73,7334
73,4510
73,7251
74,4660
74,0660
74,5311
74,0139
73,3147
73,6384
74,2391
73,7253
73,6261
74,0989
74,3545
73,5852
73,7978
73,7703
73,4685
73,7535
73,9301
73,6309
73,3128
73,4184
73,4803
73,9037
74,0918
73,0853
73,3787
73,6029
74,1168
74,0531
73,7398
74,2788
73,8932
73,8416
73,2302
74,1694
74,0318
73,9481
74,1884
74,4634
73,3693
74,2274
73,5678
73,7264
73,5599
73,7068
74,1696
74,1847
74,2807
73,8521
74,4647
73,8719
73,9991
74,3951
73,7212
73,9259
73,7637
73,9906
73,5489
73,6825
73,6129
73,3322
74,0108
73,8854
74,8058
74,0085
73,9679
73,8593
74,1659
73,6698
73,6741
73,3917
74,1428
73,9958
73,7694
73,6133
74,1783
74,3097
74,0592
73,8004
73,0773
73,2689
74,4389
73,0961
74,4343
73,1566
73,6089
73,6897
74,3378
74,3005
74,0799
74,0747
73,3811
74,0766
74,1291
74,0810
74,2071
73,9768
74,0181
73,8183
73,5887
73,8027
73,9807
73,8990
74,0576
73,8618
74,3326
73,4898
73,7639
74,1086
73,4155
73,2114
74,0791
74,1802
73,6491
73,7232
73,8060
73,8483
74,0990
74,0705
74,0215
73,6754
73,3704
73,8709
74,2820
74,4546
73,2917
73,4137
74,1021
74,0899
73,7907
72,9674
73,4192
73,7117
73,9807
73,6532
74,8026
74,3377
73,6091
73,6510
74,0131
73,7905
74,4406
73,5957
74,5596
74,4310
73,7464
73,3383
73,8777
74,0900
73,9982
73,7619
73,7015
74,1479
74,0695
73,6520
73,9194
73,5648
73,3891
73,9758
73,5821
73,6788
74,5145
74,4442
73,8196
73,7671
74,6126
74,1776
74,3465
73,6749
74,2835
73,5479
73,4506
73,6352
73,8335
74,1258
73,4353
73,8108
73,4140
73,5742
73,6421
74,0408
73,9229
73,2772
73,8836
73,8763
73,8184
73,7151
73,6109
73,7783
73,3974
74,0647
73,9441
73,8988
74,3479
73,6615
74,1580
74,4224
73,5449
74,2609
73,7469
73,9872
74,0149
73,8314
73,6781
73,6273
73,5276
73,5643
73,7514
74,0168
73,1834
73,8847
74,1279
74,4444
73,8735
74,0503
73,8053
73,8574
74,3035
73,7378
73,8052
73,6665
73,3433
73,7354
73,7363
73,4389
74,1245
74,2600
74,2276
74,0526
74,0629
73,7452
74,1417
73,3409
73,8616
73,7274
73,9859
74,1625
73,4389
73,9224
74,2173
74,3715
73,8712
74,4216
73,3291
73,7205
73,6705
74,9195
74,2114
73,8421
74,6647
74,0553
74,0875
73,9760
74,0716
73,9496
74,0987
74,0348
74,0492
73,6958
73,8225
74,0549
73,4072
73,9899
74,0362
73,7314
74,0618
74,4889
73,3107
73,1718
73,6389
73,9137
73,3211
74,5800
73,9468
74,3805
74,0487
73,7402
73,9037
74,2129
73,7585
73,5836
73,7550
73,6574
74,1105
73,7706
73,7984
73,7701
73,4981
73,4979
74,0372
73,7992
73,7401
73,8155
73,7781
74,2433
73,4433
73,6033
74,0263
74,2928
74,1683
73,9471
73,3965
74,1846
73,5507
73,6713
74,1973
73,7460
73,2810
73,4437
74,2075
73,4329
73,7147
73,8235
73,6590
73,5295
73,8712
73,8381
73,6227
73,6501
73,8646
74,2516
73,9502
73,4368
74,0632
73,6566
73,8885
73,9360
74,0113
73,9130
73,0314
74,3662
74,5149
74,0658
74,1466
73,4823
73,8583
74,5107
74,0218
73,4132
73,4679
74,0236
73,8163
73,8471
73,5859
74,3199
72,8752
74,6009
74,2812
74,4790
73,5207
74,3677
74,0243
73,6023
74,1676
74,3392
73,6261
73,9415
73,2866
73,9820
73,7535
74,8870
73,5428
73,4345
74,5203
74,0925
74,2932
73,0684
74,2248
74,2134
73,8403
74,0937
74,0784
74,2044
73,9207
73,5995
73,8192
73,4947
73,8212
73,7783
73,8652
73,9894
73,7190
73,9344
73,5948
73,1202
74,7540
73,9526
74,3614
73,3241
73,7819
73,9781
74,2276
74,2136
73,9208
74,3097
74,6249
73,6975
73,8601
74,1075
73,3991
73,1710
74,0907
73,9001
73,8686
73,3557
73,8799
73,7991
73,9919
74,0689
73,9339
74,0901
74,3176
73,7364
73,5716
73,9474
73,9604
74,3478
73,8874
74,1414
74,2997
73,9703
74,3820
73,7245
73,8613
74,1724
73,5565
73,8334
74,0304
73,9375
73,3338
73,9097
73,9323
74,2097
74,0971
74,1588
73,6582
73,4199
73,4892
74,1644
74,7196
74,2101
74,3126
74,5199
74,6791
73,9203
73,9571
72,8799
73,7586
73,9486
74,5861
74,2750
73,6322
73,6631
74,1186
74,5327
74,3941
73,8226
73,6123
73,9745
73,9665
74,3503
74,1541
73,9303
74,0199
74,3538
73,3896
74,1293
74,1665
74,1523
73,6675
73,6739
73,8068
73,7867
73,8251
74,0617
74,1969
73,3046
74,2774
73,5809
74,0629
73,3956
73,8403
73,7562
74,4113
73,9654
73,9086
73,9958
73,9155
73,4860
73,1876
73,6704
73,9271
73,9313
73,4819
74,0954
73,5539
73,5187
73,6273
74,5416
74,2021
74,2811
73,9129
73,2398
73,6368
74,0238
74,1446
73,9099
73,9074
74,0396
73,8609
73,9915
73,1704
73,0075
73,1500
73,4490
74,4489
73,9892
73,2052
73,6331
73,0262
73,7256
74,0960
73,3764
74,0138
73,7694
73,7496
74,1560
74,1732
73,8906
73,8524
74,2170
73,8394
74,1880
73,4385
73,2372
73,5207
73,9690
74,2443
73,5218
73,9758
74,0012
74,4246
74,3056
73,9222
74,4017
74,0029
73,2023
74,0035
74,3179
74,0454
73,9936
73,8604
73,8659
73,7307
73,9032
73,7929
73,8744
74,5829
73,8227
74,0571
73,9881
74,0526
74,2261
73,3292
73,7111
74,0437
74,2898
74,1880
73,9045
74,1915
73,5665
74,1562
74,4291
73,8295
73,6165
73,9927
73,7074
74,6454
73,9650
74,3345
73,3478
73,1812
73,9661
73,6485
74,2676
74,0523
74,1890
73,8983
73,6889
73,6584
74,1381
73,6346
74,7227
74,4713
73,6815
73,6650
73,7563
73,4033
73,0702
74,1884
73,9358
73,5175
73,8806
73,4667
74,0381
74,0234
73,7512
73,5608
74,3923
73,3562
74,3501
73,6736
74,5378
73,4851
73,7138
73,6663
73,7766
73,5625
73,7355
74,0789
73,9440
74,1375
73,8849
73,7178
73,6520
73,9799
73,8590
73,6887
74,2566
73,8018
74,1373
73,8335
73,8874
74,2143
73,8963
74,2026
73,9908
73,9242
73,4581
73,8575
73,9285
74,1545
74,2318
74,0178
73,8392
73,5528
74,2020
73,6088
74,1244
74,0496
74,1616
73,4835
74,6092
73,4389
74,2320
73,9753
74,4128
74,2655
73,9843
73,4591
73,4597
73,8246
74,0243
73,5643
73,6600
73,6286
74,0564
73,6141
74,3915
74,6247
73,8512
74,0333
74,0181
73,7399
73,6357
73,7359
74,1441
73,9098
73,5694
74,0905
74,0001
73,6698
74,0702
73,8411
73,5930
74,2644
74,9538
73,6564
73,4247
74,1681
74,2882
73,5488
73,8300
73,9033
73,6582
73,4590
74,2358
73,2717
73,5501
74,0799
73,8206
73,6236
74,3570
73,9113
74,6574
74,2720
74,2779
74,3093
73,6156
73,8601
73,9100
74,0153
73,7394
74,1587
74,1563
73,7407
73,8004
74,3823
73,2389
73,8817
73,6895
73,7269
73,8877
73,7989
74,4011
73,4898
73,3492
74,0182
74,9978
73,9941
73,5775
73,7025
73,6227
74,0968
73,7300
73,3469
74,3222
74,0681
74,9109
73,7251
73,8753
73,3250
73,6906
74,1158
74,3999
73,6229
73,9661
73,1587
73,8631
73,4891
73,2746
73,8565
74,0758
73,5429
73,7616
74,1784
73,7075
74,4639
73,9721
73,9190
73,8826
73,9690
73,9680
74,2742
73,3076
73,5923
73,6022
74,1811
74,1717
73,4305
73,9681
73,8140
73,7254
73,6541
73,9535
74,3365
73,7444
74,3301
74,0650
73,3415
73,5320
73,7926
74,1194
73,7332
73,6380
73,3366
73,5723
74,1166
74,0348
73,7194
74,2159
73,8785
74,5563
74,4798
73,9940
74,0685
74,0302
73,9235
74,3158
74,4952
73,9829
74,0658
74,2084
73,7346
73,2972
73,5108
73,9855
73,4903
73,9080
74,1366
74,1765
73,8752
73,4779
73,8440
73,9414
73,8823
74,4123
73,6006
74,1508
73,4879
73,1589
73,7526
73,5339
74,2543
73,9519
73,7645
74,1145
73,4900
74,1364
73,5761
74,1414
73,6715
73,4283
73,7203
73,6429
73,5667
73,9779
73,5873
74,3679
73,1698
74,0162
73,3331
74,1854
74,0917
73,8608
74,0330
74,0552
74,1918
74,5028
74,0235
74,1604
73,7224
73,5699
73,3317
74,1116
74,3639
73,0000
74,0604
73,8185
73,2284
73,7582
74,0936
73,8381
74,2239
73,7144
74,3508
74,3232
73,5336
73,5061
73,9088
73,4327
74,5752
73,9154
73,3562
74,7200
74,2754
74,0948
73,9219
74,1408
73,5239
74,0436
73,6899
74,0369
73,8018
74,8789
74,1697
73,7279
74,2537
74,1173
73,6216
74,0654
73,5677
74,0361
73,8935
74,4455
74,0816
73,6167
74,3562
73,5257
73,2260
73,9144
73,7048
73,8717
74,2757
74,2853
74,0336
73,8552
73,9001
73,8446
73,7137
73,7637
73,5570
73,5306
73,8666
72,9827
73,9242
73,6174
74,4511
74,0324
73,4453
74,1142
73,7866
73,2656
73,5819
73,7020
73,1661
73,8629
73,9153
73,5974
74,0803
73,7906
73,9122
73,9869
73,2254
73,9316
73,9187
73,9879
74,2214
73,3398
73,7944
74,5048
73,3880
73,9870
73,8438
74,0533
73,3952
73,9732
73,6635
74,6749
74,0693
73,7161
73,2374
73,7792
74,2395
74,0005
74,0461
73,1241
73,8339
73,4194
73,5916
74,2948
74,3247
73,5318
74,4446
74,0860
73,7159
74,1435
73,8098
74,3179
73,5591
73,9304
74,0905
74,0487
73,6805
73,3548
73,9609
73,0766
74,9089
74,1444
73,4494
74,3237
74,1803
73,5404
74,3026
73,4174
73,9291
73,5557
73,6397
73,7870
74,0424
73,9961
74,6192
73,7054
73,3567
73,4919
73,9145
73,9767
73,7323
73,5495
73,9235
73,7469
74,0897
73,5762
73,8602
74,0039
74,6926
73,9478
73,4841
73,9195
73,7551
73,6345
74,1956
73,5574
74,1217
74,2868
74,5580
73,5189
74,4345
74,6322
73,6977
73,6195
73,7356
73,8648
73,7421
73,9396
73,9798
73,5475
73,7614
73,6626
73,1779
74,2995
73,6719
74,1812
73,7987
73,5753
73,7620
73,9213
73,9372
74,0423
74,3161
74,2305
75,1032
74,6633
73,4745
74,1235
73,6943
73,4508
73,8400
73,6433
73,9338
74,4452
74,3443
73,6816
73,8511
74,5527
73,5690
73,9087
74,0963
73,9799
74,7200
74,0333
73,8647
74,0776
74,0157
73,6776
73,5868
73,4979
73,7397
73,2294
73,6076
73,6424
74,0553
74,3420
73,3609
73,1575
73,7695
73,8233
74,0944
73,3193
73,7869
73,5629
73,8559
74,3156
73,4551
73,4161
74,1863
73,5339
74,2645
74,2388
74,7307
73,8862
73,9199
73,3224
73,6405
74,1011
74,2184
73,6066
73,5408
74,2570
73,4599
74,4760
73,5645
73,8651
74,1629
73,6765
73,5661
73,8568
74,2622
73,2281
74,6122
74,0691
74,7567
74,5371
73,4663
73,3067
74,2262
73,7502
73,2797
73,7725
73,9578
74,2364
73,6072
73,2705
74,1969
74,3597
73,8835
73,9884
74,2292
73,7395
73,6046
74,4567
74,0869
73,5614
74,3323
74,1103
74,6135
74,0563
73,4677
74,0211
73,8667
73,7604
74,2315
73,8968
73,7512
73,4801
74,1134
74,2531
74,2743
74,1430
74,0843
73,5920
73,5636
73,8589
74,1538
73,7850
74,2491
74,6090
74,7168
74,3681
74,1721
74,2476
73,3891
74,0268
73,6954
74,1163
74,3427
73,3281
73,8004
74,6535
74,4530
74,1852
73,5608
73,9961
73,2021
74,6073
74,0561
74,4743
74,0713
74,3831
73,7882
73,7707
73,6856
74,0300
73,9515
72,9973
73,4404
74,0517
73,1917
73,5710
73,3911
74,4330
73,5560
73,7204
73,4728
73,8746
73,8938
74,1078
73,6672
73,9169
74,4228
73,8975
73,8730
73,8986
73,8146
72,8473
73,2555
74,4153
73,9814
73,2704
73,3669
74,4552
73,8475
74,2926
73,7949
73,5039
73,6597
73,8110
73,9984
73,9589
73,8469
73,4028
73,8200
73,8928
74,0417
73,7102
74,2666
73,5944
73,6975
73,8413
74,2415
73,2725
74,3055
73,6768
74,4635
73,6280
73,7004
73,6425
73,9880
73,7689
74,0363
73,9606
73,7502
74,0998
74,1324
73,7424
74,3601
73,8230
73,4940
74,1936
74,1432
73,8935
74,4040
73,7656
73,6115
73,2536
74,0984
74,1876
73,8492
72,7055
73,8648
73,4865
74,0237
74,2713
73,6699
73,8456
73,7359
73,7795
74,3041
74,3105
73,9927
74,6927
73,8309
73,8876
73,9614
73,9356
73,9129
74,0427
74,5501
73,9859
74,2362
73,8465
73,7753
74,0995
73,8478
73,5276
73,5336
73,6212
74,2846
74,2214
73,6931
74,0014
73,7206
74,0100
73,8443
73,2367
74,2473
74,3648
74,2980
73,8811
73,4410
73,6510
74,4423
73,7357
73,8806
74,2397
73,8262
73,5580
73,7047
74,4125
74,2774
74,1900
73,3662
73,9930
73,7266
73,4944
73,9867
74,6258
74,4085
74,1692
73,2595
73,9748
73,8853
73,8388
74,1044
73,2880
74,1044
73,5461
73,6865
74,1016
73,7622
74,3833
73,9079
73,7693
74,3132
74,1278
74,6339
73,7632
74,1300
74,0575
74,3418
74,3274
73,2806
73,5760
74,4973
73,9932
73,7864
73,9279
73,6226
74,2211
74,3435
74,2267
74,8604
73,6389
74,0698
74,1573
73,9302
73,6857
74,4903
74,0994
73,6664
73,9943
74,4035
74,3813
74,2034
73,5338
73,8432
74,2524
73,2025
74,1225
73,5920
74,0329
73,7773
73,5603
73,9888
73,7604
73,5259
73,7636
74,0357
73,7121
73,7697
74,5031
73,6995
73,2056
73,6677
73,2113
73,2252
74,2799
73,5648
74,3697
73,8888
73,7792
73,4077
73,9009
73,8541
74,2041
73,3149
73,7402
74,3346
73,8528
73,5326
74,0238
73,8894
73,9646
74,4837
74,5021
74,1232
73,7119
73,2878
73,8447
73,9707
73,9471
74,0794
74,2952
74,3547
74,2831
74,4746
73,5234
74,4695
73,6633
74,2346
74,0216
74,3936
73,5631
73,6842
73,7182
73,7338
74,2325
73,9480
73,9174
74,0071
73,9510
73,9068
73,9858
74,4410
73,7342
73,2706
73,9209
73,5161
73,8436
73,9577
73,9891
73,6434
73,7741
73,6747
74,1263
73,9830
74,1969
74,2019
74,4517
73,1770
73,8771
73,7544
74,2029
73,5049
73,2894
74,6356
73,5595
73,8402
74,0507
74,0037
74,3756
73,5964
73,9267
73,4313
73,4958
74,3229
73,9036
73,7230
73,8609
74,6818
74,1160
74,2323
73,7420
73,9891
73,9868
74,1487
73,8790
74,4507
74,0399
74,4115
73,4227
73,2939
74,1593
73,7089
73,3312
74,0646
74,4965
74,1586
73,9153
73,9785
73,7351
73,5630
73,9609
74,0678
73,9080
74,4046
73,7008
73,7633
73,9080
73,7380
74,4082
73,6562
73,9111
73,9955
73,8064
73,8216
73,7162
73,8349
74,4915
74,0197
73,8938
73,3641
73,8770
74,2087
74,0283
74,0092
73,7282
73,8177
73,9917
73,6206
73,8221
74,1725
73,6354
74,2532
73,4953
73,8700
74,1586
73,3182
74,0458
74,1669
74,2431
73,8951
73,7219
73,5740
74,1562
73,3357
74,0575
73,9591
72,9506
74,3008
74,1240
73,3827
73,9535
73,7179
74,8674
74,7223
73,7059
73,9191
73,5362
73,3801
73,4628
73,6675
73,9072
73,6868
73,9860
74,2338
73,8220
73,5713
74,1985
73,9976
73,4805
74,1819
73,8811
74,2984
74,3056
74,2130
73,8938
73,5163
73,9279
73,9091
73,8587
74,2956
74,0613
73,5662
73,9819
73,7504
74,0670
73,6800
73,9298
73,8685
73,7329
73,7483
73,7989
74,0325
74,0482
74,2051
73,8561
73,2683
74,0944
73,5603
74,1744
74,1422
74,4922
73,9027
73,6639
73,4273
73,9096
73,9299
74,2735
73,6080
74,0657
74,1357
74,6297
73,5853
73,6786
74,4899
73,7466
73,9443
73,8722
74,3381
73,4518
73,8590
73,3619
73,8089
73,5057
74,4443
73,9433
73,6424
74,0642
74,0817
73,7398
73,9065
73,2977
73,9516
73,5240
73,3213
73,6577
74,3516
73,9306
73,7633
73,7592
74,0900
74,1238
74,0951
74,4598
74,1240
74,3076
73,3337
73,7819
73,8099
74,3295
73,8692
74,5385
74,4404
74,0962
73,7046
74,2039
74,2247
74,4492
73,6675
74,0638
73,5572
73,4782
74,5463
74,0646
74,1582
73,7533
74,3031
73,4843
73,8355
73,7597
73,8913
74,1746
73,9582
73,6749
73,5051
73,9328
74,4913
74,1306
73,8208
73,7328
73,9257
73,9653
74,0427
73,7917
74,1329
74,2984
73,9326
74,2027
73,6341
73,6023
74,0500
74,8272
73,7082
73,7740
73,9573
74,0847
73,7333
74,0035
74,2350
73,8791
73,8825
72,8320
73,7171
72,7459
74,2592
73,7946
74,1787
74,1763
73,7585
73,9732
73,8728
74,2184
74,2139
74,2475
73,5567
73,4178
74,2643
73,8488
74,4346
74,0320
73,8852
73,3292
73,6686
73,9242
73,8081
74,0370
74,1074
73,9088
73,9159
73,8802
73,9187
74,2550
74,0512
73,4819
73,5995
73,7875
73,8023
73,4474
74,1110
73,3186
73,7168
73,8150
73,6967
73,4000
73,5529
74,1427
73,6470
73,8917
73,5594
74,5928
74,0281
73,1160
73,1151
74,1236
73,3462
74,2622
73,5723
74,1916
73,1481
73,5073
74,4801
73,8390
74,1231
73,3647
73,7697
73,7262
73,4107
74,4395
73,8728
74,0791
73,2263
73,6859
73,4256
74,1622
73,5740
73,8419
74,0538
74,0352
74,5777
74,3141
73,8541
73,5459
74,2650
74,0216
74,1351
73,7633
74,3272
74,0158
74,0077
74,1646
74,0903
73,8217
74,5893
74,4233
74,0639
73,5189
74,6619
74,0366
73,9016
73,2876
74,0111
74,0074
73,6808
73,5601
74,5859
74,2885
73,5444
73,8154
73,7560
74,0720
73,6836
73,3194
73,3700
74,0228
73,7384
73,9944
73,6419
73,6869
73,1738
73,9000
74,0346
73,9892
73,3356
74,4210
73,6958
73,7609
74,1352
74,6531
73,2468
73,1671
74,0650
73,0668
73,5288
73,6223
73,7996
73,3344
73,8418
73,1983
73,6204
74,0597
73,9674
73,9717
73,9672
74,4968
74,1956
74,2943
73,8166
73,9528
73,9184
74,1322
74,3165
73,8698
74,0230
73,7098
74,0871
73,3146
73,6613
74,1390
74,1183
74,3564
73,9620
73,8933
73,3036
74,4220
73,8488
74,1905
73,9785
74,0822
73,5167
73,5402
74,4727
73,6725
73,8050
73,4723
73,6230
74,2133
73,5890
73,7038
74,0775
73,8572
74,1745
73,1652
74,0942
73,6674
72,9962
74,3105
73,5526
73,7832
74,0508
73,7499
74,2399
74,3193
73,5809
73,5966
73,9890
74,5097
73,7090
74,1949
73,4739
74,3838
73,8028
73,5267
73,9207
73,4102
73,4174
73,7790
74,3344
73,5760
73,6962
74,6508
73,9579
74,4759
73,8840
73,7624
74,1738
74,0692
74,2927
73,6932
73,6327
72,9503
73,9901
74,6815
74,3792
74,3274
73,7957
73,9638
73,6712
73,8341
74,0182
74,6217
74,1610
73,5844
72,8801
73,1971
73,2329
73,6711
74,4267
74,4626
73,8521
74,0473
73,9208
73,7726
72,9848
74,8878
74,4755
74,4281
74,0825
73,8399
73,5555
73,5351
73,8156
73,5843
73,5772
74,1546
73,2158
73,2471
73,3115
74,3711
74,1554
74,3134
74,2796
74,3546
73,8377
74,6357
74,0008
74,5436
74,1491
74,0041
74,3057
73,6111
73,8806
73,8790
74,2605
74,2864
74,0888
74,4841
73,8156
73,1937
74,6759
73,5383
73,5760
73,9310
73,7605
74,1798
73,7683
74,2116
73,9663
72,8436
73,8722
74,0282
74,2772
74,3271
73,0930
73,9303
74,4158
73,6897
73,9261
73,7381
73,8453
73,4836
73,9966
74,5256
73,3636
74,1002
73,6548
74,4213
73,9361
73,3529
74,1730
73,8062
74,0335
74,6921
74,4865
73,8948
74,2526
73,6769
74,4992
74,3759
74,2347
74,4091
74,6405
73,9719
73,8526
73,5473
73,1308
74,1014
74,4886
73,8630
74,2139
74,2956
73,6447
74,2072
74,0986
73,7280
74,5380
73,7234
73,5086
73,2527
73,7143
74,0013
72,9873
74,2288
73,8615
74,1347
73,5957
74,1931
74,1824
73,7087
74,2762
73,6996
74,1945
73,6585
74,1322
74,4801
73,6453
74,3625
73,7824
74,1496
73,6986
73,8560
73,8791
73,3921
74,0350
73,9282
73,9870
73,4377
74,1826
73,5850
72,9361
73,4889
73,6999
73,8052
74,1520
73,9459
73,9188
74,3747
73,8048
74,2020
73,3458
73,5817
73,8001
72,9208
73,5714
73,9733
73,6565
74,1353
74,1277
73,7256
74,1292
73,4102
73,6437
74,3653
74,1199
73,6205
74,0463
73,6920
74,0329
73,5951
74,2167
74,4410
73,8211
73,7956
74,1301
73,6575
74,2378
73,6045
73,7864
73,9180
73,6430
73,7216
73,9804
73,9587
73,9486
74,4752
73,8445
75,0079
74,3203
74,0222
73,8769
74,0184
74,1901
74,2297
74,3755
74,0619
74,0084
73,7921
73,4273
74,5935
73,8415
74,2820
73,8811
73,9680
73,8809
73,7782
73,7202
74,1479
73,6526
74,1487
74,5094
73,4790
74,7279
74,1099
73,9116
74,0212
74,5943
73,7140
73,3004
73,3878
73,9308
73,5433
73,1315
73,1068
73,8741
74,1546
74,1609
73,6705
73,7977
74,4422
74,1958
73,8420
73,8082
74,1314
73,6536
74,2558
73,8380
73,6895
74,2843
74,3457
73,6002
74,1008
73,6243
73,9078
73,7859
73,4976
74,1796
74,3288
73,5639
74,1551
73,1924
73,8510
73,6101
73,7307
73,5330
73,9061
73,9625
74,5509
74,0324
74,6590
74,1618
73,9861
74,4136
73,6057
74,2424
74,4744
74,1992
73,8686
74,0237
73,0294
74,5148
73,7715
73,7674
74,0413
73,8867
74,1702
73,7116
73,8514
74,0623
73,4480
73,7763
74,3102
74,1176
74,2197
73,7065
73,4880
74,0457
73,7104
73,9658
73,7694
72,8781
73,8164
73,5648
74,3055
73,4441
73,5601
74,0663
73,8559
73,8650
74,2166
73,5337
74,2501
73,3050
73,8827
73,7554
73,2318
74,0519
73,6909
74,5890
73,8258
73,3782
74,4789
74,5170
72,8381
73,5681
74,3175
73,2227
74,4121
73,5238
73,3208
73,9147
73,7743
73,8002
73,8845
74,6116
74,0446
73,1428
73,9596
74,5253
73,7437
73,7675
73,9050
73,7170
74,0082
73,8338
73,8288
73,2850
73,8269
73,9970
74,3899
74,2158
74,1440
73,8053
73,3037
73,3808
73,0851
73,8257
74,0918
74,1449
74,1256
74,2797
74,1095
73,7893
74,2919
73,9041
74,2239
73,7445
73,7977
73,9911
74,1747
74,0416
74,6475
73,9692
74,0867
73,8908
73,9680
74,1193
74,2026
73,8509
73,2966
74,1678
73,5670
73,3732
73,8544
73,5528
74,0204
73,8566
73,3850
73,9401
73,6815
73,5925
73,8372
73,8730
73,4236
73,9004
73,4348
73,7978
73,6348
73,5778
73,8041
73,8811
73,6929
73,9693
73,8241
73,9855
73,6415
74,0633
74,1880
74,5144
74,9880
73,3294
73,6778
73,8418
73,7905
74,4587
73,9965
73,5268
73,6184
74,1305
74,2737
73,8256
73,8927
74,1313
73,5695
73,3937
73,8585
73,7438
73,5173
73,7179
74,0172
73,5435
73,6153
74,7145
73,4556
73,9715
73,6487
73,7391
74,2706
73,5094
74,6271
73,7582
73,9275
74,0342
73,5270
73,5002
73,9815
73,7973
73,9197
73,7211
73,4939
74,1510
73,5687
74,1986
73,9140
73,4638
74,1653
74,4683
73,9220
73,5048
73,6493
74,1787
74,6377
74,0113
73,8121
74,0691
73,3866
74,2024
73,9576
73,6665
73,1821
73,7612
74,4293
73,5210
73,9441
73,2457
73,9773
73,7332
74,0782
73,6789
73,7534
74,0259
73,5849
73,6246
73,4657
74,4363
74,0702
74,0605
74,2042
73,7605
74,5893
74,4364
74,4076
73,6689
74,7324
74,1391
73,8780
74,0818
73,6772
73,9841
73,6911
74,1103
74,1845
74,0325
73,2471
74,0167
73,8387
73,6957
74,0882
74,0096
73,8289
73,6763
73,5252
73,3444
74,0740
74,3927
72,9197
73,5786
74,2796
74,2032
74,5255
73,8247
74,4678
73,7984
74,7686
73,9379
73,4376
74,1570
74,1547
73,6727
72,9941
73,9877
73,8851
73,5642
73,8655
73,2996
74,6310
74,1124
73,8685
73,8846
74,4187
74,5632
73,0297
73,1372
73,8270
74,0378
74,7431
73,9163
73,9498
73,8828
74,0958
73,6709
73,9959
73,8405
72,6404
73,3958
73,7464
74,3098
74,4622
73,9948
74,0713
73,9021
73,4660
73,7904
74,4021
73,9579
74,0927
73,5677
74,0497
73,2014
74,2113
73,4774
74,0285
74,1713
73,6544
73,3940
74,0396
73,4814
74,0586
73,7531
73,7215
74,3171
74,2912
74,0746
73,7769
73,8336
74,4808
73,9730
74,3350
74,5523
73,7608
73,7177
73,6600
73,9413
74,0692
74,3683
74,0204
74,3743
73,6970
74,2232
74,3151
74,6145
73,3345
73,4218
73,8636
73,2577
73,9737
73,5682
74,3718
74,4299
74,0074
74,1385
73,6237
74,4950
74,2847
74,1869
73,7234
73,4486
73,8813
74,0178
73,6978
73,2381
73,7343
73,5643
74,2323
73,6548
74,2644
74,1126
74,0239
74,1663
73,7765
73,5955
74,1828
73,4901
74,1414
73,5519
74,3655
74,2138
73,8116
74,1158
73,6222
74,3752
73,6894
74,8567
73,4783
72,6257
73,6362
73,9555
73,1753
74,0754
73,5370
74,0590
74,2469
73,8440
73,6457
73,8866
74,4558
73,7972
74,1568
73,5381
73,2538
74,3567
73,7187
73,5799
73,3919
74,1058
74,0944
73,6544
74,0844
73,4546
73,7770
74,3934
73,8503
73,7100
74,1411
73,9160
73,0642
73,2045
73,7874
73,9162
74,4835
73,5154
73,9844
73,2606
73,6133
73,9098
73,9863
74,1848
73,0995
73,7632
73,7215
73,8038
73,9351
73,6057
73,8322
74,4752
73,4369
74,1708
73,8704
74,2345
73,1433
73,4331
74,1458
74,1721
73,6444
73,5578
73,5115
74,4144
74,0347
73,2339
73,2883
73,4235
74,0823
74,0281
74,1212
74,5085
73,5490
74,4936
73,5674
74,2771
73,2295
73,5969
73,1156
74,1800
74,0526
74,4922
74,1824
73,2892
73,6136
73,9146
73,6236
73,8008
74,1600
73,7416
73,9882
73,8129
73,7625
73,5265
73,9407
73,7156
73,6821
73,8918
73,8021
73,4613
73,5810
73,3559
73,7307
74,6758
73,5595
73,7818
73,8328
73,9108
74,4009
73,8415
73,7640
74,3248
74,1998
73,8484
74,8180
73,7781
74,1093
73,7725
74,0944
73,6944
73,8724
73,5918
74,0361
73,3185
73,3727
73,6700
72,9011
73,5670
73,7632
74,1283
74,0513
73,9894
73,4493
74,1141
73,9924
74,6426
73,3076
73,4657
73,5653
73,8214
73,8119
73,7584
73,9477
74,1050
73,5722
74,5203
74,0310
74,3111
73,7945
74,0328
73,5855
73,5437
73,7973
74,1803
74,2653
73,1586
74,2560
73,4528
73,8144
73,2026
73,9568
73,5201
73,7291
73,4313
74,4594
73,7207
73,8665
73,4844
73,6562
73,4220
73,6100
74,3925
73,0878
74,3668
73,6543
73,6930
73,3617
73,6332
73,5029
73,6371
74,1100
73,7839
73,2543
74,3996
73,8883
73,8688
73,9265
73,9359
74,3808
73,8814
74,4823
74,1325
73,7455
73,4570
74,1855
74,1996
74,1601
73,1026
73,5969
74,1771
74,1588
73,6713
73,9758
73,9356
74,4074
74,0750
73,9489
72,8796
74,0122
74,0090
74,1410
74,2202
73,9772
74,4490
74,5423
73,9141
74,5819
73,2467
73,5796
73,5257
74,1905
73,8064
72,9871
74,4863
73,8262
73,7802
73,9637
73,3722
73,9076
74,0619
74,0853
73,7775
73,4332
73,6807
73,6586
73,9125
73,9804
74,0898
73,4175
74,2640
73,9164
74,2154
73,5409
73,9369
74,3154
74,5575
73,7153
73,5802
73,6743
73,9158
73,6073
74,0224
73,6556
74,3481
73,7600
73,8700
74,1835
73,7202
73,7849
74,4090
74,0205
73,7840
74,0348
74,0633
74,0711
74,0443
73,3588
74,1889
73,9799
74,2821
73,7853
73,2673
73,3699
74,2894
74,1368
73,9463
73,3339
74,2187
73,3938
73,2373
73,7857
73,7889
74,0171
73,8553
73,8034
73,3696
74,1360
73,8249
73,3640
73,5644
73,6474
74,3963
74,0361
73,8554
73,8314
73,6960
73,7303
73,2948
73,4733
74,1452
73,5949
73,6860
74,5801
73,6805
73,3616
73,7589
74,4573
73,4146
74,2130
74,2249
74,1178
74,0065
73,5735
73,5984
73,2126
74,2991
74,0804
74,4274
74,2165
73,7792
73,5042
74,3534
74,5555
73,6399
73,8840
74,1310
74,0070
73,2032
74,2443
73,6227
74,1195
74,2131
74,7971
73,5165
73,7040
74,2049
73,7993
74,0367
74,5040
74,3388
73,6935
73,2292
73,8537
74,6886
73,9742
73,4334
73,7560
74,2627
73,9882
74,1405
73,9261
74,1903
74,0069
74,6211
73,6582
73,0888
74,1471
73,8162
73,9446
73,2178
74,3512
73,6666
73,8328
73,5330
73,6107
73,7967
73,2922
73,3946
74,2929
74,2815
73,4713
74,0139
73,9384
74,2998
73,5022
74,5447
73,7083
73,4841
73,8406
74,1954
74,1858
74,8244
74,4860
74,2649
73,4772
73,2801
74,1245
74,2486
75,0036
73,6843
74,1455
73,8055
74,4732
73,4643
74,1624
73,2772
74,1291
73,7435
73,8826
74,4542
74,8636
74,1730
73,4072
74,1317
74,0780
74,1772
74,2568
74,5359
73,3878
74,1098
73,5268
73,8809
73,2988
73,9099
73,4330
73,4053
73,7078
73,3462
74,3178
73,8818
74,1828
73,5112
73,7274
73,5094
73,7227
74,3406
73,9506
73,4763
74,6167
74,1241
73,3664
73,9017
73,1161
74,0325
74,1264
73,9602
73,2838
74,3162
73,7038
73,7012
73,8661
74,2237
74,2284
73,7271
74,4544
73,6506
73,7780
73,6619
73,1393
73,1399
73,8863
73,6205
72,9853
73,9990
73,9454
73,3809
74,3674
73,2562
74,2020
73,9672
73,5668
73,7236
74,0479
74,0182
73,8029
74,1255
73,9857
73,5642
73,8109
74,7025
74,3982
74,4769
74,4265
74,2817
74,0861
73,4909
74,2756
73,8362
73,6609
74,1851
74,5831
74,1631
73,5794
73,5732
73,9953
74,5810
73,8269
74,2447
74,3267
74,0216
73,5795
74,0390
73,1825
74,0958
73,8703
74,5836
73,4260
73,9627
73,9813
73,7246
73,8793
74,1984
74,4643
74,5481
74,2346
73,5568
73,6310
73,7675
74,3516
73,8874
74,8070
73,9775
73,6489
73,6767
73,9226
73,3235
73,3081
73,7737
74,2942
74,2506
74,0028
73,7891
73,5931
74,4104
73,3362
73,9332
73,5416
73,4689
74,0406
73,5357
74,2098
73,7213
74,1331
73,8876
74,2332
73,8445
74,3163
74,3527
73,9949
74,5526
74,6393
73,8336
74,2482
73,9673
73,8971
73,4886
74,2507
73,6075
73,7219
73,9301
74,3454
74,4558
74,0061
73,1690
74,0884
73,9209
74,1656
73,3349
74,1554
73,2904
74,5167
74,1062
74,2161
73,6690
73,5887
74,0740
73,4714
74,1618
73,6882
73,7197
74,1318
74,1564
74,8194
74,6200
73,7032
74,0760
73,8007
74,0466
74,2922
74,4253
73,3654
73,1394
73,9768
73,8778
73,8700
73,7240
73,7158
73,3940
73,7590
74,0880
74,2280
73,5290
73,6987
73,6884
73,3841
73,4379
74,0074
73,8435
73,1162
73,5218
73,4008
73,6788
73,8437
73,6090
74,1141
74,3763
73,9400
74,3939
73,4923
73,7748
73,5600
74,5087
73,6774
74,1388
73,6970
74,4319
73,8154
73,5376
73,7753
74,0610
73,0905
74,1209
73,8173
74,1253
73,9658
74,2456
74,3217
73,9602
74,0931
74,7851
74,1003
74,1746
73,9847
74,2174
73,3641
74,4006
74,1134
74,0586
73,8174
73,5042
73,7505
74,2191
74,0612
73,4082
74,3299
74,1787
74,1175
73,7163
74,2392
74,1997
74,4932
74,5775
74,0768
74,5570
74,5194
73,0690
73,9646
73,7746
73,4597
73,8290
74,5152
73,3568
73,6164
74,0095
74,2452
74,2355
73,3814
73,7941
74,0885
74,4308
73,1920
73,7715
73,9074
73,1042
74,1152
73,9011
73,4082
73,6695
72,8917
74,1160
73,2060
73,6920
73,8736
73,4941
74,1436
73,9883
73,7847
74,0387
73,6153
73,7527
74,1932
73,6632
74,0852
73,3887
73,6364
73,6018
73,8132
73,1805
73,5447
74,2739
73,6570
74,0295
74,2938
74,5570
73,6798
73,6996
74,0698
74,1184
74,3147
74,2217
74,5178
73,6323
74,0994
74,2665
73,7083
73,9935
73,7825
73,9491
73,3806
74,1834
74,2235
74,0904
74,1778
73,7620
73,7580
73,8198
74,1770
74,0776
73,6971
73,5472
73,8499
73,1410
73,7751
73,6546
73,2882
73,9736
73,7406
73,4767
74,1900
73,5303
74,0441
73,9753
74,4078
73,9712
74,0115
73,7613
73,8718
74,3319
74,1325
73,6200
74,2023
74,1935
73,6503
73,9862
74,5486
73,8781
73,6603
73,6134
73,1556
73,8763
73,7556
73,6444
74,1171
73,5835
74,1722
73,6331
74,1875
73,9716
73,8369
73,7552
73,9891
74,6404
73,7289
73,8704
74,3285
73,7976
74,1866
74,1305
73,7818
74,1487
73,2982
73,2893
74,4072
73,8173
73,5290
74,3108
73,5704
74,1778
73,5367
74,0267
74,2240
73,2994
73,9259
73,5162
73,8648
74,2688
73,9695
73,3488
73,5951
73,5476
73,5580
73,2547
73,9158
73,7403
73,3159
74,1009
74,1330
73,3151
73,9946
74,4434
73,2947
73,6751
73,9978
74,1188
73,5309
73,6057
74,6475
73,5842
73,0326
74,6844
74,4106
74,4985
74,0576
74,1028
74,0471
73,9239
74,1478
73,7364
73,6121
73,4485
73,6848
73,6932
74,0602
74,2943
74,4181
74,6466
73,6669
73,8900
73,4112
73,5694
74,4079
73,6482
73,8845
73,9383
74,0241
73,6826
73,1313
74,0021
74,0429
74,1203
74,3050
74,1889
73,8319
74,2731
73,8459
74,2270
73,9005
73,7255
74,5144
73,6131
73,8154
73,6409
73,4092
73,2592
74,6319
74,2396
74,3178
73,7556
73,7581
73,5500
73,4819
73,0570
73,5006
73,7145
73,8920
74,0094
73,7044
74,3453
73,2814
74,1294
73,6667
73,6686
74,4023
74,0180
73,6551
74,2460
73,7927
73,6433
74,4383
74,3059
73,4277
73,2179
73,2860
74,5621
74,0519
73,7494
74,4308
74,1053
73,6877
74,1276
73,8633
74,2253
74,1451
73,6965
73,5345
73,7076
74,3782
73,4552
73,2693
74,3696
73,7488
73,9846
74,2739
73,9019
73,5544
73,2167
73,5953
74,3780
73,3587
74,1178
73,8366
74,3199
73,9853
74,1265
74,0513
74,0068
73,4425
73,5032
73,8573
74,0445
74,2750
74,2731
73,8207
74,3213
73,1147
73,5051
74,0017
74,2652
74,2948
73,9675
73,5879
73,6768
73,3751
73,7900
74,3876
74,1632
73,8182
73,6370
74,3019
74,4265
73,5455
73,4351
74,1149
74,0826
74,4152
74,1379
73,3723
73,4003
73,8752
74,1586
73,9422
74,1220
73,3930
73,8618
73,1064
74,2110
73,7353
74,4289
73,8764
74,2194
73,2709
74,0492
74,4682
74,2855
73,3110
74,2344
73,6928
74,0474
73,6122
73,4933
73,4836
74,2501
73,9580
73,9186
73,6665
73,5083
73,6287
73,6719
73,4411
73,5954
74,0688
74,2714
73,8743
73,3050
73,6511
74,2507
73,9980
74,2215
74,3272
73,4513
73,6593
73,3856
73,5385
74,3185
74,0478
74,3860
73,5821
74,3580
74,2588
73,9491
74,0674
73,8459
74,5097
73,6921
73,4693
74,0775
74,1311
74,7735
74,0986
74,2743
73,9310
73,6351
74,2788
74,0291
74,3389
74,5158
73,9962
74,2380
73,3333
73,5907
74,1890
73,8793
73,4123
74,0391
73,9091
74,5582
73,7016
73,5855
74,0795
74,0721
72,8251
73,3737
73,5732
73,6460
73,9242
73,8186
73,5136
74,1882
73,4622
74,0019
73,4552
73,8777
73,9773
73,6089
73,5983
73,9407
73,8051
73,6077
73,7547
73,7248
73,9800
73,9525
74,0193
74,6581
74,6135
74,3042
73,9378
73,3826
73,5607
73,6920
73,9409
73,9002
73,4624
73,1967
73,9837
73,4834
74,1190
74,3697
73,6546
73,5109
73,6868
73,6029
73,9145
73,6256
74,0824
74,2417
73,9385
73,9038
73,8790
74,3406
74,0061
74,6055
73,6385
74,1735
73,5404
74,0245
74,4571
73,9126
73,5825
73,1490
74,1353
74,3952
73,9376
73,8612
73,7836
74,4276
73,4312
74,0963
73,6788
73,9928
74,5778
73,2155
74,5886
73,6104
74,1550
73,5523
74,2338
73,9093
73,0582
73,9509
74,2017
73,8684
74,2494
73,5196
73,4374
73,8941
74,6118
73,8674
73,9141
73,8829
73,9824
73,4834
73,3911
73,7853
73,4710
73,5736
74,0914
73,4684
74,4562
74,2460
73,7859
73,9880
74,6857
74,5457
73,4971
73,6866
73,9437
73,5955
73,5260
74,1531
74,1218
73,6837
74,3210
73,9293
74,4634
73,8666
74,4087
73,3258
74,1200
73,8679
74,2577
73,7055
73,1192
73,2265
74,0557
74,7120
74,4363
74,1704
74,1595
73,7563
74,1139
73,6254
73,4835
74,0786
73,9045
73,6932
73,5853
73,6567
74,1641
74,3188
73,3664
73,8814
74,0268
74,6181
74,0617
74,2424
73,2887
73,4550
73,9183
74,0409
73,5511
73,8127
74,0504
74,5781
73,5050
73,5694
74,4923
74,0914
74,2089
74,4279
74,0252
74,7955
73,9991
73,5476
73,7378
74,2947
73,5167
73,8114
73,4680
73,9873
73,9354
74,1803
73,8150
74,6612
73,9872
74,3627
74,1436
73,9965
73,8368
73,7257
73,3854
72,9593
74,1186
74,7836
74,0101
73,3850
74,3509
73,4486
73,4818
74,3784
73,4880
73,8543
74,2566
73,9058
74,2407
73,7558
74,0400
73,7241
74,0879
73,7553
74,1579
73,9907
73,4151
73,7356
74,1728
73,9592
74,5577
74,0060
74,3065
73,6314
73,2262
73,2672
73,8107
73,4959
74,1266
74,2845
74,5294
73,5506
73,3578
74,2294
74,2483
74,3629
73,8052
73,4722
74,2812
74,2831
73,8442
75,1328
74,3041
74,0044
73,9988
74,5125
73,8184
74,0811
73,8989
73,7811
74,1206
73,6922
74,3075
74,2668
74,0532
73,6924
73,9152
74,7466
74,1220
73,7913
73,3134
73,9030
73,6397
74,1282
73,4475
73,5405
73,5438
73,4195
74,2883
74,1105
73,7859
74,1527
73,6814
73,6955
74,3428
74,4262
73,2701
73,6997
73,6152
73,9039
73,8616
73,6497
73,5722
73,7578
74,6528
73,9824
74,0802
73,7401
74,4100
73,8228
74,3564
73,9449
74,2323
73,9833
73,7457
73,4254
73,8964
74,2920
73,4200
73,1658
74,4761
73,7335
74,0045
73,6490
73,4647
74,0278
73,9590
73,4415
73,8739
73,6601
74,1235
73,5789
73,7565
73,9376
73,9564
73,6616
74,1881
74,0221
73,9769
73,0329
73,7278
74,2512
74,3380
73,5355
73,3611
74,1100
74,3789
73,6511
73,8624
73,9962
73,4829
73,8520
73,8649
73,4432
74,1134
74,0389
74,1847
73,0270
73,9545
74,0895
74,5186
73,7634
74,1125
74,6669
73,7925
73,5703
73,8281
73,3203
74,3448
74,5053
73,6080
73,3274
74,6852
73,8221
73,8388
74,2455
73,6684
73,2638
73,7831
73,7333
73,7264
74,2605
74,0998
73,7592
73,3668
73,4655
73,4456
73,9846
74,1341
74,3137
74,2230
74,2348
73,1880
73,9356
73,4358
73,6378
74,3012
74,2121
73,9803
73,8804
73,4604
73,3734
73,7032
73,4361
73,5511
74,3194
74,1781
73,7928
74,5433
73,6561
73,9722
73,9356
74,4137
74,1717
73,7993
74,2093
74,0946
74,0246
73,3163
73,3741
74,3890
74,1819
73,5366
73,1204
74,1902
73,8701
73,8477
74,4497
73,7726
74,2598
73,4593
74,2246
74,0617
74,5030
73,7344
73,6771
73,5703
74,6391
74,3359
74,4538
73,9663
74,1971
73,2184
74,0183
74,4589
73,5787
73,6680
73,9553
73,8354
73,9875
73,6916
73,4982
74,1349
73,8238
74,5078
73,8929
74,1208
74,1538
74,3617
74,5099
73,4560
73,8724
74,4841
73,9816
74,0923
73,8750
73,2799
73,7998
74,1157
74,4626
73,8305
73,4907
74,0417
73,6722
74,0180
73,9174
74,0121
73,7972
74,4614
74,3628
74,1564
73,4828
74,0823
73,3319
74,3809
73,2660
73,6264
73,4974
73,9468
74,0563
73,8299
74,1501
74,1245
73,7593
73,4713
73,4717
74,2134
74,0289
73,8159
73,8220
73,4620
73,7692
74,4003
73,4045
73,4445
73,5313
73,5508
73,3203
74,2868
73,5636
74,0786
74,4200
73,5302
73,5935
73,0087
73,7669
74,1903
73,3989
73,3390
73,9880
74,0517
73,8819
73,8825
73,3400
74,3477
74,0003
73,7465
73,8370
74,1535
73,7092
74,6276
73,8734
74,1937
73,8847
74,5578
74,8102
73,7334
73,6665
74,3382
74,3728
73,6534
73,5399
74,1080
73,5680
74,0058
73,5363
74,2271
73,4978
73,7779
73,7411
74,0191
74,3406
73,9565
74,1136
74,2510
74,5566
73,9316
73,9758
74,4481
74,3599
73,3730
73,5352
73,0845
74,0924
74,0755
74,2325
73,6521
73,6842
74,0660
74,7502
74,0177
74,1384
73,8827
74,3662
74,0246
74,7612
73,3566
73,6909
73,8261
73,7026
74,4322
73,3080
74,0227
74,3559
74,2738
73,7268
73,9587
74,0864
74,2315
73,6243
74,4122
74,4022
74,5412
73,8795
73,6180
74,2688
73,1288
73,9018
74,0295
73,4673
73,8125
73,6211
73,8114
74,2453
73,1325
74,0621
73,6636
73,9526
73,5945
73,5618
74,4619
74,1606
74,0164
73,3872
73,5649
73,6279
74,1730
74,0746
73,6247
74,3307
74,0208
74,1395
73,8036
73,8876
74,0072
73,8663
73,9622
73,9505
74,0645
74,1291
74,1633
73,4847
73,6461
74,2856
73,7824
73,3033
74,4154
74,0593
73,7954
74,2931
73,4010
74,1703
73,8283
74,4671
73,2462
73,6178
73,5568
73,7721
74,0692
73,4921
73,8824
73,9628
73,6642
74,0330
73,6778
73,3918
73,5643
73,4814
73,7655
73,6883
73,6846
74,0091
74,0905
73,8632
73,4446
74,3264
74,3076
73,3288
74,1760
74,3473
73,8766
73,9025
73,7918
74,1886
73,4915
73,9236
73,6884
74,0330
73,7293
74,0880
74,2887
74,4605
73,4837
73,6989
73,7727
73,6501
73,8547
74,3542
73,9476
74,4313
73,7550
73,8582
73,6357
73,9146
73,6951
74,0959
73,8782
74,2012
73,9363
73,7671
73,6354
73,4930
74,0323
73,9944
73,8809
73,3793
74,1710
73,8416
73,6488
74,5005
73,8693
73,9083
74,2398
74,9909
74,0966
74,1825
74,1937
74,5684
74,1135
73,8588
73,8428
73,8740
73,6542
73,5945
74,6146
73,6951
73,9397
74,3391
73,7548
73,6773
73,6839
74,0286
74,3314
74,0600
73,5058
74,2189
74,0203
74,0799
73,7389
74,4709
73,6195
74,0695
74,9586
73,7896
73,2572
73,8450
73,9831
73,8762
73,5058
73,8665
73,9398
73,5100
73,5492
74,5019
74,0394
74,0031
73,6082
74,1645
74,1349
73,9681
73,6465
73,9379
73,8194
74,3332
73,8423
74,1835
73,6972
73,8274
73,5005
74,1388
72,9940
73,9211
73,6500
73,7662
73,4984
73,7183
73,9840
73,9740
73,9457
74,2058
74,3180
74,1819
74,1664
73,4899
73,7646
74,1846
73,8820
73,5911
73,5017
74,3317
74,1744
73,1347
74,1131
73,3938
74,0123
74,1541
74,0878
73,5053
73,8646
73,6110
74,1614
73,4888
73,9973
74,1204
73,9523
73,1766
74,1970
73,4038
74,1018
74,7042
73,8779
73,2481
73,6415
73,0998
73,6842
73,5220
74,4000
74,4546
72,9308
73,9547
73,3786
73,9565
73,3649
74,2175
74,5583
73,8305
74,2800
73,1654
73,7092
74,0388
74,2274
74,0903
73,6424
73,7107
73,9356
73,5642
73,6742
73,8087
73,7437
73,5239
73,7641
74,0364
72,8330
73,6759
73,9295
73,8965
73,7991
74,0329
73,5738
74,4457
73,9747
73,6760
73,5991
74,4009
73,2059
74,1470
73,6697
74,1539
73,4842
73,9683
73,3820
74,0822
74,1890
73,8126
73,7739
74,0926
73,6683
74,0672
73,8751
73,9132
74,2859
74,2777
73,7289
73,7860
74,4964
74,1141
73,4569
74,9251
74,7959
73,6022
74,1242
74,3180
73,7645
73,8533
73,8418
74,0442
74,1609
73,6324
74,0346
74,3527
74,0800
74,2704
74,4494
73,7301
74,2054
73,9602
73,7215
74,5781
74,5508
74,3502
74,1580
73,6595
73,6291
73,3518
73,6088
74,1829
73,3106
73,3073
74,0168
74,2552
73,6207
74,0441
73,9421
73,5822
73,2673
73,6969
74,0784
73,8507
74,4309
74,0353
74,0614
73,5973
74,0767
73,9227
74,1894
74,0121
73,1280
73,3834
74,4206
73,6189
73,5249
73,4384
74,1730
73,8253
74,6377
73,6217
74,4587
73,9942
73,8310
74,1496
74,0335
74,1084
73,9454
73,8722
73,9711
74,0439
73,8369
74,2075
73,3434
73,0125
73,1225
73,9452
73,5333
73,2645
73,0997
73,8503
73,5298
74,0467
74,0213
74,0162
74,1826
73,7617
74,4435
73,3666
73,7949
73,7364
73,8081
74,5143
73,8220
73,8961
74,2091
74,0758
73,7445
73,2372
74,9546
74,8583
73,8287
73,2391
73,4697
73,1426
74,1057
73,9208
74,0001
72,9410
73,8612
74,2430
73,9026
74,1443
74,2402
73,9206
74,7958
73,5415
73,6746
73,4761
73,3964
74,1555
74,4793
73,9283
74,0123
74,2313
73,7835
74,2247
74,0681
73,9002
73,9359
74,5781
74,3984
73,5380
73,9174
73,4343
74,3551
73,9164
74,1901
73,9609
73,4854
73,9006
74,3647
73,7737
73,9047
73,5038
73,6668
74,5580
74,4249
73,9108
73,7708
73,8328
73,2192
73,7292
74,1968
73,7255
73,7765
74,0380
73,7914
74,1745
73,9524
73,5868
73,6534
73,5007
73,8598
74,9519
74,2388
73,7963
74,1659
73,9474
73,2729
74,4947
73,6033
74,2983
73,3930
74,0524
73,7097
73,3653
73,7639
73,8600
74,3401
73,9713
73,8828
74,7392
73,8011
73,8134
74,5057
74,5502
74,2966
73,4641
74,1204
74,5120
74,7733
74,4881
73,4337
73,7869
74,3661
73,5909
73,9514
74,0119
74,0648
74,2607
73,6662
73,5911
74,2122
73,8135
74,5575
73,9908
74,5395
74,4488
73,8475
73,6934
73,5074
73,8645
73,3554
73,3970
74,0775
73,5502
73,5519
73,8677
73,3697
73,8470
73,8260
73,3006
73,5905
73,6321
73,4767
74,3244
73,6655
73,9647
74,3114
74,4377
73,6248
74,2638
74,1522
73,4012
73,3749
73,8482
73,9015
74,0277
73,6139
73,0081
74,2860
73,9687
73,9744
74,1438
74,3569
73,9285
73,9482
73,7515
74,4864
73,5879
73,6796
74,2259
73,7408
73,8408
74,1346
73,9155
73,7952
74,1180
74,0606
73,2772
74,0245
74,3033
74,0364
73,6569
74,1212
73,5738
73,8564
73,9406
74,2291
73,1600
73,9567
73,6259
73,9703
73,7062
73,4817
73,9537
73,7174
74,5676
73,7282
73,8930
73,6775
74,1235
74,0834
74,1908
74,6131
73,6790
73,7826
73,4365
73,6103
73,7860
74,0439
73,7731
73,8215
74,1662
73,8227
74,1267
74,7234
73,8655
73,9695
73,6009
74,2120
74,1469
74,7924
74,4611
74,0655
73,9182
74,0747
74,6788
74,0625
74,0675
73,9082
73,5048
74,3151
73,7722
73,5194
73,7091
73,7365
73,9725
74,4908
74,2455
73,4264
73,8568
73,3297
74,2960
73,8701
73,8994
73,8550
74,0277
73,9565
73,5416
74,3714
74,2044
73,8211
73,1818
74,1271
73,5615
73,4773
74,1500
74,1019
73,1591
74,0827
74,0950
73,8462
73,6715
73,9839
74,1124
73,7981
74,1147
74,2110
73,8397
74,1486
73,7141
73,7254
74,1901
74,5146
73,7975
73,5568
73,8562
73,9746
74,1667
74,0773
73,6258
74,1043
72,9418
73,6044
73,9073
73,4314
73,9949
73,5456
74,4180
73,9292
74,0140
72,9730
74,1746
73,1672
73,5701
73,8558
73,7347
73,8464
73,7404
73,7854
74,0116
73,9108
73,2611
74,1784
73,4225
72,9394
73,7920
74,0561
74,0178
73,8067
73,7010
74,3019
73,8612
73,8936
73,9950
73,3542
74,3276
74,1138
74,2495
73,9067
74,1314
73,4265
73,9342
73,7298
73,2805
74,3438
75,2786
73,3679
74,1017
74,0006
74,3161
74,2159
74,2455
74,0591
73,3397
74,1336
73,6441
73,5055
73,6116
74,3819
74,2994
73,8752
74,4156
73,6843
73,0747
73,4978
73,6781
74,1807
74,0334
73,8255
73,6711
73,8781
73,0185
73,3207
73,8130
73,8176
73,8142
73,8989
74,4579
74,2661
73,6680
73,4025
73,6386
73,7298
74,2503
74,5100
73,6782
74,6328
74,4818
73,8987
73,3091
73,8028
73,4186
73,9315
73,1367
73,5002
73,1956
73,5339
74,3481
73,9758
73,7924
74,2062
74,1689
73,6963
73,8530
74,3737
73,6716
73,6545
73,3819
73,4568
73,5302
73,4381
74,0527
73,5819
73,8591
74,1399
73,8585
74,2222
73,3192
73,6237
73,8870
74,3746
73,9468
73,9348
74,5789
74,1318
73,1856
74,1133
74,2182
73,5769
74,6731
75,0088
74,0715
74,0859
73,7880
74,1845
73,9776
74,1463
73,9228
74,2412
73,9251
74,2184
73,8591
73,7011
73,8773
73,8941
74,2573
73,5343
74,2033
73,6712
74,4493
73,7154
73,6336
73,8089
73,8079
74,1300
73,9716
73,8300
73,7852
73,3649
73,9229
73,9153
73,8626
74,3392
74,2191
74,4464
74,1867
73,5210
73,4523
73,8865
74,0303
73,9334
73,4164
73,8322
73,7613
73,7336
74,7879
74,0672
74,3551
73,7404
73,8031
73,6695
73,5932
73,7700
73,8823
73,6654
74,0642
73,4399
73,5673
74,1074
73,5553
73,8972
73,4015
73,9297
73,6302
74,0474
73,5761
73,1486
74,0158
73,7506
74,4548
73,4896
74,1686
73,8626
74,2770
73,2731
73,6021
74,4246
73,5820
73,2564
73,8807
73,9990
73,8699
73,6055
73,6925
74,0063
73,2664
74,0207
74,1396
73,9840
74,0412
73,5260
73,5123
73,7523
74,2339
74,7172
73,6512
73,3214
73,9808
73,8299
74,1809
73,5899
73,6581
72,7019
73,2613
74,6001
73,5989
73,5574
74,3854
73,5385
73,4162
73,7893
73,9208
74,4244
74,1008
73,8214
74,2694
73,3640
74,0514
74,5479
73,4564
74,3065
74,3629
73,5458
73,8023
74,0859
73,8047
73,6163
74,4779
74,6043
74,5628
74,0984
73,5339
73,7542
74,1848
74,4757
74,3938
74,3168
73,5567
73,8805
73,5935
74,2680
73,9288
74,0592
73,8257
73,2621
73,6092
74,0423
73,9461
73,5616
73,8672
74,2276
72,8597
74,1410
74,1764
74,4895
74,6970
74,1581
73,6078
73,6932
73,7552
74,2605
73,9087
73,6442
73,2776
73,5728
74,1510
74,0618
74,2918
74,2288
73,8594
73,8651
73,9771
73,1878
73,9377
74,1228
73,6110
73,0210
74,2861
74,1340
73,3578
74,1642
73,7399
73,4038
74,7427
73,6007
73,7123
74,0276
74,7066
73,4900
73,8543
73,8810
74,1150
74,1153
73,5256
73,9409
73,9446
73,6003
74,6444
73,8245
74,0767
73,7925
73,9159
73,9437
74,2915
73,4734
73,9816
73,8464
73,2773
74,3057
73,8623
74,6433
74,2715
74,1418
73,9844
73,7600
74,3398
73,6730
74,5113
73,7396
74,5619
73,5033
74,3412
73,4565
73,6982
73,8663
74,5151
73,9355
73,9307
73,5324
74,4693
73,5134
74,2908
74,5857
73,8138
74,2155
73,8751
74,3591
74,3469
73,2935
74,0736
73,8322
73,1027
73,4816
74,1923
74,2894
74,0361
73,7152
73,1676
74,5217
73,8592
74,5441
73,7929
73,5821
73,9949
73,7316
74,0462
73,7651
73,4498
74,2254
73,7185
73,0883
73,7719
73,9221
74,1207
74,4738
73,5277
73,7426
74,0444
74,1162
73,9181
73,8520
74,2131
75,0246
74,4065
74,1469
74,0931
73,3361
73,5061
74,1893
73,5997
74,3134
73,5899
73,4561
73,5196
74,0433
73,9176
73,8440
73,7773
74,5502
73,8192
74,0589
73,8150
73,5382
73,6709
74,0735
73,8956
74,0714
74,0386
73,8392
74,1504
73,9783
73,3062
73,3381
73,6826
73,7262
74,2052
72,8991
73,8561
73,4444
73,5441
74,3774
73,9233
73,5442
74,0359
73,1593
74,2043
73,8741
74,2054
74,1746
74,4993
73,9302
74,1226
74,0009
73,7465
74,1524
74,0823
73,8621
73,6065
74,2656
74,1701
73,7846
73,1901
73,7029
74,1003
73,7884
74,6348
73,6813
73,7093
74,1773
74,5675
73,8415
73,7995
73,3618
73,8486
73,9692
73,7203
74,2263
74,3476
73,8869
74,3977
73,3234
73,7599
73,9216
73,5002
74,1065
74,0858
74,0837
73,7051
73,8481
73,6588
74,4640
73,8977
74,2331
73,8662
73,8735
73,4324
73,5552
73,3373
74,0364
74,0617
74,2862
74,2147
74,1926
74,4599
73,8020
74,0359
73,3134
73,6077
73,5367
73,6787
74,6011
73,8570
73,9627
74,1600
73,5144
74,4616
73,5295
73,6952
73,8155
74,2924
73,8910
74,5411
73,8373
73,7272
73,7137
73,7087
74,1539
74,0958
74,1757
74,1880
73,4973
73,4353
74,4624
74,2592
73,9677
74,0490
73,5584
73,4509
73,9362
73,8780
74,6390
74,0872
73,3332
74,4925
74,1762
73,8834
73,9425
73,7945
73,4249
74,1670
73,2184
73,9386
73,8170
73,3615
73,5991
74,2083
73,9995
74,1577
74,0804
75,1058
74,1546
74,3485
73,9187
73,9722
74,5421
73,4625
73,8880
73,4761
73,6978
73,3609
74,1439
74,0606
73,7892
73,2356
73,6249
73,8101
74,5677
73,5064
74,0976
74,3888
74,2374
74,2972
74,0690
74,0973
73,4746
73,8473
73,5829
74,3455
73,7106
74,0139
73,5053
73,7928
73,6518
73,7151
74,8436
74,0710
73,8114
73,6873
74,2874
74,3444
74,3429
73,9201
73,6267
74,3834
73,9705
74,1967
74,7018
74,4697
74,2378
74,0679
74,0497
73,7051
73,9104
73,9607
74,1032
74,2284
73,7695
73,4992
73,8776
73,9815
74,0014
74,6317
73,9333
74,1191
73,2966
73,6716
73,7266
74,4818
74,2457
73,8916
74,0188
73,9240
73,6761
73,6609
73,8899
74,0784
73,7779
73,5843
73,8243
74,4580
74,3831
73,4166
73,7517
73,8996
73,8519
74,2664
74,2424
73,9077
73,5345
73,5963
73,8814
73,9181
73,5931
74,3026
73,1411
74,1314
73,2867
73,9855
73,3358
74,0640
73,9399
73,9752
73,6992
73,7854
74,7246
74,0572
74,0048
73,9873
73,4744
73,2440
74,0281
74,1843
74,1557
73,9450
73,2317
73,4226
73,7708
73,8158
73,8734
73,5551
73,9533
74,5979
74,5407
73,9280
73,2145
73,5738
74,0107
73,4676
73,9228
74,0377
74,7045
74,1176
73,3750
73,6131
74,1002
73,1629
73,4324
73,6343
73,9130
73,1747
74,0871
74,6771
74,2734
73,7596
74,5218
73,8907
74,0216
73,7347
73,9782
74,1317
73,8486
73,8455
74,3522
73,8602
73,7514
74,4758
74,4289
73,6475
74,1264
73,4056
73,9559
73,6619
74,1098
73,8476
74,0261
73,9980
74,6283
73,3583
73,1072
73,8805
74,0153
74,1480
73,9878
73,9143
73,8380
73,5642
74,4582
73,4137
73,9166
73,9282
74,0863
74,1036
73,7375
74,5932
74,4358
73,5941
74,0609
74,1146
73,9679
73,4219
74,3074
73,8547
74,4174
73,3239
74,0892
73,9782
74,0327
73,5977
73,4651
74,6608
74,4220
73,6055
74,5301
74,1199
74,1377
74,3509
73,8341
73,9019
73,8705
73,7146
73,9466
73,6562
73,9865
73,8140
74,5492
74,4446
73,9391
73,5974
73,4636
73,7815
73,7225
74,5473
73,8382
74,0187
74,5812
73,7733
73,4404
74,3162
73,8721
73,4812
74,4115
73,9209
74,4080
73,7539
73,8601
73,6710
73,9217
74,3217
74,1021
73,4717
74,4188
73,6127
73,4524
74,0532
74,0759
73,9313
74,7871
74,8540
74,6695
73,7077
74,1344
73,2522
74,3097
74,1187
73,5044
73,9281
74,2548
73,9750
73,9141
74,4375
73,0858
73,5664
73,5969
73,7280
74,7020
73,8350
74,1138
74,0171
73,9561
73,5771
73,8810
73,6067
73,7394
73,6742
74,0751
73,5184
73,9964
73,2370
73,5269
73,7226
73,2922
74,5681
72,8778
74,3766
74,0782
74,3500
73,9413
74,0853
73,9619
73,5251
74,4564
73,5774
73,4933
73,8942
73,5491
73,6749
74,1211
74,0607
74,0171
73,6002
73,7348
74,4626
73,5589
74,1725
74,1344
74,0485
73,8139
73,5156
73,9578
74,1977
73,7410
74,0650
73,6694
73,9229
73,5977
74,1568
73,5707
74,1680
74,2428
74,3833
73,8046
73,6979
73,7212
73,7304
73,5614
74,3183
73,6834
74,1484
73,8203
74,1785
74,0702
73,5206
73,8191
73,3339
74,1304
74,4172
74,1287
73,3781
73,8739
73,7913
74,0337
74,8053
74,1108
74,5403
73,6282
74,0808
74,1450
73,9401
74,2238
73,6988
74,1275
73,6526
73,8687
74,2403
74,0619
73,8240
73,7902
74,1480
74,5264
73,5564
73,9580
74,5710
73,5978
73,8683
73,9734
73,7668
73,9411
73,6912
73,6331
73,5080
74,0886
73,5645
73,7071
73,4333
73,8823
73,3555
73,8475
73,3522
73,4389
73,8341
73,6845
73,3918
73,7651
74,0572
74,9207
73,6350
74,0560
72,9762
73,8065
74,2976
73,5370
74,3128
73,3624
74,4420
74,3425
73,6625
73,4833
73,8805
74,0624
73,8554
74,1732
73,3130
73,8787
74,3009
73,7972
74,8169
73,4203
74,2802
73,0842
74,1858
74,0447
74,1671
74,0378
73,9335
73,8455
73,9625
73,2286
74,1696
73,8897
73,9200
73,7106
73,8560
73,5512
74,5161
73,8055
73,9819
73,6201
73,1458
74,0314
74,2349
74,6680
73,5985
74,4862
73,8890
74,2242
73,5167
73,6648
74,1484
73,9687
73,4055
74,0530
73,9133
74,0351
73,6553
74,1779
74,1817
73,8474
73,7468
74,1112
74,1080
73,8941
74,6167
73,6951
74,5862
73,9309
74,4971
73,1378
73,8899
73,8962
73,9430
74,2119
74,1551
73,9917
73,9554
73,9157
74,3194
73,9144
73,6232
73,2905
74,2075
73,3618
73,9851
73,9831
73,7422
74,8348
74,5907
73,9574
73,2386
73,9836
73,9063
73,4336
73,8604
74,1985
73,9474
73,9620
73,9848
73,3561
74,6137
73,7528
74,1507
74,0728
74,1107
73,8868
73,6329
73,4435
73,9716
73,2903
73,9133
74,1665
74,1303
74,1816
74,1678
73,6117
74,0234
74,0956
74,8511
74,2966
74,0823
73,8256
73,5019
73,7684
73,5673
73,2422
74,1961
73,8483
73,3628
74,2475
73,1896
73,8767
73,4104
74,0916
73,8409
74,1138
73,8384
73,8048
74,0801
74,1716
74,0800
73,8636
74,2437
73,8710
73,8706
73,3170
73,9392
73,8237
74,2384
74,6156
74,0738
73,3708
74,0357
73,3653
74,3000
73,7157
73,4645
74,7913
73,5197
73,7424
74,0618
73,3607
74,0856
74,2532
74,0519
74,1239
73,6210
73,5160
74,6265
74,3385
73,6433
74,2190
74,1554
74,2336
73,2036
73,6125
73,4570
74,7208
74,0731
73,5357
73,9948
73,7709
73,7420
73,5700
74,0799
74,0563
73,9701
73,3992
73,4015
73,8745
74,2491
74,3196
73,9816
73,6253
74,3774
74,6904
74,1250
74,3860
73,4119
73,8304
73,8873
73,5678
73,3487
73,8626
73,6029
73,6522
73,7529
73,7216
73,8730
74,0426
73,9241
73,5187
73,9240
74,2162
73,8769
74,2281
74,1109
73,4288
74,3975
73,9155
74,2326
73,7179
73,7143
73,9649
73,9133
73,9889
74,1645
74,1210
74,2738
73,8556
74,0637
73,9649
74,0666
73,9190
73,6502
74,0216
73,8136
74,1905
74,0360
73,7574
74,1534
74,5345
73,9933
74,1044
73,8923
73,4766
73,4229
74,1165
73,9159
74,0394
74,3574
73,9642
73,5765
74,3647
74,1170
73,5878
73,8728
73,8349
73,8643
73,7676
73,3777
73,4210
73,2768
73,9102
73,6793
74,1001
74,0669
73,3661
73,4956
74,1375
74,0354
73,8666
73,5284
74,3717
74,2274
73,6204
73,8310
73,4244
73,6648
73,9405
74,1914
73,7470
73,7105
73,8612
73,8244
74,2583
73,9471
73,5863
74,1529
74,1793
73,7968
73,6249
73,3350
73,5638
73,5839
74,1378
73,6691
73,6478
74,0680
73,1925
73,6285
74,7582
73,3896
73,9585
73,6062
73,4620
73,6201
74,1896
73,7998
73,6364
73,8722
73,7333
73,9274
73,3486
73,5076
74,0199
73,5140
73,9732
74,3688
73,9669
74,0435
73,3091
74,4577
73,8903
73,6762
73,5004
74,2102
74,7825
74,0833
74,1916
73,6942
74,0494
74,8166
74,1467
73,9932
73,4957
74,1030
73,5171
73,9191
73,7483
74,0629
73,8745
74,3119
73,4817
73,4435
74,1991
73,7345
73,8148
73,3975
73,8082
73,7276
73,2724
73,5991
73,4262
72,9528
74,3314
73,9389
73,4968
73,5494
73,8325
74,1649
74,0841
74,6493
74,3382
73,5835
74,4485
74,3226
74,0297
74,0647
74,2224
73,7876
73,7936
73,9534
73,6269
73,6482
73,4072
73,3935
74,1072
73,6909
74,1704
74,4031
74,1368
73,7099
74,0906
74,6824
73,3550
74,2253
73,8702
73,9485
74,7071
73,4598
73,9384
73,2530
74,5106
74,2207
74,0816
73,8799
74,2685
73,3990
74,1713
74,8251
73,9875
74,6834
73,9980
74,4132
74,2816
73,5981
73,5669
74,3679
74,2819
74,3138
73,2157
74,1015
74,0805
73,9228
74,2638
73,9294
74,1744
73,8451
73,7360
72,8279
74,2059
74,1570
74,0681
74,3269
74,0205
73,2976
73,6101
74,5523
73,5874
74,1335
73,7992
73,9637
73,8796
73,9357
73,9124
73,8009
73,2413
73,6651
74,1884
74,2905
74,5213
73,5879
74,0897
74,3819
73,8197
73,4435
73,9264
74,0775
73,9797
73,6873
73,1206
74,1489
74,5095
73,8105
73,4765
74,0225
74,3362
73,5334
73,9283
74,0747
74,0626
73,9406
74,2967
73,8578
74,1122
73,5261
73,4381
74,0228
73,7063
74,1208
73,1963
73,1796
73,9417
73,8891
73,7773
73,7544
73,4624
73,6949
73,9765
73,9331
73,4561
74,6307
73,9292
73,7449
74,1857
73,8748
74,6567
74,2303
73,4009
73,8070
74,5865
74,0856
74,0274
74,0043
73,6503
73,5664
73,5809
73,6683
73,8720
74,5364
74,3153
73,5292
73,7946
74,6614
73,9787
73,5027
73,8474
74,4837
74,1056
73,6375
74,0747
73,9529
74,6895
73,9094
73,8197
74,3240
74,0927
74,2726
74,1779
74,0754
73,4144
74,0946
73,9821
73,8049
73,9920
73,9923
73,7447
74,5094
74,2542
74,5318
74,0278
73,7698
73,5260
74,2238
74,1095
74,4557
73,6573
74,0766
73,8198
73,1994
74,6509
73,2622
73,3436
74,0146
73,4409
73,8587
72,9704
74,1866
73,5169
74,1990
74,3578
73,4289
74,2692
74,3208
74,4818
74,4380
73,7084
73,8881
74,3877
73,9284
73,8487
73,6154
74,1351
73,4444
74,1604
73,7249
74,0442
73,7638
73,6263
74,3868
74,2828
73,4519
73,9705
74,2093
73,7695
73,6114
74,5286
74,1555
73,5199
73,6017
74,0196
74,0153
73,8500
73,3961
73,9684
73,9723
73,2165
73,4587
73,9573
74,1510
73,3511
73,7744
73,4215
74,0779
73,7547
73,5779
74,7595
75,1616
74,3201
74,6752
73,9002
74,1567
73,7220
74,4343
73,5883
73,4773
73,7404
73,8610
73,8875
73,6073
73,5706
73,8472
74,0666
73,7178
73,6743
74,0894
73,6479
73,4585
73,5108
73,6796
74,0766
73,5787
73,9235
73,9129
73,7074
74,3299
73,6192
74,1016
74,7084
74,0599
73,7606
73,5562
73,4994
74,0715
73,7432
73,9676
74,4595
73,9857
73,7241
73,8451
73,5619
73,9901
74,3444
74,7639
73,4069
74,5737
73,7933
74,4308
74,1990
74,3556
73,6572
73,6081
73,8422
74,3282
73,6781
73,7048
73,7450
73,6043
73,4398
73,5167
73,8907
73,2422
73,8985
74,5178
73,9984
73,9939
74,0285
73,6323
74,5001
73,3097
73,4289
74,4974
74,2984
74,1315
73,5611
73,9218
73,7494
73,4618
74,1326
73,6106
73,8898
73,5613
73,4537
73,6838
73,7960
73,7739
74,1488
74,0986
74,2162
73,9394
73,5110
74,3626
73,9820
73,9477
73,4209
73,6824
73,9358
74,2037
73,6943
73,7482
73,1499
73,4621
73,6923
73,6395
73,5493
73,2035
73,4106
73,8439
73,9145
74,1386
74,0300
74,4398
74,0145
73,8213
74,3247
73,7341
73,3723
73,2953
74,3635
74,0835
73,7653
73,4784
74,1748
73,8087
74,0353
74,4102
73,3111
74,1609
74,3128
73,9000
74,1099
73,8800
73,9880
73,8284
73,3365
74,0985
73,6304
74,2413
73,8530
73,7077
73,5474
74,0430
73,9444
73,7171
74,3563
73,8203
74,8697
73,5068
73,6973
74,7845
74,5967
73,4363
73,8165
73,7110
73,5016
73,1233
74,4319
74,1077
73,5994
73,8709
73,7249
74,2578
73,7042
74,2410
74,5026
74,2964
73,7229
73,9756
74,2156
73,9402
73,5900
73,5281
73,6315
73,9436
74,1833
73,5256
72,8616
73,6771
73,8995
73,5656
74,2951
74,4762
73,8733
73,7791
73,5572
74,0525
73,5221
74,1493
74,3668
74,2260
73,7403
74,8061
73,9578
74,2073
73,4809
74,7645
73,6390
74,2976
73,8020
73,8098
74,1338
74,2355
73,9118
73,6973
73,6687
73,6611
73,7426
73,8954
73,6660
74,2880
74,4494
74,4248
74,0741
74,0215
74,3785
73,5249
73,5411
73,8703
73,8220
74,0881
73,8249
74,4318
73,8349
74,4342
74,0658
73,7056
73,3735
73,9803
74,2003
73,5729
73,8152
73,2515
74,3940
73,6137
73,6510
74,1776
73,6448
74,4111
73,9458
73,2348
73,9255
73,8320
74,0607
73,9331
73,9218
73,4451
73,7672
73,7905
73,8598
74,1552
74,0877
73,8001
73,9870
73,7273
74,0415
74,2054
73,6846
73,8402
73,9518
73,9616
73,7805
73,8796
73,7705
74,5910
73,4855
73,4802
74,0016
74,1382
73,8941
73,4676
74,7370
73,6859
74,3365
74,1753
73,1578
74,2137
72,9482
73,6445
74,3469
73,4572
73,4059
74,0912
73,9605
74,4448
73,7100
74,2564
74,0389
72,7287
74,2549
73,4672
74,0300
73,7573
73,9530
73,5147
74,0283
73,9620
73,7637
73,7897
74,1526
73,8217
74,0641
73,9527
74,1778
73,8693
74,0421
74,4193
73,4859
73,4855
74,1673
73,8020
74,0547
73,4418
74,1743
73,1280
73,7538
74,2197
73,6489
73,4002
73,4793
74,0894
73,7024
73,6954
74,9687
74,6703
73,6233
74,1468
73,5824
73,5482
73,6962
73,4262
73,5552
73,4254
74,0280
73,8310
73,5573
74,3477
74,1137
73,9465
73,5210
74,0603
74,1809
73,7715
73,6462
74,6171
74,2503
73,7456
73,6381
73,9621
73,8615
74,2812
74,4157
73,7179
73,5369
73,9752
73,7798
74,8468
74,0398
73,5275
73,6555
73,6783
73,7423
74,3387
74,3213
73,6240
73,9365
73,8849
74,2654
74,3324
73,9312
73,8434
74,2139
73,8428
74,1742
73,9080
73,3014
74,0619
73,5664
73,3952
74,3856
73,8041
73,6494
74,7311
73,3749
74,4121
73,2130
73,9798
73,4684
74,3394
74,1156
73,6992
73,9047
73,8516
73,8213
74,0362
73,3843
74,6094
73,7362
74,0791
73,4026
73,7549
73,5061
73,4670
73,8460
74,0567
73,1726
73,6738
73,7543
74,1604
72,6221
73,6372
74,2340
73,7773
73,4695
73,7817
73,8827
73,6059
73,6552
74,4063
74,1320
73,6935
74,3230
74,0227
73,4153
73,0301
73,6351
74,1038
74,1737
73,0476
74,3771
74,4689
73,7157
73,4135
75,3441
74,4258
74,0490
73,8096
73,7676
74,2204
73,9879
74,2743
74,1628
73,6156
74,2449
73,0297
73,9906
73,6798
73,8704
73,5664
74,1926
73,9482
73,3010
73,6862
73,5549
73,1822
73,6251
73,6136
73,3993
73,6468
74,2243
74,3143
73,7620
73,6435
73,7791
73,9766
73,4176
73,1812
74,0308
74,1186
73,6836
73,9856
73,3251
73,9910
73,4430
74,3488
73,7196
73,8776
74,0341
73,9853
73,9841
74,1261
74,0950
73,5575
74,1122
73,6982
74,7161
73,6080
74,3087
74,1794
73,9643
73,8400
73,6798
74,2667
74,4526
74,1594
74,0309
73,5982
73,9936
74,2403
73,5348
73,6878
73,5931
73,0287
73,6883
73,5425
74,4134
74,3576
73,8579
73,5938
73,7239
74,1138
73,7749
73,4905
73,8082
73,3538
73,9621
74,4717
74,0175
73,0277
73,7000
74,5150
73,7376
73,7106
73,8666
73,4847
74,2595
73,8991
74,1270
73,8533
73,3951
74,3101
73,1234
74,5274
73,4154
73,5306
73,4986
73,5129
73,4777
73,4310
73,6284
74,2154
73,7728
74,1609
74,1330
73,9074
74,2668
73,6954
73,5264
73,8819
73,5299
73,8591
74,0825
74,2584
73,5376
74,0298
73,5677
73,7920
74,3755
73,4334
74,0396
74,1798
73,7374
73,4934
73,8391
73,9510
73,2591
74,1023
73,6421
74,1786
74,2617
74,3722
74,1228
74,0348
73,8942
73,8376
73,8931
73,2210
72,7275
73,2676
73,8419
74,1118
74,1192
74,3755
73,7272
73,4604
74,3763
73,7917
73,4168
73,8108
74,0229
74,0596
73,1124
73,2140
73,8435
74,1523
73,8210
73,8938
73,3763
74,4056
73,5817
73,7606
74,5996
73,4748
74,2428
73,5271
73,3105
74,7833
74,0671
73,8508
74,1197
73,4893
74,6317
72,7204
73,5812
73,4832
73,7564
73,9734
73,5506
74,7352
73,5964
73,8068
73,8247
74,0777
74,2304
73,9357
73,4121
74,2672
73,8966
73,9609
74,3357
73,8672
74,2538
73,5959
74,5838
74,0998
73,7125
73,5058
73,5201
73,6611
72,9893
74,3344
74,0117
72,7037
74,0130
74,4875
74,6961
73,6997
73,3759
74,0677
73,9617
74,4515
74,4373
73,6231
74,4654
74,0322
74,4461
74,7566
74,3427
74,0101
74,0973
74,2410
73,2440
73,2184
74,1559
73,9607
73,6336
73,0281
73,9933
73,5503
74,0360
73,2885
73,9864
73,5162
74,3150
74,0542
74,5621
74,1585
74,1372
73,9311
73,9401
73,6754
73,7208
73,8034
73,8311
73,8761
73,8304
74,2639
73,8088
73,6344
73,5633
73,9052
73,4551
74,1844
73,6420
74,0241
74,2703
73,9990
73,7118
73,8867
73,7873
74,4662
73,8806
73,7199
73,7365
73,6697
74,3263
74,4149
74,3513
73,9141
73,9270
73,5957
73,8832
73,7127
73,7824
73,7053
73,3412
74,0674
73,6729
74,2729
74,3141
73,5146
73,6569
73,9261
73,3208
73,8180
73,4324
73,3600
73,9922
73,5938
74,7427
73,9511
73,7193
73,4314
73,6112
73,3352
73,5502
74,9574
73,8497
73,4985
74,3397
73,3770
74,1763
73,5142
73,5667
74,1840
73,6930
73,8193
73,7329
73,6538
74,4634
74,1052
74,3252
74,2905
73,7367
73,9310
73,9188
73,4679
73,5674
74,2691
73,9599
73,8585
73,9873
73,9365
74,2131
73,9738
73,9629
73,7149
74,0644
73,7318
73,6118
74,5833
74,2622
73,5096
73,8296
74,2096
74,1988
73,7935
73,8563
73,3940
73,9291
74,2255
74,2149
73,6541
73,7811
73,9703
73,9017
73,2349
74,2681
73,3835
74,0260
73,9512
73,4546
73,8275
74,1273
73,2702
73,7878
73,3370
74,4504
74,1477
74,0069
73,5440
73,6139
74,7501
73,8761
74,5473
73,8696
74,1699
73,8947
74,6190
74,3447
73,7124
73,4469
74,2548
74,3197
73,8784
74,5595
74,3378
73,0150
73,5531
74,0358
74,1855
73,5179
74,2340
73,5746
73,7795
73,6239
74,0391
73,3526
73,9992
73,5495
73,2791
73,8804
74,2285
74,0209
73,8577
73,6971
73,4787
73,9717
74,6393
74,5132
73,5507
73,6958
74,1273
74,0641
73,9034
74,3312
73,7344
72,9831
74,0336
73,6761
73,4935
74,1322
73,9079
73,0269
73,9832
74,0012
74,4502
73,9562
73,8189
73,0767
74,5220
73,4441
74,2001
73,7600
74,2913
73,7580
74,1220
73,9500
73,9183
73,8205
73,6657
73,6687
73,9531
73,8969
74,4663
73,9294
73,7610
74,3662
73,7926
73,8345
74,1972
74,2469
73,7554
74,7241
74,4457
73,6206
74,5171
73,9186
73,3352
73,8137
73,8536
74,1636
73,8368
73,7465
73,7901
73,6767
73,6620
74,2180
74,4475
73,7328
74,0198
73,5559
73,9581
74,1347
73,7577
73,9274
74,0287
74,1245
74,0853
74,0469
74,1356
73,5642
73,8071
74,1559
75,0292
75,0187
73,2700
74,3819
74,0123
73,3547
73,8689
73,4805
73,4473
73,7768
73,3047
73,9020
73,8243
73,5631
73,9913
74,4981
73,6755
73,7497
73,6191
74,2925
74,0253
73,9670
74,2094
73,6240
74,0186
73,6108
73,7560
74,0094
73,9947
74,4121
73,7180
74,1538
74,2147
73,6987
73,7769
74,4278
73,5671
74,1662
73,9910
74,2139
73,3530
74,0087
73,4699
73,9617
74,6055
73,6450
74,2568
74,5332
73,7192
73,6186
73,9223
73,9955
73,7625
74,1024
73,7697
74,0720
73,7595
74,2487
73,5753
73,8042
73,7502
73,9788
73,9281
73,4620
73,5450
74,6706
74,2621
74,2750
73,4906
73,5366
74,1718
73,5795
74,1480
73,7092
73,8802
73,7198
73,7888
73,5571
74,4372
74,2995
73,5627
73,8459
74,0280
73,9676
74,0229
73,4313
73,5886
73,2084
73,2782
73,1138
73,6028
73,3179
73,8959
74,9077
73,6726
73,5301
73,5611
74,0704
73,5965
74,3950
73,5834
73,6014
73,3340
74,3141
74,6672
73,4287
73,9294
74,3493
74,0904
74,1537
74,2808
73,8594
73,8639
74,2440
74,3826
74,0700
73,9862
73,7682
74,1179
73,8440
73,4875
73,7877
74,2361
74,6528
73,8454
73,7470
73,8949
74,0308
73,5094
74,0033
73,7484
73,7436
72,8664
73,8840
73,7018
73,6169
73,7086
74,0332
74,3322
73,8484
73,7998
74,2312
73,5602
73,8191
74,4790
73,5760
74,3398
73,9860
73,7202
73,3158
73,2288
73,7795
73,3310
73,8174
73,7710
73,4393
73,8244
73,5479
74,1333
73,2380
74,1910
73,9904
74,3018
74,5743
73,3501
73,6800
74,4412
74,0707
73,6844
73,3080
73,5633
73,6977
74,3254
73,8171
74,0713
74,2502
74,4852
73,8427
73,8940
74,5933
74,3214
73,4861
73,8874
73,5016
73,8892
74,7307
74,3027
73,4845
74,1368
73,3793
73,3121
73,5412
73,0654
74,1312
73,3130
74,0083
73,3192
74,2292
74,1360
74,3199
74,3524
73,8469
74,3591
73,7025
73,9734
74,1196
73,6412
73,8444
73,1312
73,5910
73,6608
74,0350
72,9748
74,0892
74,1821
73,4665
74,2914
74,5234
73,6378
73,9311
74,0116
72,8727
74,5522
73,7426
74,0782
74,1385
73,6927
73,9408
74,5169
74,6644
74,6170
73,5636
74,2199
73,5621
74,1513
73,8591
74,1521
74,3944
74,5395
73,9671
74,3000
74,3284
73,8278
73,7120
74,1527
74,0672
72,7931
74,0400
74,2944
73,4333
73,9680
73,7871
74,0102
73,7012
74,1143
73,6453
73,4735
73,7162
74,5577
74,3938
73,5975
74,1022
73,8023
74,0242
73,9818
73,5481
73,8127
73,5270
74,0610
73,3624
73,6637
73,7600
74,0247
73,7255
73,7486
73,5783
73,2195
73,7220
73,7751
74,0028
74,5983
73,8968
74,3929
74,1852
73,3078
73,5312
74,0582
74,3889
73,9674
73,9795
73,8834
73,3754
73,8518
74,0543
74,2353
73,9596
74,1055
73,4655
74,4315
74,4856
73,8718
73,1304
73,8640
74,3822
74,0337
74,4205
74,3046
73,4935
73,8262
74,4771
74,0640
74,2463
73,6506
73,2375
74,1223
74,0115
74,3581
73,1924
73,6158
74,2899
73,7565
74,0431
74,0252
73,9628
73,6688
74,0081
73,5277
73,8475
73,7501
74,3054
74,0892
73,2252
73,8798
73,9547
74,3492
73,8219
74,0823
74,2909
74,0196
73,9275
74,3434
74,4229
73,2190
74,5107
73,0841
73,1833
74,0535
73,8584
73,8698
73,8957
74,2991
74,2112
73,6451
73,4712
74,1836
73,9436
73,6936
73,8478
73,4310
73,6229
73,8540
74,1062
74,2774
74,2724
73,9697
73,5094
73,6803
74,0220
74,2326
74,4121
73,7788
74,1257
74,2863
73,7779
73,7150
73,6400
73,7573
73,5296
74,5277
73,7649
73,8647
73,3477
74,2558
74,0884
74,2796
73,6128
73,8155
74,0485
73,7312
73,9800
73,6801
73,1748
74,9893
74,1524
73,3631
73,8550
73,7162
73,5209
74,2448
74,4800
73,5629
74,0761
73,4242
73,6200
74,2251
73,8625
73,9525
73,4509
73,9081
73,5038
73,8474
74,5064
73,6356
74,3163
73,4749
74,0642
73,7031
74,2181
74,4642
73,7313
74,0675
74,2271
73,5683
73,7497
74,4619
74,0958
73,7852
73,8734
73,4464
73,2838
73,7454
74,1400
73,6992
74,7342
73,8267
73,9540
74,0887
73,8155
73,7783
73,9856
74,1785
73,7407
73,3768
73,3562
74,0075
73,7455
73,9429
73,9789
73,6996
74,7299
73,8752
74,4488
73,3188
73,4731
74,2943
74,5526
73,9557
74,3938
73,7540
73,6225
73,6886
74,1125
74,1981
74,0506
73,8832
74,1305
74,1379
73,5951
74,4357
74,0993
73,9856
73,9020
73,4280
74,3349
74,2865
73,8201
74,3720
74,4557
74,1925
73,1113
73,5132
74,3439
73,9397
74,0107
74,0618
74,2075
73,8318
73,6688
73,8059
74,0064
73,7426
73,6127
73,5358
74,1428
73,7100
74,0592
74,0683
73,9082
73,0759
74,2500
73,8823
73,6563
74,3666
73,9076
74,0920
73,7714
73,8075
73,1261
74,0545
74,1475
73,5906
73,9121
73,7569
73,9414
74,4588
73,8785
73,7788
73,7336
73,8149
73,9605
73,6612
73,5324
73,7278
74,3134
74,0785
73,8890
74,3456
73,8870
74,5658
73,7435
74,3853
74,4926
74,1762
73,4427
73,9053
73,8512
73,6814
73,4271
74,2406
73,9810
74,3323
74,2147
74,2121
74,0975
74,5570
73,5096
73,6590
73,3817
73,1899
73,6345
73,7331
73,9176
73,5286
73,7900
73,9881
73,9156
74,0495
74,1795
73,4387
73,5895
74,1962
74,2021
74,2751
73,9381
73,8565
73,8654
73,5312
73,4933
73,9047
73,6729
74,0958
73,6895
74,0111
73,9464
74,1170
73,6971
74,2187
73,9517
74,1831
74,1462
73,0810
73,4745
73,4186
73,6902
74,0003
73,6682
74,1203
73,7785
73,9402
73,6774
74,6709
73,8498
73,5426
74,3725
73,9597
74,3202
73,7974
74,3152
74,1712
73,6390
74,1313
73,8929
73,9386
73,8869
74,0666
73,9875
74,0623
74,0759
73,4108
73,8990
73,8218
73,7215
73,8667
73,8895
73,8247
73,9506
74,2709
73,7275
74,1328
73,2065
73,9464
74,0070
74,2210
74,5216
73,6235
73,8492
74,0143
73,9829
74,1071
73,2534
73,2614
73,8269
74,6108
74,6263
74,4337
74,2382
73,8394
73,9913
74,5135
73,8890
74,0813
74,2657
73,7584
74,2481
74,2636
73,0245
74,0422
73,6752
74,2079
73,6967
74,3021
73,8906
73,2558
74,0811
73,9841
73,7760
74,1403
73,8612
74,3125
73,4205
73,9635
73,7806
73,8981
73,0970
74,2460
73,7534
74,1171
74,0442
74,5643
73,5642
73,7938
74,1244
74,7516
74,1391
73,7971
73,4666
73,7792
74,2635
73,4484
73,7925
73,7815
72,8938
74,4364
73,3018
73,6049
73,6031
73,9051
73,7680
73,9259
74,4816
74,1202
74,4500
73,7168
73,4318
73,8023
74,0846
74,0302
73,8863
73,3565
74,2403
73,6870
74,3405
73,7203
73,6228
74,6857
74,0995
74,3972
73,7461
74,0741
73,8746
74,4043
73,6965
74,2169
74,3840
74,4264
74,4473
74,0125
73,8617
73,2093
73,7885
74,1059
74,0391
73,1883
73,6838
73,6340
73,2984
73,7032
74,4096
74,1605
74,6669
73,8305
73,6201
73,2706
73,9708
74,0297
73,5313
73,8545
73,7957
73,9324
73,9072
73,4594
73,6057
73,2473
73,7160
73,9428
74,0610
74,4344
74,0537
73,4896
74,0374
73,6411
73,9407
73,9671
73,7770
73,5498
73,7323
73,5588
73,9772
74,2067
74,0261
73,8006
74,3750
73,8882
73,4064
74,2592
73,9773
73,8747
74,1207
74,0110
73,5254
74,1196
74,6214
73,5057
73,3039
73,2874
73,8862
73,7250
74,0121
73,7395
74,4076
73,5450
74,0021
73,8246
74,3596
74,0485
73,9724
73,6304
74,1183
74,4332
74,1870
73,8683
74,3049
74,1560
74,1730
74,2762
73,9631
73,9181
73,4489
74,2170
73,8109
74,1226
73,9637
74,2585
73,6988
74,0286
73,5846
74,0098
74,0633
74,1140
72,7738
74,0386
74,2658
73,3604
73,9942
73,5666
74,0351
73,8738
73,6721
74,0769
73,4883
73,6835
73,8619
73,7168
73,4850
74,0068
74,2503
74,2651
73,8082
73,2414
73,6962
73,3187
73,9111
73,6079
73,2023
73,6099
73,6926
73,2926
73,7458
73,7113
74,1202
73,6998
74,5425
74,0532
73,9028
74,1055
73,8876
74,2835
73,8945
74,0348
74,0333
74,4024
73,4931
73,4159
73,7361
73,4096
74,0526
73,9960
73,7175
74,1239
73,9454
73,5360
74,0401
73,7534
74,1755
74,1349
74,0059
73,3262
74,4060
73,5047
74,2105
74,3682
74,5012
73,7200
74,3454
73,5162
74,1186
73,8792
73,4315
73,6348
74,1297
74,2845
74,0097
73,9100
73,6823
73,6789
73,5539
73,9671
73,2740
73,9081
73,9372
73,9204
74,4257
74,2999
74,7110
74,0491
73,9651
74,0778
74,2515
73,8594
73,8225
74,0354
73,1951
73,9004
74,3121
73,1714
74,0559
73,5745
73,3290
73,8606
73,4671
73,8799
73,3511
73,6616
73,1631
73,3530
73,6714
74,4744
74,1288
74,0625
73,9867
74,0466
74,5524
73,9233
73,8181
74,5108
74,4231
73,8197
74,0603
74,0389
74,7672
73,6864
74,3788
74,0433
73,8262
73,9712
73,6188
73,9256
73,9921
73,3895
73,3370
74,2411
73,6719
73,3338
73,9150
74,4735
74,3870
73,5251
73,8402
72,9306
74,3306
73,8137
74,0600
74,4673
73,1612
73,7767
73,4565
73,5670
73,5398
72,8036
73,7047
73,4507
74,0526
74,1848
73,8828
73,9790
73,6331
73,6142
73,6905
73,8199
73,7960
73,6817
73,4570
73,8702
73,8360
73,9271
73,9945
74,0148
74,2316
74,2004
73,5867
73,8679
74,3930
73,3955
73,9564
74,0897
73,9361
73,8052
74,3046
73,9761
73,9458
74,0038
73,5598
74,1514
74,1374
74,0975
73,7087
74,1437
74,0075
73,8425
74,2451
74,3878
74,0023
74,6558
74,6968
72,8976
73,4760
73,5070
74,5233
73,3778
74,0683
73,9420
74,0613
73,4339
73,8620
73,9578
73,4805
73,6868
73,4795
74,0550
73,2987
74,0757
74,5121
73,9133
73,9529
73,9183
74,1029
73,9829
73,3281
73,7349
73,3851
74,1781
73,2764
73,2465
73,8277
73,5747
73,6738
73,1819
73,7870
74,0739
74,0322
73,1538
73,4833
73,8200
73,1645
74,0064
74,4838
73,8849
73,6756
73,5915
73,9737
73,5075
73,8237
73,3542
74,3896
74,4223
73,9312
74,4980
73,3397
74,6724
73,6247
73,9507
73,4544
74,5299
74,0545
73,8875
73,7744
73,9610
73,4596
73,8237
73,7993
73,9768
74,4216
73,9842
74,1871
73,7412
73,9311
73,8440
74,3251
74,6850
73,4373
74,0103
74,1171
73,7713
74,3880
74,3434
73,6538
73,4945
73,6989
73,8287
74,2692
73,6583
74,0929
74,3737
73,3988
74,0832
73,6432
73,8077
73,8096
73,8985
73,9767
73,8869
73,7413
73,2113
74,3525
73,3709
73,7909
74,4767
73,0282
73,9628
74,2710
73,5698
73,6369
73,3660
74,6649
74,0179
74,0746
73,0197
73,7961
73,6390
74,1531
73,7971
73,9956
74,4103
73,9114
74,0945
73,8341
73,9728
74,5509
74,1111
73,8343
74,0790
73,5224
73,9224
73,8669
73,9860
73,7977
73,1367
74,2340
73,6365
73,7008
73,6932
74,4428
73,9026
73,6858
73,7372
74,1326
73,2542
73,8575
74,4790
73,6698
74,0027
74,3064
74,0123
74,0280
73,8765
73,7358
74,2405
73,8806
74,2446
74,0256
73,9862
73,8683
73,5767
73,4787
74,3750
74,1062
73,8969
73,3476
74,0640
74,2553
73,9753
74,1463
74,1259
74,1671
73,8404
73,6149
73,7703
73,7960
74,0415
74,2641
74,2067
74,7789
74,0703
73,6764
73,8387
74,0089
74,9985
72,9247
74,3007
74,4548
73,2368
73,7138
73,7461
74,1961
74,4040
74,0306
73,6134
73,5284
74,5490
73,7819
73,9507
74,1375
73,3752
73,9766
73,6387
73,6721
74,0294
74,5249
73,8989
74,2213
73,9770
74,2806
74,0453
73,5432
73,7513
73,2908
73,2815
73,7394
73,7281
74,1104
73,5057
74,1582
73,4386
74,3090
74,1105
74,4613
73,8215
73,4442
73,5781
73,8752
73,5853
73,4056
73,3400
73,6971
74,4108
73,9313
73,5430
73,8981
74,0993
74,0943
73,4579
73,4297
74,1905
74,2323
74,1014
74,4355
73,7694
74,1540
74,1475
73,9926
73,9414
74,9723
74,4577
73,9627
74,1190
73,5953
74,1660
73,4994
73,7420
74,1973
73,9151
74,5795
74,0719
74,0673
73,4370
74,1924
73,6038
74,3456
73,3542
74,8855
74,0978
74,3251
73,7575
73,7482
74,2668
73,7095
72,9474
73,6438
73,8451
73,7349
73,9488
74,2746
74,0667
73,8427
73,6491
73,4699
74,1077
74,1070
73,1406
74,6414
73,3540
73,5550
74,1489
74,1360
74,1385
73,0687
73,7999
74,6563
74,0019
73,7388
73,3817
74,4624
73,7401
73,9766
74,2146
73,9906
74,0932
74,3002
74,2237
74,0368
74,6923
74,3401
73,7968
74,6301
74,0306
73,9267
74,3774
74,7696
73,8009
73,4982
74,0327
74,8146
73,5479
73,8618
73,7201
74,2422
73,6973
74,0185
73,8828
74,0878
73,4271
73,3175
73,9267
73,7032
74,0000
73,9351
73,5573
74,4580
74,1798
74,2714
74,1809
73,5516
73,9120
73,7189
74,0129
73,6678
74,7664
74,0102
73,6901
73,6584
74,0732
73,8298
74,5015
74,2276
74,0908
73,8028
74,2516
73,7710
74,0577
74,0371
73,3424
74,4225
74,6231
74,0534
74,7012
73,8309
73,6404
73,1005
73,7693
73,8639
74,1865
74,2637
73,9808
73,5850
74,4662
73,9501
73,8500
74,1963
73,8751
73,6303
73,7814
74,3931
73,9652
73,3625
73,6473
73,5195
73,5556
73,2603
73,4692
73,6181
74,0125
74,6025
74,1926
73,8273
74,2645
74,0690
73,9181
74,2970
74,2122
73,9227
73,4380
74,1718
73,8371
74,0013
73,7905
74,1760
73,7271
73,8647
74,1359
73,4186
73,7339
73,5300
74,0509
73,4554
73,7256
73,9453
74,4530
74,8760
73,7559
74,4264
73,9955
74,4054
74,2780
73,9367
74,1369
73,2478
73,3791
73,7137
73,6804
74,7342
74,0961
73,6914
74,0545
73,3223
74,1403
73,9062
74,1043
73,6526
73,7834
74,1354
73,6184
73,9371
73,9585
73,4571
73,1511
73,7989
73,8816
73,9686
73,8844
73,3238
73,5734
73,4678
73,7925
73,6802
74,0152
73,7062
73,4888
74,0231
73,7437
73,7702
74,2679
74,1557
74,5031
73,4443
74,0510
74,1325
73,7701
74,1908
73,9393
73,8331
72,9455
74,4112
73,9119
73,4849
74,0709
74,3886
73,6042
74,1618
73,7176
74,4466
73,9143
73,2693
74,0966
73,7912
74,3912
73,9216
74,3971
74,0275
74,3584
74,3182
74,3711
74,0399
73,9916
73,8825
74,0181
73,4621
74,4265
73,8874
74,8390
73,7926
73,8142
73,3986
74,2342
73,9740
73,8411
73,5045
73,9326
73,5363
74,5286
74,0630
74,3126
74,3721
74,5802
73,9197
73,1745
73,6958
73,6191
74,0103
73,9715
73,7907
73,1253
73,5997
74,3389
74,0221
73,8715
73,6085
73,5971
74,6246
73,9365
73,9602
74,1768
73,6297
73,2449
73,6046
74,1580
74,1608
74,3726
74,1147
73,3114
74,4644
74,0952
74,1943
74,0124
74,1170
74,7541
73,7053
74,4810
73,9635
74,6154
73,9912
74,3079
74,3604
73,8701
73,7920
74,1873
73,4536
73,7993
73,6015
73,8318
74,4113
73,9645
73,5914
73,8874
73,5960
73,6517
73,7016
74,5069
74,1888
74,3521
74,0280
74,1968
74,3141
73,7057
73,8125
73,4489
73,8551
74,3210
73,6820
73,6873
74,4477
73,6286
73,5430
73,4817
73,7594
73,7499
73,6730
73,5400
73,6819
73,3808
74,3461
74,1392
73,6320
73,9658
73,8098
73,3727
73,2041
73,5531
73,8454
73,2344
73,6070
73,5991
72,9880
74,1174
74,5788
74,0444
74,6856
73,6473
73,8463
73,7638
73,7669
73,6893
73,8254
74,7274
72,6665
73,7450
74,4302
73,9364
74,5007
73,5846
73,6666
73,8997
73,6894
73,7628
73,5424
73,9665
73,8842
74,0625
74,2158
73,8063
74,0759
74,0178
74,0815
73,8247
74,4799
74,1371
73,5918
73,5861
73,5311
73,2755
74,3466
74,1872
74,0144
73,9126
73,6595
73,9088
73,9296
73,4312
74,3091
73,7239
74,2171
74,1934
74,0870
74,1489
73,3876
73,2808
73,7868
73,5543
74,4038
74,1189
73,9941
73,5694
74,0955
74,2335
74,0840
73,9928
73,5002
73,9234
73,4075
73,8335
73,6415
74,6017
74,0321
73,2921
74,1109
73,4556
73,8030
73,4462
74,4725
74,5948
73,8680
73,2741
73,6786
74,0246
73,1866
73,3434
74,1093
73,6799
73,3495
73,6927
74,4690
73,5729
74,1374
74,4089
73,8031
73,8166
73,5434
74,4698
73,7089
74,4181
74,0181
74,0693
73,5043
74,7811
74,0535
73,7714
73,6941
74,4327
73,5575
74,6583
73,7712
74,2173
73,6944
73,7458
73,6417
73,9745
73,9894
73,3529
73,6353
73,9068
74,1859
74,2048
73,2594
74,2385
74,2087
73,9272
73,9508
73,6235
73,7752
74,1289
73,5804
73,8942
73,4715
73,9238
74,6274
74,0429
74,1582
74,7050
74,1788
73,5408
74,0846
73,6196
73,8563
73,8484
74,1961
73,8829
74,2737
73,5933
74,3422
73,8440
74,5854
74,6010
73,3134
73,9131
74,1635
74,0424
74,0149
74,4470
73,9692
73,8018
73,8891
74,0801
74,1127
73,7557
73,9290
73,2439
74,0882
74,0860
74,1244
73,8237
73,6969
74,8432
73,5910
74,2474
72,6877
73,4861
74,1007
73,8580
73,6890
73,9644
73,7789
73,6868
74,0695
73,4576
73,6450
74,0770
73,9306
73,9958
74,2573
73,1247
74,2986
74,0680
74,4848
73,7523
74,1100
73,6516
74,0522
74,2580
73,7479
74,2206
74,2806
74,2621
73,4715
74,0985
74,6897
73,4075
74,0809
73,5129
74,3105
73,6311
73,4748
73,1623
74,1703
74,2407
74,2607
73,6340
73,8952
73,3820
74,2910
74,0440
73,5217
73,6412
74,2183
74,5980
74,0986
73,8311
74,1052
74,0721
73,6165
74,0371
73,8645
73,8982
74,1401
74,1490
74,7457
74,2060
73,4230
74,3150
73,6005
73,5200
73,6803
74,2966
73,7352
73,9658
74,2853
73,5616
74,0917
73,8244
74,0486
73,5777
74,1129
74,0659
73,5908
73,5412
73,5141
73,5517
73,9820
74,1042
74,1439
74,0023
73,2606
73,8947
74,3569
74,0861
73,5665
73,9215
73,8522
74,5298
74,0703
74,2294
74,1529
74,4032
73,4577
74,0665
74,2480
73,5903
73,8308
74,2474
73,8368
74,1504
73,7847
73,7128
73,8719
73,3715
73,3900
74,2062
73,7025
73,1064
74,9016
73,5378
74,4036
73,7208
73,8405
73,4511
74,2446
74,0023
73,5128
73,8410
74,2058
73,3986
73,7105
73,3033
73,9120
73,3619
74,2439
73,4974
74,4726
74,2059
73,8118
74,1982
73,2853
74,0716
73,3046
73,8252
73,7047
73,9064
74,6240
74,1131
74,0872
73,8205
74,0196
74,1521
73,3720
74,1697
73,2871
74,1773
73,6284
73,9758
74,4310
73,8797
73,3670
73,6834
74,1774
73,9397
74,6024
73,4934
73,5847
73,6201
73,2903
74,4371
73,8472
74,2255
73,9880
74,2678
74,5569
74,3397
73,6732
73,7194
73,8625
73,3396
73,8485
73,8884
74,0529
74,6780
74,1892
74,1316
73,8359
74,2550
74,1621
74,0535
73,6970
73,1455
73,7979
73,5670
73,9203
73,9549
73,8180
73,5578
73,9998
74,4080
74,4965
73,9710
73,9656
74,3223
74,2547
74,3337
73,5493
73,3347
74,8069
74,3369
73,9453
74,4284
73,9410
73,8104
73,5959
73,7008
74,1685
74,1626
73,5814
73,9020
74,4976
74,0572
73,5051
74,4184
74,0790
74,1978
73,9589
74,2603
73,4912
73,8936
74,0199
74,2361
73,7907
73,9630
74,2432
74,3609
73,3971
73,8160
73,1086
73,2881
74,7159
73,8589
74,5016
74,2059
73,1701
73,6723
73,7546
73,8467
73,4053
74,9758
73,9679
74,2652
74,1379
73,7279
73,6330
73,5869
74,0560
74,2152
73,7030
73,8783
74,4187
74,2617
74,1625
73,6706
74,6360
74,5167
73,4013
74,4027
74,0401
73,7963
73,6784
73,9836
73,5190
73,7984
73,9243
73,8046
73,2998
74,2008
74,2488
73,8259
73,7992
74,1333
73,6186
74,0220
73,9494
73,2069
74,3319
74,4989
73,8106
73,9462
73,4026
74,1958
73,8451
73,7114
73,9016
74,4003
73,6813
74,6640
73,8893
73,9924
73,7058
74,0932
73,8025
74,0746
74,1928
73,4912
73,7308
73,9610
73,6368
74,2066
74,4062
74,2230
74,0056
74,1741
74,4952
74,3202
73,7752
73,9700
73,6883
73,8241
73,5623
74,1216
74,5513
74,4551
74,2391
73,4922
74,1710
74,0850
74,1387
73,9574
73,3669
73,9399
74,1185
74,1131
73,5701
73,4817
73,9382
73,7509
74,0188
73,9106
73,7771
73,8671
74,2083
74,0427
74,6163
73,8184
74,3293
73,8219
73,5186
73,6877
73,6725
73,8246
73,7742
73,9510
74,3907
73,6548
73,5105
73,4831
73,5201
73,2547
73,8011
73,8463
73,7834
74,6209
74,0736
73,8474
73,4113
73,4710
73,7331
73,2265
74,0181
74,1216
74,3401
74,0539
74,2391
72,9748
73,9843
73,6433
74,2433
74,1491
73,9090
74,0446
73,7172
74,1960
73,9001
72,8663
74,2934
74,6427
74,0605
73,6667
74,2420
73,4915
73,4610
73,6910
73,5967
73,7857
73,7697
73,9591
73,7215
73,7065
73,8622
73,4616
74,0678
73,5168
73,6349
73,6062
73,6341
73,8525
74,5939
73,9865
73,5047
73,5156
73,9726
73,6820
73,4838
73,5173
74,0023
73,9589
73,9427
73,8372
74,0511
74,1622
73,9201
73,7704
74,0435
73,4692
74,1335
73,7000
74,1498
74,3897
74,1898
73,9698
74,0098
73,3440
74,1991
73,6555
73,7520
73,6925
74,3252
73,4681
73,9253
73,5748
73,5555
73,5578
73,5996
74,4055
74,0078
74,1242
74,3954
74,4658
73,6119
73,6243
73,9118
73,7875
73,9194
73,7195
74,8748
74,1853
73,9294
73,8836
73,5737
73,9937
73,3274
74,3762
73,7380
74,2144
73,6566
74,2086
73,2273
74,0302
74,0042
74,0110
74,3948
74,0387
74,1503
73,8741
74,2696
73,7402
73,1754
74,2467
73,9299
73,8202
73,6777
73,3939
73,9735
74,6010
74,5507
73,5956
74,1192
73,6266
73,6977
73,8241
73,9351
74,5869
74,4443
74,1621
74,4923
73,8587
73,3060
73,8602
73,5559
74,3240
73,7508
74,0735
73,5837
74,1286
74,2660
73,9054
73,9778
73,7232
73,6233
73,9418
74,2269
74,1863
74,1834
73,7467
73,7426
73,7408
73,6487
74,2638
74,2022
73,9157
73,7824
74,1433
74,3991
74,1679
73,7012
73,2455
73,7761
73,6531
73,5292
73,8536
73,8882
73,8583
74,4207
73,6482
74,5698
73,1240
73,5236
73,6426
74,2647
74,0727
73,9083
73,9696
73,9686
73,7709
74,0715
73,8044
74,1914
73,7110
73,5896
73,8067
73,8407
73,3941
73,8108
74,1206
74,1349
73,9785
74,3713
74,0842
74,8036
73,6944
73,8905
73,6798
73,9135
74,0893
73,5892
74,6259
74,0279
73,6064
74,2468
73,4789
73,7867
73,3735
74,2866
73,8865
73,4645
74,4653
73,6375
73,6011
73,4771
73,7140
73,2672
73,9507
74,2186
73,8619
73,5997
74,2848
74,0801
73,4875
74,0573
73,6923
74,2088
73,7350
73,6875
73,7046
74,2303
73,6069
73,7444
74,4283
74,0279
74,2539
73,9913
73,6675
74,1964
74,1779
74,6618
73,7596
73,9575
73,7928
73,4287
73,6662
73,9703
73,7769
73,8555
74,5430
73,4324
73,6101
73,9136
73,9230
74,0029
74,2457
73,8633
73,9991
74,5838
74,1841
74,0794
74,7890
73,1982
74,1642
73,5884
73,3081
73,1814
74,3362
74,5271
73,5024
74,1809
74,2405
73,6162
74,3144
73,3612
73,8735
73,2168
73,3900
73,6501
74,1650
73,8058
73,5914
74,0884
73,4127
73,8141
74,3614
74,3914
73,8796
74,3518
73,7176
73,5680
74,0064
74,1594
74,1357
73,6092
73,5451
74,1660
74,0286
73,9307
73,5965
74,0025
73,9408
73,5318
73,8466
73,8376
74,2430
74,2444
74,1008
73,9351
73,6179
73,8777
74,0236
74,0442
74,0792
74,1910
73,6604
74,3342
73,9196
73,0707
73,8527
73,9542
73,9511
73,5334
73,6835
73,8565
74,0342
73,9741
73,3608
73,9063
73,8197
73,6979
74,4201
74,1373
73,6175
73,6443
74,1423
73,0066
73,7938
73,6252
73,8694
73,5578
73,9230
74,5096
74,1040
73,8062
74,3454
73,7431
74,5032
73,2128
74,1558
73,7522
73,2539
73,5523
73,6675
73,8314
73,6957
73,6273
74,4166
74,2410
73,7275
74,2971
73,9390
74,0602
73,8486
74,3699
74,1382
74,3270
73,7739
74,7711
74,2008
74,0523
73,3837
74,1324
73,9840
73,8515
74,0199
73,7689
73,3778
73,7010
74,5175
73,5972
73,2805
73,7409
74,0164
74,6251
73,8414
73,9267
74,0697
73,6854
73,6309
73,2447
74,0728
73,1482
72,8810
73,6618
74,6767
73,7167
73,7684
74,0714
73,9854
73,5114
73,5435
73,9849
73,8965
73,6622
73,6287
73,4200
73,7351
73,9315
73,9931
73,8178
74,0585
73,4392
73,7285
73,8407
73,8038
73,9679
74,4229
73,9650
73,8746
74,0639
74,1058
73,9195
74,0144
74,2928
73,6435
74,0799
74,2616
73,7554
74,1754
73,8605
73,7431
73,2110
73,7869
74,2963
74,0869
73,8078
73,7232
73,2451
74,3041
73,7757
74,1403
73,5821
73,8692
74,2327
73,7136
73,5165
74,2105
73,3054
74,0912
73,8257
73,5231
73,9426
73,3070
74,0983
74,3759
73,8252
73,8122
73,6973
74,1578
74,5379
74,3475
73,8403
74,0791
74,1849
73,7076
73,6913
74,3812
73,8397
74,0978
74,1460
74,3644
73,8054
74,1235
74,1533
74,1559
73,8678
73,9043
73,5939
74,2027
74,0308
74,2435
73,9714
73,9843
73,9474
74,3214
74,4350
73,6495
74,0488
73,8056
73,9255
73,7429
74,1224
73,2505
74,3981
73,5883
73,5679
73,8733
73,7286
73,9311
73,0761
74,0793
73,2838
73,8224
74,0551
73,6183
73,7547
72,8962
74,1547
74,1147
74,0065
74,2511
74,0206
74,0292
73,2289
74,3774
74,0794
74,1674
73,4675
74,2958
73,5541
73,5223
73,9717
73,7348
74,3018
73,8519
73,6821
74,6719
73,6052
73,5068
74,3641
74,3243
74,2391
73,7066
74,1388
73,6525
74,0274
74,2502
74,0334
73,9096
73,8633
73,9444
74,2077
73,4216
73,9127
73,7449
73,7624
74,0321
74,1679
74,4272
74,3170
74,3693
73,4379
74,4910
73,6705
73,5991
73,9452
73,8763
74,3895
74,2043
73,9835
74,0027
73,3825
73,7678
74,0282
73,9044
73,8586
74,0096
73,4394
73,5716
73,5721
73,1190
73,2175
74,0801
73,5167
73,6377
74,0538
74,0333
73,4042
73,7452
73,7497
74,1718
73,6769
73,4757
73,7783
74,1183
73,5937
74,1669
73,9248
73,6639
73,5458
74,1591
74,5881
73,5192
73,6678
74,0746
73,8555
74,1196
74,2683
73,5813
74,6838
74,4222
73,9190
74,0650
73,7765
73,7647
74,1995
73,1402
74,1430
74,2855
74,4812
73,3183
73,8130
73,1765
74,5092
74,2428
73,2947
73,9521
73,4883
74,1473
74,4091
74,2674
73,9005
73,8934
73,9607
73,8286
73,4171
73,8408
73,8334
74,0334
73,9611
73,6912
74,7150
73,8266
73,6388
73,8300
74,2982
74,0984
73,8516
74,7170
73,7727
73,3982
73,7490
73,6450
74,2789
74,2877
73,8077
73,7639
73,8416
74,1958
73,0647
73,1641
73,9042
74,9071
73,7542
73,5133
73,4959
74,4557
74,1086
73,9053
73,8913
74,6333
73,8593
74,1738
73,8505
73,8805
73,4462
74,3251
74,0391
73,3325
73,9979
73,4399
73,9921
74,0417
72,9798
73,8284
74,7231
73,9312
73,1497
73,9493
73,7652
73,8436
73,8712
74,4796
73,8655
73,3382
73,8779
73,5797
73,8951
74,1444
73,6361
73,6379
74,1648
74,2670
73,8215
73,4270
74,3538
73,3923
73,9281
73,1360
73,3178
74,2643
73,6540
74,4162
73,5535
74,2833
74,5320
74,0624
73,6898
74,2442
73,8600
74,1633
73,4524
73,8044
74,0611
73,7080
73,9356
73,8446
74,2483
73,7683
73,2166
74,2391
73,8158
74,2034
73,4857
73,6905
73,8977
73,7684
74,1473
73,9797
73,9941
73,4742
73,7528
73,4970
73,7354
74,2827
73,3702
73,8992
74,5015
73,5099
74,2429
74,3829
72,8794
73,7568
74,3679
73,6860
74,0964
73,9269
74,0514
74,1832
74,1412
73,8792
73,3343
73,8099
73,9073
74,1353
73,9861
73,9704
73,3967
74,1625
73,7312
74,2224
73,5439
73,6418
74,3264
73,6013
74,2279
73,9517
74,1834
74,0755
74,1488
73,9074
74,6467
74,0149
74,3024
73,8571
73,9428
73,8890
73,2739
73,8698
73,9490
74,1949
73,8597
73,1794
74,0118
74,6070
73,9989
73,7690
74,2684
73,7288
73,9814
73,5351
73,2538
74,1329
73,8379
73,6365
73,5363
73,7747
73,9640
73,8276
73,8183
73,9033
74,2184
73,3564
74,0121
73,6253
73,7398
74,0236
74,1591
73,8653
73,7973
74,2075
74,2855
74,2824
74,0885
73,2619
73,0110
74,0962
74,5347
74,3197
74,3280
73,9237
73,7513
73,7466
74,5493
73,7435
73,7458
73,6452
73,6680
73,9890
73,5207
72,9607
73,0470
73,9456
73,0969
74,3990
74,3953
74,5847
74,0615
73,7264
73,9545
74,3754
73,3846
74,1969
73,8958
73,9090
73,6467
73,9207
74,0055
74,1041
74,3370
74,0945
74,0227
74,1817
73,9437
74,1645
73,8569
73,4952
74,7673
74,1031
73,6594
73,4922
73,7106
74,4513
73,8750
74,0206
73,6180
74,1252
73,2399
73,8631
73,7853
73,1968
73,6836
73,9014
73,9275
73,8367
73,9502
73,9971
74,0213
73,9454
73,8386
73,8028
73,9021
73,5327
73,6551
73,9042
73,7769
73,9304
74,5433
73,6247
73,5368
73,4633
74,1110
73,2294
73,8506
73,8835
73,9193
73,8976
73,8143
74,1334
74,0030
74,1478
73,5372
73,8012
73,8538
73,5150
73,8003
73,8533
73,4981
73,5436
73,8616
73,6005
73,3745
74,2902
74,7017
73,9694
73,9672
74,2175
73,7306
74,2966
73,8680
73,2848
74,0332
74,1782
73,5530
74,1442
73,5017
73,8240
73,5420
74,5026
73,9892
73,4785
74,4961
73,9641
74,2937
73,5471
74,4264
74,6022
74,1842
73,9316
73,1274
73,7543
73,6648
74,0798
73,8170
74,6372
74,0532
73,7867
73,4689
73,8377
73,9644
74,3791
73,5497
73,6822
74,3700
73,7095
73,7439
73,6272
74,3948
73,4579
74,1167
73,6980
73,8782
74,3758
74,0590
74,4529
73,7440
73,9676
74,2410
74,4645
73,6577
73,8848
73,8794
74,9510
74,1951
74,6504
74,1564
74,5121
74,2698
73,8265
74,1324
73,9936
73,4575
74,7609
74,5701
73,6210
74,1958
74,2128
73,5290
73,6329
74,3715
74,2990
74,0900
73,8340
74,5980
73,6351
73,6516
74,3858
73,6111
73,8895
73,7943
74,5336
74,0575
73,9739
73,5352
73,8728
73,5831
74,3538
74,4192
74,1368
74,0231
73,7553
73,8476
73,3673
73,7542
74,2666
74,2028
73,8502
74,3588
73,7974
73,4605
73,3601
74,0010
74,0230
73,3018
73,1752
73,6003
73,4726
73,5455
73,8484
74,0724
74,0430
73,8916
73,8185
74,1010
73,8087
74,3699
74,3742
73,2628
73,5122
73,9893
74,1021
74,5486
74,3561
73,5491
74,3148
73,4630
74,4198
73,9190
73,4564
74,2949
73,8523
74,0789
73,9696
73,7942
73,5441
73,9673
73,7247
74,1583
73,5931
73,9330
73,9391
74,3784
73,6194
74,1770
73,4317
74,1007
74,1478
74,0855
73,7852
74,1410
73,6411
73,7386
73,5406
73,5395
73,6066
73,7281
74,4736
73,9314
73,8665
74,2535
74,0567
73,6872
73,8899
73,8221
74,0212
73,4566
75,0052
74,4123
73,9598
73,9468
74,1446
74,4623
73,6615
73,6027
74,1363
73,8992
74,2332
74,0926
73,7084
73,6206
74,3280
72,9908
74,1638
73,8979
73,2185
73,9007
74,5194
73,7743
73,5668
73,7364
73,8201
74,3451
73,4724
73,3068
73,7722
74,3920
74,6623
74,3517
73,8495
73,2962
73,6141
74,0388
73,9760
73,8035
73,3205
74,4245
74,1386
73,7238
74,1233
73,6237
74,1112
73,6767
73,3549
74,2783
73,7415
74,2844
73,8742
74,0705
74,0389
74,0659
74,4930
74,0184
73,6006
73,8960
73,9959
73,7540
72,6605
73,4061
73,9410
74,1093
73,8324
73,8296
73,8624
73,8146
74,0676
74,1137
74,3825
73,7241
74,6300
73,5961
74,2478
74,2283
73,8593
73,7123
74,4508
74,2765
73,2798
74,2289
74,1976
73,6516
74,1219
73,9900
74,4944
74,1025
73,9308
74,5386
74,2878
73,6818
74,4853
74,3430
73,7781
74,2435
73,6151
73,5493
74,4377
73,5644
74,0828
74,2863
73,3187
73,6301
73,8780
74,3696
73,4646
73,8257
74,2164
74,0165
74,0919
73,3561
74,3943
73,9348
73,7733
73,6941
74,3027
73,7506
74,5918
74,3215
73,4482
73,9761
74,2051
73,6945
73,8834
73,8324
73,6553
74,3599
74,0027
73,3595
74,1170
74,7067
74,3430
74,1000
73,3780
73,8096
73,5028
73,6890
74,0130
74,2208
74,2133
73,9485
73,9807
73,8313
74,0827
74,3991
73,7579
74,3413
73,8694
73,7076
73,7507
73,9964
73,6229
74,2224
73,2158
73,7925
74,1921
74,1495
74,0325
73,5804
73,6455
74,1985
74,0139
74,0232
74,0362
73,3822
74,0153
73,8200
73,6278
74,2004
73,9696
73,6373
73,6485
73,4401
73,6965
73,5682
73,7036
73,8865
74,3372
74,0733
73,4331
73,7582
73,9318
73,3595
74,1770
74,1957
73,9084
74,1805
73,8848
73,7903
74,1551
74,0863
73,7202
73,6113
73,8341
74,2542
73,5322
73,9199
73,3885
74,0621
73,5754
73,6993
73,6948
74,3048
73,5229
73,7475
73,7371
74,3223
74,0708
73,5297
73,8699
74,1679
73,7112
73,4713
74,7427
73,3160
73,9987
74,0463
74,3659
74,1143
74,3035
73,8857
74,1939
74,1834
74,6150
74,6507
75,1860
73,9528
73,8303
74,1388
73,6774
73,3998
74,0746
73,8300
73,9792
73,2777
73,8333
74,2280
73,9839
73,8141
73,1057
74,7776
73,6342
73,3109
73,3488
74,0014
74,5384
74,3702
73,3500
74,0234
73,9230
73,7629
73,7023
74,1081
74,0600
73,7894
73,5466
73,9463
74,2768
73,8870
74,3194
74,7322
74,1342
74,3353
74,4469
73,7133
74,0829
74,2185
73,7041
73,9244
73,6411
74,2446
73,8255
74,0100
73,4836
74,6425
74,1508
74,3226
73,2646
73,6625
74,4821
73,9129
74,0968
73,9846
74,4781
73,6300
73,7030
73,8309
73,8281
73,0297
74,1347
73,8534
74,1953
73,3390
74,0436
74,0209
74,0918
74,0838
74,0573
74,1815
73,8702
73,8213
73,3445
73,3172
73,6767
73,2026
73,2822
74,2458
73,8080
73,8586
73,6932
73,9097
74,1729
73,8834
74,4688
75,1221
73,1321
73,7171
73,8992
73,6047
74,3380
73,6448
74,3217
74,3452
73,9581
74,3305
74,0853
74,3897
74,0984
73,8884
73,6578
74,0506
73,9980
74,0594
74,5235
74,2909
73,8558
73,9227
74,3394
73,7009
74,1639
74,0161
73,6962
73,3945
74,3327
73,8506
74,3005
73,4661
73,4968
74,0688
74,1668
73,7945
73,7442
73,9938
73,5103
73,5121
73,5806
74,4000
73,6490
73,7835
74,1101
73,5269
74,2455
74,1897
74,1358
74,0683
73,3216
73,3674
74,3620
73,6495
74,0295
73,6791
73,5368
73,9451
73,7600
74,1759
74,4675
73,9951
74,2436
73,5503
74,6018
74,2731
73,5896
72,7584
74,4757
73,4995
73,6567
73,4352
73,9401
74,5450
73,3699
73,8211
73,5987
73,7025
74,7234
74,2318
74,1146
74,0775
73,9311
74,2127
74,2268
74,4293
74,0732
74,4421
73,4888
73,8769
73,4498
74,0685
74,1249
74,3776
74,3440
74,0141
73,8549
73,7485
73,7781
73,7626
74,3060
73,1100
73,7813
73,8159
73,4777
74,3529
73,5750
73,7454
73,9811
73,7363
73,7114
73,4373
73,8021
73,2023
73,3625
74,0061
73,3874
73,9876
74,6305
73,5942
73,8173
74,1778
73,9319
73,7847
74,1957
74,5378
73,9692
73,6975
74,1291
73,7313
73,7057
74,0735
73,8184
74,4619
74,4936
73,7433
73,6720
74,4232
73,6115
73,4735
74,1006
73,4526
73,7683
73,6545
74,5570
73,5570
73,6967
73,5802
73,7598
74,0173
73,5016
74,1780
73,0658
73,6147
74,0081
73,8064
73,4171
73,6081
73,6389
74,2872
73,8165
73,5609
74,0764
72,8850
74,0280
73,5397
73,9684
73,7878
73,9073
73,7565
74,4666
73,6024
73,3786
74,0483
73,7840
73,6003
73,7618
74,0151
74,2301
73,7615
74,6039
74,1383
73,3180
73,5082
73,8920
74,0235
73,8749
74,0762
74,2525
73,3397
73,7727
73,9873
74,2091
73,8070
74,1689
74,0888
73,8490
73,9485
74,3130
73,5888
74,1529
74,2972
73,8603
73,3225
73,4552
73,7416
73,4109
74,0991
74,6723
73,3155
74,0451
73,3896
73,5637
74,2979
73,0944
73,9322
73,1485
73,9953
74,4523
73,4944
74,3408
73,8586
73,9381
73,2828
73,5416
74,0522
73,8399
73,9598
73,7244
73,9248
74,0322
74,2828
73,7693
73,6426
73,8499
73,8683
73,4331
73,5045
73,8111
73,5948
74,0284
73,7678
73,4685
74,1322
73,8582
74,3756
74,0090
73,3066
74,4548
73,2563
74,2767
74,1579
73,2001
73,1407
73,8997
74,2520
74,1245
73,8883
73,2400
74,2002
73,9974
73,7239
73,8595
73,6837
74,4066
74,2192
73,9135
74,0734
73,2701
73,5299
74,2828
74,0433
73,7413
74,3928
73,7897
73,0268
74,1050
74,2051
72,7752
73,5680
73,8417
73,3429
73,8566
74,2818
73,7520
74,2187
73,6315
73,3923
74,1403
73,1976
73,9641
74,1753
73,7572
73,8171
74,4231
73,4781
73,3763
73,6394
73,8201
74,3536
74,0689
73,8017
73,4336
73,7851
73,7185
73,4432
73,1377
73,7785
74,2596
73,8055
73,2617
73,5352
73,4369
74,1089
73,6109
73,5421
73,9874
73,9204
72,9971
74,2931
73,7902
73,6488
74,1617
73,4766
74,3095
73,7033
74,0169
73,3568
73,9251
74,1522
73,9128
74,0013
73,5078
73,6669
73,2937
74,2255
73,9376
74,0778
74,0563
73,6610
74,0522
73,9162
74,6080
73,9480
73,5823
73,6259
73,8574
73,7918
73,4463
73,8331
74,2026
74,5025
74,1099
73,5331
73,9270
73,3728
73,8006
74,0286
73,8744
73,8706
73,5510
73,6550
73,6419
74,2616
73,5963
73,8635
74,3134
74,0012
74,1048
73,9320
73,3250
73,5912
74,2564
73,0718
73,8974
74,2284
73,4660
73,3924
73,7155
74,4029
74,1345
74,0897
74,0892
73,6088
73,7581
73,5634
73,8511
73,7226
73,7064
73,6495
73,9922
73,7672
74,0134
73,9323
74,2791
73,1968
74,0115
73,8038
73,5596
73,5538
74,0114
73,0272
73,6096
73,4941
74,3744
73,3229
74,1022
73,5375
73,5768
74,3879
73,4561
73,7580
74,2195
73,8829
73,9855
73,5821
73,6180
73,6966
73,9691
73,4298
73,9305
73,7008
74,0571
74,2117
73,6964
74,2593
73,0941
73,6405
74,2222
74,2432
73,7006
73,8136
74,1612
73,4785
74,7655
73,9783
74,0334
73,5528
73,9497
73,8309
74,4639
73,3772
73,4629
73,5991
73,8299
74,5626
74,1964
73,6460
74,1393
74,6324
74,9550
73,5719
74,6599
74,3138
73,6230
73,5004
74,5757
74,4509
73,9586
74,4928
74,0172
73,3698
73,2555
73,3252
73,4500
74,1975
73,8114
74,0527
74,5067
73,5855
73,3903
74,1466
73,9981
74,2303
73,7185
73,6526
73,9939
73,8325
73,4733
74,0213
74,3753
73,3834
73,6466
73,9827
73,7040
73,8121
74,2462
74,2064
73,9414
73,4025
73,5386
73,8743
74,1006
74,0010
74,1419
73,9037
73,7028
73,6327
73,9060
74,1373
74,2926
74,4462
74,2486
73,4733
74,3914
74,1616
74,1587
73,3412
73,7268
73,8530
73,7642
73,7553
73,9102
73,6515
73,7147
73,8205
73,9435
72,9346
73,3920
73,4619
73,4546
74,0652
73,9069
73,5652
73,5241
73,2130
73,0695
74,3262
74,0747
73,6535
73,7041
74,2475
73,6882
73,9838
73,5997
73,3513
73,7074
73,8244
73,6623
73,8493
74,1503
73,8806
73,8269
73,8009
73,7864
73,5069
74,0215
73,8697
73,0785
74,7387
73,5101
74,1510
74,0667
74,5537
74,0253
73,7732
74,1060
73,8526
73,6621
73,9008
74,3187
73,9096
73,7578
74,5354
73,4767
73,8936
74,3200
74,4982
74,0938
74,6479
73,9528
74,3560
74,1868
74,4329
72,9957
73,5782
74,1868
74,5529
74,2759
73,9569
73,7338
73,7522
74,4426
74,3426
73,5978
74,0806
74,0176
73,3220
74,2392
73,7819
74,3252
73,2154
74,3931
73,7477
74,1655
73,8327
74,2187
74,0789
73,8980
73,2321
73,8854
74,4390
74,3906
74,0248
73,4945
73,2461
74,2819
74,0817
74,0388
72,9636
74,0748
73,2431
74,0576
73,9614
74,2885
73,7473
74,3889
73,1097
74,0900
73,8971
74,6563
73,8495
74,0877
74,0898
73,6877
73,8294
73,5735
73,8109
74,0371
73,5321
73,6355
73,6081
73,1053
73,4893
74,6952
74,1990
74,0653
74,6228
73,4795
73,4232
74,4527
74,3365
73,9142
73,8833
74,0668
74,1640
74,1307
73,0798
74,7276
73,7682
74,2899
73,8688
73,7113
73,6827
73,7195
73,6063
73,7781
73,8416
73,7523
74,5234
73,8752
73,5624
74,1366
73,9563
73,7499
73,2456
73,9493
73,6917
74,0217
73,7233
73,4061
74,0334
73,6104
74,4424
74,0261
73,4960
73,6493
73,9706
73,7504
73,7001
74,5256
73,8240
73,9075
74,0309
73,8163
73,6978
73,4660
73,9868
73,2569
74,7748
74,0708
74,2397
74,0534
73,4011
73,9353
74,1649
73,8303
73,1585
74,2787
74,2080
73,8209
74,1896
73,7955
73,9284
73,5980
74,2188
73,9336
73,7449
73,7306
72,8929
74,3536
73,8808
74,2181
73,6378
73,9214
73,9658
74,2114
73,6441
73,8779
73,3655
73,9536
73,6551
74,6676
74,2217
74,0343
73,2179
74,2386
73,5097
73,6105
74,0871
73,7630
73,8105
73,5516
74,1387
73,6098
74,4160
73,7453
74,5493
73,8700
74,0982
74,4214
73,3059
73,7270
73,3145
74,0529
74,2288
73,8309
73,6388
74,3557
73,3176
73,8652
74,0284
73,6266
74,0080
74,4591
74,0411
73,8640
74,0406
73,6647
74,0926
73,8521
74,1722
73,5705
73,2599
73,9379
73,8216
73,6376
74,2619
73,7210
73,9005
73,8244
74,0350
73,2584
74,3851
73,7987
73,8692
74,5515
74,0869
73,9202
72,9294
74,0064
73,2250
74,0424
73,7718
73,6410
73,6675
74,0315
74,2092
74,7147
73,2008
73,2994
73,1236
73,8623
73,7064
73,6845
73,5417
74,1979
73,3307
73,9751
73,3319
73,6375
73,8262
73,8203
73,3523
74,5988
73,6240
73,8608
73,7004
74,1903
73,8448
73,6457
73,8043
73,6902
74,0243
73,7508
74,2161
74,2166
73,8862
73,7119
74,4359
73,6898
74,6537
73,6455
74,5752
73,8115
74,3132
73,7057
73,8357
73,5895
73,3955
73,6911
73,3147
74,3988
73,4272
73,7068
73,6842
73,8893
74,1284
74,0056
74,2656
73,6350
73,2835
74,1529
73,6078
73,6709
73,7833
73,9565
73,6645
73,9603
73,4698
73,8929
73,4572
74,0944
73,9212
74,0652
74,0339
74,1949
74,1740
73,2865
74,6754
73,8818
74,1865
73,6376
73,4471
73,8724
73,7895
73,8684
73,9609
73,5570
73,7359
74,1447
73,7324
73,8938
73,8895
73,8680
74,1099
73,5963
73,3194
74,1696
74,2624
73,3632
74,1363
73,5443
74,3813
74,3730
73,9466
74,1854
74,2980
74,3572
74,5058
74,1609
74,1445
74,5022
73,5971
73,7399
73,6156
74,5265
73,7161
74,0285
74,0759
73,8156
73,9307
74,3044
74,1650
74,3155
73,3450
74,5156
73,9812
74,1732
73,8435
73,4569
73,9619
74,4360
73,8204
74,0536
74,2892
74,3588
73,6887
74,5009
74,2890
73,9755
73,3488
73,2357
73,2479
73,8434
74,5245
73,9324
73,2885
74,0385
73,8177
74,0066
74,4960
74,0087
73,6031
74,3860
73,5227
74,1077
74,0081
73,9693
73,4479
74,1346
73,7346
74,2693
73,8395
73,9377
74,0968
74,2892
74,1212
73,8646
74,0142
73,9719
73,8929
73,8026
74,1526
73,4196
73,6146
74,5559
73,4401
74,1639
74,0309
74,2397
73,5357
74,0269
74,0301
73,7863
74,4526
73,6356
73,8374
73,4913
74,0531
74,0051
73,6845
74,3123
74,4667
73,7872
73,5394
74,0787
74,3104
73,8598
74,0076
73,6052
73,1551
73,6892
74,0030
73,6171
74,0876
73,9488
73,8440
74,1707
74,2498
74,6462
73,4342
73,9872
73,9081
73,6448
73,8198
73,8652
73,8522
74,8044
73,4694
73,9752
73,9720
73,9652
73,7012
74,0706
73,5478
73,5962
74,8025
73,4758
74,0329
74,0162
74,4289
73,8975
73,4729
74,1097
73,5106
73,8230
74,3701
73,8995
74,1435
74,3504
73,8397
73,5345
74,1301
73,8917
73,5699
74,1978
74,5904
74,5910
74,0550
73,6009
73,5691
73,6781
73,5941
73,5249
74,4637
74,4176
73,8971
73,5867
73,8681
74,6345
74,4207
74,1366
74,4446
73,8389
73,9306
73,5151
73,6509
74,3762
73,3864
73,7298
73,8803
73,5264
74,0926
73,4529
73,8318
74,0489
73,9859
74,2107
74,3953
73,4300
74,5805
73,9485
72,9537
74,4794
74,0307
74,3953
73,9489
74,1037
73,6109
74,3575
74,1034
73,5784
73,8248
73,1102
74,5338
73,6013
73,4448
74,0931
74,4576
73,9628
74,2241
73,5429
73,6745
74,2635
74,1736
74,0927
73,4698
73,4384
73,8494
73,8220
73,8640
73,9071
73,9951
73,9803
73,7242
74,0823
73,5664
73,4878
74,0384
73,3304
73,5805
73,5548
73,3377
73,6861
73,3820
73,9089
74,2790
73,8395
73,7483
73,7604
73,4369
73,7873
73,9359
73,6764
74,4854
74,3947
73,9162
73,7477
74,1296
73,8096
73,9904
74,6531
74,1287
74,1689
74,8570
73,7890
73,8127
73,4864
74,2783
74,0862
73,9995
73,5485
73,9261
73,5233
73,8256
73,9491
74,0184
73,6881
74,1260
73,7992
74,1431
73,8192
74,5139
73,7908
73,9559
73,4988
73,9811
73,6530
73,8163
73,5052
75,0648
73,3806
74,1420
73,3581
74,0712
73,7284
73,5187
73,3157
74,1052
73,3787
73,7435
74,5960
73,6107
74,0050
73,3938
73,5093
73,6733
73,7796
73,3052
73,4275
74,1773
75,0345
73,8772
74,2403
74,4500
73,8215
74,0160
73,5803
73,5554
73,0687
74,0504
73,8992
74,1403
73,8760
73,7612
73,7700
73,1034
73,5964
73,7564
74,0939
74,6532
73,9842
73,9234
73,7888
73,2661
74,3216
73,3741
73,8060
74,0138
73,6426
73,6362
73,9296
74,1719
73,9767
74,3994
73,9494
73,6431
73,9378
73,8958
74,0697
74,0182
74,0604
73,9619
74,0212
74,0150
74,0970
74,4922
73,6433
73,2799
74,2738
73,6213
73,8922
73,7382
74,1809
73,9168
74,2626
73,7406
73,4608
73,8159
73,8786
74,4101
73,6296
73,2393
74,1212
73,3805
74,2405
74,2490
73,5335
73,9237
74,5360
73,8174
73,8717
74,1282
73,8645
74,1004
74,2925
74,4341
73,5531
73,5023
74,1696
74,2184
73,8813
73,8214
74,4561
74,0965
73,4236
73,8325
73,8330
74,0358
73,5628
73,7276
73,7763
74,2547
74,4225
74,4089
73,7269
74,3045
74,2315
73,6555
73,8756
74,1785
73,7717
74,2071
74,0378
73,3819
74,7389
73,8481
73,4467
73,4567
74,5152
73,9844
74,3138
73,3019
74,2288
74,2560
73,8890
73,7079
73,5856
73,2104
73,1905
73,2681
74,3866
74,5809
74,0290
73,3430
73,6753
74,0020
74,3513
73,9190
74,0097
73,6699
74,3724
73,6540
73,3942
74,1333
73,6967
74,0373
74,0515
74,8630
74,2933
74,4129
73,9922
73,2137
73,8093
73,9909
73,9197
74,8338
73,5174
74,2944
74,1609
73,6069
73,3424
73,9867
74,0151
74,1599
74,0508
74,2456
73,5946
73,7965
73,2036
73,6714
73,6269
73,8770
74,2059
73,4795
74,4810
74,8197
74,0494
73,6872
73,2466
73,7496
74,0271
73,5062
74,3084
73,8916
73,5163
73,6168
73,3783
73,4545
73,7774
73,4794
74,9502
73,9854
74,3338
73,9263
73,4600
73,9171
73,5564
73,7146
73,4245
73,9451
73,5115
74,1778
73,8320
73,9629
73,8462
74,1814
73,9314
74,2819
74,0925
74,0052
73,5587
74,3611
74,4315
74,4187
73,9358
74,3761
74,0515
74,3869
74,0786
73,9275
73,9322
74,0580
73,3112
74,2389
74,0780
74,5708
73,9372
74,1164
74,3306
73,5215
74,2509
73,8981
73,8590
73,7678
74,1864
74,0071
74,4279
73,4214
74,3647
73,1258
74,3055
74,3805
74,5456
73,3523
73,7423
74,0901
73,8808
73,8542
74,0646
74,4360
74,3787
73,7200
74,1683
74,2749
73,5921
73,6427
74,1409
73,6700
73,6127
74,4007
74,6245
74,1612
73,5323
73,6694
72,8908
73,7813
74,0587
73,8204
73,6346
74,5618
74,3815
74,1091
73,9677
74,1543
73,9818
74,7962
73,9453
73,7907
73,8106
73,8257
73,6000
73,7638
73,8386
73,7828
73,5766
73,4651
73,6504
74,4654
74,1260
73,4791
73,9020
73,4883
74,2582
73,6468
74,0136
73,5075
73,5864
73,7281
73,7184
73,6480
73,7313
73,4377
74,7555
74,1538
74,1836
73,7285
73,4200
74,4849
73,8190
73,6010
73,6413
73,6738
73,4218
73,8514
73,4172
73,3437
73,5692
73,3521
72,8781
74,3485
73,9411
73,5453
74,1492
73,6876
73,6065
73,8289
74,0998
73,9320
73,4730
72,9344
73,7117
73,8589
74,2332
74,0978
74,1343
73,5003
73,9128
73,7120
74,1257
74,0118
73,8428
75,0058
74,1064
74,1159
73,7635
73,4960
73,6175
73,7052
73,8720
73,5533
73,0308
73,8007
73,9539
74,2721
73,8989
73,5520
73,7866
73,9112
73,4882
73,6229
73,7564
74,0737
74,0114
72,9029
73,8100
73,6146
73,8877
73,3802
73,6353
73,7891
73,4912
73,4719
74,1246
72,9872
73,6399
73,3514
74,1321
73,7317
73,5586
73,5701
74,1147
73,9621
74,1052
74,7484
73,1001
72,8115
74,1221
74,2150
74,2107
74,1255
74,1965
73,6818
74,1913
73,2724
74,0235
73,8800
73,4628
73,1805
73,2767
73,5495
72,9705
74,0397
73,6696
73,9671
74,1220
73,4491
74,3086
74,3514
74,0256
74,7239
73,2464
74,0272
73,9133
74,0987
74,4388
73,6973
74,0646
74,1646
73,8833
74,1555
73,6387
73,8330
74,5557
74,3011
73,7629
74,2777
73,9715
74,4127
74,2049
74,2091
74,0866
73,7051
73,3693
74,0868
74,5927
73,7151
73,8122
72,9586
73,7786
73,8097
73,4300
74,4121
73,2074
74,2085
73,2791
74,6512
74,4620
74,1390
73,9872
73,8191
73,9245
74,2152
74,2961
73,9792
74,1523
74,3450
73,5906
73,9641
73,9881
73,9295
74,3766
73,6235
73,9658
73,5342
73,6356
74,1085
73,3614
74,2354
74,0894
74,1970
73,9380
74,3254
73,7025
74,2759
74,1631
74,0540
73,4786
73,4196
74,2668
74,1479
73,5716
73,9081
73,5623
74,3564
73,4494
73,4241
73,4823
74,5590
73,9154
74,2901
74,2517
73,4153
73,5826
74,0463
73,7344
73,8247
73,6624
74,0432
74,1900
73,6821
74,1512
73,8449
74,2605
73,9416
73,2926
73,7653
73,3930
73,5446
74,2667
73,5812
74,0355
73,2592
73,7643
74,3908
73,8176
73,5467
73,1874
73,6624
74,2001
74,2231
73,8847
73,7102
73,5919
73,4755
73,9163
73,9393
74,0871
73,6004
73,8722
73,7798
73,9585
74,6459
73,6663
73,8860
73,8572
74,5767
73,9201
74,1679
74,0219
74,4691
73,6951
74,3903
74,4634
74,5728
73,6274
74,0678
74,5877
73,6888
73,7804
73,3090
73,9037
73,9836
73,4572
74,2609
73,0415
73,4068
74,2062
73,5446
73,9998
74,0120
73,8794
73,9591
73,7313
73,8477
74,3452
73,5945
73,8186
74,1382
74,4502
74,2773
74,5366
73,9226
73,8784
73,1289
73,8578
73,5928
73,8497
75,0455
73,3464
73,8679
74,0759
74,2186
74,2381
73,3586
73,6408
73,3708
74,0528
74,2381
73,9815
73,3825
73,4156
74,2741
73,8635
74,1460
73,8152
73,7068
74,1644
73,5703
73,8082
74,3155
73,6240
73,7077
74,0274
73,9475
74,4122
74,0574
73,9988
73,6758
73,7460
73,6765
73,7235
73,9339
73,6593
73,4072
73,6722
73,7653
73,2248
73,9225
73,6240
74,3743
74,2919
74,3363
73,5695
73,9973
74,1278
74,2552
73,9765
74,6884
73,8096
74,1666
73,7771
74,0897
73,7676
73,8309
73,7341
73,8445
73,9641
73,9039
74,0681
73,9400
74,6010
73,7893
74,1516
74,7298
74,2917
74,4492
73,7409
73,7230
74,2201
74,3270
74,3969
73,9771
74,0480
74,0816
73,2718
73,7333
73,7211
74,1875
73,1741
73,8846
74,3412
73,5543
74,1527
73,6488
74,1946
73,2472
74,3469
74,0826
73,4151
74,0880
73,1877
73,8182
73,9785
74,2282
73,7443
73,7071
74,1281
73,4455
74,0295
73,6341
74,0832
73,9824
73,6881
73,6040
74,0541
74,2330
73,2564
73,8366
74,2042
73,6438
73,5605
74,1993
73,7582
74,3315
73,8439
74,1468
73,7214
74,1793
73,7718
73,7991
73,6006
73,7995
74,3544
74,0419
73,8404
73,7895
74,1416
73,5636
73,8133
73,7831
73,4039
73,7636
73,9444
73,8876
74,1998
73,8901
74,1906
73,7026
73,8523
73,8782
74,6033
74,2732
73,7170
73,7845
74,4444
74,1536
74,4873
74,0343
74,0710
74,1804
73,7393
74,2828
74,1810
73,6890
73,2239
73,5783
73,6740
74,2338
74,2142
73,9038
74,2523
74,3570
73,6702
74,8973
74,1255
74,0505
74,0705
74,0177
73,7341
74,2501
73,9793
74,3727
74,0023
73,7379
73,5299
73,8910
73,9161
74,1481
73,5845
74,3881
73,6173
73,2525
74,3484
73,6014
73,4605
74,3194
74,2949
73,5840
74,3224
75,2341
73,4939
74,0725
73,0541
73,3181
73,5722
74,0663
73,7922
73,7702
74,2831
74,2559
73,6267
73,1478
73,9076
73,6991
73,4911
73,4538
73,6742
74,0053
73,8131
73,3339
73,5635
74,0557
74,0053
73,9380
74,1886
74,1988
74,6873
73,7935
73,7180
73,3230
73,9633
73,7299
73,8341
74,2074
73,8027
75,1627
74,5618
74,4502
74,0509
74,1406
73,8038
73,7366
73,9676
73,4010
73,7384
74,4307
73,6447
74,3523
74,3701
74,3391
73,8713
74,1785
74,2466
73,9817
73,7086
74,1577
73,8895
73,2101
73,9549
73,5912
74,6980
73,7352
73,7064
73,2901
74,1130
73,9349
74,4212
73,5999
73,9304
73,9183
74,0448
74,1072
73,2343
73,7492
73,2181
73,6043
74,0591
74,0082
73,7849
74,3538
74,7558
74,0261
73,7659
72,9064
73,0571
73,7195
73,8252
73,1400
74,3714
73,9815
73,9823
74,0977
73,7646
74,3212
73,9795
74,1270
73,3645
73,2200
73,6886
73,8982
73,7534
73,4471
74,5141
74,5888
74,1721
74,0625
73,9478
73,7384
73,9007
73,9324
74,0325
73,6748
74,4678
73,8942
73,7339
73,7093
73,7298
73,9960
74,1686
74,2990
74,5406
73,9527
74,2349
73,8933
73,2155
73,9154
73,4874
73,9669
73,7124
74,3919
73,7582
73,9661
73,9855
73,9357
73,0031
73,9221
73,7689
74,2027
73,6107
73,9965
74,1944
74,3967
74,0729
74,2365
74,4627
73,6138
74,3634
74,1754
73,8574
73,2766
74,2669
73,1934
73,1633
74,0878
73,6435
73,6259
74,9215
74,4183
74,0790
73,8287
74,8215
73,6652
72,7449
73,7386
74,0301
73,7997
74,3859
73,4567
73,4206
74,2420
74,4221
74,1229
73,3039
73,7911
74,0622
73,8628
73,5293
73,3746
74,3329
73,4781
74,1405
73,9319
74,0481
73,9969
74,2942
73,8525
73,5207
73,4577
73,5778
74,0344
75,0764
74,0366
73,9970
73,7578
73,3977
73,7344
74,2152
74,0506
74,1461
73,5543
74,2498
74,4568
73,8233
73,9156
74,1942
74,0468
73,7831
73,7584
73,8640
74,3293
73,4641
73,7393
74,2539
74,0170
73,4811
73,7315
73,4658
74,3395
74,7106
73,0453
74,8477
74,0119
74,6004
73,3701
74,3798
74,5130
74,0223
74,4318
73,3870
74,0862
74,0731
73,1309
74,2866
73,5833
73,7408
73,5649
73,8198
74,3430
73,3869
73,2864
73,5809
74,1216
73,5806
73,6366
74,4639
73,9118
73,5686
74,3071
74,2552
73,9401
74,1745
73,9306
74,0399
74,1429
74,2630
74,1622
73,7194
73,8533
74,2506
73,2907
74,0087
74,0051
73,6992
73,7391
73,0959
74,1896
73,9833
74,4666
73,2238
74,3247
73,8960
74,3287
73,8418
73,8870
74,1649
74,2358
73,9179
73,6807
74,1698
73,5298
73,7751
73,7896
73,6874
74,2120
73,9855
74,5677
73,9747
74,0694
73,2301
73,9917
73,6849
74,1637
73,6968
73,1869
73,8644
73,7101
74,3548
73,2172
74,6115
74,1831
74,1038
73,5716
73,3333
73,6026
73,7622
73,0792
74,1264
73,1516
73,6907
74,1639
73,9515
73,7909
73,8369
74,0365
73,9878
73,6734
73,5490
74,4590
74,0292
74,4401
73,8759
73,4453
73,4276
74,0836
73,8942
73,4217
73,8487
73,6451
73,7242
73,1830
73,8740
74,0350
74,7507
74,1972
74,0785
74,1408
73,7944
73,5570
73,2356
74,3116
73,6508
73,7821
73,8173
74,6054
73,8895
74,7515
73,9291
73,8010
73,6617
73,4851
73,5394
74,6295
74,0001
73,7373
74,0536
73,5074
73,0812
73,4448
74,1547
74,1597
74,4868
73,6991
74,2257
74,2285
73,8800
74,4283
73,5375
73,9898
74,2209
73,5267
74,0514
73,8960
73,7729
73,6890
73,9412
74,1032
74,1210
73,6401
74,6920
73,6679
73,6534
73,5129
74,4230
73,9219
74,0838
73,8108
73,8399
74,3715
73,8040
74,5892
73,9686
74,0603
73,6460
74,2464
73,7401
73,7789
73,7950
73,9599
74,0796
74,4165
74,0386
74,2650
74,3826
73,9882
73,2127
73,5740
74,3961
73,1641
73,8824
73,9388
74,3302
74,1924
73,8831
74,0303
74,1725
73,9570
74,0957
74,2444
73,7398
73,7070
74,1671
74,3344
73,0367
73,3218
74,3424
73,9503
74,1236
73,9935
73,6423
74,1164
74,4013
74,3860
73,4574
74,7098
73,4617
73,9198
73,5376
73,9184
73,7993
73,0632
73,4468
74,3114
73,6200
74,5956
73,9840
74,1708
73,8302
74,3192
73,3933
73,6251
73,9927
73,9305
74,0368
74,1499
73,4451
74,4355
73,6912
73,8953
73,7123
73,6700
73,6628
73,9389
73,9044
73,6091
74,1065
73,9565
74,0070
73,8568
74,1629
73,5940
73,2502
74,5125
73,7091
73,8106
73,8485
73,6678
73,5461
74,2015
74,4330
74,4628
74,0713
73,9855
73,7244
74,4515
73,9359
73,7276
73,6205
74,0566
73,3411
74,0861
74,2794
74,0999
74,0873
74,1585
74,0213
73,9640
74,7789
73,9069
74,0872
74,2041
73,7917
73,8200
74,5187
74,0653
74,5161
73,2277
73,9539
73,9516
74,4454
74,0084
73,8300
73,2162
74,2187
74,1673
74,1452
73,9397
73,6820
73,7346
73,7059
74,2853
74,2089
74,1172
73,7342
73,8977
73,5051
73,2251
74,4681
73,5864
73,3220
74,4447
73,4601
73,4464
73,9539
74,8878
74,4950
73,8457
74,4060
73,8868
73,9284
73,7499
73,6841
73,8148
73,7369
73,9165
73,5951
73,4958
73,5764
73,6040
74,0540
73,9184
73,5572
73,5143
73,1845
74,0277
73,1828
73,6521
73,6212
74,1650
73,8329
73,4979
74,2670
74,0273
74,2150
74,3502
73,7480
73,5684
73,1937
73,5326
74,0161
74,0806
74,5283
74,3900
73,9992
73,7115
73,7299
73,8825
73,8146
73,9385
73,9839
73,5249
73,8997
73,6402
73,8185
74,5610
74,1549
73,9360
74,0536
74,1422
73,7236
74,2019
73,5924
73,3353
74,3958
73,8939
74,8056
74,1729
74,3351
74,2545
74,0975
73,8395
74,2390
74,1484
73,8664
73,3911
74,0686
73,8895
74,2352
73,4939
73,9651
73,8137
73,9011
74,0313
73,9366
73,3848
73,5664
73,6481
73,6347
74,3477
74,3475
73,7960
73,7619
73,1139
74,3392
75,2156
74,7151
73,7850
73,7797
74,6947
73,3851
73,4959
73,7616
74,3139
74,4046
73,1659
73,7732
74,1513
74,0612
73,6351
73,6149
73,6507
74,4154
73,6724
74,1498
73,9840
73,6124
73,4975
74,1418
73,7160
73,8214
73,7996
73,9885
74,4205
73,8769
74,0439
74,4900
74,5564
74,3538
74,4884
73,8598
74,2419
73,4288
74,5878
73,5825
74,0606
74,3359
74,8980
73,6621
73,8291
73,6682
73,8100
73,7479
73,3791
73,8067
73,7638
73,9705
72,5243
73,9131
73,5917
73,7266
73,7345
73,8682
73,7407
73,8382
74,2926
72,9933
74,0734
73,9503
73,2756
74,2920
73,8523
73,8282
73,5967
73,5849
74,2149
73,9709
73,7285
74,3130
73,9889
74,0281
73,6672
74,1793
74,0239
73,2377
73,9426
73,5721
73,6340
73,7187
74,2533
73,8478
74,0227
73,7470
73,9242
73,5130
74,1574
73,8742
73,8618
73,6043
74,0657
74,2950
74,1535
74,0685
74,2475
73,3245
74,2147
74,2660
73,8076
74,7777
74,3509
73,8304
73,7566
73,9561
74,0958
73,6823
73,7047
74,2884
74,4502
74,4103
73,5052
74,0147
73,9814
73,9697
74,0294
73,3793
73,7256
74,0367
74,7259
74,0910
74,4183
73,4495
73,3755
74,2510
73,5137
73,8999
74,1676
74,2924
73,6321
73,3690
74,5888
73,4015
74,4430
74,1164
73,6825
74,1458
72,5689
73,9618
73,2179
73,2853
74,1434
73,4491
73,7087
73,8353
74,0186
74,0376
74,0258
74,1855
74,0231
73,5326
74,2108
73,6060
73,9019
74,1268
73,4215
74,5266
73,6876
74,0878
74,0063
74,5776
73,6190
73,7889
74,0950
74,4602
73,8018
73,5475
74,4857
74,1390
73,9345
74,0651
73,6305
73,8120
74,2365
73,8680
73,7805
73,8683
73,6120
73,1692
73,3121
73,4770
73,8038
74,7148
73,8852
73,5164
74,5056
73,6215
73,5854
73,5096
73,6934
73,9193
72,8870
74,0653
73,8165
73,7557
74,1260
73,1468
73,1376
73,6353
74,1447
73,8302
74,0352
73,9811
73,9858
74,2082
73,8642
73,8072
74,0429
73,7639
74,2120
73,6097
73,4488
74,3006
73,5806
73,8107
74,1080
74,4962
73,4650
74,1186
74,0575
74,7877
74,4331
73,8217
73,0186
73,0149
74,0412
74,0212
73,2654
74,2956
73,8915
73,5165
73,7650
74,0557
73,4977
73,8822
74,4071
73,9127
73,8560
74,0809
74,0188
74,2412
73,5054
74,5274
73,6509
73,4484
74,0129
73,6795
74,0370
73,8968
74,7244
74,0038
74,0359
73,4699
74,1017
73,7402
73,5396
74,4608
74,2195
73,7469
73,6533
73,6508
73,8447
74,1159
73,3886
73,6778
74,0905
73,6642
74,7753
73,8775
72,9338
74,5879
73,6134
74,0828
73,8291
74,1909
73,8906
73,5989
73,5967
73,7976
73,8723
74,1155
74,6576
74,6331
73,8331
73,8645
73,6621
74,2898
73,7372
73,6588
73,9033
74,2553
73,7948
73,9490
73,3446
73,3737
73,8950
73,6277
74,3040
74,7485
73,8474
73,3959
73,5520
73,4412
73,7352
74,3531
74,2064
74,1141
72,9155
73,4017
74,2950
74,3119
73,5448
73,8259
73,4711
74,0603
74,3850
73,6839
74,0173
74,0590
73,6470
74,3446
74,0959
73,8595
73,8170
73,7029
73,4700
73,8784
73,2928
74,0446
74,0745
74,0516
73,4291
73,7379
74,1490
73,2580
73,7507
73,9939
74,1455
73,6824
73,6973
74,1595
73,6010
73,9695
74,0889
74,0408
73,9576
73,9331
73,6387
74,1789
73,9252
74,0742
73,7994
73,7614
74,0413
73,9354
73,6938
73,9369
73,6945
73,9161
73,6072
75,0556
73,5572
73,0494
74,3233
74,0185
74,0147
74,0549
73,4811
74,8175
73,8486
74,0537
73,9297
74,1073
73,8221
73,7557
74,1042
73,2798
74,2631
73,5853
73,2442
73,9648
73,6616
74,3913
73,4761
74,1231
73,4110
73,3760
74,0947
73,8299
74,3733
74,0171
73,9010
74,1698
73,6700
74,2192
73,7038
74,0243
74,1599
74,2191
74,0726
73,8962
73,8652
74,1917
74,0534
74,0309
74,0253
74,5148
73,6681
73,4921
74,1320
73,4198
73,8862
73,2879
74,2127
73,5593
74,6195
73,5470
74,0375
73,4767
73,3509
74,3501
74,2111
74,6125
73,9562
73,7169
73,8749
74,0339
73,7388
74,4794
74,2210
73,2942
73,7946
73,7193
73,4894
73,7608
74,2585
73,9641
74,4349
73,7318
73,4670
74,3436
73,9530
74,1026
73,5253
74,3697
73,6527
74,1159
73,8464
73,9301
74,0998
74,5017
74,6700
73,8873
74,1273
74,0475
73,8489
73,6455
73,4054
74,4508
73,8410
74,0088
73,5555
74,0780
73,7713
73,9787
73,8103
73,5459
73,6236
73,7654
73,6167
74,5168
74,0801
74,1640
73,7991
73,6995
74,4021
73,5030
73,5634
73,6908
73,2652
73,2653
73,6386
74,5567
74,8803
73,3767
73,8647
73,9572
73,5295
73,8697
73,5432
73,8333
74,1898
73,7478
73,8176
74,0915
72,8642
73,9879
74,3602
73,7687
73,6932
73,5023
74,1481
74,0216
74,4785
72,8683
74,2648
73,6104
74,5427
73,4917
73,1484
74,1277
74,0822
74,0030
74,1355
74,1652
74,0855
73,4232
74,1480
73,6455
74,3856
74,6442
74,2098
73,8053
73,3925
73,8414
74,0208
74,7251
73,5266
73,7091
74,1660
73,4446
73,3615
74,0404
74,6489
73,5615
73,2147
74,1477
73,7113
74,0158
74,2445
74,0438
73,8175
74,1367
73,4334
74,2666
73,8604
73,5387
73,3567
73,5378
73,6945
73,6210
74,0555
73,5474
73,4258
73,4222
74,4130
74,1276
74,1343
73,9360
74,0816
73,5968
74,3383
73,6752
74,1446
73,8745
73,9890
74,1646
73,9539
73,7766
73,9263
74,0761
73,4639
73,6065
73,5847
74,1815
74,0873
74,2368
74,5164
74,1898
74,6372
73,5460
73,6641
74,2918
73,7529
74,0414
73,5343
73,5108
74,1212
73,8904
72,9824
73,2320
74,0068
74,3214
73,6259
73,4955
74,2204
73,5620
73,3902
73,6526
74,1718
73,6166
74,1854
73,6303
74,0170
74,1976
73,8650
74,1559
74,1370
74,3461
74,4974
74,0653
73,9978
74,0963
73,7077
73,8284
73,5845
73,6681
74,2551
73,6827
73,3243
73,8260
73,4454
74,5311
74,4301
73,9562
73,8059
74,1457
74,3683
73,2473
73,7940
73,1725
73,7012
74,0695
73,7730
73,9980
73,8331
74,5409
74,0174
72,9954
74,0813
73,8413
73,6996
73,8589
73,9094
74,0030
74,5276
74,3857
73,8267
74,4937
73,4500
74,7412
73,8398
73,8038
73,6421
73,4315
74,0603
74,1822
74,0882
74,2381
74,2220
73,7570
73,5450
73,4696
73,2942
73,8905
73,8631
74,4011
73,5643
74,4472
73,3180
73,6766
73,8971
74,3759
74,0464
74,3082
74,1000
72,7725
73,6558
74,1756
73,7112
74,0461
73,8762
73,8551
74,0259
73,2039
73,3696
74,4868
73,9573
73,8073
73,7443
74,2725
74,1754
73,3411
73,3058
73,9469
74,1683
73,7048
74,2343
73,8032
73,7469
73,9444
73,4926
73,5792
73,5390
74,2773
73,3185
73,4411
74,3761
73,4960
73,6103
73,4819
74,3156
74,1172
73,7522
73,7492
74,4793
73,6973
74,3236
73,7376
73,7626
73,7955
73,7720
73,8221
73,4476
73,1704
74,3101
73,7965
74,3327
74,4999
73,3440
74,3607
73,3603
73,3526
74,0349
74,0687
74,1507
73,5917
73,8923
73,9374
74,8049
74,2511
73,6368
74,0963
73,5497
73,4397
74,3228
73,6146
74,4038
73,7900
73,6611
73,6560
73,6303
74,6727
74,0461
74,0227
74,1950
74,1103
73,7962
73,8484
74,2339
74,0933
74,2276
74,2204
73,4141
73,6483
73,7854
74,3834
74,4224
73,6961
74,1620
73,8094
73,7847
74,1177
74,3157
74,5149
74,1328
73,9301
74,7090
73,3447
74,3963
74,1729
73,9835
73,9080
73,9295
74,2029
73,9139
73,7009
74,0853
73,5636
74,1979
74,4085
74,0497
74,2805
74,2107
73,8187
74,0662
74,1147
74,3860
73,6995
73,6319
74,5459
73,5220
73,8491
73,9598
74,2844
74,1227
74,2343
73,8890
73,9674
74,5397
73,8073
73,8891
73,5589
74,4060
73,8898
73,4740
74,1435
73,6270
74,1727
74,0353
73,5916
73,9664
74,0310
73,9604
74,0523
73,7650
73,4175
73,8745
74,1718
73,8679
73,9132
73,7059
73,6806
74,4329
73,6568
73,5033
73,9257
73,2478
74,0381
73,5468
73,4189
73,8088
74,0175
74,2122
73,8035
73,7434
74,4231
74,0218
73,5944
74,5128
73,6589
73,9215
74,0117
73,4537
74,4796
73,8231
74,0495
74,0912
74,3231
73,1964
73,5735
73,6641
74,3533
73,8794
74,1185
74,1101
73,7462
73,7240
73,6208
73,2335
73,5204
74,2986
73,8770
73,9951
74,4925
74,5014
72,9770
74,2936
73,0279
73,6667
74,4919
73,3922
74,6670
74,1108
74,0186
73,8556
73,8410
74,2773
73,8528
73,9621
74,8519
73,7014
74,0914
73,5312
73,8185
73,9900
74,5621
74,2097
74,1342
73,9496
74,5145
73,7152
74,0266
73,7769
73,6301
73,4313
74,2225
74,4198
73,9779
74,3093
74,0988
74,3641
74,3648
73,9633
74,3863
73,9695
73,6161
73,2818
74,2673
73,3852
74,0330
74,3557
73,6541
74,7245
73,9588
74,3000
73,5534
74,0149
74,1622
74,1385
74,1590
74,2097
74,0667
73,0688
74,0599
73,7272
74,0853
73,5570
73,6474
74,7344
73,4263
73,5488
73,5351
73,7184
73,9679
73,7505
73,8627
74,0050
73,8285
73,8505
74,2326
73,2164
73,8442
73,9841
74,1097
74,1864
73,7867
73,4641
73,2688
74,1560
73,2534
73,1305
73,3710
74,3058
73,7177
73,7135
73,0416
73,5554
73,7894
73,6365
74,2234
73,9551
73,7569
74,1853
74,3308
73,7248
73,8940
74,0643
73,7110
73,9790
74,0023
73,6902
73,8676
73,6275
74,0140
74,0545
74,3522
74,5500
73,8103
73,8339
73,8582
73,7454
73,3893
73,7658
73,8601
74,1823
74,0639
74,4082
73,5331
73,7071
74,7480
74,5110
73,7396
74,3757
74,2151
73,3227
74,7947
73,5857
74,2041
73,2968
74,3765
73,8737
73,8044
73,6699
73,9700
74,1710
74,3083
74,1619
73,9703
73,7543
73,8993
73,7537
73,7616
74,0743
74,3559
73,6467
73,7431
74,0834
74,6730
74,5461
74,3410
74,0224
73,7827
73,7259
74,1605
73,8929
73,8416
74,3918
74,4623
73,7698
73,9973
74,1752
74,2673
73,2915
73,6659
73,8152
73,5504
74,3668
74,2606
73,4228
73,3681
73,7629
73,6486
74,2284
74,5571
73,3247
74,0156
74,3177
73,5527
74,4174
74,2295
74,3066
74,0915
73,7520
73,7244
74,0813
73,5649
73,8619
74,0499
74,6438
73,6635
73,4564
72,6113
74,4248
73,7863
73,6982
74,0362
74,1365
74,0450
74,3984
74,3024
74,6385
74,2342
73,5066
73,2280
74,1322
73,8329
72,7162
74,7115
73,7125
74,0948
74,3008
73,8970
74,4413
74,1937
73,8021
74,2070
73,7500
74,3372
74,1401
73,8594
73,7697
73,4570
73,5243
73,6857
73,4266
74,3246
74,2266
74,0358
74,0351
73,6905
74,2770
74,1537
73,3850
73,5646
73,7402
73,6268
73,9432
74,1952
73,3431
74,7308
73,6526
73,6887
74,0607
74,3798
73,8249
74,0509
73,6465
74,0701
73,9118
73,5785
73,3047
73,3253
73,4660
73,7121
74,1507
73,8800
73,1591
73,1633
73,7862
73,8198
73,9996
73,8153
74,0521
75,1329
73,8868
73,5417
74,1297
73,3625
74,1147
74,5309
73,5861
74,2167
73,5712
73,3125
73,8809
73,2993
73,8452
73,2288
73,9256
73,9527
73,7813
74,1817
74,1720
74,2742
74,4646
73,9946
73,7600
73,7792
73,7099
73,7623
74,0790
73,5362
74,7321
73,7158
74,1668
73,9619
73,9283
73,9889
73,8784
74,2457
73,2541
73,8645
74,2111
73,7281
73,8217
73,9552
73,5412
74,2351
73,9046
73,6803
74,0639
73,0381
74,2204
73,4305
73,1418
73,2855
74,4057
73,7938
73,5909
74,2787
74,0958
74,2912
73,9552
73,7990
73,9710
73,8796
73,4963
74,3711
73,8332
74,2192
73,8579
73,7930
73,0580
74,0728
74,2372
74,1859
74,6214
74,3518
74,2361
73,7972
73,8627
73,9813
73,9390
73,9703
73,7130
73,7339
74,4189
73,8043
74,0551
73,7814
74,1533
73,4872
74,2339
73,9501
73,4535
73,9137
74,4284
74,0097
74,4351
73,4824
73,8642
73,8921
74,5073
74,2975
74,1749
72,9945
73,4803
73,6449
73,9186
73,9900
74,1228
73,4787
73,8906
74,0432
74,1698
73,3606
74,1318
73,2991
73,9323
73,7531
74,3168
73,5614
74,1185
73,9851
73,4618
74,3166
74,2934
74,2793
73,6181
74,2145
73,9680
73,9423
73,6711
74,1318
74,2007
73,9264
73,8922
73,9097
73,9020
73,4278
74,3951
73,9798
73,7319
74,4789
74,8830
73,1983
73,2100
74,1344
74,6023
73,7404
73,7207
73,6292
73,8091
73,9484
73,8170
73,9563
74,3153
73,8892
73,7428
74,1169
74,1430
73,2891
73,1973
73,9643
73,9715
73,7030
73,6339
73,7621
73,8420
74,5691
73,8365
73,4803
74,1886
73,6654
73,4051
73,7419
73,3795
73,3914
73,7869
73,6958
73,8542
73,4726
74,4378
74,3797
74,0408
73,9213
73,6877
74,4016
74,1994
73,6329
73,5033
74,0375
73,8393
73,5230
73,4818
73,8683
74,3633
74,2537
74,6513
73,8456
73,6690
74,1610
73,4447
73,9248
74,3626
73,7024
74,2450
73,9849
73,8602
73,8139
73,6087
73,5066
73,6015
73,6975
74,4314
74,7450
73,4214
74,0996
73,4607
74,0393
73,8505
73,9663
74,0825
74,3788
74,0930
72,5844
74,5796
73,3273
73,5942
73,7684
73,9975
73,7800
74,2040
73,3787
73,5895
73,1838
73,8000
73,2798
74,1483
73,9831
73,6054
73,8203
73,5521
74,2850
73,6216
74,0864
73,6588
72,9635
74,3387
74,2659
74,4420
73,9013
73,7154
73,7972
74,1644
74,5168
74,3213
74,0914
73,2550
73,5788
73,5684
74,4918
74,5104
74,0958
73,8920
73,8458
73,9786
73,5754
74,5488
73,8138
74,1191
73,9274
73,1239
73,6444
73,6110
73,3478
74,2079
73,5931
73,2192
73,9171
73,2760
73,6209
72,8154
73,8057
74,3246
74,4243
73,7584
74,1554
74,5612
74,0142
73,4981
74,3336
73,7236
74,2535
73,9594
73,4736
74,6848
73,5600
74,0487
73,9820
73,7015
74,2916
73,7834
73,6426
73,2762
73,7106
73,7671
73,4288
74,0441
73,8711
73,5556
73,1642
73,9225
73,9899
73,6723
73,5705
73,4007
74,1476
73,7545
73,7307
74,1741
74,2373
74,6345
72,9310
73,7814
74,4110
73,7631
73,8998
73,3172
74,3502
73,8866
73,1494
73,5327
74,1064
73,9951
74,2461
74,6494
73,8565
74,1766
74,3416
73,8946
73,8873
74,2952
73,8104
73,8524
72,9936
73,9829
73,5063
73,7358
73,8067
73,6300
73,7262
74,0474
74,0005
73,9715
74,4905
74,6853
74,3096
74,2804
74,3585
73,4718
74,3421
73,2762
74,3591
73,6658
74,4578
73,7784
73,5503
73,8773
74,3222
73,2408
73,4132
73,4906
73,7580
73,9267
73,6623
74,1529
73,2183
73,7468
74,4695
73,7306
74,1701
74,4725
73,8073
73,9715
73,9944
74,0329
73,7275
73,4836
73,3068
74,0038
74,2386
73,9587
73,8301
73,3501
74,4078
73,7001
74,7999
73,5514
74,2203
73,2256
74,4286
73,9031
73,8016
74,2696
73,8900
73,5855
73,9954
73,6789
74,3313
73,4855
73,8218
73,8023
74,5600
73,5418
74,1650
73,8363
73,9309
73,9832
73,6076
74,0433
73,6218
73,4141
74,0630
73,3741
73,0077
74,0406
74,7122
73,2983
73,3105
74,2928
73,2504
74,0555
73,2593
74,1724
73,4596
73,8221
73,8224
74,3040
74,3003
74,0314
74,0410
73,4338
73,6765
73,5344
74,4496
74,4054
73,9635
74,0444
73,7555
74,3893
73,9711
74,4241
74,0664
73,8886
73,7890
74,6126
73,6743
74,1992
74,0793
73,6310
74,0487
73,4881
74,4123
73,9586
73,9869
74,0224
73,5288
74,2063
74,0922
73,6074
74,1681
74,1775
73,5409
74,3044
73,1912
73,8021
74,0934
73,3761
73,5990
74,0460
74,1122
73,6110
74,0538
74,1223
73,7983
74,0467
73,9864
73,7485
73,5633
74,2783
74,3594
74,4562
74,4731
73,3865
73,5964
73,4674
73,8669
74,2347
74,1944
73,4567
73,8559
73,5067
74,6286
73,6334
73,7095
73,9026
74,1991
73,6767
73,7553
74,1755
73,4666
74,4417
73,7631
74,0711
73,5708
73,9547
74,3700
73,9895
72,9588
73,9498
73,6652
74,0798
73,8130
73,4634
73,9893
73,7219
74,2812
73,7160
74,0395
73,0278
73,4123
73,7238
74,5016
74,3513
73,4110
74,0751
73,9401
74,5297
73,7370
74,3255
74,0623
73,6095
74,2191
73,8357
73,7954
73,9940
73,3946
74,0155
73,7506
74,2257
74,0767
74,1710
74,3017
73,2122
73,5614
73,7683
74,9660
73,8078
73,4896
73,5670
73,7121
73,9439
73,8005
74,2187
74,1435
73,9912
73,6612
73,8612
73,6106
74,3639
74,1845
73,9306
74,1645
73,3455
74,8161
73,7735
73,7713
73,9126
74,2201
73,9870
73,7422
74,4772
73,7395
74,0107
74,3687
73,7026
74,1703
73,3566
74,6987
73,9751
73,8351
74,4063
73,7731
73,8521
73,8253
74,6412
74,1923
74,0370
74,0412
73,9095
73,7118
73,7325
73,7132
73,9028
73,9446
73,4065
73,4868
74,4839
74,2111
74,1747
73,6792
74,0404
74,5072
74,0999
74,2675
74,6528
73,7720
73,7614
73,5647
73,8043
74,0591
74,1872
74,0410
73,7944
73,9867
73,6341
74,0350
73,2855
74,4128
73,2433
74,0729
73,9959
73,8517
74,8222
73,8585
73,8359
73,7518
74,2442
73,6041
73,6704
74,3048
74,0871
73,4691
74,0940
74,0399
73,8750
73,5159
73,8382
74,0118
73,4843
74,1080
73,5868
73,4277
73,7041
73,7245
73,1306
73,8516
74,1317
73,7354
74,2745
74,0814
73,9855
73,9938
74,3430
73,9493
74,1406
73,5340
74,5715
74,1873
74,1591
73,9980
73,8072
73,0293
73,9310
74,6413
73,8173
74,1605
74,4144
74,3118
74,0688
73,5642
74,3872
74,0447
73,7464
73,7575
73,8895
73,0993
73,6460
73,9161
74,3259
73,3360
73,2999
74,4045
74,5652
73,5907
74,0487
73,5972
73,9230
73,5193
73,9361
74,1056
74,1637
73,8493
74,4835
73,7317
73,8785
73,4311
74,1522
73,4679
73,8370
73,5282
73,7815
73,9156
73,8993
73,9087
74,0685
73,3402
73,2905
73,9507
73,3804
73,2767
74,0426
73,5419
73,8878
73,6291
73,9414
74,4270
73,1015
73,7224
73,3739
73,5124
73,9988
73,3888
74,0526
73,1096
74,1086
73,7300
73,2851
73,9281
74,0144
74,1051
74,3410
74,1326
74,6194
73,1333
73,4080
73,3527
74,1058
75,2043
74,2840
73,8386
74,4751
73,4999
73,7075
73,5396
73,2335
74,2198
74,0430
74,1998
73,4478
74,0986
74,1290
74,5470
74,5810
74,0986
74,1910
74,2195
74,2627
73,3772
73,9474
73,6565
74,2745
74,6100
73,6810
73,8644
74,4512
73,6415
74,0540
73,2636
73,3081
74,0274
74,1404
73,8201
73,6725
73,9583
73,7061
74,3000
73,7477
73,5402
72,9635
73,5765
74,3703
74,1529
73,6072
73,9036
73,6132
73,7273
73,9676
74,2351
73,7646
74,2342
73,7443
72,9065
74,3917
73,4953
73,7992
73,7828
73,8841
74,6148
73,6427
73,3612
74,2996
73,5632
74,2406
73,8326
73,8312
73,7879
74,1283
73,6106
74,0215
74,2958
73,8782
73,9704
74,9060
74,3253
74,4452
73,4602
74,5328
73,2930
74,1116
73,6182
74,2386
73,3945
73,7681
73,2549
74,5215
74,2511
73,4595
73,2236
73,7276
73,7287
74,6032
74,1964
73,8487
74,0495
74,0079
74,1122
74,1425
73,8435
74,6378
74,1129
73,7355
74,0541
73,8615
73,1795
73,8297
73,4076
73,0732
74,0151
74,1722
73,3852
74,4794
74,1222
73,6037
74,1672
74,5155
73,7955
73,4061
73,7685
73,8265
73,3567
73,7572
74,6663
74,2426
74,2450
74,0672
73,8590
74,0386
74,3581
73,8486
73,5645
74,3188
74,0114
73,5724
74,0517
73,8480
74,0905
74,5752
73,9235
73,7096
73,7295
73,9470
72,7275
73,3035
74,2556
73,5272
73,3616
73,4574
73,9585
74,2774
74,0685
73,6507
74,2780
73,5912
73,9511
74,4551
73,6810
74,6657
73,9399
74,0349
73,8909
73,3292
73,7940
74,5683
73,2122
73,9953
73,6084
73,6296
73,9567
74,0753
73,9570
73,3264
74,0486
74,1955
74,5717
74,7435
73,9428
74,3512
73,7839
73,3958
73,2144
73,8137
73,6844
73,8835
74,2686
74,5311
73,6110
73,3866
73,6158
73,9953
73,7703
74,3033
74,2313
74,3829
73,5184
73,6039
73,8543
73,6293
73,7858
73,6309
73,8815
73,2603
74,1275
73,6945
74,0444
74,3138
73,7367
73,6239
74,5203
73,5008
73,5819
73,3119
74,2190
74,5036
73,9069
73,4017
73,8747
73,4761
73,9137
73,7286
73,7638
74,3753
73,6436
73,6206
73,8407
73,7074
74,0941
74,0948
73,5456
73,9545
73,8039
73,6509
73,0162
73,5705
73,4487
74,3984
73,7188
73,8404
73,9472
73,1249
74,5196
73,6641
74,1702
73,9891
73,1138
73,4950
74,2235
73,9405
73,9569
73,2547
73,8164
73,7468
73,5755
73,6247
74,1921
74,5002
74,4291
74,2717
73,9109
73,6752
74,1763
73,9710
73,1883
74,1545
73,5053
73,8482
74,6804
73,9883
73,1675
73,7916
73,8877
74,3009
73,9803
73,4351
73,6698
73,0208
74,1375
74,1181
74,0804
73,7313
74,1446
73,8109
73,9455
74,0211
73,7965
74,3552
73,6431
74,2718
73,9023
73,8035
73,5204
73,4752
73,4982
74,5013
74,0537
73,5276
74,1461
74,1772
74,1369
73,2661
73,4633
74,6529
74,0699
73,6539
73,7697
74,3428
74,2408
74,1909
73,7637
74,2647
73,2299
73,2477
74,0327
74,3181
73,6974
73,5878
73,6943
74,6443
74,8192
73,4800
74,4537
74,4085
73,7913
74,2216
74,1436
73,8344
73,6765
73,9217
73,8823
74,5768
74,0666
73,8383
73,9427
73,3675
73,4833
73,7105
73,5631
73,8919
73,9512
73,8317
73,4744
73,5264
73,6910
74,4369
74,5055
74,2725
73,8520
73,5336
73,7472
74,0363
73,5718
73,4831
73,6281
73,7524
74,3964
73,7121
73,9374
73,9310
73,8440
73,8461
73,8031
73,9876
74,2423
74,1829
73,7078
73,4079
74,5074
73,9654
73,8275
73,8798
74,3604
73,7625
73,9181
74,3710
73,9017
74,0389
73,8322
74,4378
73,5221
73,6065
73,5520
73,8752
74,4568
73,7951
73,9590
74,2782
74,1390
73,6186
73,9846
73,8566
74,7062
73,8652
74,2590
73,9101
73,7127
73,7166
73,9252
73,4098
73,1285
73,9452
73,7303
73,7403
73,4062
74,0091
73,4480
73,1163
73,8475
74,2592
74,1218
73,4121
74,2232
73,7847
74,1850
73,9858
74,0807
74,2157
73,9571
73,6962
73,9045
73,7751
73,6955
74,1107
74,5165
73,7937
73,1789
74,0599
74,4298
73,4410
74,9430
74,1972
74,2780
73,5230
73,8429
73,8520
73,7906
73,4942
73,5525
73,6501
73,9671
73,8519
73,6186
72,9574
74,0289
73,7787
74,2737
73,9913
73,6189
74,3091
73,8310
74,5252
74,3396
74,0305
74,1401
73,6063
74,2993
73,6443
73,0877
74,0720
74,1601
73,8575
74,1618
73,7637
73,2843
73,9516
74,4373
74,5091
74,0203
74,3933
73,7929
73,2003
74,0333
73,7216
73,7038
73,7271
73,6905
74,2202
74,3572
74,1228
73,6136
74,0514
74,2298
73,1145
74,0310
74,3028
74,1411
74,2852
74,2816
73,3741
74,0684
73,7572
74,4149
73,6116
74,3614
73,8927
73,7284
73,3644
74,3064
73,4722
73,8956
74,4200
74,2103
73,6417
73,5861
73,1383
73,3294
73,1762
74,2753
74,0720
73,7888
74,4252
74,1377
73,4498
73,7956
74,1398
74,0645
73,9158
74,2132
74,3083
74,4075
73,3703
73,9174
74,3144
73,6075
73,8274
74,4716
73,9470
73,5734
73,7032
74,3033
74,1968
73,8573
74,0205
73,4351
73,2009
73,4470
74,6794
73,5234
74,1835
73,6933
73,9384
74,1827
74,0659
73,6369
74,1066
73,8193
74,3285
74,1416
73,9492
73,9732
74,1613
74,6262
74,1019
73,2218
73,8052
74,0490
73,9901
73,9188
73,4007
73,8216
73,8956
74,4799
73,9633
72,9582
74,5227
74,5259
73,8934
74,0613
74,3596
73,2891
73,9118
74,0624
73,5238
73,5636
74,1315
74,1133
73,9022
73,1990
74,1931
73,8578
73,3400
74,0703
73,5425
73,6738
73,7250
74,3503
73,9935
73,9384
74,4855
73,7364
74,1708
73,7983
74,0843
74,0173
74,1559
73,6039
73,4575
73,6754
73,6959
74,0453
73,8612
73,5632
74,0247
73,8998
73,6918
74,1886
74,0831
73,8418
73,5955
74,6420
73,7325
74,5016
73,4219
73,4548
73,6876
74,1752
73,9181
73,6775
73,7333
74,2395
73,9346
73,8533
74,5773
73,5349
73,8288
73,2169
74,1994
73,4468
73,7034
73,3468
73,7410
74,0152
73,4168
74,0486
73,6018
73,1496
74,4877
74,0881
74,0652
73,5444
73,9406
74,1257
73,3276
73,7478
73,1391
74,3296
73,7748
73,3430
74,3795
74,3557
73,4727
73,7994
74,1749
73,5508
73,9059
74,2981
73,2895
74,5994
73,5875
73,4414
73,7801
73,6354
73,6611
73,8865
73,6786
73,8839
74,1111
73,0621
73,6929
74,3697
74,1319
74,0786
73,2756
73,6661
74,5550
73,5313
73,4190
73,4329
74,2441
73,8138
73,6680
73,3585
73,6914
74,2166
74,1711
73,6720
74,1529
73,8500
74,6823
73,1760
74,0397
74,0074
73,5964
73,6670
73,4103
73,9754
73,9168
74,3524
74,1741
74,3253
73,7720
73,7135
73,8245
73,5276
73,3790
74,5724
73,9979
74,4862
73,7037
73,8586
74,0562
73,4987
73,9152
73,8220
74,6360
73,8507
74,5557
73,8014
74,1527
73,9166
73,5774
74,1802
74,4389
73,6468
74,5001
73,8426
74,0318
74,5055
74,1632
73,7963
74,1021
74,1960
72,9929
74,2969
73,6691
74,4378
74,0549
73,1521
73,6847
73,9884
73,9255
74,3558
73,4328
73,6489
73,2934
74,2162
73,8205
73,3843
74,3571
74,2172
72,9156
73,1903
74,4469
74,0238
74,1683
73,8888
74,3738
73,6510
73,9561
73,7839
73,9345
73,9081
73,8377
73,8190
74,2913
74,4518
73,8813
74,1782
73,7800
74,2171
74,2533
74,0184
74,0477
73,5562
73,0900
73,5079
73,3569
74,3486
74,2127
73,7900
73,6301
73,7519
74,3467
73,3084
74,2805
74,1322
73,3759
74,0218
73,9634
73,4897
74,1313
73,9350
74,5233
74,5792
73,6928
73,6282
73,4207
73,8180
74,0546
73,9333
73,2711
73,3885
73,6775
74,2892
74,0562
73,7126
74,1967
73,1125
73,7931
73,8986
73,8394
73,8291
73,2171
73,9985
73,2022
74,2004
73,0646
74,1324
74,4146
74,3184
73,8152
74,0192
73,7486
74,3415
74,1791
73,7538
73,9322
73,7792
73,7052
73,9949
73,4724
73,7708
73,9079
73,5171
74,3360
74,2036
74,4850
73,9637
73,9634
73,7201
74,3356
74,0060
74,9775
74,0810
73,6588
73,9810
73,9423
74,1696
74,3711
74,0851
73,5997
73,4913
74,4931
74,2846
73,8695
73,5725
74,1010
74,2576
73,7661
74,0628
73,3048
74,4646
74,5932
73,4978
73,5952
74,3753
73,4824
73,4952
74,5034
74,3604
73,6466
74,1382
74,0518
73,6643
73,7449
74,4476
74,1895
73,9190
73,9432
74,2558
74,1184
73,8585
74,7012
74,5290
74,1903
74,0127
73,7303
74,0372
73,8790
73,4448
73,5886
73,2089
73,8204
73,6626
73,4341
74,3606
74,1344
74,3952
73,1121
73,8526
73,4166
73,4452
73,9690
73,9011
74,3980
74,3063
74,3200
73,7607
74,5841
74,6583
73,8956
74,3062
73,7776
74,7376
73,3793
74,7193
73,9107
74,4210
73,5489
74,2461
74,3720
73,8729
74,2464
73,8234
73,9468
74,2628
74,3474
73,6134
74,2393
73,8612
73,5030
73,9034
74,1373
74,1070
74,4079
73,5860
73,5244
73,6549
74,1649
74,2456
73,2997
74,2254
73,7670
73,6232
73,7040
74,1883
73,9886
73,9352
73,0292
73,5962
73,3587
73,6735
74,3222
73,9634
73,8036
73,8551
74,1863
73,2893
73,4195
74,3029
74,2600
73,3667
73,3568
74,3132
73,9863
73,2447
73,9523
73,7353
73,5993
73,6780
73,4969
73,9455
73,7810
74,4330
73,9711
73,8444
74,4062
73,5968
74,3666
73,9018
73,7203
74,3201
73,5010
73,6211
74,3238
74,0068
73,9530
73,7924
74,2725
74,5421
73,5892
72,8065
73,5822
74,1305
73,8116
73,3101
74,2044
74,7876
73,8526
74,2477
74,3434
74,1698
74,0293
73,9725
73,8496
73,7876
73,6488
73,8912
73,4598
73,8202
73,7033
73,8322
74,0279
74,0649
74,8993
74,5860
74,2148
73,9628
73,5699
73,4785
73,9489
73,8935
74,4348
74,5181
74,0865
73,6184
74,0906
74,7610
73,9640
73,2782
73,8827
73,8042
73,8249
73,8723
73,9912
74,2287
73,1171
73,4979
73,6823
73,8200
74,2478
74,3456
74,1778
73,8558
73,9683
73,7704
73,7299
74,3556
74,3199
73,9474
73,6689
73,0632
73,9838
74,5568
74,1984
73,7179
73,6861
74,1805
74,5518
74,1315
74,0983
73,8959
74,2608
74,2211
73,7220
74,2214
73,7907
74,3467
73,4843
73,8627
73,8391
73,9856
73,8617
73,9281
73,5493
73,5327
73,5452
73,9067
73,3971
74,2349
74,6661
74,0157
74,4314
73,6013
73,9968
74,5592
73,3752
73,7396
73,8045
73,7735
73,9697
74,6496
73,5047
73,9576
73,5632
74,1548
73,9991
73,9439
73,9101
73,5906
73,9087
73,3689
73,4593
73,6490
74,0946
74,3714
74,0729
73,2945
73,7016
74,3298
74,0574
74,1028
73,8100
73,8011
74,5801
73,6404
74,0777
73,7377
73,7673
73,8087
73,2818
73,7288
73,5093
73,7740
73,8947
74,2388
73,7733
73,5369
73,7720
73,8128
73,8231
74,7191
72,9505
73,9730
73,7265
73,3338
74,0946
74,2638
74,4299
74,2917
74,0009
74,4259
73,2701
73,8436
73,5767
73,3540
74,5587
73,9007
73,8214
73,6956
73,6800
73,9739
73,6934
73,9941
74,0753
73,7540
73,8048
73,9721
73,3334
73,4000
74,0777
73,5690
74,0183
74,2024
73,6881
74,1373
74,1154
72,9839
73,6015
74,5801
73,5137
73,6653
74,0514
73,9846
73,3624
73,3173
74,2749
73,7591
73,6295
73,6906
74,2293
73,8439
73,8584
73,6111
73,4157
73,5349
73,9644
73,5506
74,4538
74,2952
73,7660
73,8615
74,3996
74,1609
73,4382
73,4314
74,0854
74,2001
73,6697
73,8406
73,5862
73,7177
73,4990
74,4200
74,0355
73,9196
73,4371
74,1448
74,1337
74,2551
74,3543
74,2134
74,4293
74,6445
74,1844
73,4845
73,4878
74,0485
73,6757
73,6605
73,3559
74,2685
74,0609
73,2773
73,9000
74,3126
73,4457
74,6762
73,8956
73,7187
74,4873
74,2287
73,5276
74,0152
73,8013
73,6889
74,4886
74,3479
73,5202
73,6573
73,8934
74,1906
73,9167
74,3889
73,8660
73,6767
73,4582
74,7414
73,9109
74,0084
73,7417
73,5734
73,9969
74,0591
73,6356
74,3073
74,0856
74,1555
73,5457
73,7882
74,5904
73,6468
73,6130
73,1457
73,7689
73,9885
74,1708
73,8631
73,9712
74,4594
73,2820
73,9573
73,7218
73,6783
74,0300
73,6890
73,6658
74,1824
73,3149
74,5136
73,5003
73,8823
74,0012
74,4469
73,5113
74,1804
73,4744
74,4239
73,2864
73,6930
74,0501
73,4928
73,7263
74,5242
74,1560
73,9864
73,6811
73,5732
73,7730
73,9204
74,2201
73,8790
74,0622
73,7840
73,7426
73,6371
73,1044
73,8047
74,0061
73,8800
74,3401
74,3179
73,6974
73,4441
74,4857
73,9432
73,6400
74,0843
74,2499
74,1186
74,2395
73,1385
73,1555
73,9201
73,0996
73,5635
73,6047
73,5990
73,9135
73,9691
73,3662
73,9153
74,1448
73,3595
73,7127
73,9507
73,8759
73,8668
74,3461
74,0637
74,2832
74,6408
74,0585
73,2415
73,7922
73,9286
73,2443
74,0961
73,6096
73,8232
73,5082
73,7264
73,8843
73,1093
74,3529
74,4161
73,8273
73,7933
73,8688
73,6276
74,2331
74,3425
73,7152
74,1983
73,7397
73,3512
73,7210
74,6475
73,6075
73,5241
73,2963
74,2080
74,3166
73,9004
73,6285
74,1289
73,8152
73,3149
73,4110
74,2302
74,3864
74,0801
74,3541
73,8608
74,3458
73,4513
73,5281
73,6118
74,1666
73,6762
73,8451
73,8235
74,1015
73,7312
74,0477
74,4223
73,9581
73,8737
73,9712
74,2420
74,1671
74,3828
73,9624
73,4734
73,8176
73,6590
73,8483
73,6350
74,0286
74,0944
74,1066
73,9147
73,5322
73,7250
74,3270
74,1010
74,3834
73,7144
73,0816
74,4285
73,5979
73,9720
74,1559
73,1734
73,8744
73,8113
74,3699
74,0814
74,2159
74,2426
73,5318
73,6020
74,0014
74,3343
73,0875
74,0764
74,2376
74,2403
73,7678
73,3648
74,1862
74,0191
74,0948
74,3744
73,8712
73,8808
73,3926
73,6456
73,5097
74,0884
73,8349
73,8434
73,4231
73,2625
73,8063
74,6937
74,0842
73,7707
74,3813
73,5927
73,9057
73,9578
73,6988
74,2775
73,8740
73,9440
73,4900
73,6612
73,7171
74,1354
74,2401
73,9580
73,7349
74,2905
73,8237
74,0064
73,7161
73,5729
73,7014
73,8258
74,0058
74,0244
73,1191
73,2014
73,6674
74,1611
73,5650
74,1444
73,9068
73,6578
73,7909
73,5001
74,5258
74,2121
73,3165
73,9463
73,3357
74,2009
73,6933
74,0012
74,1176
73,7828
74,0741
73,6475
74,4835
74,2538
73,4880
73,7408
73,3400
74,5262
74,4030
73,7975
74,1787
73,9039
73,9747
73,8317
73,7548
74,0631
74,2700
74,2209
73,9071
74,4153
74,1637
73,4534
74,5934
73,6338
73,7571
74,1116
73,7420
73,8452
74,1072
74,0039
73,8478
73,7346
73,6343
73,9621
74,2719
74,0968
74,2958
73,7100
74,1529
73,8992
74,5647
73,4990
74,1836
73,1116
74,1924
74,0749
74,1853
74,0055
74,0895
74,2711
72,8474
73,5506
74,2218
73,7346
74,0608
73,6200
73,8487
73,6399
74,2267
73,9807
73,6548
73,8122
74,3638
73,6514
74,2962
73,8949
74,0195
74,5666
74,0599
73,7797
73,9318
74,1551
73,4491
73,4426
73,4890
74,2184
74,5384
74,4019
73,8662
74,0859
73,4652
73,7792
73,3661
74,0215
73,5664
73,1138
74,2434
74,2437
74,3543
73,1568
73,4345
73,6702
74,0620
74,2407
73,5681
73,8768
74,0066
74,1062
73,8714
74,3752
73,7836
74,4022
73,8245
73,7058
74,1015
74,2383
73,5941
73,6834
73,5409
73,7686
74,0133
73,7065
74,0203
73,5359
73,6977
74,2432
74,7347
73,9246
73,9472
74,0455
74,0997
74,2023
74,2608
73,7709
73,9181
73,9976
73,8448
74,5170
73,9498
73,4908
73,3214
73,3348
74,1836
73,8396
74,5904
73,7537
73,8736
73,2275
73,6684
73,8577
73,6127
74,0884
74,1715
73,8395
74,3943
73,6705
73,0652
74,2702
74,0932
73,7252
73,8461
73,6276
72,9620
74,0044
74,1827
74,1801
73,3902
73,4875
74,0293
73,8271
73,7688
73,4215
73,7516
74,0828
73,2746
73,7625
73,5549
73,0914
73,9320
73,8286
74,1497
74,2120
74,2684
73,0831
73,8743
74,1584
73,0874
73,2904
74,2727
74,3627
73,8835
74,1104
73,5181
73,7975
74,4252
74,5629
74,3249
73,7950
72,9756
74,1756
74,3395
73,7863
73,7886
74,3102
73,5483
73,8717
73,7090
74,1155
74,1371
74,2562
74,3116
74,9056
73,3806
73,2777
73,8363
73,5701
73,0262
74,2205
74,4701
74,4320
74,0019
73,5392
73,6237
74,0001
74,0396
74,2746
74,1647
73,3571
72,9201
73,7466
74,1339
73,6962
74,0720
73,4262
74,4321
73,6863
73,6222
73,6738
73,8817
74,0591
73,8634
73,7506
73,7511
73,9219
74,3564
74,2304
73,6665
74,2012
73,7855
74,1629
73,6904
74,0257
74,2302
74,1671
73,9512
73,8620
74,2992
73,8059
73,6667
73,9727
74,1119
74,3435
74,0460
73,9356
73,9898
73,2652
73,6140
73,2282
74,0074
74,2547
73,9974
73,7697
73,8839
73,8640
73,6038
73,7954
73,3724
73,9248
72,9898
73,4709
73,9137
73,8104
74,1172
73,7809
73,8333
73,3986
74,1238
73,6767
73,8604
74,0054
73,7776
74,4322
74,0410
73,8376
73,6413
73,8133
73,7782
73,9885
73,9635
73,9204
73,6697
73,7058
74,3884
74,0892
74,3894
73,4920
73,7177
74,0183
73,7543
74,0827
73,8033
74,4483
74,0337
74,3749
73,5779
74,4156
74,0745
73,5819
74,6430
73,6899
74,3954
73,8946
73,8331
73,9293
73,8702
73,9694
74,0359
73,8326
74,0148
73,6339
74,1293
73,9225
74,0508
73,4661
73,4440
73,8823
74,2453
73,7831
74,0018
73,5982
74,2858
73,8757
73,8439
74,2869
74,0825
74,1064
73,8204
73,5706
74,0099
74,0752
73,3304
74,0161
73,2689
74,1949
74,0402
73,7690
73,8960
74,3841
73,6043
74,0112
73,7438
74,0397
73,7948
73,9905
72,9492
74,0450
74,0297
73,1611
73,9091
74,0646
73,4261
74,6058
74,4403
73,6548
73,8085
73,7453
74,2510
74,6938
73,4438
73,3798
74,1474
74,2140
73,6375
73,5756
73,7616
73,1998
73,9495
74,2950
73,4569
73,9092
73,5614
73,8067
74,2779
74,2020
74,1472
74,0817
74,0539
73,8052
74,7815
73,8030
73,5942
74,0121
73,6249
74,4419
73,9426
73,9770
74,3440
73,6965
73,5143
73,2576
73,5487
74,2547
73,9148
73,6014
74,4928
74,0982
73,6714
74,0427
74,4154
74,0855
73,8865
73,6547
73,1608
74,5649
74,1644
74,0385
74,2646
73,8037
74,7999
73,9825
74,4453
74,1556
74,1629
74,3564
73,4103
74,3458
74,2495
73,7574
73,7380
73,4487
73,9756
74,1642
73,6955
73,9807
73,5837
74,4615
74,1197
74,2144
73,7231
74,3896
74,0378
74,0389
73,6235
74,1103
73,8453
73,2925
74,0810
74,2945
73,3783
72,9612
73,7372
73,6405
73,4626
73,7577
74,9471
73,8060
74,2635
73,8356
73,3996
74,7321
73,7205
74,4912
74,2159
73,5516
74,0792
73,6630
74,2859
74,6884
73,5281
74,2014
73,5138
74,2774
74,0854
73,8069
74,1638
73,9324
73,3801
73,8982
74,4693
73,7625
74,1562
73,7623
73,9966
73,8138
73,7579
73,6551
74,0972
73,4394
73,5953
73,8660
73,7989
73,3903
74,3358
73,8903
74,1104
74,2230
73,9940
74,0833
73,9238
73,7684
74,1513
74,6224
73,7324
73,0179
73,6429
73,7339
73,7774
74,0420
74,2818
73,1278
73,7307
74,3656
73,9439
74,1593
73,6747
73,9114
74,3131
73,8053
74,1422
74,2434
73,6872
74,3305
74,2442
74,3009
73,6230
74,0637
73,8847
74,0323
74,0591
73,9488
73,9233
74,0496
73,8553
74,0642
73,2512
73,5588
74,0845
73,1434
73,4714
73,4167
74,1654
74,3791
73,9734
74,1724
73,7157
73,7762
74,2311
73,5147
73,5667
73,8302
73,7288
74,1022
74,5549
73,6826
73,2456
73,9624
74,0038
73,5278
73,9875
74,3944
73,3422
73,9954
74,2261
73,1017
74,2438
74,0081
73,8551
74,5009
74,0884
74,4042
74,6157
74,3327
74,3162
73,5064
73,3026
73,6090
74,1691
74,2896
74,0088
73,6782
74,2275
74,2078
73,7831
74,3100
73,8524
73,6478
74,5972
73,7151
73,7574
73,0727
74,9272
74,2374
74,2704
73,5015
73,8348
74,2740
74,3266
73,6411
73,8480
73,4785
74,1339
74,1805
73,9371
73,6987
74,0349
73,9873
73,6078
74,1131
73,6987
73,8047
73,8477
73,9207
74,1060
74,5530
73,2804
73,4291
74,4732
73,9457
73,8283
74,4437
73,4714
73,9899
74,2152
74,0488
74,5055
73,1494
74,2692
74,0356
74,1949
73,4658
74,4503
74,2801
73,7368
74,1842
73,5882
74,1404
73,8927
73,8170
73,7313
74,2379
73,8027
73,8207
73,7697
74,1721
74,1003
74,2967
74,4108
73,9293
73,5410
73,5534
74,3511
74,4545
73,8284
73,7668
74,2679
73,7281
74,1749
74,1322
74,0812
73,5900
73,2680
73,5311
74,1002
73,7260
73,7879
73,3819
73,4323
73,9055
73,6194
74,0958
74,0878
73,8383
74,1490
73,5102
74,0046
73,5739
74,2702
74,0846
73,6897
73,9492
74,2869
74,3093
74,2820
73,8132
73,7265
73,8138
73,7840
73,6465
74,2079
73,5831
73,4812
74,7004
74,3559
73,9320
73,7257
73,7902
73,4823
73,9075
74,1195
73,2966
74,2820
73,7359
73,9661
74,0244
74,2324
73,8628
73,3107
74,4440
74,2477
73,9716
73,7575
73,4556
73,7059
74,4346
73,4317
73,9005
73,7587
73,7047
73,7727
73,8399
73,5578
73,6284
73,9752
74,1594
73,7710
73,4087
73,8849
73,9302
73,7276
73,7932
73,4343
73,5785
74,3442
73,2393
74,1353
73,9097
73,9155
74,3792
74,1727
73,6220
73,7771
73,8524
74,0537
73,1123
73,5019
74,3179
74,4440
73,5554
74,4398
73,9765
74,0300
74,3626
74,0318
74,1397
74,0525
73,2644
74,2208
74,2690
74,2157
73,6756
73,2186
74,4224
73,5592
73,5038
73,9485
74,0440
73,4231
73,6588
73,9819
73,3379
73,9525
74,1520
74,0679
73,9209
74,0515
74,2754
74,0344
73,8383
73,9747
74,1282
73,6222
74,0289
74,4768
73,8292
73,9819
73,5530
74,3740
74,1831
73,4746
74,0382
74,1211
73,5408
74,7074
73,5164
73,2611
74,0215
73,5159
73,4612
73,8881
73,7762
74,2115
73,8028
73,1318
73,7576
74,6747
72,9416
73,3659
73,5039
73,8807
73,9251
74,1250
73,5654
73,9817
73,6710
73,1455
74,0112
74,7931
74,5618
73,4011
73,7476
73,9082
73,9689
73,7968
74,0672
73,5576
74,0380
73,6515
73,2511
73,9800
73,7143
73,9047
73,3193
74,2390
74,0269
73,5124
73,7387
73,8548
73,5724
74,5072
74,2049
73,4709
73,9846
73,7540
73,9976
73,5429
73,7205
74,1613
73,7718
73,4112
73,7129
74,4760
73,6799
73,4738
73,9244
73,1704
73,6644
74,0893
73,3979
74,3481
73,7835
73,5370
73,3356
73,8522
74,1976
73,1920
73,2211
73,9839
74,2006
73,7302
73,5470
73,5167
73,8444
73,2850
73,1469
74,3461
73,9482
73,8994
73,7237
73,5592
74,3875
73,7517
74,5098
73,7599
74,0567
73,9233
73,4449
74,4414
73,9488
74,4383
73,7823
73,8595
73,6381
74,3919
73,8459
74,5450
73,7589
73,8735
73,2029
73,9449
73,4681
74,2091
74,4760
74,0279
73,8492
73,9990
73,7392
73,5763
73,7067
73,9415
73,9955
73,8160
74,0012
73,9142
73,8689
73,8677
73,9582
73,9220
74,5400
73,4663
73,5752
73,8263
73,5309
73,8228
73,4930
73,4706
74,2701
73,9415
73,7274
74,4231
73,6475
73,6360
73,5717
74,2404
74,5465
73,4404
74,0478
73,8582
74,3225
74,1089
73,7719
73,9934
73,8077
74,1346
74,0991
74,0236
74,0539
73,2538
73,7569
73,3450
74,6758
74,2034
73,9710
73,9698
73,6756
73,3625
74,2217
73,4605
74,4129
74,6470
74,5690
74,5714
74,6657
73,9044
73,7054
73,7250
73,9999
74,1248
73,4856
74,3156
74,2096
73,7000
74,5408
74,4186
74,1675
73,6128
73,9559
73,2201
73,2720
74,1777
73,7995
74,2110
73,3329
73,9451
74,1652
74,4150
73,5000
74,1190
74,0781
73,8946
74,3973
73,2276
73,5956
73,9556
73,9271
74,2819
73,5334
73,5103
74,5040
73,6992
73,0940
73,9283
73,5708
73,4603
74,3003
73,8698
74,3216
74,1172
73,6285
74,2996
74,1636
73,4754
73,7328
73,5965
73,9875
73,7143
73,5619
73,7170
73,8130
74,4846
73,4599
74,0527
73,1756
73,8150
74,1273
73,2107
73,2211
73,5142
74,4443
73,7674
74,2319
74,4486
73,9238
73,9796
74,2238
73,8611
73,9654
73,1542
73,9042
74,2762
73,7945
73,9568
74,1424
74,3318
74,0727
73,8018
74,2836
73,4277
73,8549
73,8278
74,1355
74,1221
73,5580
73,7243
73,6856
73,8506
74,1888
73,8195
73,5152
73,6213
73,6740
73,7814
74,0279
74,0519
73,5541
74,3936
73,7534
74,2612
73,8694
73,6579
74,0053
74,1699
74,0592
73,3847
74,0023
73,8606
74,1236
73,8409
73,5476
74,2694
73,7438
74,2710
73,4174
73,3821
73,6075
74,7847
74,1090
73,3698
73,5809
74,1178
74,1508
73,3465
74,0824
72,8429
74,3550
73,8542
74,2571
73,5699
74,0091
73,6138
73,5630
73,6531
73,2243
73,2556
73,3269
72,8585
74,2847
73,3765
73,9559
73,5010
74,0563
73,6616
73,9459
73,8484
73,8195
74,0917
74,2256
73,9773
73,3592
74,0971
74,0844
74,0730
73,5042
74,2410
74,5953
73,8353
73,7211
73,8878
74,0280
73,6308
74,0501
73,9154
73,7762
74,2793
73,4529
74,6489
73,2593
74,0069
73,8208
73,1359
73,7613
74,3223
74,2292
73,4437
73,5148
73,9522
73,7099
74,5485
74,0220
73,4558
74,2134
74,6087
74,0546
73,6215
73,3709
73,3308
73,0782
73,7114
73,8905
73,7222
74,1150
73,8245
73,8558
73,8585
73,8761
73,8682
73,7955
73,4707
74,2455
74,3335
74,6103
73,8900
73,4786
73,7813
73,4457
73,4113
73,7920
73,8829
73,9882
73,8541
73,3799
73,5523
74,0386
73,8207
73,7938
74,4703
74,5676
73,9023
74,0299
73,3549
73,8242
73,7534
73,8256
74,0522
73,8559
73,9878
73,9768
74,2823
73,8464
73,4343
73,8040
73,9394
73,6903
73,9034
74,3931
73,5206
73,8274
73,4590
73,9314
73,9635
73,3506
73,8706
73,7110
74,3507
73,6500
73,4499
74,0729
74,5532
73,7053
74,3727
74,0172
73,4742
73,9897
73,7052
74,2420
73,9427
73,6723
73,9931
73,7345
74,7276
74,3880
73,6227
73,9839
74,0256
74,3986
74,0280
74,5085
74,0960
73,8930
74,2467
74,0609
73,3026
74,2455
73,7443
74,2463
73,8003
73,2437
74,3457
73,3244
73,9644
74,0872
74,1884
73,4514
73,4657
73,0746
74,0829
73,8527
74,0918
72,8507
73,9305
73,8340
73,9635
74,4188
74,0536
74,0584
73,5156
74,1710
73,4799
74,1922
74,4187
74,2935
74,3120
73,9842
73,4890
73,5591
73,4210
73,8119
73,9144
73,7124
73,6222
73,9213
73,9292
73,6801
74,1666
73,5472
73,9136
74,0018
73,8642
73,9386
73,9686
74,0683
73,2590
73,4181
73,4711
73,5303
73,5741
74,1112
73,5169
73,6460
73,9083
74,2578
74,5273
74,6199
73,5596
73,8685
73,5949
73,7611
73,6617
73,6205
73,3254
74,5289
73,9180
73,7145
74,3275
73,9484
73,9372
74,2654
73,8292
73,4733
73,7074
73,8064
74,0570
74,6693
74,5862
74,0775
73,5852
73,8687
73,6578
74,3144
74,2313
73,9760
74,1281
73,8861
74,2851
73,1645
74,3085
73,1205
73,8080
73,8382
73,3212
74,0967
74,5001
73,9555
73,2713
74,5934
73,7649
74,1097
73,9058
74,2672
73,6365
73,4231
73,2111
73,5567
73,9264
73,8206
73,9977
74,1427
73,7238
74,0364
73,6803
73,4084
74,1304
73,9175
73,8120
74,2186
73,5474
73,7655
74,0354
74,6410
73,5253
73,7983
73,4380
73,4875
73,1918
74,3204
73,9274
73,8008
73,7563
73,4643
74,0314
73,8164
74,7885
73,8361
74,1123
73,4927
73,7957
73,5574
73,5724
73,8763
73,4019
73,8372
74,3072
73,6681
73,8771
74,0321
74,1249
74,1725
74,3321
73,9200
73,7532
73,4718
73,6833
73,6006
72,9965
74,0542
73,9058
73,7962
73,9249
73,5363
73,6574
73,7002
72,9321
73,7489
73,8714
74,3246
74,2906
73,9845
74,1154
74,0358
74,1013
73,6917
73,9346
74,4273
73,9445
73,4954
73,2777
73,5776
74,2882
74,1774
74,1951
73,9141
73,0575
73,7346
73,3762
73,2225
74,3089
73,6477
73,8772
73,8131
73,7311
74,3326
73,8191
73,5926
73,8046
74,7839
73,4415
74,3929
74,0454
73,9483
73,3447
73,6792
73,4897
73,8913
73,9605
73,5863
73,7323
74,2129
74,3642
73,7376
73,8582
74,3829
73,9515
73,8151
73,3476
74,0401
73,2435
74,1088
73,7363
74,3107
73,9258
73,4431
74,3370
73,7393
73,7480
73,3203
73,4292
74,1605
73,3976
73,4600
73,8364
74,0550
74,2323
73,4827
73,6017
73,9618
74,1753
74,0897
73,6476
74,0187
73,6529
73,9232
74,0339
73,0645
73,4488
73,9096
73,9387
73,7025
74,5818
74,1483
73,9459
73,8192
74,0812
74,1996
73,5581
74,1314
74,8946
73,7102
74,2816
74,3727
74,0472
73,8232
74,0879
73,2473
73,9125
73,3983
73,0709
73,4174
73,4550
74,0599
73,6903
73,1662
73,4400
74,2461
73,6997
74,2150
74,5259
73,7979
74,2949
74,3061
74,1756
73,7366
73,9896
74,3635
73,0554
74,5134
74,0116
74,5844
74,3247
74,0689
73,3001
73,6884
73,9891
74,0003
73,7901
74,2133
74,0146
73,5585
73,6776
73,3738
73,2103
73,6548
74,2125
74,6958
73,7598
74,1089
74,1685
74,3337
73,7506
73,4813
74,3348
73,8687
73,7831
74,1955
74,4434
73,1639
74,2699
74,0520
73,9004
73,7244
74,2318
74,1713
73,4965
73,8526
73,4594
74,5890
74,2510
73,8352
73,8027
74,1708
74,0689
74,6600
74,7158
74,4204
73,2461
73,4467
73,2117
73,6838
73,8750
74,3378
73,4252
73,2981
74,4948
73,3639
74,2444
74,1013
73,3644
73,8588
73,9139
73,7778
74,3138
73,6901
73,5958
74,0985
73,3294
73,5952
74,0231
73,6775
74,0662
73,9651
73,7700
73,7244
74,0756
73,6078
74,0920
74,1882
74,0663
73,3498
74,0291
74,1499
73,7340
73,5544
74,1097
72,6159
73,7518
73,9765
73,9044
73,9936
74,2747
73,9773
74,0138
73,7620
73,4207
73,4025
73,6909
73,7545
73,9766
74,1547
73,5554
73,9269
74,2025
73,2930
73,4940
74,1537
73,9882
74,5853
74,3242
73,9614
73,3490
73,6330
73,6824
73,8946
74,6190
74,5605
74,3741
73,8892
74,1996
73,8798
74,3663
73,5657
73,8853
73,4280
74,6320
74,5262
74,1475
73,6439
73,9716
73,9477
73,6472
73,9201
74,3038
73,1938
74,4443
73,8237
74,1660
73,6224
73,9668
73,5432
74,3633
74,7394
73,9001
74,1574
73,3605
73,9400
74,0506
73,6628
73,7281
74,2432
73,9361
73,7606
73,8851
73,2587
73,1163
74,3452
74,3018
74,3729
73,7863
74,5335
74,0069
74,1283
73,1955
73,8449
74,3992
73,9541
73,5035
73,6393
74,2629
73,3071
73,6684
73,4171
73,4919
74,8626
74,1593
74,2478
73,9579
73,8388
73,9238
73,4991
73,9687
74,5195
73,6067
74,1151
73,7056
74,5294
73,4913
73,4279
74,0851
74,0389
73,8979
73,7903
73,9276
73,9204
74,4885
74,5986
74,1741
73,5570
73,1031
73,6136
73,9384
74,2793
74,2817
73,6008
73,5779
73,6989
74,0949
73,8298
73,6939
74,3692
74,1180
74,1264
73,5504
74,0986
73,9681
73,6858
74,5325
73,8625
74,1217
73,4113
73,2125
73,7338
73,6671
72,9830
74,1059
74,1643
72,7193
74,1349
73,9782
74,0781
74,0170
73,9823
73,6955
74,6199
73,3237
74,1206
73,9754
73,9825
73,6097
74,1281
74,2279
73,6548
73,4354
74,1228
73,7708
73,7465
73,7018
74,6508
74,3011
74,1718
73,6953
73,8070
73,8086
73,5416
73,3885
73,4697
73,9699
73,5071
73,7770
74,1217
74,0792
74,2706
74,5135
73,7903
73,9804
73,5974
73,8246
73,8798
73,8660
73,7710
73,8296
73,6118
74,0689
74,0450
73,7736
73,7911
74,6629
73,5936
74,2709
73,6068
73,4978
73,1235
73,4836
73,5688
73,8798
73,2714
73,6533
74,2134
74,0304
74,0283
73,5527
74,4080
73,7387
73,6924
73,7691
74,0977
73,9773
73,0479
73,7350
73,0261
73,6218
73,6693
74,0777
73,4357
74,3691
73,5638
73,9111
73,8365
74,5375
74,2644
73,7224
74,2295
73,7325
74,2829
73,5277
73,6927
73,4615
73,6054
73,5479
73,4422
73,6239
73,7616
73,3937
73,6200
73,9748
73,8323
73,7296
74,0142
74,5977
73,1356
73,5940
73,3617
74,2781
74,1972
74,2810
73,1890
74,2512
73,6386
73,9699
74,1157
74,2653
74,1746
73,6750
73,6202
73,7254
73,9393
73,7749
72,8873
73,5987
74,5808
74,1273
73,9564
73,6365
73,9753
74,7001
73,8607
73,6741
74,2472
74,2288
73,8691
73,4066
74,4372
73,8077
73,6179
73,8584
74,1945
74,0771
73,1562
74,2491
74,1717
74,0712
73,5510
73,8970
74,1353
74,3364
73,7779
74,1974
74,4170
73,6563
73,8835
74,1002
74,4746
73,7017
74,3738
73,9336
73,9940
73,8162
74,3993
73,9456
74,3411
73,9527
74,2107
73,7458
74,1292
73,6933
73,6039
74,3549
73,7873
73,5632
73,2368
73,3230
74,3252
74,2688
74,4063
73,9071
73,7339
74,3016
73,9408
73,3731
73,4933
74,1893
73,2215
73,5248
73,9035
74,2300
73,9703
73,7852
73,6818
73,9941
73,2138
74,2489
73,7120
73,7042
73,7730
74,1169
74,2397
73,7600
73,5952
73,7691
73,8052
73,8970
73,9358
74,4014
74,2954
73,5179
73,5012
73,7190
73,0345
74,1052
74,1717
73,7212
73,7945
73,4702
73,6290
73,4402
73,9968
74,0397
74,3579
74,2617
73,3800
73,6848
74,5736
74,2075
73,6651
73,6119
73,7044
74,3080
74,3876
73,5050
74,5704
72,8920
73,8623
73,7731
74,2220
73,8428
73,9268
73,5665
74,0973
73,5442
73,2800
73,6132
73,8300
74,1020
74,5147
73,9160
74,4808
74,2495
73,8734
73,8647
74,5199
74,0740
74,5895
73,7432
73,5791
74,6533
73,8580
73,6652
74,2231
73,6372
73,2128
72,9801
73,5585
73,9329
73,9496
74,1491
74,1999
73,9756
74,3231
74,2503
74,1565
74,0598
74,1875
73,4198
73,3044
73,8457
74,3065
74,2033
74,3646
74,0293
74,1055
73,9700
74,1892
73,8513
74,1449
73,4792
73,4878
74,1323
73,9657
73,9721
74,1818
73,6717
73,8014
74,8584
73,4219
72,9228
73,9937
73,5935
73,7729
74,3950
73,9185
74,0459
73,6441
74,3457
74,3171
73,6647
74,2227
74,1409
73,8585
74,1662
73,8521
74,0208
73,8510
74,2411
74,4310
74,1515
74,6623
73,9131
73,6155
73,4548
73,4966
73,3802
74,2244
74,1120
73,4562
73,3801
73,8707
73,9914
73,7221
74,5809
74,3944
73,8712
73,3625
74,1447
74,1132
73,7025
73,8464
74,0636
74,1163
73,1643
74,2625
73,7937
73,3370
74,1888
73,5668
74,3449
73,6149
73,6202
73,9754
74,0807
73,5028
73,8795
73,8784
73,3759
73,4274
73,3826
74,2204
74,1515
73,3825
73,8658
73,3615
73,9187
74,4634
73,5979
73,7172
73,8744
73,6304
73,5752
73,8405
74,4658
73,8689
74,0129
74,2232
74,1343
73,2725
74,3938
73,9337
73,9225
74,3510
73,9074
73,6691
73,4905
73,5891
73,4864
73,7875
73,9656
74,6232
74,0189
74,0541
73,8869
73,9287
74,0860
74,0501
74,1724
74,2569
73,3504
73,8627
73,5219
74,2454
74,1808
73,5747
74,3503
73,8197
72,9699
73,9016
74,6335
73,8740
74,0873
73,2332
73,6313
73,5976
73,4795
73,6051
73,5196
74,1423
73,4567
73,5439
73,5177
73,5008
74,0481
73,7742
74,2398
73,7302
73,5422
73,3905
73,7793
73,8226
74,1073
73,8197
74,0847
73,6203
74,3510
74,0585
73,9730
73,5452
73,5670
73,6023
73,9644
73,5777
73,8435
74,2446
73,4677
74,1633
73,7066
73,8950
73,3687
74,8279
73,6027
73,6165
74,2008
73,4981
74,3057
74,1517
74,0038
73,6484
74,0213
73,6591
73,9264
74,1521
73,8333
74,1573
73,6477
73,4234
73,6359
73,3762
73,4462
74,4689
73,9035
73,9962
73,8807
73,6452
73,9704
73,9783
74,3744
73,7644
74,1592
73,9291
73,4755
73,6328
73,3247
74,3518
74,2584
73,8668
73,7350
73,6823
73,2885
73,6752
74,4719
74,7893
73,7018
73,9529
73,5235
73,7247
73,7897
73,3560
73,8264
74,1738
73,5413
74,2474
73,3217
74,6677
74,2105
73,3394
74,3695
74,3221
74,1375
73,2600
74,0696
73,8871
73,4353
74,1810
73,2892
73,3942
74,1093
74,4599
74,5656
74,1517
73,0389
73,9018
73,9357
74,0938
73,9720
72,9794
74,1860
73,9793
74,0300
73,1516
73,8049
73,5428
74,0487
73,7524
73,2632
74,1826
73,9872
74,1881
73,4544
73,5028
74,2727
74,5519
73,4513
73,5918
73,5453
73,7163
73,9240
73,8388
73,6598
75,0391
73,9074
73,1107
73,5071
74,2743
74,1630
73,7263
73,8613
73,8415
73,9971
73,8365
73,9980
73,9235
73,9858
73,7565
73,9698
74,0437
73,5628
73,6959
73,3000
73,7569
73,7435
73,6686
73,2665
73,4081
73,4355
74,2307
73,9615
73,9863
74,1717
74,1049
73,9255
74,2565
74,3292
73,9724
73,1395
74,3795
73,4795
74,1145
73,6480
73,6111
73,2636
74,3337
73,0999
73,9523
73,3208
73,8177
74,5470
73,6189
73,8262
74,6183
73,7186
73,8572
74,1531
74,0545
73,5867
74,1646
74,2174
73,9497
74,3163
74,5381
73,8497
73,7595
74,2996
73,8856
73,7394
73,2893
73,7115
74,1427
73,4160
73,9646
74,0310
73,2545
74,0765
73,9540
73,8781
73,6403
73,7864
74,3125
73,2170
74,2542
74,3478
73,8953
73,4039
74,5216
73,6902
73,3985
73,7244
73,6383
72,8283
73,6047
73,7073
73,5113
73,7228
73,7243
73,4926
73,6982
74,3494
73,6159
73,7194
73,8116
73,9089
74,0881
73,7648
73,7648
73,9102
74,0191
73,5429
73,7932
74,0727
73,8935
73,7574
73,4111
74,1809
73,5983
74,0037
74,3849
73,5562
74,0185
73,2247
73,2445
73,0861
73,5771
74,2676
74,1811
73,2317
73,5662
73,9998
73,8971
73,9670
73,6543
73,8032
73,8456
73,6317
73,8100
73,7946
73,7203
73,7247
73,4151
73,7747
73,7484
73,9043
73,6821
73,6588
73,9000
73,1826
73,7636
73,4269
73,6996
74,0268
74,1992
74,2544
73,7945
73,6626
73,7134
73,4578
74,3474
73,4462
74,5638
73,2774
74,3148
74,6567
74,0176
73,9648
73,9703
73,7198
74,2943
74,2356
74,0358
73,7912
73,2547
74,2779
74,0996
73,3223
73,4656
74,1476
74,0247
74,1364
73,4265
73,5884
74,0243
74,1162
74,6618
73,0695
75,0059
74,1519
73,7907
74,1940
74,1802
73,8059
73,8482
73,4933
73,6141
73,8567
74,1882
73,8974
73,9509
74,2107
73,7160
73,3349
73,8620
74,0268
73,8669
73,8062
73,8267
73,8543
72,9587
73,7789
73,7941
73,9731
73,7571
73,6835
73,7482
73,5291
73,6932
73,3629
73,7191
73,4953
73,7441
73,6914
73,5737
73,9389
73,3509
74,1906
74,4481
74,4471
73,9404
74,1860
73,2986
73,9733
73,9074
73,9873
74,1852
73,6001
73,9420
73,9422
73,6734
73,8844
73,9872
73,6791
74,0554
73,5163
73,9084
74,3540
74,3199
73,9915
74,1753
73,6768
74,0135
73,8194
73,7452
74,4877
73,7200
74,1103
73,6419
73,5619
73,9891
73,0745
74,3045
74,0304
74,3626
73,4191
74,3222
73,6146
74,9071
74,1741
73,9305
74,3808
73,8925
73,5021
73,5569
73,8484
73,8196
73,1906
74,0216
73,3540
73,7633
74,3775
73,9431
73,5398
73,7373
74,5387
73,9802
73,6582
73,8055
73,8108
73,9124
74,1201
73,7073
74,0064
73,6856
74,2383
73,9760
73,9880
74,3609
74,4605
74,0596
73,5029
73,8075
73,5908
73,3186
73,5052
73,2715
73,4707
73,7454
74,3832
74,1647
73,5680
73,5657
73,6090
73,8042
73,7353
73,4685
73,6945
73,8624
73,6177
74,1505
74,2748
73,5700
73,8530
73,5391
73,1798
73,8326
73,7622
74,0259
74,0239
73,4436
73,4001
74,2150
74,2951
74,4601
73,8482
74,2402
73,4312
73,4721
74,2574
73,9550
73,5721
73,6972
73,6273
74,3173
73,2178
74,0187
74,1410
73,9749
73,8813
74,3526
74,1880
74,2035
73,7951
73,9347
73,5888
73,6059
74,2085
74,2976
73,7041
73,7761
74,0152
74,0662
74,1695
73,6455
73,9937
74,0539
74,4721
74,5814
73,6687
73,5659
74,0710
74,0088
73,8525
73,6158
73,8118
74,0652
74,1287
73,6825
74,0029
74,1585
73,6094
73,8855
73,0954
74,0419
73,9905
73,4330
73,5711
73,9122
73,5759
73,8803
73,9174
73,8726
74,2936
73,6467
74,2107
73,5520
73,9314
73,7742
74,3623
73,6877
73,9281
73,5211
73,9145
73,9326
74,2500
74,8479
73,6686
74,3401
73,9780
74,5159
73,5901
74,1907
73,7100
73,6523
74,1048
73,8739
73,8153
73,2886
74,3567
72,8336
73,7025
74,0834
74,1489
73,8981
73,8591
73,8246
73,8764
74,4426
74,3362
73,7876
74,6441
74,5038
73,5680
73,4080
73,5901
74,2199
73,5768
73,0664
73,8858
73,8381
73,4065
73,5755
73,5434
73,5452
73,8207
74,1432
74,8819
74,4721
73,5480
73,5820
73,6649
74,4416
73,4292
73,2971
74,1668
74,3008
73,7161
74,1305
74,2564
73,1566
74,3518
73,6152
74,2692
73,7446
73,6557
73,8114
74,2093
74,3908
73,5842
74,1943
73,9400
74,1717
73,9187
74,0255
73,9967
74,3023
73,7600
73,2743
73,8735
73,3634
74,2804
73,9763
74,2844
73,8920
73,4862
73,7098
73,6086
74,3714
74,2304
73,3452
73,6445
73,7398
73,9469
74,1751
74,0620
73,6581
73,5978
73,4074
73,3837
73,8927
73,8796
73,8379
74,1357
73,2977
74,1720
73,3194
73,7665
73,7539
74,1012
73,2826
73,2165
74,3365
73,8153
73,4657
73,8482
73,9483
74,0273
74,6071
73,1957
73,4885
73,4765
73,8713
74,5256
74,6850
74,6167
73,4450
74,2429
74,7505
73,9889
73,6197
73,3987
73,4805
73,7415
73,8391
74,1313
73,6153
74,1063
73,7396
74,3406
73,8716
73,9301
73,6772
74,3208
73,8499
73,5624
73,9113
74,2293
73,9970
73,8651
73,4452
73,9220
73,5049
73,5679
73,4840
74,3131
73,5269
73,7712
73,7504
73,6177
73,7001
74,1355
73,3876
73,5967
73,7225
74,3453
73,9462
73,3342
73,7093
74,8788
74,7382
73,3371
74,2853
73,4561
73,2708
73,9282
74,2474
74,8431
74,6429
74,1119
74,2101
73,7971
74,1634
73,6465
73,8166
73,6638
74,3187
73,3180
73,3900
74,4468
73,7466
73,9698
73,9075
73,3891
73,8791
74,1554
74,2093
74,4183
72,5126
74,3630
73,8606
73,8502
74,3735
73,5456
73,7439
73,8937
73,3242
73,8245
73,2153
73,3034
74,9946
73,4765
74,6108
73,5064
73,9530
74,9703
74,1722
74,2326
73,9366
73,9829
73,6428
74,2213
73,3161
73,6615
73,9239
73,7580
73,8281
73,6969
74,5162
74,1327
73,9351
73,8193
73,5478
73,9362
73,5688
73,6717
73,7143
73,3430
73,3346
73,9165
73,9810
73,8473
74,7050
73,6133
74,1475
74,0570
73,4420
74,8255
73,7510
73,6569
73,6167
74,1764
73,4014
73,7527
74,2494
74,1315
74,1236
74,0159
74,2065
73,4324
74,4050
73,4291
73,3586
74,1776
74,4377
73,5181
73,6211
73,7887
74,1963
73,9358
74,7154
73,3859
73,8334
74,5169
73,6749
74,4953
73,5526
74,1369
73,6928
73,8716
73,7752
74,0722
74,1555
73,8107
74,0265
74,1460
74,7638
74,2149
74,1038
73,0806
73,3349
74,7586
73,5764
73,8072
73,8847
73,9473
73,9449
73,9301
73,9954
73,3560
73,9376
73,8503
74,5080
73,9158
74,3355
73,2889
73,6199
74,0450
73,4323
74,3118
73,6568
74,4138
74,3885
74,2500
74,1289
74,2753
73,8123
74,0409
74,3018
74,2007
74,0731
73,3869
73,9168
74,2961
73,7279
73,7853
73,6460
73,5042
73,6667
74,1152
74,0298
73,4568
74,1038
74,0217
73,7731
73,9789
73,9104
74,2584
73,9682
73,5943
73,9903
73,5467
73,2726
73,1426
74,0907
73,7779
73,9169
73,8233
73,8941
73,4841
73,8856
74,0322
73,5304
73,7635
73,7901
74,2483
73,0480
74,0198
73,4413
74,5676
73,7640
73,8689
74,4947
73,7664
73,6856
73,8485
74,3666
74,0511
74,3394
73,9767
73,8368
73,7706
74,1681
73,9989
74,2593
73,9283
73,5226
73,4767
73,6909
73,6841
73,1448
73,1663
73,2582
73,8134
74,5710
73,4192
73,9585
73,9925
74,3680
73,7756
73,6979
73,8405
73,7466
73,8169
74,3517
73,3914
73,6228
74,3898
73,3097
73,9698
73,7505
74,1358
74,4082
74,0756
73,8377
73,7263
73,6781
74,3229
74,0354
73,8757
74,2703
73,8141
74,0879
73,5556
73,4150
73,7062
73,6403
74,1474
74,7632
73,9854
73,9790
73,9562
73,7573
74,2381
74,3531
74,4359
73,8924
73,9766
73,7389
73,8998
73,8208
73,6546
74,3195
73,9965
74,4282
73,8371
73,5617
74,2416
73,8423
74,0298
73,2637
74,1602
74,2449
73,7817
73,7752
73,7722
73,6421
73,6282
73,4332
73,7637
74,3959
74,6949
73,4473
73,8343
73,5766
74,2688
73,3211
73,7349
73,6393
74,2842
73,9989
74,2577
74,0961
74,1947
73,6592
73,3815
74,2285
73,7602
73,0586
73,2499
74,0751
74,3054
74,7348
74,2862
74,7715
74,1567
74,2382
73,9455
73,8000
73,9706
73,7140
73,9046
72,8567
74,4380
73,3743
73,7103
73,8454
74,0873
73,4688
73,7284
73,5252
73,4809
74,7442
73,3595
74,1927
74,4550
74,2071
73,3953
74,2999
73,3332
73,6072
73,9446
74,2540
73,7844
74,2055
74,0739
74,1155
74,1990
73,8577
73,5900
74,1956
73,7208
73,9787
74,0924
73,1788
74,3269
73,3484
74,1299
73,7364
73,8643
73,8777
74,1876
73,6904
74,1061
74,1238
73,0478
74,0331
73,8095
74,4434
73,7188
74,1143
73,5918
73,4854
74,3720
73,3530
73,8495
74,1659
74,1378
74,0429
74,2323
73,5233
74,4572
73,4972
73,9436
74,3011
74,6335
73,6641
74,2714
73,9606
73,6013
74,0078
73,5464
74,4003
73,8461
73,5895
74,0852
74,1401
73,4878
73,6855
73,5481
74,2405
73,9320
73,8110
73,5771
73,3261
73,7294
73,9004
74,1476
73,7483
73,3714
73,7735
73,5194
73,7151
73,2299
73,6795
73,7236
73,9281
74,8907
73,9154
73,5709
73,3118
73,9948
74,2081
73,8696
74,5345
74,0640
73,4331
74,4047
73,6795
74,1859
74,1704
74,1480
73,8134
73,3629
73,5761
74,0216
74,7934
73,3655
73,4462
73,9834
73,6000
74,1884
74,1293
73,4122
73,5742
74,2716
75,0848
74,1507
73,3709
74,4304
73,7777
73,4484
73,2473
73,0791
73,7742
73,7512
73,7235
73,7710
74,2474
73,3541
73,4972
74,2927
73,8917
73,7007
73,6583
74,0482
73,6935
73,2011
73,8958
73,5143
74,3703
74,0061
74,4134
73,1578
73,7165
73,8339
74,0041
74,2784
74,2439
73,9557
74,1344
74,5850
73,9888
73,8868
73,4028
74,2262
73,1765
74,3664
73,9018
73,4970
73,9988
74,0068
74,2582
74,1285
73,7644
73,7105
73,9186
73,8467
73,8869
73,7993
74,0796
73,6987
73,4709
73,6751
73,8270
74,2484
73,2595
73,9260
73,3380
73,5336
73,5496
73,7815
73,9498
74,2799
73,3047
73,9962
74,1965
73,7314
74,0386
73,9177
74,4277
73,7174
73,9941
74,3760
73,7308
73,5626
74,0854
73,2185
73,6711
74,4139
73,3923
74,4111
74,3524
74,2117
73,6478
73,8585
74,0620
74,3343
73,9725
73,9931
73,4316
74,0891
73,5757
73,6081
73,7615
73,9336
74,6583
74,3013
73,9876
73,4700
74,2909
73,1139
73,7911
74,4078
73,8194
73,3779
74,7626
74,0391
74,4990
74,3728
73,7112
74,0849
74,1240
73,8417
74,6430
73,3417
74,1144
73,7731
73,2986
73,7178
73,2028
74,6401
73,6661
73,6307
73,9086
73,6922
73,6226
73,9920
73,6836
74,0079
74,0085
73,8972
75,0745
74,3083
74,2821
73,7206
73,9400
73,8639
73,0254
73,4025
73,8132
74,4384
74,2984
74,4222
73,4519
73,7315
74,2361
74,1599
74,2772
74,1380
73,9634
73,7502
73,3516
73,4771
73,6525
74,0767
74,0690
73,7609
73,7389
73,7914
74,1773
73,6739
74,2053
73,8128
74,2613
73,5055
73,7534
73,9429
73,7958
74,1595
73,6829
74,2627
73,9162
74,3673
73,4323
73,8691
74,2574
73,9811
74,1455
72,9495
73,7873
72,8729
73,8273
73,6117
74,4653
73,4896
74,1765
73,8738
73,9976
74,1260
73,8358
73,7284
73,7222
73,3559
73,8725
74,5858
74,1606
73,5640
74,1338
73,9522
74,5400
74,2470
74,0581
73,8192
74,3289
74,5083
73,8157
73,7717
73,7137
74,0450
73,8524
73,3340
73,5105
73,9321
73,8671
73,9314
73,8044
73,3455
73,8149
73,9618
73,8299
73,3175
74,0530
73,4509
73,8589
73,6865
73,7620
73,5658
73,7882
74,0317
74,0209
74,0313
73,2354
73,7289
73,7065
73,6861
73,6394
73,7476
74,0419
73,9335
74,7398
73,6740
73,9566
72,9780
73,9940
74,0966
73,9651
73,7530
73,6804
73,3851
73,3809
74,1543
74,2210
73,5128
74,6305
74,0180
73,9713
73,9902
73,8077
74,1366
73,7417
73,7882
74,5676
73,4568
74,0542
73,4316
73,7875
73,6171
74,4162
73,1892
73,7405
73,6278
74,1933
73,6975
73,9818
73,3779
74,0251
73,7642
73,9768
73,8856
74,2446
73,5645
73,9447
73,8161
74,5416
73,5252
73,1781
74,5417
74,0488
73,6755
73,9102
74,0810
73,7449
73,9803
73,3938
73,9889
74,5352
73,9625
74,1173
74,0970
74,1179
73,8772
73,3128
73,5980
74,3052
74,8063
74,3305
73,6579
73,1867
74,3083
74,3699
74,5464
74,0062
73,7288
73,5207
73,6778
74,1632
74,4088
74,2655
73,9392
74,2225
73,6411
74,3715
74,3925
74,2477
73,5792
73,5134
73,7801
73,7341
73,6438
73,9230
74,1172
73,3497
73,9821
73,4532
73,6278
74,3500
73,3569
73,3865
73,7401
73,0750
73,6266
73,7361
73,9587
73,4276
73,6155
74,2687
73,5823
74,0250
73,8930
74,4221
74,2772
73,9028
74,4430
73,8286
73,5260
73,8633
73,4494
74,4087
73,6115
74,1534
73,7995
74,3753
73,3552
73,4739
73,9060
73,7460
73,5401
73,8004
73,5777
74,8766
74,8841
73,5798
73,6762
74,5659
74,8207
74,2585
73,2770
74,1974
74,1173
74,6802
73,9154
73,2950
73,3616
74,8707
73,4469
74,2725
73,5505
73,8599
73,9464
73,2934
73,5366
73,8050
73,9152
74,3295
73,6795
74,4103
74,0049
74,2495
73,4919
73,5721
74,0150
73,6029
73,9874
73,7718
74,2129
73,9424
74,1344
74,3972
74,2240
73,8726
74,0815
72,9709
74,0073
73,7393
74,6277
73,8070
74,0819
73,5297
73,7553
74,5976
73,7962
73,8267
74,5668
73,8069
73,7218
74,3666
73,9365
73,9067
74,4743
73,9214
73,3490
73,9419
74,1672
74,0485
73,8838
74,0421
74,0579
73,4504
73,8581
74,4897
73,9753
73,7981
74,0824
73,8705
73,2587
73,7222
73,3966
73,7977
73,9508
73,8754
74,4140
73,7763
73,7124
74,1110
74,0612
74,4921
74,1998
73,9628
74,3864
73,6473
73,9080
73,7637
73,3223
73,5630
74,4934
73,0165
73,1797
73,1708
73,5395
73,9328
74,3101
73,9067
73,8011
74,1912
73,1574
74,0173
73,4749
73,7407
73,8407
73,4985
73,7458
73,6403
74,0205
73,9469
74,1892
73,5078
73,9140
74,5014
74,2179
73,6806
74,0235
74,5242
74,0326
73,4998
74,5778
72,9862
74,3319
73,8477
73,6346
73,6155
73,9679
73,3676
74,1276
73,3390
74,7746
73,7664
74,0535
73,8156
73,4868
74,4436
73,8888
73,8638
73,8237
73,8219
74,3769
74,1293
73,9149
73,5206
73,7100
74,4580
74,2509
74,2064
74,0858
74,0427
73,6401
74,4542
74,1151
73,1843
74,2096
73,6317
73,8231
74,0791
73,7652
74,1422
74,3879
74,6571
74,0092
73,9441
73,0550
74,1714
74,2537
74,2332
73,7553
74,2112
73,5953
73,1632
73,6218
73,9580
73,4696
74,0879
74,4015
74,7779
73,4950
74,3832
73,6777
74,1541
74,4012
74,0912
73,4593
73,5588
73,5082
73,8913
74,3244
73,5556
74,1235
73,7086
73,0765
73,9245
73,4837
74,1545
73,8154
74,4288
73,6086
74,1308
73,3465
74,1183
73,8647
73,6409
73,5526
73,5471
74,1851
73,7154
74,1628
73,4257
74,4382
73,6568
74,1622
73,8841
74,0183
74,0047
73,8863
74,7463
73,7024
73,9074
73,2560
73,4938
73,5610
73,9075
73,8068
74,3923
73,7354
74,4525
73,5173
73,8832
73,9509
73,5786
73,8018
74,3504
74,3553
73,9483
73,1889
74,3225
73,8331
73,7994
73,5963
73,7819
73,7526
73,8725
73,6558
74,0322
74,2366
73,6930
73,8960
73,9598
73,9827
73,8885
73,9602
73,1885
73,2522
73,4351
74,3031
74,2061
73,2483
73,4892
73,2332
74,3918
74,3319
73,8872
73,6936
73,6838
74,1246
73,9268
73,6730
73,5936
74,3886
73,9303
73,9289
74,4517
74,0417
74,0487
74,0475
74,1861
73,9980
73,6985
73,6406
73,9040
73,3702
73,9301
74,0231
73,8780
73,7536
74,4133
73,8945
73,9457
74,1033
74,3795
74,3236
73,7859
74,0917
73,6360
74,6460
74,1106
74,7034
74,1542
73,8995
73,6066
73,7351
74,5549
73,3558
73,8630
74,4709
74,2716
74,2812
73,7180
73,9136
74,6092
74,2150
74,0239
74,2735
74,0872
74,0879
73,6472
74,0120
73,5523
74,1409
73,9331
74,2447
74,0331
74,5707
73,7874
73,3877
74,0089
73,8585
73,8425
74,1501
73,2069
73,7289
74,0612
73,6086
74,4552
73,8588
73,7092
73,4415
73,9918
73,7473
73,3497
74,3792
73,7328
73,4158
73,8972
73,4043
73,9492
74,3566
74,0379
74,5341
74,0654
73,8938
73,6486
74,2196
73,7125
73,9758
74,0050
73,3769
73,9611
74,1001
73,9191
73,6093
73,5589
74,2127
74,5843
74,1277
73,6574
73,8262
73,4635
73,9301
74,1717
73,5889
74,8187
73,9469
74,3053
73,9005
74,1551
73,9253
73,8171
74,1552
74,5927
74,0340
73,5579
73,9916
74,0068
74,1804
74,2847
74,3355
73,6951
74,0092
73,6897
72,8732
73,0962
74,2161
74,2955
74,0771
74,6649
73,9807
73,6450
73,5543
73,3417
73,5404
74,2334
73,8362
73,8052
73,8681
73,4483
74,3319
74,0224
73,7260
73,7068
73,4561
73,4602
73,5849
73,8304
73,2587
73,8514
74,0905
73,9487
74,3184
73,2228
74,0601
73,9337
73,8106
73,9416
73,7974
74,0354
73,9337
74,1908
73,4293
74,2388
73,9644
73,8735
73,3318
74,7633
73,7310
74,0610
73,4771
73,9533
73,8477
73,6577
73,9477
73,7738
73,7393
73,8564
73,6247
74,3023
74,1831
73,6418
73,9371
74,0354
74,1842
74,0043
73,8082
74,0232
73,8239
74,3863
73,5714
73,6826
73,4711
73,7123
73,4580
73,8959
73,6616
74,1109
73,3762
73,7803
73,7824
74,6170
73,4122
74,1173
73,8272
73,7997
74,7477
73,9762
73,4158
73,9800
74,0321
73,6348
73,6428
74,2079
73,2679
73,8689
73,3764
74,0455
74,3393
74,2500
74,2699
73,7697
73,7150
74,0665
73,2499
73,9536
74,0073
74,0197
74,1301
73,2333
73,5362
73,7508
74,2221
74,2256
73,7359
74,0070
74,2444
73,5027
73,8255
74,3394
73,3766
73,9121
74,2980
74,6152
73,8218
74,3043
74,4351
73,9304
73,8161
74,4041
74,1791
73,3134
74,2542
74,1629
73,6935
73,7170
74,0933
74,5160
74,1246
74,3882
74,1914
73,4937
73,5279
73,6963
74,3855
72,9952
73,8804
73,7112
73,5861
73,5437
73,8803
74,1834
73,9468
73,5343
73,2663
73,6283
73,7866
73,8785
74,4102
73,6137
73,5234
73,6441
73,2163
73,3963
73,1641
73,9295
74,2739
74,0369
73,5742
74,3660
73,7073
74,0081
73,8370
74,0856
73,6080
73,7209
73,9393
73,9697
73,6955
73,4341
73,6688
74,2328
74,1670
74,5080
74,0626
74,2408
74,2561
74,5013
74,4049
73,7447
74,1833
74,5176
73,5457
74,1023
74,0415
74,0365
73,9136
73,9395
73,7292
74,2164
73,8957
73,7105
73,4291
73,6804
73,8510
73,7068
74,0094
73,8929
74,2029
74,3268
73,8184
73,7492
74,0570
73,9797
74,4192
74,4388
74,2769
74,3451
73,7964
73,7047
74,1239
73,8550
73,4152
73,9248
74,0563
73,5409
74,3535
74,1610
74,0113
73,8366
74,1792
74,5122
73,8241
73,7225
73,3740
73,6079
73,7854
73,9338
74,0710
73,7814
73,4060
74,0116
73,8665
73,8882
73,8840
73,8832
73,6686
74,0435
74,2533
73,5481
74,2985
73,2934
74,6295
73,6693
74,1930
73,6808
73,3267
74,5827
73,7667
73,8074
73,3272
73,8894
73,3673
73,1269
74,3540
73,9660
73,2406
74,1528
73,4515
73,4290
74,5407
73,3812
73,9712
73,6607
73,9128
73,7345
73,9486
74,4154
74,4092
74,1181
73,8543
74,1119
74,0595
73,8322
73,9161
74,0045
73,9506
73,9578
73,7226
74,5776
73,7872
74,1195
74,2691
74,2204
73,7286
74,1221
74,0526
74,8733
73,6376
73,6580
74,1454
74,2078
73,6735
74,3322
74,4348
73,6761
73,7593
73,6767
73,5345
73,6957
74,1833
74,6610
73,9543
73,4871
73,8195
74,5266
73,9740
74,4699
73,6694
73,3917
74,1791
74,1540
73,4749
73,9362
74,2956
73,8158
73,9651
74,9518
74,0693
73,5807
74,1970
73,3305
74,4584
73,6376
73,3519
73,3205
74,2081
74,2087
73,5438
73,9833
74,0575
74,0264
73,7838
74,4000
73,0719
73,5537
73,8131
73,4264
73,9037
73,6873
74,0558
73,5401
73,7946
73,7070
73,2994
73,8065
74,0159
73,2552
74,4549
73,3665
73,1250
74,6181
74,1040
73,5780
73,8680
74,0675
74,3058
73,3571
74,6700
73,7199
74,6418
73,5617
73,5521
74,1284
73,3777
74,6584
74,0493
73,1540
74,1034
73,4751
73,9373
74,0490
73,9450
73,8893
74,0661
74,0676
74,4682
73,9677
72,8643
73,8346
73,7528
73,7397
73,6695
73,9573
73,6701
74,2351
74,5354
73,7080
73,4822
73,7607
73,8918
73,2714
74,1445
74,3945
74,1978
74,1173
74,4456
73,9601
73,7883
74,2339
73,3077
73,8389
73,1343
73,8324
74,1272
73,6647
74,5141
73,1896
73,8285
74,3256
73,8676
73,8673
74,1154
74,1553
73,3550
73,6577
73,4611
74,3403
74,7545
73,7055
73,6765
74,5114
74,2266
73,7545
74,6195
73,9257
74,8140
74,1892
74,1879
73,7912
73,5582
74,1938
73,6262
73,6165
74,1270
73,9144
74,0319
73,8279
74,4302
73,8965
73,8787
74,4361
74,0476
74,0354
73,9430
73,2232
73,8595
74,3489
73,1162
73,8928
73,7250
73,3395
73,8489
74,1588
74,2685
74,7454
74,3631
73,8740
73,8547
74,3264
73,9331
73,4255
74,0182
74,5339
73,9408
73,5890
73,6360
73,3434
74,4883
73,5726
74,3665
73,7785
73,9989
73,3090
73,8859
74,2023
74,6333
74,1628
73,6032
74,2796
73,9305
73,7527
73,9344
74,3814
73,6397
73,3289
73,2146
74,6447
73,9442
72,7286
74,3619
74,2199
73,1464
73,1002
73,4768
73,4812
74,0260
74,5830
73,5236
73,6642
74,0084
73,5349
73,8951
73,9272
74,1695
74,0725
74,0841
72,6689
74,1167
74,3906
74,2927
73,4829
73,8355
73,8135
74,3184
74,2778
73,6377
73,5000
73,9856
73,6823
74,3191
73,6308
74,0224
73,9600
73,5494
74,3453
73,7351
73,3907
73,7582
74,0172
73,4742
73,7250
73,5599
74,1010
73,7611
74,0686
73,6570
74,3619
73,3716
74,1109
73,3408
73,8264
74,3624
73,7024
74,2456
74,1053
72,8726
74,0036
74,5633
74,2969
73,9912
73,9393
74,1894
73,9517
73,9808
73,9676
73,9029
73,6289
73,4775
74,4118
73,8995
73,6076
74,0145
73,8609
73,9899
73,8264
74,5523
73,6199
74,0397
73,3227
73,5541
73,1192
73,8675
74,4191
73,8314
73,5751
73,6866
74,1933
73,9211
73,3226
74,6408
73,4248
73,6399
73,8778
74,1130
74,2550
73,6412
73,5621
73,4679
74,0279
73,6851
74,2176
73,9101
73,7147
73,8695
73,4572
73,9214
73,5969
73,4537
73,4453
73,0775
74,0618
73,7946
74,0663
73,6682
73,8435
74,0026
74,5505
74,3252
74,0319
74,1543
73,6817
72,9801
73,9487
73,1796
74,0084
74,0003
73,7189
74,2249
73,6725
73,7324
74,5826
74,1622
74,2645
74,0715
73,7008
74,0266
73,5064
73,2646
73,9801
74,0121
74,0293
73,9210
73,2548
73,7897
74,7133
73,2947
73,4913
74,0331
73,8025
74,1363
74,5874
73,6971
73,6826
73,6891
74,4283
74,2550
73,8017
73,5770
74,5252
73,2860
74,2100
73,8754
74,5442
73,2727
73,5410
73,9045
74,1495
73,7186
74,9505
74,4469
74,2685
73,7760
74,9740
74,2552
74,1509
73,9358
73,9599
73,2980
73,6806
73,4971
74,3985
74,0409
73,9311
73,8306
74,3773
74,3240
73,9008
74,1655
74,2663
74,4189
73,3863
73,7538
73,6557
74,6358
73,6833
74,0138
73,5403
73,9147
74,2184
73,5567
74,2620
73,6957
74,7248
74,1381
73,8331
73,2880
73,9491
74,3443
73,3343
73,4434
74,0756
73,6339
74,1535
74,1181
73,9617
74,3218
73,9627
73,9883
73,2649
73,6488
73,8153
74,1141
73,8734
73,5983
73,6121
74,0069
74,5230
73,3284
74,0677
73,8446
74,1118
74,2201
73,9395
73,7368
73,5781
73,5489
73,8971
73,7292
73,4627
74,0726
74,7160
74,1783
73,7042
73,4233
73,4156
73,5248
73,8530
73,5681
74,3589
74,0977
73,9203
75,0708
73,8624
73,2342
73,4730
73,0201
73,8109
74,4839
73,4885
74,3239
73,8318
73,3619
74,2512
74,4863
73,2544
73,7106
74,1264
73,2108
73,0378
73,4282
74,4675
74,0376
73,9809
73,7793
73,6824
73,6718
73,3398
73,6964
74,2443
73,9960
74,0172
73,4262
73,9346
73,7986
74,2194
73,5670
73,6205
73,7369
73,7097
73,7902
74,3010
73,7778
74,1326
74,0746
74,2367
73,7136
73,1636
74,1862
73,9118
74,2972
73,7691
74,1657
73,2602
73,5874
73,8429
74,1297
74,1464
73,5607
73,6059
73,3987
73,8859
73,6475
74,0484
73,5303
73,0616
73,6218
73,8421
73,6565
73,5266
73,5404
73,4150
73,6010
74,0751
74,3320
73,9806
74,3005
73,8384
74,2188
73,5099
73,8965
73,9039
73,4419
73,1865
74,0369
73,9308
73,8913
73,6785
74,3869
74,2055
73,2530
74,4019
74,3096
73,3345
74,5716
74,1081
74,0073
74,6262
73,7591
73,9111
74,3500
73,4359
73,9140
73,2941
74,2383
73,9804
73,8018
73,4591
73,5351
73,8842
73,4645
73,7342
74,8667
73,9420
73,9278
74,1547
74,0528
73,9264
73,9303
73,7359
73,9393
73,5794
73,7571
74,3474
73,9196
73,7837
73,8610
73,1346
73,5516
73,5026
74,3101
73,1163
73,3096
74,4668
73,6993
73,1800
73,9793
74,0868
73,8106
73,5765
74,3689
73,7207
73,4949
73,7374
73,7816
74,0881
74,1435
73,4763
74,4432
73,8831
74,1065
73,9402
74,1082
73,5264
73,6971
73,4992
73,8032
73,7991
73,6195
74,0511
73,9069
73,3596
74,3205
74,1708
74,2200
73,8917
73,6463
73,2904
73,1434
73,3682
74,1728
73,6185
74,2833
74,4225
74,4842
74,3073
74,5470
73,2039
73,7283
73,8224
72,6720
73,5748
74,2193
73,8441
73,1544
74,1173
73,9765
74,2587
74,2062
73,5627
73,9691
73,8713
74,4249
74,0228
74,1827
73,3323
73,0734
74,0877
73,6053
73,5996
73,8794
73,7911
73,5965
74,4196
74,1436
73,7647
74,3524
74,4448
73,8806
74,3086
74,1265
74,5066
74,3292
73,9967
73,7441
73,8904
73,4359
73,3796
74,4645
73,2998
74,1393
74,1917
73,4259
73,3264
74,0820
73,7670
73,7762
73,9712
73,8289
73,8531
74,0831
74,0735
74,0481
73,9340
73,7000
73,7916
73,7386
74,6387
73,8284
73,6261
74,0174
74,0453
74,1738
73,9136
73,4484
73,6066
73,7983
73,2224
73,7317
73,9151
73,9216
74,0135
74,5210
73,5471
73,5765
73,7337
73,3273
73,7025
74,2552
73,5004
74,1010
74,1696
73,2527
73,8515
73,9239
73,8612
73,9746
74,4388
73,9245
73,7499
73,8448
73,3338
73,9582
73,7012
73,9684
73,9374
74,5932
73,5782
74,1489
74,0024
73,8073
74,4122
73,6804
73,9518
74,0619
73,8148
73,2733
73,6605
73,4838
73,3124
73,4555
74,1124
73,9296
73,5967
74,4888
74,3484
73,6021
73,4814
73,4769
74,1223
73,7857
73,6753
73,8156
74,4499
73,5318
73,8209
74,1070
74,7266
73,6795
74,0983
73,6511
73,6528
73,7372
73,6571
73,8576
73,9009
73,6215
73,5857
73,3875
73,7486
74,2162
74,0130
73,9938
73,7984
73,6699
74,4330
74,2106
74,0278
74,0239
74,5375
74,0378
73,1011
73,1308
74,1450
73,6682
74,0252
74,0888
74,4897
73,8019
74,0452
73,5983
73,7244
73,7280
74,0895
74,0774
73,6168
74,4031
73,9223
73,4768
73,8485
74,2005
74,0752
73,4356
73,7358
73,4722
73,1682
74,5658
74,0574
74,2827
74,3128
74,0247
73,0117
74,0935
73,2327
74,3154
73,6181
74,6373
73,5344
73,2979
73,6582
74,4661
73,3941
74,0696
73,7198
73,6850
73,7949
73,7692
74,4317
74,7110
73,4650
73,1479
74,1662
73,7904
74,2051
73,7260
73,4248
74,1772
73,8164
73,7198
73,9710
73,1902
74,0048
73,1087
74,3055
74,4517
74,2039
74,0239
74,5530
74,3716
74,6288
73,9185
74,3037
74,0624
73,9080
73,8716
73,7766
73,8540
74,2636
73,7021
73,7935
73,9199
73,8141
73,3198
74,5033
74,6394
73,0984
73,9406
73,9232
74,2098
74,0099
73,9414
73,5051
73,5746
73,5096
74,0687
74,2131
73,4336
74,3649
74,3990
73,9293
73,4248
74,0134
73,9637
73,4102
73,6849
73,4339
74,1854
73,6264
74,1567
73,8658
74,5379
74,4150
73,8017
74,2023
73,5842
73,9854
74,1154
73,5264
73,9798
73,8618
72,9281
73,6781
74,0261
73,8737
74,0605
73,9693
73,3238
74,0814
73,8936
74,3393
73,1493
73,7595
73,7893
73,7601
73,8371
73,8745
73,0964
74,0391
74,0144
73,9568
74,1017
74,2905
73,4338
73,4930
73,3493
73,3894
73,7822
74,0493
74,3374
74,1813
74,0330
73,9819
73,3576
73,4595
74,0686
74,9540
74,5414
73,6065
73,9148
74,2912
73,2884
73,2719
73,7741
73,5822
73,5207
73,6414
73,7342
73,6545
73,9699
74,5076
73,2748
73,8341
73,5446
73,7574
73,4415
73,0141
73,5021
73,9112
73,6265
73,9950
73,5316
73,7136
73,7433
73,3018
73,6736
73,8954
73,3449
73,6810
74,0703
74,0600
73,5760
73,0476
73,6070
73,6131
74,3182
73,2253
73,8290
73,8742
74,4058
73,2771
74,2786
73,7315
73,9921
73,9918
73,6578
73,2882
74,1703
74,1656
73,6956
73,6151
74,9297
73,8808
74,0248
73,9849
73,8361
74,2209
73,7125
74,1040
73,9683
73,6687
73,5448
73,5649
73,7313
74,2511
74,4803
74,1758
73,7764
73,6723
74,5108
73,8696
73,5935
73,6106
74,0636
73,7192
73,6700
73,7868
73,9642
74,0558
73,3353
74,1222
73,8509
73,6538
73,8865
73,7868
73,6325
74,3670
73,7787
73,7380
73,6832
73,7893
73,3629
74,3062
73,3491
74,1683
74,0159
73,9846
73,7202
74,3480
73,2643
73,4272
73,8551
73,4012
74,1253
74,0707
73,4082
74,2735
73,3508
73,6598
73,9101
74,0109
73,6951
73,8012
73,8784
73,8797
73,9954
74,0091
74,1479
73,1983
74,1736
73,6958
73,9974
73,5199
73,9056
73,4314
73,0194
74,8229
74,1350
73,1156
74,1307
73,6556
73,6821
73,0380
73,8120
73,9792
74,0205
73,9047
73,7040
73,9535
73,1738
74,3384
73,9656
74,3892
73,4721
73,4105
73,8836
74,4422
73,6620
74,1850
74,0440
74,0455
73,9216
73,9535
73,9546
73,6240
73,7959
74,3950
73,9320
73,1488
74,3199
73,6246
73,8490
74,5477
73,9757
74,0513
73,7113
73,8761
73,7738
73,8549
73,7357
73,8596
74,0461
74,2103
73,6932
74,0505
73,5322
74,0879
74,4388
74,2267
74,0581
73,5272
74,4138
74,1693
73,9748
73,7488
73,4720
74,0829
74,2104
74,0208
74,6006
73,9717
73,3664
73,7768
73,6314
73,9973
74,3518
73,9257
72,9445
73,2576
74,0379
74,2334
74,3193
73,3025
73,5821
73,3204
73,8752
73,6114
73,7681
73,9774
74,2389
74,1652
73,9441
73,7637
73,8864
74,4729
74,7634
73,5718
73,6976
73,7050
74,2295
73,6095
74,0977
73,9321
73,6417
73,9954
73,5804
74,2261
73,6614
74,0488
73,8930
73,7808
74,0227
74,9931
73,9575
73,7790
73,6257
74,2880
74,2193
74,2621
74,0172
73,0704
74,2372
74,1947
74,1643
74,5415
74,2930
73,1895
73,3628
73,9088
73,9009
73,5625
74,4318
72,9999
74,1161
73,6251
73,5961
73,9140
73,7903
73,9440
74,0079
74,1798
73,2283
73,1332
74,1464
73,6128
74,1696
73,7382
74,1416
74,1102
73,2557
74,0842
74,4774
74,1610
74,2015
73,2537
74,3106
73,4119
73,6737
74,0277
73,7053
73,2187
73,7907
73,6079
74,0620
73,9467
73,9451
73,8273
73,4254
74,4140
74,1415
74,5503
73,9071
74,6618
73,1395
73,8432
74,1285
73,6448
73,6434
74,2836
73,6069
72,6685
74,0874
74,1849
74,2477
73,7842
73,5943
73,4891
73,7869
74,0233
73,9299
74,5161
73,8895
74,2426
74,0114
74,0399
73,7730
73,9578
73,7066
74,1814
73,4305
74,1798
73,7814
73,4644
73,5738
73,3978
73,7943
74,1479
74,1811
73,4902
74,0018
73,8859
73,2867
73,4218
73,3275
73,9069
73,3876
73,9261
73,8300
73,5146
73,9383
73,9473
74,3704
74,0640
74,4596
73,7900
73,5544
74,1197
74,4600
74,5199
73,9702
73,0987
73,9477
73,6289
73,6300
73,9357
73,9884
73,6733
72,8311
74,3518
73,5400
74,2474
74,1885
74,2753
74,1083
73,4525
73,0930
73,5361
74,2312
73,5883
73,6700
73,7482
73,4648
73,6865
73,1957
74,4309
73,9154
74,1077
73,7135
73,7411
74,8492
73,8368
74,1406
73,6265
74,0321
73,3338
73,5466
73,5084
74,2052
73,6306
74,2851
74,4822
73,9977
74,2810
73,3935
73,5475
74,3229
73,7349
74,6549
74,1160
73,9316
74,0440
73,0914
74,1977
74,1593
74,0057
73,8066
74,1632
73,9291
74,2252
73,4827
73,4124
73,6406
73,6783
73,7103
74,0990
73,4013
73,7498
73,4777
73,8388
73,6672
73,1562
73,8995
73,3828
73,7920
73,7928
73,3812
74,1961
73,6944
73,8956
73,5560
74,2520
74,4124
74,4473
73,9860
73,7154
73,5873
73,4823
74,3122
74,1501
73,8616
73,5642
74,1765
73,9268
72,8765
74,1845
74,9317
73,5040
73,4860
72,8668
74,3001
73,4744
73,5770
74,4570
73,7220
73,5577
73,3048
74,4951
73,9737
73,9068
73,4869
73,9915
74,2748
73,8747
74,0739
73,1338
73,8164
73,4956
74,4650
72,9474
73,5585
74,3799
73,4947
74,5149
73,9577
73,6543
73,8735
73,3410
73,8644
73,4758
73,6508
73,7774
73,6828
74,0750
73,9963
73,8324
73,4377
74,2505
73,8466
74,4052
73,8071
73,8365
73,4297
74,0170
73,6654
73,6742
74,5453
73,8168
73,5911
74,3587
73,4749
75,1065
73,6914
74,6799
73,9417
74,7881
73,5209
73,7554
73,4349
73,6811
73,4714
73,9335
73,9970
73,9495
74,2381
73,8744
74,4848
73,5921
73,3344
73,3650
74,1154
74,2873
73,5670
74,4603
73,9550
73,4116
74,0210
73,5132
74,1991
73,6782
73,6284
74,1325
74,0345
73,9182
73,8959
73,6278
74,0732
73,8387
74,2811
73,9627
73,7878
73,8983
73,7295
74,1918
73,7344
73,5235
73,9337
73,9216
73,6374
73,6776
74,0519
72,9942
73,6958
74,0789
73,9541
74,9169
74,2399
74,1052
73,9103
73,7443
73,6025
73,6479
73,8650
74,0928
74,0929
73,9268
73,5147
73,9189
74,4699
74,2488
73,8921
73,5643
73,8039
74,1536
73,7288
74,4320
74,4568
74,0809
73,2535
73,7227
73,7212
74,3089
73,4385
73,6534
74,2461
73,7521
73,6438
73,9892
74,1004
74,1697
74,2304
74,1343
73,8514
73,8420
73,8216
74,2203
74,3699
73,1100
74,3168
73,9366
74,0184
74,2687
74,1651
73,5883
73,7332
74,1667
74,0786
74,0136
74,2759
74,1994
73,8641
73,9660
73,8195
73,7611
73,9456
74,1646
74,2169
74,1332
74,3629
74,0749
73,4470
73,9378
73,1548
74,0461
74,1684
74,1491
74,1723
73,3229
73,9178
73,7235
74,2379
73,9316
74,2495
73,1258
74,4785
73,7750
74,1670
74,3395
73,5797
74,0738
74,3808
73,9956
74,2450
73,6775
73,5622
74,1429
73,5308
73,3132
74,0093
74,0352
74,0139
73,9293
73,9466
74,1205
73,6795
73,9573
74,3521
73,6862
73,9921
74,0427
73,9197
74,0410
74,3445
73,2285
74,0010
73,4372
73,9629
74,4741
73,9419
74,0514
73,3486
74,0490
73,8735
74,4016
73,8791
74,1680
73,6424
73,3311
74,2674
73,7600
74,7417
74,2744
73,7126
74,6159
73,8126
73,8160
73,9804
73,6733
74,0189
73,9253
73,7754
73,4991
72,9869
73,5686
74,1029
74,0143
73,8174
73,5861
73,5457
74,0981
73,4554
73,5385
73,2033
74,2760
73,8137
73,8595
74,4086
74,2000
73,8460
73,8157
74,2699
74,2280
73,6866
73,8560
73,6933
74,4259
73,4245
73,5948
74,5123
74,0340
73,4797
73,1440
74,5406
73,9287
74,0279
73,3956
73,6710
74,2177
74,3597
74,0386
74,1592
73,9322
74,0995
74,1068
74,8038
73,6974
74,1632
74,0867
73,9694
73,3915
74,3900
74,4921
74,0149
73,8335
74,1259
73,7932
73,5813
73,2110
73,8447
73,9316
73,9279
74,2310
74,0865
73,9351
74,5035
73,3114
73,8203
74,1313
74,1835
73,5150
73,7398
73,4203
74,3359
74,4607
74,2596
74,0609
73,4049
73,5489
75,2974
73,7876
74,5670
73,9851
74,0393
73,4801
73,9721
73,5267
73,6858
73,7799
74,2293
73,8800
73,8006
73,2404
73,6256
73,8513
74,0332
73,9660
73,6850
74,3113
73,5195
73,8288
73,8383
73,8580
73,7853
73,0752
73,9477
74,1182
74,3150
74,1467
74,1491
74,0797
73,3530
73,9748
73,8654
73,5733
74,6408
74,0020
74,1572
74,1703
74,3003
73,8906
73,7729
74,1682
73,7020
73,9212
73,7132
73,1690
74,4406
74,4446
73,5989
73,8828
74,1675
74,1312
74,1053
73,7855
74,0371
74,0479
74,0769
73,5730
74,1630
73,8231
73,6564
73,4978
73,8485
74,2531
74,1495
74,0750
73,6630
74,0458
73,5459
73,3250
73,7794
73,8481
73,4887
73,7084
73,8037
73,8128
73,2050
73,4778
74,1935
73,7977
74,2317
73,8120
75,0215
74,1894
73,5958
74,5861
74,0063
73,8208
74,1326
73,0544
73,7124
74,1335
73,1220
73,7364
73,2049
73,4835
73,9673
74,0224
73,2865
73,3998
73,9803
74,0105
73,5045
74,2942
74,1722
73,8671
73,2891
72,5647
74,9077
73,9283
73,7996
73,6651
73,3035
73,0502
74,3895
74,1159
73,7384
73,9335
73,7596
74,1798
73,4529
73,3920
73,8829
73,2747
73,7012
74,0055
73,9628
73,9419
74,0249
74,2521
74,3559
74,1025
73,5470
74,0433
74,2549
73,7316
74,2741
73,8619
74,0911
73,7969
74,1703
73,6285
74,1179
73,7977
73,5770
73,9637
73,9343
74,0287
74,2977
73,5527
74,4121
73,9721
74,2477
73,9372
73,1543
74,1451
73,7399
73,6091
73,6972
73,7012
73,6827
73,9992
73,3775
73,8360
74,1656
73,9898
73,6542
74,2990
73,7431
73,8567
74,0998
74,1254
73,2652
74,2507
73,7503
73,3981
74,3218
74,3383
74,0261
73,6049
74,0086
73,9385
73,9356
73,3469
73,7537
74,3439
74,1969
73,7751
74,4318
73,6282
74,0147
74,1299
73,2591
74,0174
73,6358
73,8795
74,1410
73,8435
74,0900
73,6292
74,0645
73,6936
74,5527
73,9630
73,9958
73,6786
74,4699
74,1083
73,5043
73,5282
73,8049
73,9506
74,4030
74,3124
74,4312
73,8477
73,8512
73,7716
73,2150
74,7102
73,8619
73,7759
74,6766
73,6535
73,6314
73,7799
74,3678
73,8766
74,1068
74,4412
74,0345
74,0084
73,8228
73,7396
74,4833
73,9107
73,9348
73,4700
74,3096
74,2864
75,0097
73,8901
73,8363
73,6009
74,1414
73,9986
73,6551
74,3490
74,4382
74,1593
73,8018
73,5125
73,7062
74,6884
74,6499
73,7496
73,4712
74,1416
74,5066
73,6794
73,9754
74,3617
73,5157
73,8788
73,7768
73,9252
73,1282
73,7647
73,3594
74,3487
73,9798
73,8015
73,4077
73,4676
73,6318
73,5376
74,5261
73,8635
73,8162
73,7770
74,2277
74,1019
73,5636
73,6915
73,7941
73,3859
73,6033
73,5308
73,0322
73,7134
73,8307
74,1328
73,2903
74,5077
74,9008
74,1055
73,8888
73,9675
74,0241
74,2947
73,2616
73,1941
73,8688
73,4610
74,1143
73,8679
74,5965
73,2277
73,6560
74,1069
74,6324
74,0237
74,1861
73,3589
73,1771
73,6984
74,2781
73,6921
74,0488
73,8520
73,9603
73,9763
73,4197
74,2424
73,7744
74,4317
74,0362
73,1866
74,2552
73,4793
74,0858
73,9060
73,8998
72,4989
73,3622
73,8992
73,9684
73,8756
73,8667
74,3938
73,5994
74,6204
74,1686
74,1894
74,1745
74,0476
74,2055
74,3585
74,0680
74,1080
73,9338
73,6442
73,8634
74,1974
73,7998
74,3315
73,9045
74,0720
73,9080
73,9607
74,1891
74,1208
73,5623
73,7387
73,9465
73,8280
74,3625
73,9140
73,6557
73,3292
73,9903
73,6285
74,8065
73,6412
74,3350
74,2394
74,4958
73,5762
73,3946
73,5746
73,9931
73,7676
73,5309
74,4418
74,1999
74,1483
73,9119
74,2034
74,1839
74,5470
73,4980
73,4565
73,1450
73,7131
73,6639
73,4751
73,8399
73,4996
73,8148
73,7820
73,0970
73,2402
73,4947
73,8658
73,6703
73,9178
74,5854
73,7983
74,6347
73,5421
74,1431
73,4486
73,9305
73,7563
73,9884
73,3852
74,3571
73,3789
74,3399
74,2097
74,0438
73,8434
74,3698
73,8972
74,3347
73,8168
73,9076
74,3183
73,9312
74,3173
73,6714
74,3889
73,8647
73,9509
73,2405
73,3061
73,7178
73,6752
74,3293
73,9834
73,9899
73,7877
73,9967
74,5164
73,6026
74,0890
74,0233
73,4860
73,9967
73,6475
73,4928
73,7574
73,4701
73,3695
74,0363
73,7143
73,6252
73,9678
74,5346
73,3913
73,6073
73,4438
73,9133
73,8958
73,7962
73,4683
74,3476
73,3384
73,8729
74,6035
74,0899
74,3927
73,6724
73,5780
74,1214
73,4111
73,7463
74,1399
74,6161
74,0460
74,3791
73,2844
73,9910
73,7377
74,1841
73,6837
74,3649
74,1763
73,6874
73,8654
74,0677
73,8897
74,2527
74,2899
74,6062
73,7809
74,3669
74,4526
74,0612
74,5335
74,0511
73,7085
73,6714
74,0189
73,8363
74,7576
74,2478
74,4036
73,9792
73,6494
73,7039
73,9551
73,8820
73,5828
73,9447
73,5478
74,0332
74,1408
73,5443
73,5202
73,5538
74,5458
73,6144
73,9828
74,3413
73,3588
73,5910
73,2396
73,5354
73,9449
74,3298
73,4060
73,8919
74,2744
73,8711
74,1796
73,6579
73,7193
73,9408
73,7038
73,2191
74,4335
73,1693
73,4705
72,8744
73,8849
74,5427
73,8163
73,8482
73,8274
73,5348
74,2452
74,0066
73,6768
73,7172
74,3040
73,6974
74,1969
73,5801
73,6287
73,5582
73,6052
73,9711
73,9025
73,4355
74,1257
73,9645
73,5338
73,8140
74,0183
74,5952
74,4419
73,7024
73,1490
73,8009
74,0005
74,5070
74,4141
73,9368
74,2686
73,9921
74,6961
73,8808
74,3471
74,0976
73,6013
74,2760
73,8884
73,6461
74,1277
74,1114
73,4091
74,3437
74,4761
73,9712
74,3761
73,7967
73,1227
73,2911
73,9370
74,1725
73,6250
73,7803
73,5347
74,3903
73,5858
74,0078
74,7974
73,8555
73,7429
74,5808
74,0642
73,2148
73,9827
73,8183
73,6647
73,9913
73,9033
74,0416
74,4188
74,0154
73,9969
73,8296
73,7843
73,6394
73,8672
73,1858
74,6511
74,2848
74,1368
74,3248
74,0990
74,0654
73,9605
73,7555
73,8814
73,3257
74,4417
73,5075
73,9901
73,8718
73,9087
73,8100
73,5534
73,9233
74,8642
75,0229
73,7289
73,8715
73,6386
73,9279
73,9939
73,6472
73,6377
73,3414
74,0081
73,5296
74,0357
73,8693
73,5602
73,7881
73,7698
73,8919
73,3714
73,5418
74,2576
74,4168
73,4168
74,2489
74,1980
73,7184
74,2243
74,3041
73,5729
74,2684
74,0643
73,5762
73,3804
74,1207
74,3208
73,9628
74,1646
73,8563
73,8670
73,4086
73,9817
73,6512
74,0204
73,8136
73,2756
73,4790
74,0962
74,1363
74,2010
74,1357
73,8325
73,6429
73,9190
74,2708
74,3975
73,9715
73,9735
74,2009
73,5358
73,8323
74,3672
73,9497
74,2959
74,1451
74,2488
73,1726
73,4514
73,4089
74,2049
73,9752
74,5501
73,8651
73,4140
73,4318
73,7212
74,1723
74,0597
74,0779
73,9613
73,6523
73,6020
73,5321
73,7123
73,6518
73,9666
73,4563
73,6368
73,2984
73,9789
74,1934
74,3986
73,3165
73,1691
74,0218
73,7050
73,4270
73,4203
74,5602
74,4886
74,0774
73,6238
73,7578
74,2456
73,8601
73,8205
74,5989
74,2300
74,0120
73,7405
73,7256
73,6260
74,3107
73,9757
74,4061
74,4729
73,6657
74,2105
73,9021
73,5079
74,3453
73,8182
73,5716
73,7959
74,3285
74,6466
74,6493
73,7324
73,3928
74,0160
73,7127
73,7221
74,1553
73,6987
74,7881
74,1039
74,0655
74,2770
74,0407
74,7376
73,9771
73,4441
73,9553
73,8289
74,2880
73,5280
73,7063
73,7791
73,9826
73,3949
73,9626
73,7741
73,1058
74,4165
74,0288
74,3456
74,1290
73,8740
74,4867
73,0148
73,3526
74,1853
74,1900
73,9315
74,0454
73,5565
74,3897
73,4184
73,7961
73,4627
73,8378
73,2978
73,7391
74,2309
73,5273
73,5000
74,1016
74,4746
73,7167
74,0946
73,5400
74,1620
74,0939
73,9940
73,9277
73,0777
73,7442
74,2890
74,1123
73,8597
73,7498
74,3281
73,9538
73,8770
73,6708
73,4314
74,3140
74,8015
73,9660
74,1855
73,2782
74,1657
73,6876
74,3201
73,9658
73,8083
73,5371
74,5881
73,7380
74,0945
73,6468
74,2512
73,5272
74,0910
74,2659
73,7331
73,5985
74,1168
74,3401
73,6930
74,0725
73,5303
74,1379
74,4627
73,9262
73,8181
73,2965
73,6100
73,8425
73,4392
73,8719
73,5434
74,0386
74,0737
74,4455
74,7391
73,2922
73,3574
74,0168
73,6238
73,5692
74,5574
74,8005
73,8487
74,4738
73,8169
74,0528
73,7185
73,9770
73,9423
74,2748
73,6341
74,0856
73,8234
73,6434
74,3530
74,2238
73,9061
73,8927
74,2502
73,7516
73,3484
74,1488
73,6216
74,0313
73,5208
74,4355
73,3961
74,1445
73,6343
73,9969
74,1106
73,7836
74,1451
74,1373
74,1215
73,9381
73,7403
74,0741
74,0047
73,5865
74,1124
73,6603
73,7616
74,1249
74,5018
73,4121
73,7855
73,6267
73,6614
74,3909
73,9509
73,7033
74,0759
74,3945
74,9354
74,0929
73,2229
73,8781
73,7662
74,0413
73,6734
74,2340
73,5019
74,3099
74,0628
74,3191
73,8807
74,0193
74,5859
73,7639
73,7832
74,0479
73,9743
74,3359
74,8025
73,9624
73,4306
74,0014
72,9900
73,5128
73,5523
74,0176
73,5807
74,5024
73,0860
73,3322
73,9645
74,1787
74,0661
74,6578
74,4643
73,8859
73,8365
74,0804
73,4251
74,0121
74,4453
74,2574
74,4529
73,8096
73,5366
73,8184
73,3050
74,2829
73,5087
74,2508
74,0477
74,6603
74,0501
73,7702
74,1997
73,0656
73,5661
74,0160
74,2149
73,3681
74,4224
73,9390
74,0930
73,6126
73,6692
74,1059
73,7379
74,1218
73,8364
74,4262
73,6012
73,7594
73,4954
73,1882
74,1946
73,9220
73,7703
74,0995
73,7427
74,1684
73,8958
74,2416
74,5622
73,1413
73,7559
74,2239
74,5092
73,5689
74,0603
74,0429
74,0701
74,2076
73,6572
73,7722
73,9575
73,6862
73,8256
73,3433
74,4351
74,1610
74,1287
73,8386
73,4047
74,0781
73,5353
74,3909
74,0164
74,3807
74,0520
73,5364
73,2370
73,9203
73,5148
73,7178
73,6370
73,5008
74,0170
73,8554
74,0746
74,0545
73,7988
73,7289
74,7374
73,7503
74,0318
73,7270
73,4892
74,2651
73,9531
74,1544
73,2921
74,2500
73,8286
74,1162
73,7088
73,8115
73,5774
73,6670
73,7207
74,7496
74,1426
73,7107
74,5535
73,8486
74,1437
74,1378
73,8217
74,3134
73,9348
74,4517
73,3756
73,3621
73,9663
73,5438
73,2731
73,3497
73,5904
74,6542
74,2006
73,9265
73,7418
74,2066
74,2248
74,3498
73,8179
74,1824
73,7493
73,5629
74,0486
73,9833
73,1865
74,3264
74,3539
74,4519
73,6171
73,6277
74,0750
74,0407
73,1804
74,1644
73,1818
74,6410
74,2321
74,3507
73,4725
73,9024
73,7029
73,9150
74,2213
73,5473
74,3336
73,7381
74,1254
74,2147
73,8392
73,5692
74,2602
73,6159
73,5598
73,7594
73,9683
73,5993
73,5410
73,5887
73,7034
73,3451
74,5962
74,3740
73,6161
73,8127
74,4499
74,1605
73,8285
74,3662
73,5854
74,2690
74,1949
74,4230
74,2401
73,6423
73,6435
73,7005
73,5014
73,8744
73,6445
74,3548
74,2661
73,9522
74,0483
73,4813
73,6816
73,8967
74,5896
74,3123
74,5108
74,1262
74,6430
73,9172
73,4625
73,9561
73,1673
73,7707
73,9226
73,7794
74,1328
73,9653
73,8730
73,4761
73,2103
73,3901
73,4087
74,0246
74,3678
73,5869
74,0510
73,4069
74,1679
73,4241
73,7310
73,8669
73,5020
73,8492
74,3277
73,5911
74,1335
73,3280
73,5168
74,6137
73,4771
74,2135
73,6208
73,5191
74,2001
74,4295
73,9148
73,4848
74,2120
73,4249
73,4821
74,2756
74,3231
74,7267
74,0640
74,2760
74,1598
74,2214
73,8865
73,2924
73,7596
73,7713
73,7656
74,1884
73,3306
73,7660
73,7474
74,0674
73,9126
73,2820
73,5508
74,1246
73,6825
73,7019
73,8356
73,9587
73,6417
73,4072
73,1986
73,8316
73,5176
73,8050
74,0919
73,2165
73,6066
74,5844
73,7304
73,8470
74,0743
73,8999
74,0639
73,5008
73,4221
73,8160
73,5133
74,4100
73,5234
74,0582
74,2571
74,7591
73,9923
73,9993
73,9399
73,9377
74,2087
73,4909
73,7631
73,9843
73,6223
73,7243
74,2383
73,3073
74,9172
73,4369
74,1308
73,7527
73,7755
74,0724
73,8884
73,8225
73,9722
74,2321
74,0541
74,1287
73,4496
73,5459
74,4530
74,1642
73,6702
73,8285
73,3984
74,0242
73,8158
73,7848
73,7621
73,5151
73,7679
73,8004
74,2346
73,5174
73,4225
74,2212
73,6916
74,1812
73,8183
73,7988
73,9177
74,2021
74,2334
74,0083
73,7283
73,9368
74,0209
73,9002
73,0979
73,9727
74,2912
74,4769
74,4871
73,8522
74,1221
73,8392
73,9477
73,5024
73,7522
74,0904
73,7550
73,1900
73,8056
73,7988
74,3491
73,7550
74,0849
73,8978
73,1307
74,0259
74,5416
73,8572
74,2479
74,6605
73,8806
73,8651
73,2753
73,6397
73,8555
73,5893
74,0657
73,9375
73,6791
73,7292
73,9084
73,9622
73,5735
74,2967
73,2146
73,6791
73,7067
74,1828
73,5872
74,2424
73,4918
73,4725
74,2072
73,7148
73,7844
73,4168
73,8203
73,3830
74,7584
73,8809
73,6346
74,2139
74,2978
73,6692
73,9863
74,1360
73,6457
74,2268
74,1091
74,1402
73,8996
73,6676
73,3331
73,7296
73,1163
73,6962
73,4948
74,1977
73,8836
73,6271
73,5819
73,6843
74,1039
74,5759
72,9950
74,8409
73,1689
73,9658
73,8053
73,0477
74,0580
74,0320
74,0027
73,9861
73,6534
73,8715
73,6536
73,6900
73,5594
73,8681
74,0276
73,8975
74,1690
74,4539
73,7973
74,0259
74,5722
73,8644
74,5253
73,8709
73,3560
73,0509
73,9717
74,1994
73,7917
73,9310
74,1026
73,9123
72,5381
73,7208
74,5591
73,5971
73,9325
73,5978
73,8557
74,2652
74,3173
73,6785
73,2801
73,6844
73,7843
73,6842
73,5367
73,0014
73,8066
73,4833
73,2726
73,6658
74,0597
74,0127
73,6423
73,6911
74,1349
73,7849
74,0060
74,2420
74,2930
74,1917
74,1350
73,9810
73,8870
74,0758
74,1523
74,0331
73,7056
74,3393
73,8709
73,3970
73,9405
73,8405
74,0170
73,7672
73,9654
74,3817
74,4008
74,1855
74,4420
73,9496
73,5432
73,3191
73,8894
73,9567
73,8917
74,0124
74,4581
73,8992
74,1213
73,7495
74,0415
73,7075
74,1305
74,0282
73,9916
73,4674
73,0804
73,5988
73,5465
73,5365
74,4015
73,5969
73,5099
74,2362
74,2177
74,1391
74,3966
73,8819
74,3448
74,4238
73,7883
74,1006
74,4413
73,7156
73,1707
74,5691
73,2354
73,0451
73,4439
73,5886
73,5175
74,1680
73,3184
73,5490
74,4742
73,9453
73,9742
74,0575
73,6921
74,2273
73,6326
74,2324
73,2500
73,4152
74,8736
73,7131
73,4617
73,5736
74,2774
73,8420
74,0122
74,1386
73,7933
73,6468
74,0613
74,1389
73,8130
73,4910
73,7431
73,6032
74,0175
74,0716
74,1565
73,1481
74,0684
73,5775
74,5576
74,9553
74,1371
73,5202
73,7011
74,3344
73,7251
74,3516
74,6391
73,3689
74,0225
74,1419
73,3188
74,4364
74,0736
73,3521
74,0568
74,3722
74,6234
74,5072
73,9687
73,7478
73,9173
73,9493
73,9198
73,5301
74,0140
73,4758
73,6674
73,8793
73,7556
74,2643
73,7632
73,6737
73,3614
74,1202
74,3409
73,6011
73,0674
73,7467
73,8293
74,2057
73,6504
73,9970
73,8992
74,3699
73,6590
73,7405
74,4654
73,6347
73,7709
74,1087
73,9514
74,1080
73,7514
73,2864
73,9006
73,7731
73,6377
73,6319
74,3932
74,2767
74,5211
73,8974
73,5523
73,7083
74,0785
74,1290
73,4215
73,9526
73,3138
73,8059
74,3238
74,1202
74,1065
73,8076
73,4642
73,8787
73,8624
73,5276
73,7956
73,5068
73,6756
73,5066
73,5455
74,1502
74,1668
74,0087
73,5830
73,8002
73,7344
73,9473
74,2308
74,2546
73,8278
74,0274
74,1189
73,9014
74,5608
73,7310
74,2242
73,8127
73,6789
74,2774
74,0027
74,4159
73,9220
74,2492
74,0289
73,8666
74,1072
74,2855
74,3048
73,1687
73,6039
73,0660
73,7539
74,1052
73,6030
73,8578
74,3756
73,9063
73,8172
73,9203
74,2646
73,8040
73,8250
73,8071
73,4802
73,6013
74,6216
73,3438
73,5641
73,5573
74,2422
73,8447
74,1143
73,6819
73,9094
73,9941
73,9403
73,6043
73,3702
73,9926
73,2677
74,2598
73,5683
74,4749
74,0364
73,4008
73,8768
73,3596
73,7560
73,7008
73,5104
74,1890
73,8077
74,0059
73,6097
73,8460
74,6086
73,5057
73,9183
73,8641
74,0759
73,5765
73,7591
73,7150
73,8469
73,9753
74,3896
74,1955
73,2478
74,3920
73,5419
74,2509
74,0219
73,7082
74,2800
74,4649
73,6368
73,4811
73,9701
73,1350
73,3960
74,1225
73,7433
73,5539
73,1863
73,6584
73,7080
73,3403
74,0861
73,9419
74,2904
73,8502
73,7353
74,4690
74,0248
74,2490
74,1931
74,0588
74,4965
73,9995
74,0649
73,0704
74,3412
73,9871
74,1597
73,9923
74,3097
73,6171
73,9682
73,9385
73,7683
74,2802
74,0038
73,5438
74,6665
74,0502
73,7074
74,0855
74,4569
72,8595
73,4751
73,9137
73,7104
73,9587
74,2716
74,1705
73,7435
73,9637
74,1622
73,9639
73,8376
73,5574
73,6603
74,5282
73,0363
73,7747
73,7879
73,1347
73,9078
74,5915
74,0853
73,6130
73,6984
74,5880
73,7268
73,5687
73,8764
73,7431
74,2849
74,0626
74,0679
73,4949
73,7228
74,5967
73,8980
73,5831
74,1758
73,5425
73,6598
74,2531
74,3646
74,1384
73,5380
73,4253
73,7794
74,1869
73,0662
73,5435
74,4758
74,0099
74,1307
73,6344
73,4469
74,1895
74,0959
74,1474
73,6635
73,5771
75,4116
74,1152
74,4138
74,0679
73,6223
73,4764
73,7619
73,9704
74,2007
74,0938
74,0499
73,7518
74,0360
73,8316
74,2919
73,5138
74,2630
73,4377
74,0309
73,5527
74,0462
73,9579
73,6934
73,7277
73,9386
73,6902
74,1651
74,2001
73,9841
74,1694
73,7119
74,4493
74,0022
73,3896
73,8349
73,6449
73,5947
73,5966
74,2471
74,7694
74,2649
73,1631
74,2401
73,5709
74,4661
73,9266
73,7639
73,7299
74,1282
73,6997
73,9755
73,9939
74,1183
74,0188
74,2577
73,4623
74,2093
73,8313
73,7082
73,8934
74,3230
73,6164
74,1473
73,5256
73,4484
75,0545
73,6229
74,1051
74,1191
73,6791
74,2969
74,1177
73,8323
74,1181
73,9177
73,9766
73,6075
73,9235
74,0137
73,9265
74,5397
73,1781
72,9292
73,7741
73,9255
73,6311
74,3849
73,6232
73,5205
74,1346
73,5840
73,4283
73,1440
73,5522
74,3548
74,3037
73,3245
73,7790
73,8553
73,8254
73,6741
73,3302
73,2086
73,6694
73,4987
74,0580
73,7705
73,7423
74,0656
74,3684
73,2323
74,4155
74,4032
74,5135
73,0490
73,8062
74,3881
73,9964
73,8470
73,9697
74,1541
74,0009
73,8007
73,8582
74,3430
74,0161
73,9273
74,1231
73,7071
73,3592
74,5420
73,9137
73,6169
73,4956
74,3224
73,9247
73,6743
73,6513
73,9617
74,5216
73,8832
73,4125
74,5563
74,2249
74,6225
73,8988
73,9982
73,9783
74,2837
74,0535
74,1033
74,2488
74,0056
75,1377
73,6606
73,6054
73,7867
73,6802
73,4573
74,7069
73,9837
73,7748
73,4915
74,1024
73,5408
74,0234
73,3978
73,7888
73,6371
74,1581
73,5211
73,9516
73,6578
73,7139
73,5592
73,5922
74,2184
73,5030
74,2696
73,7550
74,5089
74,3903
73,9657
73,5940
74,1838
73,6117
74,1689
74,2419
73,5177
73,3536
74,1871
74,1396
74,0828
74,4973
73,4170
73,2466
73,4925
73,8342
73,6079
73,3931
73,9708
73,9656
74,4387
73,7470
73,7235
74,3762
74,2351
74,1380
73,4909
73,6041
73,2828
73,3637
74,3826
73,9292
73,3196
74,5513
73,5925
73,6973
74,0387
73,6334
73,6427
73,7378
73,8996
74,1459
73,5784
74,1912
73,1586
73,8386
73,0923
74,2162
74,3429
73,4861
74,1479
73,9904
74,4910
73,6472
73,8081
73,9354
73,9566
73,6085
74,0502
73,9828
74,4401
73,1680
73,2745
73,5183
74,6825
74,1673
74,2386
73,7191
74,0173
73,9806
73,5107
74,1211
73,4692
74,2391
73,7105
74,1551
74,5203
73,4895
73,6067
74,0477
73,8167
73,9119
74,5180
74,1954
74,5517
73,7844
74,2317
74,4972
75,3194
74,1896
73,1648
73,6574
74,5558
73,6851
73,8848
73,7951
74,9422
73,2726
73,7625
73,6115
73,3121
73,8505
74,0488
74,2527
73,5101
74,1383
73,6418
73,3264
73,5181
74,5384
73,6529
73,8038
74,0410
73,8318
74,5902
73,7978
73,9855
74,2427
73,8014
74,1490
74,3139
73,9656
73,2506
74,3078
73,8455
73,6790
73,8570
74,0580
73,8380
73,9384
73,9007
73,2057
73,8369
73,6704
73,5542
73,8666
74,4228
73,7287
73,3931
74,1860
74,0102
73,8659
74,0447
73,7782
74,3411
73,8443
73,5852
74,3484
74,0810
73,4992
73,7903
73,7693
73,1663
73,9853
74,0168
73,8971
74,2645
74,2819
73,9151
74,8813
73,5770
74,0827
74,4349
73,8438
73,7945
74,0954
73,7672
73,7385
74,1593
74,0483
73,7845
74,5335
73,0590
73,9103
74,5031
74,1484
74,2264
74,1375
73,6131
73,7996
74,0802
73,7675
73,2424
74,5898
74,2540
73,4401
73,4635
74,0946
73,9924
74,0763
73,7995
74,4154
74,2670
74,0746
73,6144
74,7035
73,5193
73,6306
73,9087
74,1594
73,2599
73,7207
74,7136
73,7978
73,7202
73,5106
73,9537
73,6944
74,2496
73,9655
73,7106
74,2261
73,4244
73,8698
73,8061
74,5648
74,0342
74,1231
73,8692
74,3632
74,1249
74,1365
73,9659
74,3529
73,6042
73,7447
73,8808
73,3462
73,8208
73,7083
73,9714
73,4803
74,4848
74,0393
73,9493
74,5655
74,5683
73,9505
73,4418
73,8316
73,7326
74,3104
73,9539
74,1268
74,5258
73,1654
74,1941
74,1330
73,5510
74,0432
73,9045
73,7379
73,8612
73,6355
74,0450
74,3096
74,1903
74,2598
73,3043
73,2897
73,1616
73,6594
74,2549
73,5819
73,7137
73,4574
73,8440
73,3857
73,7943
74,0601
73,7985
74,0905
73,3902
73,3054
73,6874
73,3213
73,9662
73,9643
73,9441
73,9062
74,4421
73,9884
73,7819
73,1970
73,4752
73,7079
73,5826
73,5986
73,8266
74,2676
73,6893
73,6960
74,2166
74,2937
73,4885
74,4357
74,0144
73,7468
73,5581
73,6824
74,4393
73,1456
74,0418
74,2869
73,8484
73,2609
74,5301
73,8597
74,0227
73,1708
73,9342
74,2706
74,4922
73,7520
73,4131
73,9198
74,2400
74,1799
74,0426
73,8640
73,7279
73,9641
73,7194
73,6886
73,6863
74,0242
73,0244
73,5060
74,0847
74,1801
73,9910
74,4115
74,1664
73,6990
74,1928
73,7591
73,8451
73,6593
74,5766
73,8207
74,4942
74,1577
73,5041
74,0704
74,3842
73,7967
74,0743
74,4654
73,1943
74,3053
73,7516
74,0358
74,2196
74,1982
73,9378
74,2880
73,7158
73,8236
74,9293
73,4739
73,7946
73,6945
73,6585
73,3626
73,9726
73,7934
73,4721
73,8424
73,6518
73,9280
73,8158
73,9402
73,9841
73,8246
73,7505
73,9218
73,4851
73,3102
74,0716
74,5619
73,8781
73,4664
74,1288
73,9040
74,3103
74,3544
72,9665
73,8176
73,2412
73,6124
74,5079
73,2877
73,7570
74,5208
74,3141
72,8270
74,4359
74,1078
73,9796
74,0833
73,6712
73,1253
74,3260
73,8250
74,8764
73,8664
74,1396
73,5939
73,7336
74,1160
73,6679
74,3219
73,8493
73,8489
73,2968
74,5413
74,2822
73,9030
73,9862
73,1785
73,3514
73,6018
74,3216
73,4526
73,8023
73,4109
73,8993
74,4796
73,6282
74,0932
73,5082
73,7370
74,0438
73,5774
73,9517
74,9223
74,1115
73,9785
73,8163
73,1413
74,0691
73,8359
74,1303
73,8078
74,1234
73,5365
73,9365
73,6647
73,9967
73,9696
74,1201
73,6726
74,0187
73,8756
73,7002
73,5788
74,4909
73,6821
73,7029
73,1340
74,7748
73,5228
73,6437
74,1455
74,5049
74,6310
73,4931
73,4100
73,5265
74,5708
73,3408
73,9064
74,0083
73,7052
73,8892
74,1962
74,9260
74,0280
73,8269
74,3462
73,4361
73,7172
74,2665
73,8603
73,7643
73,9093
73,9638
73,6066
73,8916
73,9226
73,3883
74,6744
73,9714
73,2939
74,1153
73,9952
73,7720
73,6289
73,6385
74,7100
73,7975
74,0344
73,2041
74,0356
74,2840
74,0322
73,8344
74,1042
74,5917
73,7053
73,9961
73,4843
73,7677
74,3241
73,3485
73,0986
73,3022
73,5527
73,5882
74,6893
74,0603
73,4741
73,2215
73,9424
73,5348
73,3792
73,8891
73,4446
73,7731
74,2342
74,0826
73,7796
74,4632
73,7222
74,0188
74,3033
74,4917
73,9644
74,3793
73,7658
73,6491
74,1942
73,9382
73,2805
74,0222
74,2036
74,3318
74,1186
74,8823
73,3467
73,7797
73,9353
73,6024
73,3989
74,1707
73,9078
74,0844
74,1467
74,1689
73,9660
73,6919
73,4307
73,6905
73,6408
73,5200
74,3585
74,0423
74,2318
73,7592
73,6437
73,8244
73,7145
74,1133
74,0966
74,5243
74,1500
74,2441
73,6134
74,0290
73,4849
74,2983
74,1049
74,3369
73,5854
74,3550
73,4439
73,5883
74,4513
73,8513
74,2872
74,1952
73,9768
74,0976
73,9765
73,8254
73,4077
74,0053
74,0519
73,4651
73,6648
73,7746
73,5923
73,9092
74,7317
74,2583
73,5970
74,1948
73,9726
74,1367
73,6523
73,4957
73,5531
74,2508
73,6976
74,2405
73,9004
74,3452
74,0457
73,2084
74,3929
73,9054
73,5957
73,3206
74,3711
73,6879
73,2816
74,5431
73,7333
73,8799
73,7006
74,5352
73,7998
74,1995
74,6397
74,7763
74,2718
73,7900
73,9964
74,6196
73,9621
74,1677
74,6924
74,0554
73,7052
73,8494
73,5384
74,0141
74,6462
73,9196
74,6870
73,6065
73,3674
73,4076
74,2298
73,6046
74,0890
74,4204
73,5079
74,6583
74,7601
73,6955
73,7623
73,2603
73,8901
73,3289
74,0840
73,7766
73,9304
73,8281
73,8324
74,2405
74,4363
73,7213
73,1554
73,1423
73,8067
74,1812
73,9504
73,7161
74,5236
73,8308
73,6512
73,5060
73,8258
74,4957
73,9869
73,7433
73,8740
73,8067
74,0582
74,2258
73,9132
72,7273
74,2755
74,2394
73,5977
74,0940
73,8774
74,2625
73,6533
73,8525
74,2877
73,1218
73,6739
73,5286
74,4344
74,4787
73,8812
74,1377
73,9769
73,9856
74,1489
73,6077
74,0737
74,2549
73,7003
73,3376
74,3796
74,3493
74,5445
73,5871
73,3347
73,9714
74,5749
73,5284
73,6280
74,2773
73,5495
73,7777
73,5228
74,2177
74,3565
73,5534
73,9297
74,2095
74,2384
73,7127
74,3475
73,6121
73,8014
74,1206
73,9954
74,0637
74,1715
73,9264
73,3708
73,3207
74,3982
74,0154
74,1592
73,2909
73,5968
74,2206
73,7778
74,0462
73,8476
74,0777
73,8584
74,2774
74,5025
73,9012
74,2389
73,2587
73,8747
73,3688
74,0710
74,2952
73,5642
73,7623
73,8581
74,5875
73,7265
74,2616
73,9113
72,9528
73,6997
74,1946
73,9085
74,0505
74,3338
74,4082
73,9986
74,1337
74,2408
74,4736
73,9815
74,2771
73,5316
73,9692
74,6468
73,4729
74,4461
73,8646
73,7067
74,2122
73,6013
72,7753
74,7265
73,6842
74,2594
74,0782
73,6400
73,9763
74,2907
74,1496
74,2253
74,2274
73,5207
73,8471
74,1458
74,2188
73,8932
73,9042
73,4383
73,6118
73,9416
73,2754
73,9567
74,0949
73,8756
73,3981
73,4138
73,4631
74,5167
73,5086
73,9146
73,3158
73,9801
73,7201
73,7812
73,8692
74,0074
73,8636
74,3997
74,1119
74,2219
73,9981
73,5660
74,3169
73,9557
73,7449
73,8306
74,2317
73,4120
73,5161
74,4112
73,8889
73,8956
73,3489
73,6123
74,2781
74,2678
73,8202
73,4226
72,7032
74,1087
73,7408
74,0566
74,5008
73,8440
74,0030
74,7806
74,0952
73,6982
73,6092
73,9469
73,3558
73,6970
73,5700
74,4340
73,0371
73,8645
73,6831
73,9925
74,6390
74,0963
73,8681
74,5074
73,7636
73,6366
73,6610
74,1159
73,7595
73,9836
73,2239
73,6599
74,7772
73,7999
73,9064
73,9113
73,6443
73,6767
73,7178
74,3209
73,6027
73,8553
74,8991
74,3160
74,2300
74,1167
74,2832
74,0105
73,1995
73,9799
74,1138
73,2152
73,5607
74,5347
73,9280
73,9243
74,3142
73,5353
73,6894
73,0058
74,6692
74,2653
73,5688
73,1308
73,8735
74,0175
74,3455
74,0136
73,4744
73,8395
73,4079
74,1695
74,3170
74,2968
74,0270
73,2896
73,1599
73,4413
73,6211
74,0127
73,9469
74,5928
73,6703
74,1851
73,9026
74,3372
73,3205
73,9415
74,1845
73,2360
73,5973
73,9360
73,8927
73,8975
73,9263
73,8301
73,6336
74,0820
73,2923
73,9519
73,8074
73,5305
74,0829
74,5535
73,9081
74,1675
73,8927
74,3946
73,6360
73,5655
74,0864
73,7636
73,6542
73,7937
74,7265
73,2751
74,3505
74,2527
73,4008
73,9688
73,9679
74,1963
73,7657
74,2432
74,0048
73,9187
74,3295
73,8601
73,3476
73,6228
74,0748
74,1474
73,8958
73,7325
74,1432
73,8242
74,2337
73,8295
73,2170
73,9590
73,5709
74,6526
73,6241
74,1061
73,8215
74,0124
74,0750
73,3541
73,9510
74,1658
74,0271
74,4272
73,7560
73,7776
73,9846
74,0816
73,6060
73,5687
74,1288
73,9456
73,8406
74,1712
74,4887
74,8584
73,6437
74,5195
74,2370
74,1326
74,2483
73,9257
74,6638
74,2711
74,1009
74,2438
73,5216
73,7017
73,9927
73,9963
73,7676
73,6215
73,6850
74,0398
74,4373
73,6427
74,1243
73,8659
74,4483
73,7910
74,3244
74,7075
73,2903
73,3750
74,4650
73,9114
74,2341
74,7894
73,1646
73,2667
74,0434
73,7480
74,0163
73,7313
74,1626
74,1750
74,0223
74,1545
73,5588
74,1577
73,9285
73,4642
73,8553
73,5664
73,8472
73,9359
73,8086
74,0082
73,3192
74,2207
74,2398
74,0285
74,8792
74,1063
73,9519
73,2566
74,0011
73,6038
73,7971
74,3951
73,1919
73,5522
73,2617
73,8279
73,9110
74,0427
73,6049
73,9197
74,0510
74,2189
73,9749
74,2535
73,6402
73,8419
73,9446
73,4698
74,3798
73,8011
74,0355
73,7965
73,8301
74,3795
74,4011
73,6696
73,7480
74,4425
74,0284
74,0305
74,2141
73,8916
74,2194
73,5998
74,9446
73,6034
74,0285
74,1494
73,5249
74,5000
73,8420
73,9679
73,7787
74,3572
73,5036
74,4089
74,4145
74,0225
73,8210
74,2811
73,5532
73,7547
74,1024
73,7214
73,5273
74,1755
74,5109
73,5328
74,4178
74,6252
74,1209
74,1367
73,8018
74,1436
73,9302
73,9908
73,3715
73,8358
74,6042
74,3723
74,1255
73,7826
73,2771
74,6428
74,0768
73,3625
74,2177
73,5688
73,7214
74,0884
73,8606
73,8513
73,9839
74,1411
73,6270
73,5557
73,9598
74,3048
74,6189
73,5985
73,5049
74,1805
74,5223
73,3533
74,0917
74,1041
74,0432
74,2411
73,7204
74,5454
73,5982
73,5093
74,0675
73,1686
74,0641
73,3973
73,6645
73,8946
74,3728
74,1331
73,4108
73,4903
73,6491
74,1254
73,0064
73,1550
73,9343
74,2155
73,4500
74,4874
73,7601
73,8824
73,6203
74,1280
74,0693
74,0558
73,3905
73,5267
73,9004
73,6592
74,5368
74,2469
73,8172
73,6695
73,0743
73,8341
74,0223
73,4506
73,6452
73,7270
74,3346
73,4385
73,3979
74,2218
74,1206
74,2703
74,8666
73,5244
74,1369
73,9516
74,0201
73,7695
73,7062
73,9983
73,5128
74,0459
73,7629
74,3876
73,2819
73,1930
74,2587
74,0248
74,0350
74,3503
74,2894
74,7715
73,7224
73,7542
74,4898
73,9649
73,8374
73,6027
73,7525
74,6241
74,1536
74,2545
73,7905
73,5598
73,8796
73,2627
73,9738
73,5733
74,3014
73,8323
74,3176
74,2047
75,0574
73,9270
74,6761
73,3535
73,9885
73,9415
74,2681
74,0492
73,8370
74,2587
74,1505
74,2426
73,3726
73,6935
73,8060
73,6021
74,1379
73,9218
73,2894
74,0638
74,2687
73,8798
73,9726
73,7632
74,5270
73,8711
73,8623
73,7281
73,9440
74,2312
73,9696
73,7505
74,1036
73,7375
73,8880
73,4245
74,2311
74,1406
74,0248
74,1568
73,9661
74,2163
73,3459
74,3631
74,5936
73,9109
74,2097
73,8037
74,3285
74,3213
73,6907
73,6433
73,8503
73,6057
73,8703
73,6372
73,6858
73,3489
73,3196
73,9334
73,9850
73,8150
73,7713
73,8666
73,5778
73,8893
74,2910
74,3639
74,0998
74,1175
73,3608
73,2239
74,2165
73,5779
74,1269
74,7378
73,9269
73,7405
74,2127
73,4307
74,1736
73,7629
73,2828
74,3527
74,0115
74,0965
74,1395
73,8628
73,7589
74,2305
73,9094
74,0427
74,1059
73,5719
74,1864
73,5426
74,1393
73,8677
74,2885
73,6245
73,7112
73,5917
74,1478
73,7421
74,4640
73,5829
74,0400
74,1117
73,0700
73,7971
73,5952
74,2187
73,4669
74,1446
73,2299
74,4364
73,8790
74,0841
74,6224
73,7078
73,8822
73,2882
74,8128
74,0630
73,8135
73,6404
74,0010
73,7835
74,2425
73,8450
74,3282
74,0871
74,0709
73,5919
74,4111
74,5304
73,5738
73,7779
73,7302
74,0066
73,8312
74,0598
74,2232
74,0602
73,6783
73,6704
73,7144
74,4330
73,9686
73,2097
73,3248
74,0040
74,5150
73,5610
74,3084
73,9714
73,9842
74,3470
73,1168
73,8591
73,9662
73,7795
73,5946
74,3087
74,2999
74,0705
74,3899
74,0504
74,5439
73,6781
73,4375
73,3656
74,4722
74,2235
74,1104
73,5299
74,0509
73,3920
74,2144
73,4627
74,7555
73,9234
73,9531
73,7726
73,5364
73,7159
72,8981
73,9115
73,7720
74,0669
73,9567
73,1011
74,3198
74,1591
73,6958
73,5480
74,8115
74,1925
74,1907
73,9535
73,5418
74,1559
74,0506
74,3293
74,1480
73,9173
73,5944
73,7773
73,3969
74,0301
74,0395
73,0546
73,8769
74,3446
73,5581
73,8549
73,9139
74,3864
74,2112
73,6549
74,4213
74,1086
74,3583
73,7153
73,3471
74,3962
73,2181
74,1715
73,8050
74,6316
73,7388
73,7649
73,8932
73,9534
74,3612
74,2739
74,3605
73,8732
73,7423
74,2469
73,3912
73,9466
74,6579
73,9945
73,3374
74,1665
74,0851
73,7660
74,2754
73,5104
73,8119
74,1579
73,6683
74,1820
73,1063
73,8864
74,1184
74,3211
73,1992
73,9531
73,6610
74,0198
74,2662
73,8147
73,9762
73,4840
74,8556
73,7519
73,4769
73,3935
73,2824
74,3617
74,1534
74,2757
73,2390
73,5846
73,8450
74,0127
73,9557
73,5097
73,6184
73,8453
73,8459
74,3078
74,3709
74,0265
74,7063
74,2942
73,6389
74,4896
73,8262
73,9015
73,8338
74,5920
73,9889
74,1784
73,8558
74,0130
73,8950
74,1482
74,0757
73,9046
73,7903
73,6390
73,6361
73,4751
74,1139
73,8460
73,6290
73,9636
74,2179
74,2530
73,5653
74,0407
74,0909
74,3303
74,1464
73,8578
74,4201
73,5753
73,9501
74,0878
74,5520
73,9535
73,3460
73,4186
73,8619
73,3481
74,2595
74,1708
74,2095
73,4989
73,3914
74,4338
73,7340
73,7962
74,1774
73,7066
73,3766
73,0438
74,1404
73,5414
73,2941
74,4152
73,6584
73,9599
73,8515
74,1207
73,3784
74,1349
74,2570
73,6525
73,6405
74,5501
73,7060
73,3344
73,5174
73,2837
74,3418
73,3477
73,6830
73,9496
74,6290
74,2538
73,6118
74,9225
73,6039
74,3697
74,3896
73,9364
73,7876
74,2592
73,9259
73,8160
74,0755
74,4307
73,2501
73,6502
73,4274
74,3972
74,3506
73,7104
73,3177
74,4418
73,9408
74,1644
73,7165
74,3465
73,9509
74,3541
73,1801
73,7559
73,8112
73,5224
74,1258
73,7957
74,2534
74,1677
74,1588
74,0029
73,9408
74,1610
73,7476
73,8548
73,5935
73,8481
73,8585
73,6387
73,5739
73,6219
73,9628
73,7458
73,9692
74,3500
74,1123
74,3228
73,4041
73,5845
73,8810
73,6961
73,2725
73,7684
74,3760
73,6164
73,6262
73,6116
73,4887
73,5123
73,5453
73,5940
73,7580
73,7064
73,4797
73,8004
73,7826
74,0193
73,3420
73,8677
74,6076
73,7184
74,6299
73,8360
73,9531
74,0333
73,7574
73,4411
73,6684
74,0987
74,1457
74,2938
73,0207
73,7514
73,3413
73,5668
74,6147
73,9112
73,8762
73,8401
73,1674
74,3230
73,6845
73,5039
73,7888
73,8246
74,1968
73,8014
73,9284
73,1988
74,2371
73,5640
73,9078
74,3856
74,1441
73,8938
74,3413
74,0235
73,9479
74,2531
74,4692
74,0434
73,7219
73,5387
73,7051
74,8976
73,8177
73,9765
73,5597
73,8272
73,7794
74,2999
73,6822
73,3418
74,0985
74,5489
74,1893
73,8635
73,4942
73,5947
73,3078
73,7410
73,8840
74,1246
74,1026
73,6654
74,1626
73,4016
73,6195
73,8098
74,4338
74,0899
74,2870
73,6518
73,6104
73,4504
73,4333
73,7365
73,9514
73,7082
74,0998
73,8498
73,0939
74,4874
74,1319
73,6474
73,6782
73,7256
74,7218
73,9460
73,7038
74,0127
73,8929
74,3654
74,1116
74,6311
73,6840
73,3777
73,7773
74,1308
73,5040
74,2673
73,6891
73,2448
73,9201
74,2400
74,1665
74,1230
73,8206
73,6138
73,8625
73,7332
74,4644
74,3675
74,5018
73,5971
73,4599
73,9653
73,7195
73,4434
73,2462
73,5619
73,8509
73,8520
73,5597
72,7671
74,1927
73,7008
74,1687
73,7137
74,3561
74,1145
73,2712
73,5186
73,6385
74,1200
73,3868
74,2799
73,5780
74,0756
74,2437
74,1827
73,9563
73,7444
74,0812
73,3302
74,0163
73,6622
74,3994
73,9857
74,0685
73,8290
73,4950
73,6138
73,9408
73,3777
73,9787
74,2273
73,9076
74,0490
73,9105
73,9326
73,9883
73,9734
73,8546
74,3880
73,9724
74,2538
73,6239
74,4028
73,5421
73,9312
74,7149
74,2140
73,4134
74,3153
74,0927
74,2667
73,9311
74,4406
73,6363
74,2407
73,6752
74,3089
73,7078
73,6949
73,9395
73,4638
74,3676
74,5073
73,6959
73,9078
74,0848
74,4022
74,0071
74,2327
73,6711
73,5431
73,9518
73,8586
74,6581
73,9632
74,5646
73,8361
74,0080
75,0111
74,1642
73,3341
73,5049
73,4895
74,3973
74,0719
74,1048
74,0357
73,2458
73,8352
73,9683
73,9253
73,9261
74,4645
73,8288
74,2166
73,6291
73,9559
73,6682
74,0474
74,2487
74,5042
73,6429
73,5351
73,7362
73,9925
73,1057
74,1386
73,9040
73,8806
73,1562
73,8189
73,9931
73,3948
73,9101
74,0151
73,4117
74,1941
74,4980
74,0738
74,5673
73,5994
73,4464
73,8735
73,8398
73,3446
73,5042
74,2157
73,5147
73,8661
74,4160
73,8707
73,9733
73,9434
73,7313
73,7960
73,1372
74,2582
73,7626
74,5515
73,8268
73,5193
74,4028
74,1418
74,7045
73,8780
73,3677
74,5256
73,4151
74,1323
74,1049
74,4274
73,8699
74,1602
73,9663
74,2792
73,4408
74,1091
74,1485
74,2129
74,5231
73,7705
73,8080
74,5013
73,9667
73,8937
74,2039
73,9952
74,3570
74,2958
74,2648
73,9096
74,1535
73,6612
73,8181
73,9763
74,2933
73,9947
74,0969
74,0404
74,0895
73,9898
74,0803
74,0604
74,1163
74,6904
73,8722
73,9559
73,6236
73,9814
74,1373
73,5606
74,1832
73,9464
73,9734
73,8066
73,8626
73,6139
74,2916
74,1330
73,5964
73,8297
74,0999
73,8952
73,7397
73,7533
73,6189
74,6934
73,4535
73,8900
73,9660
74,1483
74,3760
74,0795
73,1726
73,5954
73,9983
73,4461
74,0785
74,4172
73,8437
73,6023
73,5040
74,0474
73,0457
74,1153
74,0888
73,8655
73,6315
73,8775
74,0215
74,4485
74,5503
74,0395
74,1391
74,1685
73,9459
73,6807
74,5573
74,6695
74,1545
73,5284
74,0749
74,3027
74,6413
73,6843
73,9576
74,2493
73,7656
73,8503
74,3042
74,1106
73,9777
73,9138
74,4041
73,3604
73,7115
73,8638
73,3809
73,8334
73,8124
74,1883
73,9961
73,9016
74,4035
74,1299
73,5676
73,8037
74,3224
74,2082
73,9723
74,7502
73,8644
74,0547
73,6278
74,2934
73,5828
73,3738
74,3386
73,6906
74,1293
73,6490
73,4951
73,4011
74,4371
74,4492
73,2817
73,2446
74,1702
73,6619
73,9652
74,0830
73,9577
74,2768
73,5914
73,7891
73,9991
73,8431
73,6098
74,3972
73,4391
73,7395
73,6813
73,7301
73,4038
73,9434
73,7270
73,5633
73,6811
73,9863
73,8077
73,8289
73,8033
73,9448
74,1725
74,4511
73,1316
73,5504
73,9054
74,0801
74,0461
73,2099
73,6326
74,4407
73,7114
73,8039
74,1678
74,1208
74,3090
74,0342
73,6567
73,6664
74,0475
73,3917
73,2832
74,1943
73,6563
73,9906
73,4093
74,4183
73,4317
74,1178
74,5927
74,4145
73,6486
73,4884
73,4640
74,1083
73,6316
73,8473
73,2141
73,5630
74,3889
74,2432
73,5158
74,0182
74,2864
73,6405
74,1869
74,1441
74,2330
73,0360
73,7647
73,7134
73,2270
73,4763
73,6407
73,7349
74,5132
74,0366
73,3063
73,6961
73,8945
74,3543
73,7682
74,1558
73,9111
73,6586
74,1804
74,0916
73,1988
73,9280
73,6059
74,3822
74,0150
74,0195
73,3721
74,3958
74,3579
73,8688
73,8186
73,6075
73,8054
73,9612
73,5707
73,4193
73,3880
73,6453
74,2130
73,4709
74,0036
74,0124
73,7242
73,5657
74,1418
74,3900
73,6827
73,0412
74,1294
74,2023
74,0504
74,0799
74,6701
74,4370
74,1722
73,8546
72,9797
73,7212
74,4847
74,1933
73,7621
73,9955
73,9276
73,7707
73,9094
73,8023
73,8116
73,8154
74,0816
73,7451
73,9028
74,1573
73,5138
73,8405
73,5831
73,1058
73,8505
73,6818
74,3145
74,4213
74,1870
74,4655
74,5757
74,2617
73,6743
74,2328
74,2322
73,9617
73,8500
73,2992
74,0936
74,1768
73,7369
73,9155
73,4607
74,2086
73,6682
73,7449
74,0082
73,3802
74,1159
73,6549
73,8879
73,6685
74,2431
74,0565
74,5074
73,7838
73,9101
74,3007
73,9858
74,2617
74,0796
74,2267
74,1241
73,1861
73,3478
74,2560
74,0333
74,1526
74,6452
74,3064
74,3658
73,4099
74,2091
73,5386
74,0944
74,0599
73,8722
74,3797
74,3520
73,1069
73,5091
74,0750
74,2673
73,8817
73,7988
74,1470
74,5627
74,3332
73,8187
74,1974
74,3233
74,0904
73,6755
74,1349
74,2981
74,2783
73,8854
73,5406
73,8573
74,0456
73,9924
73,8586
74,5781
73,5434
73,8031
73,9448
73,9070
73,9022
73,6433
74,4394
73,8314
73,7793
73,6772
73,7596
73,5717
74,0163
73,5855
74,9350
73,8213
73,8797
74,1959
73,8606
74,0987
73,4733
74,3116
73,9769
73,6991
73,5781
73,3585
74,3309
73,5920
73,5974
74,2011
73,9490
73,5405
73,7640
74,1799
74,0410
74,6191
74,5524
74,6922
73,8243
74,1107
73,3526
74,3035
73,6257
73,5481
74,1443
73,5971
74,5159
74,0051
74,6361
74,1268
73,7625
73,8765
73,9196
73,4288
73,9603
73,6845
74,6715
74,0073
74,4551
73,7702
73,6675
74,7305
74,4315
74,0938
73,8327
73,7471
74,7298
73,6930
74,4230
73,9470
73,3861
73,8268
73,6857
74,0496
74,1222
74,2104
74,2725
73,7460
73,9852
73,7962
73,7398
73,5904
73,7681
74,2470
73,6481
73,9659
73,5220
74,2026
74,0242
74,1786
74,2210
73,7010
73,4900
74,3090
73,5973
74,1087
74,2826
73,1953
73,3266
73,7719
73,9970
74,1922
73,6621
74,1930
73,0757
74,1815
73,9699
74,3121
73,8084
73,9745
74,3919
73,7017
73,5502
74,1173
74,1194
73,7575
74,0557
74,2023
73,8060
74,0530
73,7263
74,4515
73,1700
73,9554
73,8157
73,8999
73,6165
73,9391
73,6247
73,2314
74,2845
73,5148
73,4541
73,8557
73,8367
74,1592
74,4718
73,9672
74,0929
73,4416
74,1616
74,1843
73,5840
73,4278
73,9967
74,1358
74,7176
73,9494
74,1515
73,3708
73,8609
73,8801
73,6658
73,6194
73,6717
74,2229
73,4947
73,9099
74,0289
73,7680
73,0012
74,0516
73,7446
74,4612
74,0379
74,4112
74,2555
73,8864
73,9518
74,0178
74,0893
73,8274
73,3852
73,8429
73,1199
73,8318
73,4875
73,8015
73,3611
73,2951
74,0472
74,1806
74,1478
73,8209
73,0042
73,7317
74,2798
74,1193
74,5042
73,3467
74,4272
73,7540
73,7710
73,5339
74,1994
74,2671
74,2147
73,9945
74,2901
73,6460
74,4336
73,5321
73,9901
74,1065
73,4248
74,3206
74,1883
74,0341
73,7949
73,8019
73,9745
73,5426
74,2887
73,6068
74,0050
73,5940
73,9090
73,2661
74,5564
74,0888
73,5888
74,3024
74,0384
73,8217
74,0985
73,9146
74,1145
73,3809
74,2009
74,2706
74,0572
74,3320
74,3850
73,7348
74,0393
73,3592
73,6677
74,0114
73,3382
73,3300
73,6151
74,0551
74,5827
73,3846
73,9544
73,8882
73,5029
73,8117
73,5404
73,8382
73,1949
73,6841
73,4961
73,7287
73,8404
74,0688
74,1114
74,2140
74,0963
73,6723
74,3358
74,3061
73,2772
74,6349
73,9236
73,6083
74,5122
73,9446
75,2853
74,2685
73,8917
74,1801
73,3752
73,6107
73,6050
73,8546
73,8090
74,3087
74,5545
74,0086
73,4741
73,4467
73,9380
74,3179
73,7054
74,0184
73,2879
73,3311
73,7467
74,0074
73,6404
73,4922
73,8455
73,1536
73,9562
74,5684
73,5704
73,4299
73,7537
73,8790
73,5729
74,4227
74,4250
74,0702
73,7130
73,4562
74,4469
73,0927
74,8381
73,0658
74,5105
74,3698
73,6916
73,3638
73,5770
74,5585
74,1126
73,8872
74,0260
73,5184
73,8429
73,7185
73,7179
73,5145
74,0848
74,4354
73,8737
73,6758
74,1309
74,0003
73,6094
74,7077
73,6081
73,9094
74,4756
73,6361
73,9433
73,6427
73,5398
73,8749
73,9734
74,5130
73,9982
73,7574
73,5067
74,4628
73,9932
74,0607
72,9444
73,7591
72,9030
73,2757
73,7474
73,2206
73,5548
73,4009
74,3522
73,7324
73,9953
74,2213
74,2255
73,8818
73,8531
73,0603
73,9466
73,9029
73,7575
73,6906
73,4718
73,6110
74,1215
74,3033
73,8532
74,3279
73,6308
73,7946
73,8965
73,3499
74,1123
74,1064
73,9236
73,4961
73,6031
74,1707
74,0026
73,6049
74,1501
73,7797
73,8352
74,0997
74,1299
74,6154
73,4898
73,6404
74,2058
73,2709
73,6234
74,4824
73,5542
73,9474
73,9489
74,5597
74,0446
73,6873
74,9659
74,9748
74,0370
74,1293
73,6369
73,9316
73,9659
73,9359
73,7211
73,9536
73,3859
73,4629
74,0596
74,1334
73,7251
74,0184
73,5624
73,6683
73,6210
74,1314
73,6994
73,6311
73,7025
74,1906
74,4928
73,4036
73,3515
73,9209
74,5986
75,0504
74,5177
73,7401
73,8777
74,3835
73,3014
73,5495
74,0948
74,4308
73,4552
73,9646
73,6919
73,4285
73,8787
74,1376
74,0472
73,4800
74,2503
74,3435
73,6591
74,0290
73,7524
74,1138
73,6938
74,2652
73,5992
73,5592
74,0278
73,8207
73,6336
73,6261
73,4663
73,9962
73,6569
73,6095
73,8002
74,0666
74,0273
73,9550
73,9366
74,1852
74,1541
74,4304
74,2638
74,0081
74,3104
73,7969
73,4575
73,4150
74,5673
73,8145
73,8991
73,8390
73,3267
74,2944
73,5167
73,4349
74,0006
74,1604
74,1056
73,6834
74,1425
74,3071
73,9672
73,8657
74,4967
74,1264
74,4870
73,6877
73,6204
73,5005
74,0977
73,8178
73,6637
74,4095
73,8568
73,6341
73,6900
74,4695
73,6351
73,4541
73,7476
74,1615
73,7829
73,5543
73,9460
73,5261
73,6733
74,3955
74,1517
73,4060
74,3507
74,2819
73,3907
73,6799
73,8968
73,7078
73,1581
73,6940
74,4124
74,1600
73,3389
74,2154
74,1008
73,4739
73,9804
73,2326
74,2686
74,1665
73,6915
73,9114
73,9318
73,5807
74,3557
74,2348
74,0245
73,9438
73,8674
74,2235
74,0060
73,5016
72,9725
73,5699
73,4434
73,8559
73,3538
72,8782
73,7918
73,9766
74,1031
74,2838
74,2677
74,0347
73,8637
73,4716
74,2286
73,0804
73,3887
73,1897
74,3173
73,6967
73,9569
73,6358
73,9277
74,5449
73,5617
74,8853
73,5540
74,3935
73,6587
73,7721
73,6934
74,2213
73,8387
73,6238
73,3118
73,8587
73,7817
73,9765
74,2655
73,5283
73,5788
74,2246
73,9518
73,8717
73,7465
73,7839
73,5332
73,8914
73,7974
73,7765
74,2518
74,2011
74,1402
74,1650
73,9436
73,6835
73,6284
73,8341
74,1701
74,2301
73,8647
73,4280
73,9917
74,6216
74,3160
74,0359
74,2523
73,9104
73,1512
74,2866
73,8039
74,4118
74,3585
73,6150
73,3541
73,4986
73,1967
73,7642
73,9705
73,6655
74,2832
74,1861
74,3453
73,8292
74,0573
74,2278
73,9188
73,7464
74,5349
73,9885
74,3020
73,2484
73,9788
73,6443
73,9354
73,6509
74,5122
73,7524
73,9941
74,0647
73,3428
73,5510
74,6010
74,1056
74,3615
73,8038
74,1990
73,8979
73,8049
73,9390
74,5281
73,6951
73,8302
73,3870
74,0152
73,8501
73,6161
73,9541
74,1742
73,7287
73,0448
74,6189
74,0720
74,1196
73,1825
73,6651
74,3457
73,7756
73,3834
74,3745
74,1959
74,9078
74,4776
73,8147
73,7439
73,8204
74,3405
74,4147
74,2336
74,1126
73,8402
74,5055
73,3900
74,4096
73,6376
74,0015
74,0492
73,7970
73,8424
73,1328
74,3633
74,4617
73,9606
73,7321
74,6371
73,0298
74,2556
74,6215
73,9806
73,8593
74,0952
74,2892
73,4802
73,5729
73,8473
74,0536
74,1489
74,4539
73,9570
73,9214
73,5830
74,3754
73,8407
73,7749
73,5768
74,1551
74,1933
74,1438
73,7505
74,2866
73,5200
74,0856
73,4712
73,7922
73,8669
74,0371
74,0539
73,5808
74,1750
73,5248
73,7470
73,6787
74,0922
73,4888
73,6702
73,9855
73,6333
74,1021
74,0019
73,6646
73,4376
74,5612
73,7759
72,9402
73,8694
73,5073
74,3838
73,1851
73,9542
74,0564
73,4175
73,8638
74,6467
73,8854
73,0511
74,3513
73,6457
73,7640
73,8788
74,0179
74,6242
73,9297
73,7268
73,9797
73,3793
74,4309
73,4539
73,9726
74,3054
74,0793
74,3055
74,3855
74,6407
73,7271
73,9729
73,2757
74,1107
74,4166
73,5685
73,9146
73,6569
73,9184
73,8648
73,7839
74,0991
74,0123
74,0273
73,6235
73,6558
73,4321
74,1183
74,6723
73,9192
73,8040
74,0570
73,6583
74,0471
74,1372
74,1212
74,1129
74,3535
74,3858
74,1220
73,9182
74,1847
74,2533
73,4889
73,6184
73,6262
73,5916
73,1473
74,3004
73,7940
73,9675
73,6068
74,2812
74,3136
73,6511
74,4108
73,8353
73,8836
73,6143
73,2010
73,9936
73,8618
73,8767
73,7102
73,9727
74,3814
73,9014
74,3206
74,1157
73,7366
73,7227
74,3643
74,1956
73,3355
73,6146
74,3159
74,3066
73,9150
74,1347
74,1679
73,5897
74,1271
74,2090
74,0964
73,7886
74,4232
73,4865
74,1262
73,9824
73,3006
73,8374
74,0583
73,7536
74,1430
74,3796
74,4031
74,5017
73,7928
73,2128
74,1217
73,8941
73,8950
74,2879
73,9482
73,5826
73,3613
74,0536
72,8108
74,5276
73,9359
74,0072
74,5811
73,4613
74,4136
73,8548
74,0480
73,4587
73,6768
73,9811
73,2389
73,5651
73,8132
73,6695
74,3994
74,1100
73,4558
73,8201
74,1532
72,8997
73,3722
74,5584
73,8666
73,8124
73,7925
73,7151
73,1792
74,9000
73,9707
73,7652
74,3784
74,0960
74,2934
73,8674
74,3330
73,5584
74,0884
73,4966
73,1848
74,3635
73,9962
74,6496
72,9454
74,2946
74,1064
73,9916
73,9732
73,3337
73,8986
74,5833
73,6734
74,4995
74,2320
73,7190
73,9726
74,1477
74,2903
73,9714
73,1792
73,6512
73,4729
73,6064
73,3569
73,9188
74,2561
74,0669
73,9802
73,9134
74,0991
73,2981
74,6577
73,9692
73,3495
73,6514
74,3082
73,6548
74,1582
74,2653
73,4729
74,1637
74,2522
73,9750
74,8252
73,7956
73,7700
74,0455
74,1255
73,6905
73,3361
74,3286
74,4418
74,0891
73,3461
74,8535
73,8944
74,3271
73,5603
73,4081
73,9617
74,4165
73,8724
73,6316
73,7750
73,9700
73,4293
73,8525
73,7606
74,2919
74,0109
74,1928
73,5633
73,8775
74,1287
73,7425
73,9056
73,8849
73,9643
73,9440
73,7989
74,1186
73,6567
74,4243
74,1182
73,5673
73,9641
73,9109
73,9633
74,1118
74,0082
73,5455
73,9411
74,0228
73,4980
74,3644
74,0301
73,9141
73,5208
73,3555
73,8606
74,2041
73,7060
73,6130
74,1633
74,2092
73,4516
74,1379
74,0207
73,8588
73,9776
74,5860
73,9627
74,3399
73,5816
73,8492
74,1644
73,6074
73,9922
74,1199
73,7515
74,1349
74,2426
73,9383
73,8985
74,6497
74,1694
73,9850
73,4232
74,5899
73,7451
73,7620
74,6196
73,8339
73,6318
73,8304
74,0085
74,5333
73,9343
74,6441
73,3487
73,9701
74,1159
74,1718
73,8093
73,2562
73,4044
73,4177
73,9392
74,3548
74,2207
73,6063
73,8888
73,8576
73,9381
73,8564
73,8408
73,8803
74,6115
73,9372
73,4490
73,3091
74,2709
74,3633
72,9849
73,2073
73,9854
73,8259
73,9739
73,2515
73,9844
74,3107
74,6791
74,4991
73,6011
73,3721
73,2417
74,3562
73,4103
73,3748
73,4547
74,1140
73,3698
73,8864
74,2851
74,0532
73,6372
73,7980
73,5927
74,0488
73,8168
74,0114
74,0061
74,2425
73,8841
74,2415
74,1162
74,5354
73,7235
74,3688
73,9186
74,0140
73,9052
73,7672
74,0321
74,0760
74,1086
73,9542
73,9375
74,0691
73,7882
74,1784
73,9568
73,8944
73,9593
73,9398
73,7598
74,0862
73,9504
74,7062
74,1654
74,5136
73,8217
74,4901
73,7929
73,6710
73,5388
73,8179
73,6174
73,3539
73,7977
73,6378
74,6166
73,9575
74,3537
74,1679
74,0782
73,8093
74,3803
74,0276
73,5969
73,8222
73,7093
73,7051
74,4275
73,7572
74,2374
73,7288
73,3694
74,1096
73,7304
73,8767
73,6027
74,0420
73,8741
74,1843
73,5604
74,1535
74,0049
73,6533
73,5927
73,7202
73,5716
73,9242
73,7965
73,8230
74,0707
74,4768
74,3715
73,2344
74,5906
74,3299
73,9016
73,5631
73,8497
73,9657
73,4740
74,0435
74,0483
73,5858
73,5023
73,6109
73,5995
74,4619
74,1091
74,3649
73,8550
73,4627
73,9861
73,8775
73,3774
73,6798
74,1184
73,8456
74,2200
74,0999
73,6094
74,0626
73,3317
73,9608
74,3545
73,7820
74,5921
74,1667
73,3609
73,6352
73,7576
73,8368
73,8961
73,9238
73,4985
74,5652
73,6763
74,2300
73,7097
74,1180
74,2685
73,9689
73,4941
73,8519
73,5926
74,2649
73,8787
73,5570
73,6761
73,6582
73,8201
74,3728
74,2160
73,6907
73,7765
74,2568
74,0788
73,9477
74,0699
73,9260
73,3856
73,9099
73,0626
73,4066
74,1187
73,7193
74,4908
73,8114
73,3033
73,8711
73,8087
74,0157
73,5844
74,2794
73,3545
73,9477
74,2281
73,8638
73,4173
74,1170
74,4883
74,2152
74,0194
74,1966
73,5482
73,8053
74,3108
74,0337
73,8628
73,5289
73,6047
74,0973
74,0986
73,7007
73,4195
74,5081
74,0573
73,8602
74,1422
73,4283
74,1719
72,9988
73,5365
73,4634
73,9216
74,6609
74,5920
73,7567
74,2694
74,2675
73,3743
73,0896
73,6768
73,7922
74,5696
74,0495
73,7958
74,3223
74,1040
73,8198
74,0854
74,1011
73,7515
73,2859
73,6574
74,0358
73,9692
73,9319
74,0260
74,1179
74,5367
74,5178
73,6760
74,0768
73,4537
73,7355
74,1390
73,5746
74,0061
73,1265
73,4387
74,6708
74,2435
74,0770
74,1835
73,8952
74,3697
73,5853
73,9182
73,6051
73,8633
74,2082
74,1493
73,8109
74,4135
74,1666
74,3649
73,7624
73,4989
73,9972
74,4005
74,0648
73,2064
74,1313
74,3209
73,6492
73,6814
73,8883
73,9157
73,8048
74,6056
73,4359
73,8843
73,5056
74,2536
73,9830
73,8545
73,9905
74,0648
73,6755
73,1218
73,3693
74,2273
73,8177
74,2262
73,9826
73,7415
74,5108
74,0788
74,2951
73,4894
74,3505
73,9134
73,4052
73,9059
74,3305
74,1246
73,2838
73,6052
73,7355
73,7606
73,8908
73,7726
73,9087
73,8820
74,0188
74,3165
73,9735
73,9895
74,3308
73,7941
74,2368
74,1548
73,5594
74,4328
73,3366
74,3032
73,2721
74,0152
73,6823
73,5684
72,8391
73,9529
74,1504
74,2945
74,1523
74,0681
73,4441
74,0780
74,0067
74,2477
73,7714
74,0724
74,1103
74,2013
73,3473
74,7006
73,9099
74,5321
73,7856
74,4349
74,2617
73,7708
73,9022
73,9930
74,0609
73,7396
74,0548
74,4514
73,3665
73,0269
73,3162
74,0868
73,5200
74,0795
73,7881
73,9392
74,0630
73,8366
73,5756
73,4238
73,5119
73,5339
74,3234
74,0700
73,8659
73,5790
74,1552
74,3875
73,6343
73,9652
73,9909
73,7994
73,5955
73,7243
73,5564
73,5472
74,0987
73,4066
73,8461
74,2473
74,2569
73,7893
74,5861
73,9443
74,0972
74,6491
73,7034
73,8913
73,7587
73,9612
74,1044
74,1118
73,4514
74,0288
73,4652
73,7517
74,0861
73,8832
74,6090
73,9202
74,6879
73,8824
74,1015
73,2334
73,8744
74,2116
73,7915
73,4126
74,0457
73,6979
74,0875
73,8439
74,3085
74,1455
73,7141
74,0736
73,7717
74,3602
73,5757
74,2939
73,9755
73,0811
73,5078
74,1818
74,1718
73,6082
74,6828
74,1764
73,9324
74,2227
74,4907
73,5580
73,8350
73,3316
74,0666
74,1496
73,7715
73,7412
74,2359
74,7009
73,7033
74,1953
74,1381
73,8831
73,5150
73,6438
74,0501
74,0904
73,1187
74,1306
73,5346
73,9925
73,9618
74,4131
73,7990
73,3324
74,0746
74,0020
74,0000
73,5483
73,6997
73,9367
74,5844
73,3067
73,8385
74,2585
74,0700
73,4449
74,2457
73,8974
74,1339
73,7838
74,0755
73,8947
74,0796
74,1533
73,6486
73,8887
73,6934
73,8970
73,9515
73,7979
73,3248
73,2457
73,8630
73,9729
74,4105
73,5637
73,9428
73,8891
73,6692
73,0026
74,2037
73,8706
74,6028
73,7012
73,8080
73,8096
74,0898
74,1489
74,1268
73,6231
74,2324
74,3816
73,9014
73,8871
74,2812
74,0255
73,5561
73,8311
74,3400
73,5342
73,9586
73,6578
74,3036
74,0571
72,9740
74,2086
74,0371
74,2196
74,0134
74,0744
73,7642
73,4542
74,2607
73,5330
73,8511
73,8314
73,7047
73,8282
73,8385
74,6602
74,0067
73,5039
74,2012
73,4002
73,9718
73,9706
74,0210
74,0028
74,0244
73,1758
74,7144
74,1908
73,7012
74,1184
74,1076
74,3108
73,9550
73,3859
73,9265
73,7906
74,1848
73,7092
73,8189
73,7700
73,0531
73,8496
74,0599
74,0362
73,7578
74,1366
74,7222
73,9271
73,4473
73,9864
74,4340
73,9510
74,2918
73,6516
74,6332
74,1347
73,8308
73,6114
73,9130
74,2664
74,4707
73,9708
74,5875
74,0271
73,9282
73,8213
73,6700
73,9668
73,9002
73,8699
74,6521
73,9509
73,6023
74,0372
73,7445
73,6362
74,1493
73,4302
73,6623
73,6967
73,6998
73,3690
73,8464
74,0688
73,7857
74,0213
73,6144
73,6541
74,3217
73,5400
73,9072
73,8449
74,2548
73,5709
74,1508
74,2205
74,4264
73,3506
73,7730
74,7499
73,5614
74,3085
73,2904
74,8143
73,2919
72,9444
74,3389
73,9318
73,5910
73,4358
74,0128
73,3210
73,3616
73,9600
73,8043
73,9703
73,6228
74,4378
73,6146
74,1315
74,2681
73,9377
73,3681
73,5649
74,4491
73,7038
73,8981
73,9557
74,0519
74,0605
74,6070
74,3718
73,6792
74,5207
74,0950
74,0140
73,4662
73,9650
73,5166
73,9559
73,4492
73,6651
73,5557
74,1442
73,7733
73,9709
73,1659
73,7050
74,0527
73,8801
73,6581
74,3271
74,0403
74,0401
74,1370
73,6190
74,0625
73,9251
73,8579
73,3532
73,6962
74,2636
73,3979
74,0357
74,4490
74,8172
73,8153
74,2484
73,3172
73,7166
74,3023
74,0908
74,0342
73,9778
73,5870
73,7997
73,5209
74,4630
73,3665
73,8162
73,6095
73,8051
74,4341
74,2893
73,6530
73,7843
74,1259
74,0807
74,3894
74,9017
74,0741
74,2379
74,1382
74,3895
73,7558
73,5773
73,6258
74,0771
73,6860
73,6919
73,7233
73,8586
73,6514
74,3421
74,5638
74,1122
74,0985
74,0485
74,3794
73,8085
74,0733
74,1202
73,9386
73,7260
73,9625
73,3058
73,5518
74,2377
73,9255
73,9499
74,0641
73,6485
73,1908
74,5406
73,9847
73,4924
73,6742
74,2314
73,9932
73,8596
74,1864
73,9101
73,8844
73,9750
73,7972
74,1010
74,0522
73,6674
73,6435
74,1299
74,9973
73,6239
73,7174
73,6172
73,6696
73,1566
73,8724
74,1595
73,7879
73,1308
74,2156
73,5223
74,3651
73,9064
73,5668
74,2191
73,5642
74,2283
74,1408
74,5697
74,1128
73,9319
73,6548
73,2385
74,3397
73,9857
73,7182
74,2077
73,1832
74,0182
73,8496
73,9026
74,3245
73,5367
73,8340
73,4623
73,7061
73,1809
73,4860
73,9688
74,1140
73,4962
73,6744
74,3117
73,5979
73,9665
73,6316
73,9491
73,2134
73,2379
73,6813
73,6929
74,0249
74,4737
74,3699
74,0986
73,8563
74,3652
74,3825
74,3029
74,1258
73,4061
74,0800
73,9206
73,8975
74,1926
74,4245
73,2634
73,9515
73,4991
74,0496
74,0949
74,1393
73,5781
74,0425
73,4900
74,3403
73,8902
73,6425
73,2129
74,3174
74,0366
73,1401
73,7336
73,4760
73,8327
73,9154
74,4118
74,0350
73,7711
73,5849
73,3075
73,7720
74,4839
73,5381
73,6444
74,0747
73,7698
73,9377
73,8028
73,8530
73,9597
73,9323
74,3687
73,6686
73,5011
74,1944
74,6655
73,9977
73,6091
73,8598
74,0640
73,9267
74,1967
73,7246
73,8498
73,5676
74,0582
74,0900
74,0356
74,0947
73,8776
73,8686
73,8604
73,7705
74,3027
73,6852
74,2278
74,0372
74,2089
73,7649
73,5416
74,0194
73,8939
73,4290
73,5151
74,3930
74,2337
73,6465
74,2520
73,4033
73,2673
73,8293
73,2816
74,1411
74,2709
73,0707
74,1449
74,9027
73,8597
73,5102
73,8989
73,9944
74,3398
74,2417
73,4083
74,1686
74,4843
73,7862
74,2342
73,6630
73,9774
73,4533
73,8527
73,6157
73,8233
74,5101
74,0746
73,6770
73,4579
74,2305
73,4923
74,4726
74,2939
73,3991
73,7452
74,1711
73,6447
73,4533
73,8894
74,6481
73,7863
74,4145
74,0979
73,5214
74,2321
73,3984
73,7922
74,0327
73,5886
74,2495
74,1281
74,0359
74,3365
73,4739
74,1373
73,8896
73,9479
73,6310
74,0099
74,3595
74,1120
73,8343
73,9860
73,4394
74,4451
73,2402
73,9222
73,5429
73,7460
74,1194
73,6595
73,6102
73,8768
73,3444
73,9887
74,4883
73,5175
74,1905
74,3083
74,4181
74,1817
73,8721
74,0032
74,0868
74,4864
73,4708
73,7997
74,3536
74,0223
74,5114
74,2112
73,8485
73,3167
74,0952
74,0942
74,3865
73,8811
73,8798
74,0832
73,7851
73,6270
73,5778
74,1765
73,2873
73,8962
73,9769
74,1858
73,7157
74,0801
74,3110
73,6770
73,7167
73,4317
73,6592
74,2137
74,0090
73,6686
74,0339
73,5366
73,8328
73,6224
74,6664
74,3727
74,4571
74,1956
74,2567
74,1894
74,1528
73,7708
73,3994
74,1423
74,2379
74,0014
73,9732
73,9317
74,0462
73,5238
73,6475
74,1674
74,0831
74,7132
73,9327
73,9129
74,3549
73,8092
74,4117
73,5707
73,8167
73,4485
74,0954
73,6440
74,3129
74,2685
73,3694
73,2665
73,4010
74,3392
74,0029
73,8167
74,0568
74,2762
73,8271
73,5795
73,9675
74,0592
73,7548
74,0413
74,1433
74,2021
73,7395
73,3372
73,9168
73,8995
73,9718
74,1737
74,2195
74,2491
74,0367
73,6142
73,6343
73,6099
73,6878
74,3059
73,7289
73,8018
73,6715
73,2446
73,9315
73,0639
74,4455
73,5806
73,6405
73,7394
73,8453
73,4401
74,3299
73,6260
74,2384
74,4950
74,0575
73,3116
73,6643
73,7239
73,3061
73,0922
73,1839
74,4659
73,5018
73,3887
74,0534
73,7711
73,7780
74,2526
74,0593
73,9131
73,7302
74,1428
74,0931
74,2550
74,5052
74,0648
74,3679
73,7935
74,1053
74,1446
73,6474
73,6490
73,9122
74,2082
73,5557
73,4470
74,3255
73,7760
73,7146
74,2038
73,8939
73,7290
73,6066
73,8816
73,2520
74,0248
73,9046
74,8056
73,4384
73,6474
73,7910
73,2872
73,2630
74,1385
74,0863
74,4760
73,6975
74,0312
73,6425
73,9482
74,1603
73,8795
73,5451
74,1776
74,2138
74,4113
74,1311
73,9735
74,0877
73,5090
73,9303
73,8860
73,2729
74,3218
73,7472
74,0543
73,7852
74,1084
73,3904
73,8107
73,4957
73,9452
73,7116
73,8592
73,8721
73,4858
73,3472
73,6474
73,8977
72,6984
74,0186
73,3252
74,0627
73,8660
73,6641
73,1715
74,2306
73,5536
73,5808
73,9626
74,5968
73,8757
73,4270
74,3965
73,4229
73,9209
74,3676
73,6464
73,5262
74,0201
74,2763
74,2162
74,4472
74,1164
73,9199
73,5709
73,9026
73,7327
73,8502
73,4861
74,4601
74,5265
73,4863
73,8482
73,4979
73,6586
74,1789
74,6835
74,5849
74,0895
74,0831
74,0071
73,4346
74,0773
73,8739
73,7886
73,4465
73,6344
73,3130
73,4625
74,3649
73,9387
74,4173
74,3330
73,7597
73,6373
74,4188
73,1286
73,8749
73,8933
74,4225
73,2188
73,8276
74,4305
73,6779
73,2765
74,0217
74,1853
73,7572
74,0064
74,2954
74,0601
73,4830
73,6381
73,9030
73,5056
73,6183
73,9845
73,7176
73,8797
73,9987
74,5154
74,1190
73,5373
74,4303
74,2731
74,0935
74,0589
74,4188
73,6090
74,1892
73,9064
74,3644
74,1335
73,8644
74,5313
73,6301
74,0281
73,9974
73,1211
73,9615
73,6251
74,0668
73,3687
73,9988
73,9056
73,6908
74,1089
73,7326
73,6932
74,0412
73,8810
73,2661
74,2177
74,3385
73,8598
74,1262
73,4738
74,2234
72,7497
73,8140
73,7489
73,9810
73,9984
73,7065
73,3499
73,9327
73,3861
73,9860
73,7753
73,6552
73,4209
73,4322
74,1301
73,9795
73,0725
73,7784
74,1868
73,5253
73,7293
74,2294
73,8408
73,2992
74,2125
73,9517
74,0932
74,1386
74,2677
73,8713
73,8307
73,8680
74,0002
74,3911
73,6444
74,5434
74,4903
74,5289
73,1115
73,9334
73,3218
73,8306
73,6032
73,9743
74,1191
73,9665
73,5175
73,5470
74,2284
73,6374
73,9322
73,7200
73,5206
74,0877
74,0918
73,4956
74,0834
73,4642
73,5012
73,4341
73,2222
73,7950
73,1497
73,9065
74,1056
74,2423
74,1493
73,7738
74,0215
74,2993
74,2043
73,5664
73,2616
73,6135
73,7671
73,7428
73,8664
73,9694
74,0080
73,7329
73,4757
74,4003
74,0259
73,8174
73,5938
73,2210
74,1391
73,4288
73,5893
73,7529
74,7624
72,9915
73,6324
74,0311
73,5421
73,8879
74,1712
74,5812
73,7231
74,3208
73,8199
73,7233
74,0787
74,3955
73,4274
75,0342
73,6438
74,5576
74,9968
73,0312
73,6272
74,4717
73,9651
74,4769
73,9209
73,9247
73,0513
74,6758
74,0877
73,5062
73,7459
73,8602
73,4746
73,7255
73,8226
74,0578
74,0529
74,0395
73,5494
74,2412
74,1238
74,2320
74,4238
74,1786
73,8236
74,5194
74,3954
74,0862
73,8636
73,9916
73,8355
73,6098
73,3434
74,1427
74,4516
73,6371
74,1116
73,8729
73,8038
74,4455
74,2264
74,4082
73,9312
73,8844
74,4874
73,9512
73,5186
73,5579
74,3907
74,4467
73,7326
73,7724
74,6227
73,9937
74,6744
73,9691
73,6254
73,4134
73,7174
73,9966
73,7023
73,4101
73,5680
73,9819
73,7068
73,9288
73,9357
74,0184
73,8919
73,7738
73,9321
74,1000
73,8996
73,4330
74,2391
74,4641
74,2894
73,6588
74,0451
74,3175
74,1261
73,2723
74,3985
73,9106
73,5634
74,6641
73,6193
73,9186
73,9179
73,9119
73,7498
73,7603
73,8129
74,1247
73,5177
73,7837
74,6264
72,8636
74,3583
73,7827
73,9586
74,2704
73,3380
73,7366
74,0808
74,3277
73,8716
73,4175
73,9980
73,9253
74,5803
74,0025
74,2841
73,7133
73,7489
73,5658
74,2509
73,3719
74,6205
73,5806
73,7419
74,4680
74,0512
73,4646
73,7808
73,7383
73,8195
74,1227
74,4454
74,0419
73,7432
74,2537
73,6048
73,9370
74,5228
74,1675
74,5404
74,1183
74,0610
73,3995
74,4123
73,6887
73,2399
73,3696
74,4863
73,8470
73,6115
73,8621
73,3774
73,7968
74,0277
73,7713
73,9134
73,8754
74,5682
74,0979
73,8976
74,6548
73,9019
74,1701
73,9242
73,8907
73,8456
73,4871
72,9473
73,4282
74,2200
73,5849
73,5011
73,6369
73,8485
74,0376
74,4337
74,0964
72,7755
74,4933
74,1705
73,9988
74,2628
74,2270
74,2425
72,7380
72,8509
73,1811
73,8023
74,0958
73,0955
73,6005
74,3817
73,8861
74,0718
73,6869
74,6908
74,0707
73,6878
74,3517
73,3662
73,9127
73,9278
73,9863
73,6798
74,3839
74,2100
73,3950
73,9321
74,6365
73,8794
74,3893
73,7166
73,1073
74,0276
74,2657
74,2067
73,6647
74,1129
73,9915
73,3655
74,6551
73,9493
73,5022
74,1996
73,6845
73,6949
73,9669
73,6902
74,1054
73,3426
73,8524
73,6006
74,4239
74,1499
74,5163
73,5039
73,8805
73,2029
73,4016
73,1884
73,8385
74,4664
73,9805
73,2434
73,8966
73,8111
74,2229
73,4700
73,8832
74,0572
74,1049
73,8626
73,8888
74,1736
73,8965
73,6553
73,8195
73,3927
73,6041
74,0083
74,1656
73,6817
73,3872
74,0201
73,3825
74,0496
73,8598
73,8665
73,1152
74,5466
74,5053
74,8799
74,0145
73,3460
73,9858
73,8156
74,1811
73,8153
74,5362
73,4583
73,2957
73,2365
74,2948
73,9953
73,2068
73,7678
74,2250
74,3599
73,7572
73,7867
74,0334
74,0174
74,0738
74,1778
74,2080
74,1254
74,2855
73,2932
73,7643
74,2924
73,5067
73,3424
74,3671
73,9468
73,8576
74,1922
74,0314
73,8416
74,1696
74,4209
74,2173
74,5876
74,0029
74,6528
73,4609
73,4213
73,7333
74,0025
73,4084
74,6467
74,3362
73,7680
73,4289
73,6730
74,1593
74,1767
74,1460
73,8620
73,7143
73,4662
73,4535
73,8656
74,1430
73,2534
73,3690
74,4207
73,6210
74,2431
73,6811
74,1147
73,5549
74,2759
74,4327
74,3856
73,9472
74,2047
74,2044
73,6398
73,6787
73,5268
73,7889
73,6997
73,6439
73,7844
73,1989
73,8749
74,2752
74,1237
74,4646
73,8099
74,2050
74,0461
73,5496
73,2133
73,6360
73,6351
74,2780
74,3556
74,0774
73,9911
74,3003
73,8798
73,9900
73,6511
73,5585
73,5165
73,8026
74,1898
73,6294
73,4722
73,8347
73,9334
74,1005
73,8376
73,7370
73,9404
73,9931
73,6578
73,9426
74,7489
74,1950
73,8841
73,9648
73,0343
73,9715
73,5120
74,0553
73,9861
74,2271
73,9068
73,3083
73,9017
74,1682
74,1299
74,0070
74,1291
74,1715
73,6454
74,1959
73,7097
73,7070
74,3497
73,4207
74,5540
74,3746
73,5292
73,7470
73,5795
73,8216
73,8712
74,2922
74,0958
74,0448
74,2128
74,5062
74,2321
74,2084
74,0006
74,1091
74,1829
73,9977
74,1350
73,6956
73,8545
73,6718
74,1877
73,5422
73,9845
74,4150
73,7428
73,5340
73,5424
74,1502
73,8932
73,8174
73,1991
73,8621
73,9280
73,5841
73,3988
73,8823
73,6826
73,7355
73,4011
73,9532
74,1789
74,3042
73,6409
73,6628
74,0863
73,4702
73,3582
73,7180
74,0042
73,5646
73,1292
74,1514
73,7444
74,1677
73,4320
73,5850
73,8617
73,7691
73,7207
74,0419
74,1855
74,1671
74,1804
73,9486
74,1810
73,5068
73,8699
74,0313
74,2784
73,9170
74,1091
73,9125
74,6951
74,2306
73,4296
73,0470
73,3580
74,3905
73,7851
73,8257
74,3674
73,5303
74,1735
73,5444
73,4728
73,6513
74,3399
74,0117
74,4388
74,4242
74,3196
73,5824
74,0214
74,0267
74,1676
74,3881
74,2160
73,8536
74,1447
73,9415
73,8503
73,9343
73,7365
73,9519
73,3595
73,9207
73,4683
73,7377
73,6766
74,0615
74,1910
74,0252
74,2651
73,8989
74,5813
74,2509
73,9361
73,8358
73,9017
74,0790
73,6139
73,6314
73,6952
73,6145
74,3407
74,6086
73,7818
73,5733
73,9617
73,5151
73,9718
73,3364
73,9701
74,2226
73,5724
73,6072
73,8551
73,4797
73,7557
73,0607
73,6551
73,8975
73,8148
74,0922
74,5759
73,8620
73,4263
73,8077
73,5856
73,9330
73,8496
73,3490
73,8452
74,3496
73,3862
73,6342
73,9118
74,1279
74,0377
73,7753
73,8655
74,0420
74,1789
74,1495
73,9844
74,0558
74,1330
74,1160
73,5655
73,5868
74,3618
74,1412
74,7238
73,9741
73,8808
74,5709
74,0294
73,8350
73,8358
74,4181
73,2154
73,2536
73,3614
73,8714
73,8153
74,0273
73,3354
74,3276
73,3685
73,9765
74,1574
73,5050
74,5517
73,3847
73,4605
73,8860
73,9139
74,2237
74,0912
74,0659
73,4049
73,7705
73,7771
74,1374
73,6844
73,6857
74,4714
73,7400
74,5041
73,8172
74,0174
74,2528
73,7237
73,5860
74,0368
73,8145
74,7821
74,2524
74,0159
74,3602
74,0266
73,9540
74,1256
74,6094
73,9963
73,4135
73,5751
73,9334
74,1707
74,6005
74,3388
73,8619
73,7807
73,1545
73,8696
74,4190
74,0664
74,3937
74,0365
74,2745
74,2466
74,0425
74,2602
73,5664
73,6474
73,8248
73,6917
73,2810
74,6815
73,8983
73,9152
73,3292
73,6298
74,0397
73,4308
73,6018
73,6882
73,6969
74,1221
74,3287
73,5847
74,1388
73,4157
73,7367
74,2733
73,3152
74,2103
73,9806
73,6596
74,1723
73,4864
73,6562
73,8949
73,3779
74,2205
73,2703
74,3117
73,9068
73,7830
73,8053
74,0618
73,4344
73,4503
73,8201
74,3610
73,3955
73,5034
74,0675
73,1695
74,1356
74,8027
73,3290
74,0270
74,0738
73,6532
74,2159
73,9252
74,4311
73,9126
74,0026
74,2898
73,7618
73,4019
73,1394
73,7102
74,0590
73,7959
73,9126
73,5800
73,6319
74,1825
73,9724
73,5042
73,7919
73,6992
73,3433
73,3941
73,6985
73,4905
73,9263
73,9902
73,7765
74,4249
74,2764
74,1660
73,5442
73,7335
73,8508
74,3242
74,2298
73,9030
74,0190
74,2062
72,6931
74,0529
73,1367
73,6586
73,8740
74,5493
73,6277
73,6770
74,1677
74,6199
73,5955
73,6264
74,7645
73,9054
73,5652
73,8567
74,3488
73,1885
73,8474
73,6287
74,2514
73,7814
73,3589
74,4573
74,1649
74,0651
74,0887
74,2476
73,5682
73,3910
73,8495
73,5651
73,8958
73,7539
74,0142
74,0254
74,1598
74,0144
73,7756
73,7949
73,7411
73,8686
74,5285
73,9885
73,9300
73,3239
73,3207
73,9229
73,9080
74,2004
74,6345
73,6574
74,0390
73,8734
74,0195
73,8665
74,0576
73,5545
73,9812
73,8861
73,5828
73,5772
73,9543
74,3932
75,0256
73,9235
73,6824
74,5307
73,9500
73,8416
74,0009
73,9700
73,9650
74,3503
73,2424
73,7951
73,7957
73,0829
73,7800
74,6889
74,3940
73,8386
73,9213
73,9743
74,2337
73,9971
73,7105
73,4696
74,3910
74,4395
73,6984
73,4630
73,5730
74,1036
74,1977
73,7599
73,4358
74,2424
74,2055
73,9391
73,8286
73,8075
73,4298
73,3649
73,8120
73,6560
73,4971
73,5613
73,9977
74,2751
74,0328
73,8687
74,3594
74,1658
74,2963
73,9172
73,6472
73,3911
73,8284
74,4208
73,8041
73,9797
73,8020
74,4879
73,9255
73,7916
74,4474
74,0141
73,5105
73,8803
73,8482
73,9778
73,3461
73,8975
73,6159
73,5200
73,4001
74,2929
74,3086
73,8628
74,5500
74,0680
73,8734
74,2402
73,6353
74,2915
74,1895
73,1386
74,0348
74,4363
73,8308
73,7331
73,5623
73,5285
73,5837
74,2533
74,2357
73,5961
73,6998
74,0804
73,8205
73,2877
74,3286
73,8823
74,0049
73,8782
73,4407
73,8631
73,8556
74,1294
73,7204
74,4573
73,4914
74,1863
74,5226
73,6713
73,7388
73,3330
74,8688
73,1965
74,3350
73,7044
74,0768
73,9598
73,6958
74,4579
73,7777
73,6130
74,1777
73,9031
74,0110
73,4576
74,1460
74,3126
74,1152
74,0338
74,8396
74,1642
73,6634
74,3867
74,2580
73,4268
74,2679
73,9060
74,2412
73,9136
73,7265
73,9608
73,7560
73,6056
74,2928
74,1533
73,8681
73,1738
73,8024
74,3788
74,3917
74,3035
73,5338
74,7860
73,5277
73,8468
73,7255
73,4848
74,0658
73,9292
73,7131
74,5056
73,6220
74,5765
73,9749
74,0724
74,0136
73,8210
73,6273
73,6846
74,3759
73,4059
74,3723
74,2420
74,1457
73,7220
74,1263
73,5829
73,8320
74,6576
74,4788
74,5125
73,6597
74,4383
73,3811
74,1111
74,0186
73,6914
73,7295
73,8682
73,9734
74,2612
73,5411
74,4069
74,1860
73,7300
73,6090
73,8356
73,5840
74,0352
74,2066
74,1505
73,6277
73,5562
73,8606
74,3454
74,2417
73,8553
73,7107
73,7003
73,3344
73,5661
73,8705
74,0743
73,6093
73,5677
73,7708
73,4755
74,1204
74,6009
74,4422
74,1005
74,4182
73,2514
73,4995
73,9267
73,9589
73,7185
74,3149
74,2811
73,5431
74,2783
74,6868
74,1708
74,0688
73,9243
73,9879
73,4924
73,3032
73,2956
73,6505
73,6933
73,6651
73,5009
73,8533
73,6356
73,8114
73,7732
73,6405
73,3225
74,2242
73,9429
73,2438
73,9429
73,7359
74,0874
73,2845
74,3774
74,5247
74,6841
74,3473
73,5666
73,4838
73,6500
73,3882
74,2332
74,1896
73,8840
73,9133
73,9435
73,6920
73,8190
73,8649
73,4839
73,6996
73,9777
73,8844
73,7466
73,4934
73,9982
73,9079
74,2868
73,6141
73,9746
74,1139
73,8580
73,6814
73,8540
73,5631
74,0487
73,3932
73,2181
73,9322
74,0173
73,8594
74,0996
73,8987
73,7628
73,3318
74,3255
74,2824
73,9716
73,4088
74,0935
74,4105
73,8456
73,7006
73,2755
73,7584
73,7692
73,5566
73,7572
74,1412
74,2063
74,3645
73,7870
73,7088
74,3303
73,8191
73,6373
74,0071
74,0128
73,1854
73,1343
74,0043
73,9422
74,6378
73,6968
73,9840
73,6379
73,3322
73,5587
74,1094
73,7619
73,1497
73,9787
73,9831
74,0129
73,3727
73,5509
74,9251
73,6456
73,7233
73,9541
73,9066
74,1482
73,4745
74,4913
73,8963
73,4167
73,8492
73,8119
72,9937
73,6193
73,2919
73,6352
73,5217
74,1585
73,1453
73,8442
73,3878
74,2658
74,0626
73,7194
73,5234
73,9715
74,2920
73,8348
73,4407
73,7136
74,2461
73,5302
73,7468
74,0371
73,5132
74,2073
73,3211
73,4252
73,5739
74,3925
74,0223
73,6451
74,3670
74,3747
74,1448
73,7247
73,2280
73,5175
73,8652
73,4939
73,4665
73,8908
74,2095
73,7657
74,4318
74,0899
73,6801
73,9766
73,8256
74,3487
74,2957
74,0076
74,2292
73,9375
73,9360
73,1766
73,5834
73,5957
73,7733
74,3592
74,2262
73,5353
74,1717
73,5803
73,3226
73,3230
73,5534
74,8333
73,7669
74,5227
73,6561
73,5392
74,0956
74,2579
74,1007
72,6397
74,5410
74,0430
73,9742
74,2428
73,7214
73,4806
73,7651
73,5349
74,5752
74,0928
73,7901
73,7817
73,9890
73,8662
73,5807
73,9646
74,8003
73,9734
73,9808
74,1711
73,5872
74,4256
74,1822
73,4437
73,7620
74,2983
73,4954
73,3524
73,7960
73,6892
73,5168
74,0970
74,2010
74,0222
73,2543
73,7293
73,5491
73,8543
74,1431
73,9770
73,8431
73,9913
74,5702
73,0846
74,1873
73,8937
73,8923
74,1453
73,9848
73,9934
74,1990
73,5716
73,9029
73,3372
73,9750
74,1524
74,2467
74,1564
73,2091
73,5282
73,7247
73,4015
73,2187
73,8571
73,9147
73,8406
73,8561
73,7655
73,4405
73,3150
73,9965
72,9473
74,6957
73,5504
73,8982
73,8913
73,9865
74,0060
73,8887
73,9590
74,2168
74,0766
73,7371
73,6745
73,4549
73,3388
73,8797
73,6448
74,2202
73,8114
73,6011
73,7824
74,0458
73,3612
73,7861
73,5993
73,3943
73,2437
74,1182
73,9531
74,0971
74,7065
74,0163
74,2193
73,8317
74,1774
73,6238
73,8560
74,4577
73,2685
73,7995
73,2573
73,8023
74,8332
73,9605
73,9237
73,5136
73,4590
73,4497
73,6848
73,7063
73,9681
74,0572
73,9390
74,2380
73,6352
73,5774
73,4054
73,7545
73,8769
74,0156
73,9917
73,9210
73,3572
74,0343
74,2365
73,5896
74,6872
73,8601
73,6372
74,2322
73,5163
73,1281
73,8868
74,5279
73,7444
74,2009
74,2487
74,4004
74,0157
74,4435
74,0933
74,2077
73,6894
73,6398
73,3580
74,4009
74,1214
73,4187
73,0882
74,6104
73,9598
74,1350
73,5514
73,8468
74,3780
74,0712
73,8241
74,5632
74,4815
73,3903
73,5891
73,7224
73,8446
73,8012
73,9518
73,6138
73,6156
73,8961
73,9286
73,8031
73,5483
73,7608
73,0419
73,7993
73,3112
74,0045
73,5760
74,2335
73,3890
73,9677
74,0000
74,5770
74,4060
74,6222
73,7300
74,6131
73,8092
74,0161
74,4136
73,5839
73,8991
74,3850
73,8915
74,3171
73,7735
73,9796
74,3927
73,7128
74,3313
73,5856
73,3295
73,9637
73,7719
73,3866
74,2008
73,9489
73,6626
73,3402
74,2303
74,0884
73,5158
74,0726
73,5039
73,9199
73,9803
74,6154
73,9664
74,3586
73,3558
74,1783
74,5448
73,5458
73,7122
73,7273
74,0155
73,3963
73,6897
74,0346
73,8068
73,7853
74,2122
73,5001
74,5192
74,0622
74,6093
74,2006
74,2716
73,3879
74,0700
73,4693
74,2468
74,3480
73,5712
74,2463
74,0919
73,6060
73,6428
74,2763
73,9472
73,8221
73,3532
73,9954
73,2458
74,7176
73,8376
74,0056
73,6300
74,2600
73,4556
74,0810
73,9885
74,1804
73,5199
73,9651
73,7056
74,0440
73,9035
74,5365
73,9794
73,6892
74,2941
73,5737
73,9548
74,0833
73,5495
73,4202
73,5235
74,7599
74,2372
73,6215
73,2867
73,6509
73,8158
73,5697
73,9020
73,4694
74,6526
74,4203
73,6397
73,5509
74,3296
73,4223
73,4687
72,8758
73,3261
74,5461
74,8058
73,9622
74,2000
73,6908
74,2531
73,3175
73,9392
73,9585
73,3266
73,4198
73,3360
74,0742
74,0550
74,0178
74,6583
73,3948
73,6754
73,9847
74,0129
73,4164
74,0529
73,7779
73,8743
73,8999
73,8087
73,6436
73,4674
73,4192
74,2191
74,7343
73,9739
74,1097
73,4318
74,1213
73,6201
74,0273
73,3268
74,0915
73,5506
72,9591
73,6983
73,8943
73,8527
74,2933
73,3512
74,2278
74,3507
73,7392
74,1818
73,9725
73,9744
73,5194
74,4402
73,7411
74,1505
74,1460
74,2283
74,6862
74,1761
73,5674
73,8345
74,2167
73,7848
74,0518
73,3882
73,4025
73,7466
74,5793
73,9284
73,6109
73,7266
74,2769
73,9764
74,1790
74,3202
73,8582
73,8249
73,8783
73,7384
73,5322
74,3359
73,9430
74,1158
73,7547
73,5250
73,7325
73,8433
73,7387
74,0263
74,1183
74,0125
73,5009
74,7534
73,8928
73,8502
73,3590
73,7417
74,1685
73,6959
74,2282
74,2708
73,5834
73,7856
73,8744
73,5418
73,9866
74,0227
73,9661
73,8619
73,4672
73,6989
73,6923
73,9807
74,2238
73,3785
73,1345
73,5878
73,2922
73,8565
74,4252
74,0378
73,3946
73,8912
73,5645
73,2823
73,6574
73,7213
73,9863
73,0400
73,6447
73,7824
73,9721
73,8022
73,1445
73,7690
73,8450
73,5742
74,0492
73,6460
74,3942
73,4120
74,3152
73,7417
74,0507
74,0122
73,9219
73,4338
74,2373
73,3920
74,2496
74,4200
73,9305
73,9240
73,1544
74,2849
73,2124
72,9659
73,9594
73,5459
73,9085
73,4218
73,7495
73,6765
73,0498
73,9647
73,9518
74,6914
73,3902
73,8894
73,2892
74,2881
74,3181
73,5728
73,3051
74,2116
74,0983
73,8365
74,3246
74,1245
73,8303
74,3351
73,7489
73,3807
73,9329
74,3340
74,4183
73,9750
73,7554
73,6584
74,7103
74,3293
73,8840
73,7679
74,2060
74,1104
74,0010
74,0440
73,7019
73,3700
73,6993
74,3205
74,2075
73,4414
74,4767
74,0972
74,4378
74,3475
73,8349
73,8422
73,8896
74,2355
74,4324
73,9594
73,7646
74,2427
74,0519
74,2979
73,8286
74,2127
74,1190
73,7776
73,3620
73,6700
73,4200
74,1133
74,4153
72,8831
75,0069
73,6214
73,6211
73,5645
73,9293
73,8451
73,8150
74,2786
74,0358
73,1250
74,6631
73,8235
74,2694
73,8589
73,9138
74,0209
74,8301
73,4592
74,1871
73,7904
74,5451
73,8406
74,1635
75,0301
73,6287
74,4360
74,6750
73,6036
74,2907
73,4707
73,5679
74,0999
73,7594
74,4047
74,3372
74,0130
73,5538
74,2074
74,3429
73,7552
74,2776
74,0814
73,7645
74,4465
73,8271
74,0812
74,1559
73,4267
74,4994
74,2246
73,9595
73,8583
74,2632
73,8162
74,0761
74,1686
74,1055
74,4314
73,8561
73,0914
73,9376
74,3584
74,3486
73,6687
73,5504
74,1113
73,4339
73,8732
74,3302
74,3998
74,1256
73,5617
73,8819
73,8827
73,9557
73,9984
73,9365
74,1568
74,1673
74,1069
74,0079
73,1146
74,2458
73,6347
75,0332
73,5614
74,3002
73,6516
74,6813
74,7755
73,8800
73,7133
73,4275
73,9685
74,3691
74,2088
73,3180
73,9140
74,1166
74,7102
73,5391
73,7998
74,0175
74,3925
74,5339
73,8968
73,6973
74,0797
73,5447
73,4904
74,1573
72,8899
73,9395
72,7625
73,9551
73,6450
73,8157
73,3354
73,4126
74,1444
73,7712
73,5099
73,7857
73,8979
73,4232
73,5392
74,2914
73,7279
73,5141
73,9865
73,4447
73,4043
73,8542
73,9801
73,7325
73,7466
73,8291
74,6196
74,3613
74,0846
73,9364
74,8683
74,4720
73,9455
73,9489
74,1463
73,5377
73,7152
74,0608
73,6400
73,6834
74,2325
73,9467
73,2672
73,6881
73,7053
74,0926
74,0694
73,7277
73,6168
73,8589
73,7758
73,6769
73,9991
73,4503
73,8379
74,5719
74,1509
73,3602
73,1996
74,8514
73,5774
73,7529
74,7173
74,1269
73,4114
74,4854
72,9816
74,4520
73,7812
73,9800
74,9713
74,4132
73,4520
74,0614
74,3959
74,2138
73,6719
74,1712
74,1894
73,3466
74,2627
73,6644
74,0654
73,5864
73,9565
73,9581
74,0567
73,2408
74,4803
73,0222
73,6891
73,5630
73,5879
73,8248
74,4576
73,9298
73,5527
74,1463
73,4623
74,1617
73,9050
74,8746
73,7043
73,6426
74,0539
73,8665
73,8654
73,7619
74,6541
74,0040
73,6634
73,8422
73,9130
74,0388
74,5694
74,1440
73,3911
73,9407
73,7046
73,9495
73,6166
74,0165
74,0319
73,9505
73,8595
73,7742
74,0600
73,9636
73,5274
74,2394
74,1134
73,7416
74,0295
73,8184
74,3927
74,3828
73,4088
73,2540
73,6464
74,0365
73,8954
74,1405
74,1333
73,8963
73,5974
73,4683
74,4012
74,3598
73,0884
74,2415
74,0045
74,2695
73,9719
73,6628
73,6727
73,8436
73,5214
74,2809
73,8356
74,2288
73,5692
73,7374
74,0438
73,3796
73,7910
74,1341
74,5026
74,1450
73,6509
73,8628
73,7941
73,3392
74,4106
74,4876
73,1828
74,0738
73,8780
73,8957
74,3771
74,0140
73,8051
73,8256
73,1410
73,6145
73,4027
73,9402
74,2552
74,0385
73,6736
73,3657
73,8220
74,0250
73,4491
73,6346
74,0718
73,6337
74,1475
74,1351
74,4462
73,8537
73,9631
74,0372
73,4573
73,7706
74,1112
74,0282
74,0682
74,1760
73,4144
73,3127
74,0996
73,8029
73,9850
74,4615
74,2347
74,1956
73,5118
74,2119
73,3089
74,5277
73,2019
74,5737
74,6265
73,9857
73,4634
73,8700
73,8459
74,5453
74,6898
74,4091
73,8460
73,7174
73,3091
73,8216
74,2850
74,0850
74,3186
74,2700
74,2910
73,8746
74,1912
73,9208
74,3797
73,4426
73,7667
73,7638
73,9596
74,4136
73,9966
74,0120
74,0551
74,0534
73,9418
73,5605
73,9643
73,3409
73,8003
73,8487
73,5230
74,1848
73,6660
73,9558
74,5083
73,4495
74,3140
74,2797
73,8242
73,9708
74,2669
74,0981
73,7405
74,2049
74,2487
74,0485
73,4873
74,2932
73,8342
74,5079
74,0488
73,5816
73,4767
73,1719
74,4302
74,1591
73,2609
74,0625
73,9071
73,8380
73,8598
73,7657
73,8460
74,2232
74,0733
73,8809
73,8796
73,3271
74,3649
73,6669
74,1521
74,3708
73,5294
74,1365
73,7984
72,9494
74,3795
74,3090
73,6888
73,8542
73,8684
73,5982
73,4998
74,5361
74,1060
74,0346
73,6375
74,3379
74,3991
73,9982
73,9984
73,8597
73,8065
73,9732
73,6045
73,4208
73,2864
73,8594
73,7507
73,1827
73,9570
74,4426
73,7262
74,2602
73,9184
73,5033
74,7239
73,8925
74,0780
74,0061
74,3209
73,7177
74,4164
74,1625
74,0646
73,2293
74,0463
73,8961
73,8711
73,8372
74,0264
74,2756
74,5480
74,7644
73,6487
73,8634
73,6990
74,4576
73,9428
74,5779
73,9482
73,9054
74,2199
74,4404
74,3607
74,2248
73,1680
74,1151
74,1349
73,8132
74,3790
73,4251
73,7160
74,7205
74,7895
74,2319
73,4941
74,2086
74,3453
74,2946
73,2403
73,6433
74,0485
73,0683
74,0994
73,6433
73,5349
74,1402
73,7398
73,6498
74,0984
73,8706
73,8713
73,0141
74,4207
74,5069
73,4422
73,5050
73,3826
74,1071
74,1990
73,7123
73,7960
73,6633
74,1918
74,1869
74,4572
73,8161
74,3184
74,1694
73,7716
74,0758
73,8957
73,3631
73,0052
74,4093
73,2798
74,3736
73,9151
73,9584
74,7683
73,3239
74,0032
74,0023
73,1696
73,8130
73,5527
73,6029
73,7238
73,8698
73,3888
73,1750
73,5868
73,7958
74,3435
73,6246
73,7163
73,7875
73,7381
73,6504
74,2940
73,9119
73,5396
74,1905
73,9505
74,5973
74,1338
74,0451
73,7292
74,8769
73,8491
73,7705
74,1281
74,4585
74,5778
73,5398
73,4824
73,7352
74,4365
73,7154
74,3310
73,6286
74,1540
73,7104
73,8768
73,7988
73,4669
74,4273
73,8707
74,7773
73,6538
73,9896
73,8064
74,0688
74,2955
74,0442
74,1971
73,8764
74,1278
73,3727
74,1387
74,1041
73,3165
74,3289
74,5005
73,7394
74,2080
74,1730
74,3023
73,8104
73,9435
73,4978
73,2939
73,9457
73,7888
74,2439
73,8968
73,8617
73,6149
73,7817
74,2119
74,1788
74,1827
73,3069
73,6505
73,7097
73,4307
73,6832
73,5896
73,3679
74,1866
73,6508
73,5412
73,3830
73,8455
73,9468
73,4563
73,5995
73,2001
74,0978
73,1146
73,1142
74,1606
73,8037
73,9567
73,4703
74,0111
73,7202
74,0413
73,7444
73,0703
73,8661
74,1675
73,1428
73,8128
73,3414
74,5905
73,6584
73,7799
73,5133
74,5692
73,1383
74,0490
73,7931
74,0914
74,2839
74,3294
73,9359
73,8928
73,3835
73,6099
73,3232
73,7699
73,3358
73,8743
73,7996
74,4046
74,3083
73,7685
74,4463
73,8388
73,4603
74,5188
73,6051
73,7940
74,4001
73,6904
73,5526
73,6277
74,0283
73,4164
73,5222
74,3543
74,1991
73,7755
74,0408
73,5199
73,5590
73,7336
74,1829
73,8018
74,1003
74,5156
73,7496
73,6727
74,0018
73,6286
73,8305
74,1290
74,2290
73,9423
73,2946
74,4792
73,7761
74,0094
74,6760
74,0352
74,1261
73,7332
73,8730
74,4750
73,5336
74,2222
74,0175
73,6514
73,3879
73,5902
73,8771
73,5705
74,2255
74,4358
73,7201
73,5900
73,6317
73,9106
73,9937
73,6782
74,1111
73,4322
73,9773
74,5213
73,6291
73,8941
73,3705
73,9321
73,8955
74,2888
74,3373
74,0380
73,6630
74,3600
73,6922
74,4765
74,4200
73,7022
73,8828
74,0522
73,9005
73,6517
72,8853
73,9489
73,6037
73,4024
73,4848
74,3275
74,0412
74,0378
73,4915
74,0727
73,7827
73,9751
74,2571
74,0014
73,6996
73,9761
73,7847
73,3413
74,2034
74,0876
74,1248
74,2462
74,1686
74,0173
73,6610
73,8537
73,6812
74,4188
73,7022
73,4762
73,7865
74,0790
74,1090
74,1061
73,6153
74,0522
73,7988
73,6837
73,7698
73,8219
74,0005
74,1508
74,1056
73,7224
74,0693
73,1607
74,0928
73,8482
73,7309
73,6138
74,0561
74,1167
74,3353
73,9119
73,5454
73,2383
73,9506
73,2423
74,0862
73,7002
73,6690
74,6658
73,7800
73,7272
73,3910
73,6189
73,7292
73,3841
74,1778
73,6209
73,8523
73,8021
73,9989
73,7308
72,7449
74,8754
75,0857
74,3873
73,7250
73,7534
73,4474
73,6404
74,0642
74,1695
74,1379
74,1845
74,1352
73,2353
74,1381
73,7119
73,6834
74,0353
73,5591
73,3436
74,0652
73,8944
74,0934
73,5130
73,8474
74,4322
73,5793
73,7801
74,0606
74,3583
72,9954
73,8291
74,3612
73,9732
73,6768
74,3217
73,8708
74,0800
73,3093
73,9269
74,0462
73,6246
73,4159
74,2771
74,3642
73,8462
74,2379
74,2716
74,3464
74,6572
73,6137
74,2460
73,9371
74,0879
73,5270
73,9467
74,0216
73,6412
74,5912
73,9253
73,8832
73,9507
73,4455
74,4795
74,0090
74,2626
74,3794
73,8487
73,8518
73,2180
73,9373
74,3360
73,8309
73,6877
73,3247
73,8712
73,9550
74,8181
73,8890
73,9418
73,9128
74,3668
73,8231
74,0868
74,1086
74,0175
73,4238
74,1198
74,3099
73,6155
73,4663
74,0589
74,3348
73,8476
74,0815
73,7486
74,4260
73,9166
74,4923
74,1880
74,1380
74,2935
73,3612
74,2790
73,2476
73,9229
74,0953
74,1660
73,8616
73,7136
74,1492
73,6517
74,1121
74,0317
74,2764
73,7299
73,5000
73,7013
72,6145
74,3943
73,8732
73,8923
74,3905
73,7627
74,5861
74,1279
73,6842
73,7177
73,7197
73,9552
74,2325
73,5181
73,9807
73,8415
73,8629
73,1750
73,4572
73,3169
74,2379
73,3026
73,7400
73,6908
73,8775
74,3161
73,4571
73,8393
73,5267
74,0191
73,3732
74,5395
74,3951
73,8413
73,4425
74,2186
73,9342
74,0395
74,3628
73,9541
74,1251
74,0537
74,0663
74,1611
74,1492
73,8803
74,2645
73,8016
73,6144
73,6845
72,9171
73,9264
73,8847
73,5986
74,7010
73,5385
73,7638
73,3341
74,0617
73,5846
73,8012
73,7585
74,3329
74,2388
74,2658
72,9968
74,1119
73,7611
74,0814
72,9836
74,4691
73,2972
74,3644
73,8566
74,1773
73,7650
74,7916
74,1902
72,7652
74,1796
74,9006
73,9811
73,9404
74,0641
74,2572
73,6152
73,8942
73,5496
74,1246
74,2140
74,3710
73,3904
73,6050
73,0663
74,1074
73,1994
73,9674
74,2944
74,1774
73,7136
74,3868
73,5606
73,7140
74,1307
73,8995
73,6902
74,0876
73,8129
74,0182
74,5762
73,3834
74,3067
73,8994
74,2322
74,0463
73,6417
73,8607
73,7803
73,2610
73,8023
73,1801
73,6527
73,6220
73,9129
73,7806
74,1130
73,5821
74,1326
74,4945
73,9342
74,1802
74,4823
73,7893
74,1193
74,2638
74,3834
73,9377
74,3274
74,2072
73,6215
74,6207
73,2386
74,4492
74,1072
74,2000
74,2898
73,8756
74,4098
73,6311
73,5242
73,9020
74,6011
73,3564
74,1938
73,1602
73,6966
73,9293
74,2278
74,5014
73,9105
73,7820
73,8767
73,4245
73,9412
73,7205
74,0114
74,1975
73,5770
73,7807
73,9508
74,2421
73,9239
73,7675
73,5599
73,8960
74,8831
73,4516
74,0925
73,8060
73,9766
73,7423
74,5908
73,8281
73,3678
73,6212
73,5212
74,1810
73,2176
74,1684
74,0209
73,3460
74,4463
74,0401
73,6341
74,8354
73,9623
73,4875
73,9628
73,3383
74,0436
73,9341
74,0050
73,7618
74,7228
73,9724
73,2091
74,0750
73,9550
74,2969
74,1119
73,5343
73,8307
73,9731
74,3299
73,3610
73,7049
73,8796
74,3733
73,8999
74,2306
74,1540
73,9205
73,4916
73,6203
73,3307
73,9940
73,6826
74,2355
74,6094
73,3775
73,6392
74,2744
73,5521
74,0753
74,0813
74,3201
73,8563
73,9921
73,7792
73,7477
73,8690
74,5015
73,7162
73,9852
74,1268
73,8069
73,4944
73,9183
73,3029
73,6115
73,4432
74,0945
73,6010
74,0585
73,7988
74,3781
73,9111
73,7201
74,0510
73,5178
73,5943
73,7574
74,0333
74,5981
73,3111
74,1341
73,5510
74,0816
73,5822
74,5058
73,7736
73,8532
73,8359
73,7577
73,9373
73,3910
74,0338
74,4895
73,5508
73,9309
74,4077
74,3981
73,5571
73,6045
73,5485
74,0422
73,5894
74,1833
73,8471
73,9662
74,1940
74,2262
74,0985
73,3245
74,6499
74,0346
73,8812
73,5470
73,8574
74,2875
74,4140
73,9642
74,1010
73,3971
74,2597
74,2580
73,9909
74,0909
73,6878
74,6877
73,9349
73,9809
73,2979
73,4240
74,3845
74,3427
73,9256
73,8170
73,8675
74,3143
73,9167
74,4660
74,1948
73,5137
73,9019
74,0257
74,6163
73,4612
74,1038
74,1062
74,1508
73,6096
73,3430
73,8792
73,5588
73,5492
74,0856
74,1931
73,9181
74,1576
73,9937
74,2781
73,6296
73,5005
73,1770
74,1801
73,8989
73,7940
74,4905
74,5044
73,3103
73,9046
73,8974
74,4886
74,2795
74,0412
74,2190
73,8444
73,3154
73,3633
74,3176
74,1843
73,5022
74,0385
74,2553
74,0894
74,0451
73,7173
73,2428
74,1991
74,9596
73,9452
73,6089
74,3972
73,5551
73,8225
73,7548
73,8304
73,4510
74,0804
74,3713
74,6838
74,4416
74,6647
74,3244
73,7776
73,6570
74,2160
73,8730
73,8696
74,0193
73,6198
74,3394
74,2198
74,1180
72,5922
73,4968
74,7410
73,1454
74,2434
73,4398
73,3047
74,0600
73,7782
73,2806
73,4860
74,2395
74,1918
73,5966
73,7043
73,8671
74,0647
74,1335
73,8023
73,9342
73,7883
73,9052
73,8308
73,8881
74,0929
74,4889
74,0476
74,0587
73,6308
73,5371
73,8850
73,9122
73,8258
73,5716
74,3607
73,6110
73,6908
73,8704
73,4642
73,0882
73,6638
73,7880
74,4520
73,5215
74,3055
74,2871
73,6604
72,9235
74,2266
73,5477
73,7727
73,7737
73,9755
73,6503
73,2389
74,1453
74,5398
73,4151
73,4701
73,8692
73,4403
74,2502
73,7414
74,0386
73,8292
73,4824
74,1981
74,1084
73,7299
73,7527
74,2694
73,5452
73,9757
73,7362
74,4954
74,3341
73,8078
73,6870
74,0545
73,9763
73,4519
73,9709
73,5934
74,1587
74,3103
73,9322
73,3414
73,8261
73,6782
73,7951
74,5139
73,8361
73,6474
74,0749
74,1942
73,4075
74,7349
73,6411
73,6632
73,5889
73,6977
74,0751
73,9892
73,5721
74,6745
73,9466
73,9740
73,5628
73,4616
73,4349
74,3296
74,3057
74,5610
74,0089
73,8930
74,5160
73,7123
74,1594
73,7644
73,8148
73,6338
73,8230
74,4600
73,4502
73,9365
73,7894
73,8811
73,8023
73,6893
73,8754
74,4350
73,8052
74,6159
73,4690
74,0035
73,8635
73,6123
73,5364
74,1800
73,1859
74,1742
74,5583
73,5791
73,9975
74,3005
74,0295
74,4465
74,3806
73,8242
74,3119
74,0967
73,7937
73,7360
74,4199
73,5119
74,1305
74,1572
73,8933
72,4786
73,7783
73,8512
73,6871
74,3009
74,1761
73,8081
74,5937
73,5463
74,3041
74,1699
73,5025
74,0673
73,5305
74,8731
73,3502
73,3967
73,5400
74,2381
74,0419
74,0232
73,8632
73,9263
73,9124
74,0780
74,1494
73,3086
73,9346
74,0955
74,0354
73,7734
73,6649
74,4578
74,0843
73,2931
73,5591
73,8099
74,2836
73,9740
74,3952
73,6603
74,0918
73,6772
74,1435
74,1224
73,7120
74,0781
73,7073
73,8761
73,3209
73,6708
73,4776
73,4870
73,8106
73,8731
73,9404
74,2235
74,0893
73,5523
74,2116
74,0798
74,2092
74,3251
73,9981
73,4113
74,0716
73,1675
73,8592
73,1182
73,7790
73,5282
74,8736
74,0637
73,9860
74,3306
74,5447
74,5224
73,3238
74,1770
73,4735
73,6919
73,5361
74,2792
73,7372
74,5659
73,8410
73,8706
73,5632
74,1972
74,4436
74,5582
73,8568
73,1879
73,8108
73,9284
73,6416
74,3967
73,7301
73,7867
73,9336
74,1521
73,3681
74,1339
73,6143
73,6396
73,6669
74,0509
73,2202
74,3614
74,4085
74,1824
74,2125
74,2104
73,6087
74,0545
74,0930
73,5133
74,4043
74,0045
73,8156
73,6050
72,8952
73,8694
73,7280
74,3391
74,4363
74,1515
73,7135
73,2837
73,8795
73,5153
73,4772
74,2116
73,8279
73,1608
74,9086
73,7474
73,8172
74,0147
73,8430
73,9858
74,2400
73,9976
74,6392
73,6915
73,4429
74,7236
73,6884
74,0842
73,8401
74,0452
74,5607
73,5919
73,1813
74,1272
74,6650
73,6429
73,6486
73,8167
74,1698
74,3399
74,1310
73,4861
73,7636
73,6372
74,0219
73,6019
73,9334
73,6838
73,5602
73,8155
73,4925
73,3746
73,8892
74,2342
74,1856
74,0024
73,7555
74,3218
73,2486
73,5605
73,7161
73,3410
73,5267
73,7298
73,5476
73,7808
73,0874
74,1600
74,5866
74,7243
73,9044
74,4906
73,8411
74,0504
74,2001
74,4366
74,2114
73,6091
73,9170
73,7346
73,7049
74,0927
73,4249
73,1951
73,8325
73,4222
73,7626
73,4339
73,7642
73,2631
74,1106
73,5621
74,2748
73,7602
74,2339
73,6254
73,6791
74,3868
73,8306
73,3516
73,0480
74,0107
73,5901
74,7846
74,2715
74,4108
74,3958
74,1763
73,9143
73,4846
74,1611
73,2396
74,0392
73,7866
73,7958
73,9506
73,6390
73,8876
73,5354
73,9428
74,2630
73,8179
73,9119
73,9320
74,0767
74,4435
74,0204
74,2187
73,2273
73,8613
73,7245
74,6920
73,8909
74,0655
74,0266
73,6427
72,9554
74,0352
74,0258
73,5959
73,8456
73,4701
73,5341
74,1396
74,1061
74,1369
72,9195
73,9125
73,1628
73,8786
73,8808
73,5011
73,6470
73,7360
73,8492
74,2234
74,1677
74,8450
73,7561
74,1745
74,2293
73,4425
72,7701
74,0933
74,4070
73,1875
73,2504
74,0487
73,8153
73,8349
73,8600
73,6106
74,0272
74,7800
73,0439
73,6459
73,9054
73,8694
74,0045
73,8515
73,7524
74,3304
74,1186
73,6414
74,5626
73,9217
73,9899
74,1046
74,6492
74,6025
73,3482
72,9490
74,4242
74,0291
73,5840
73,9552
74,3864
73,5222
73,8738
73,7929
73,7102
74,0249
73,9329
73,1286
74,3840
73,9785
74,2291
73,3340
74,0983
74,6960
74,2744
73,7262
73,5213
73,6717
73,5640
74,5453
73,4895
73,7379
73,9564
73,9908
74,4832
74,3880
73,7955
73,7655
74,0890
73,3581
73,4537
74,0908
74,1782
74,2050
73,4490
73,6995
74,4890
74,7550
73,7958
73,8115
74,1145
74,1978
73,6138
74,2276
73,7039
73,0294
73,7291
73,8924
74,0782
73,9880
73,7032
74,1831
73,9222
74,4072
74,1612
73,8706
73,4691
73,3349
73,4600
73,3440
74,2892
73,8101
73,0310
74,2078
73,7638
73,6479
73,6229
73,9846
73,4672
73,7287
74,5759
73,5038
73,3488
74,2432
73,8938
73,3496
73,7010
74,7459
74,0107
74,7451
74,4905
73,7280
74,1800
73,6919
73,6377
73,9967
72,8145
74,0391
73,9124
74,7236
74,2064
74,0270
74,0706
73,8915
73,7146
74,0319
74,0732
74,1678
73,3040
73,5087
74,1624
73,9744
74,3748
73,8822
73,8494
74,0224
73,8089
73,3795
73,8225
73,7707
73,9705
73,4891
73,7004
73,5781
73,5361
73,1795
73,1589
73,6093
73,5168
74,1020
74,0419
74,4858
73,6723
73,4909
73,2800
73,3351
74,6726
73,8109
73,4671
73,2766
73,4891
73,8220
73,9237
73,7041
73,7349
73,6679
73,1720
74,0474
74,1362
73,9450
73,8011
73,9340
73,5597
73,7261
73,9532
73,9981
73,3872
74,8743
73,8298
74,2167
73,5707
74,4243
74,2360
74,0153
74,4740
73,7618
74,1057
73,6901
73,4846
74,1788
73,1556
74,2421
73,8428
73,9730
74,4370
74,3802
73,6550
73,3044
73,8198
74,7145
73,5191
74,0706
74,3412
74,2887
73,9046
73,8986
74,5735
74,4533
73,5155
73,6437
74,1095
74,0971
73,9997
73,7950
74,0660
73,7860
73,9811
74,2445
74,4164
74,1293
73,7274
73,4488
73,7168
73,5569
73,9389
73,2823
73,5562
73,8972
73,6932
73,6195
73,5992
73,4020
74,5104
73,7375
73,4044
74,1711
73,5167
74,2421
74,0123
73,2973
74,9146
74,1131
74,7688
74,3502
73,6036
74,0155
73,8648
73,8271
74,3930
74,6308
72,9303
73,3692
74,3825
74,1600
73,8515
74,1731
73,8903
73,8482
74,4326
74,0274
74,0737
73,9074
73,9608
73,7110
74,1659
73,2101
73,7392
73,6445
73,7045
73,9385
73,6937
74,3168
73,7792
74,0036
74,1918
73,6987
74,2317
74,0620
74,0222
73,6848
73,1545
73,5740
73,9537
73,3158
73,8764
73,9924
73,9556
74,2567
74,0524
74,2969
73,8695
74,3030
74,4361
73,9078
73,6142
74,3899
73,2477
73,3347
74,0885
73,5238
73,6417
74,0612
74,3660
73,9263
73,6742
73,7442
74,5292
74,1162
74,2103
74,0689
73,2621
73,6425
74,0764
74,5023
74,2076
74,4090
72,9561
73,5823
73,7634
74,1524
73,6325
73,7176
74,0602
73,7686
73,7916
73,1413
73,5402
73,7703
73,5703
74,0200
74,1032
73,4540
74,5262
73,8833
73,7426
74,3504
74,1514
73,8648
74,8444
73,5755
73,7376
73,3969
74,5683
73,9122
73,5587
74,2326
74,2016
73,5682
74,0395
73,7530
73,5961
74,1531
73,7543
73,4078
74,1633
73,9514
73,7881
74,2820
73,6771
73,6433
73,9535
73,4621
74,0405
73,7584
74,1476
73,4324
74,2866
73,7922
73,9390
73,0680
73,7511
73,8058
73,8669
74,1111
74,0503
73,6966
74,0146
74,7150
73,6878
73,9496
73,7757
74,2270
74,1795
73,2516
73,9289
74,4366
73,7402
74,3847
74,3295
74,6521
74,0835
73,4332
73,8465
73,4730
74,4219
74,3190
74,4171
74,0434
74,5258
73,4174
73,8875
74,0011
74,1920
73,7618
73,4089
73,4062
73,9278
74,0885
73,5456
74,4101
74,7173
73,5559
74,3763
73,8066
74,0153
74,2153
73,5948
73,7005
73,7814
73,6282
73,6211
74,5017
73,8132
73,5854
73,5225
73,7527
73,7874
73,3046
73,1590
74,1001
74,8507
74,5658
73,7712
73,6430
74,2681
73,8757
73,8773
74,1407
73,2424
73,5975
74,2118
74,4224
73,9809
73,7402
74,5017
73,4007
73,8368
74,0727
73,4124
73,6652
73,6070
74,2769
73,0003
73,2841
73,8116
73,7609
73,5164
74,0318
73,8136
73,6065
74,4893
73,6108
74,4806
73,7772
73,4860
73,6610
73,7681
74,3764
74,2959
74,0194
73,8594
74,2218
73,6863
74,0158
74,4146
74,2537
74,3451
73,9547
73,6601
73,9793
73,5449
73,9492
73,9551
73,2219
73,6874
73,8668
73,8388
74,2412
73,8826
73,3909
73,9401
73,9900
73,4805
74,4607
74,1505
73,8093
74,1729
73,8442
73,9998
73,8679
73,5839
73,4328
73,8763
73,3344
73,8385
74,1398
73,5082
73,8989
73,6981
72,8948
74,2972
74,3084
74,1864
73,9357
74,3702
73,9604
73,4246
73,0513
73,4754
74,7652
74,0359
73,8134
74,7835
74,1137
74,5233
74,0051
74,1635
74,0218
73,9752
74,2511
73,4843
74,3803
73,7989
74,3437
72,9791
73,6936
73,6456
73,6164
74,1433
73,6999
73,2772
74,0430
74,1273
74,2918
73,6508
74,0402
74,0733
73,4898
73,7051
73,8882
73,7914
73,9571
73,6213
73,7188
73,8861
73,6059
73,9510
74,6576
74,3752
73,5492
74,5596
73,5347
73,8585
73,7189
73,8460
74,0622
73,5039
74,0062
74,4056
73,2062
73,6612
73,9669
74,2363
74,1361
73,6315
73,7333
74,3167
74,0666
73,8945
74,5120
74,0079
73,9035
73,8670
74,0361
74,0917
74,1958
73,3016
74,0934
73,5825
74,5449
73,9144
72,8723
74,3510
73,6998
73,5493
74,3777
73,6087
73,8526
73,5140
73,2673
73,7325
73,7083
74,5280
73,5428
73,6173
74,0754
73,2027
74,0915
74,0409
74,0144
74,1769
73,5843
73,7108
73,4515
74,3968
74,4676
73,0009
74,1042
73,6458
73,6744
74,0725
74,3820
74,4053
73,6425
73,9310
73,3766
74,8410
74,0019
74,3370
74,6239
73,1765
73,3759
73,7442
74,1678
73,8447
74,3000
73,6348
74,8412
74,1314
73,9987
73,2029
74,2691
73,8904
74,0381
73,9584
74,2982
73,7708
73,7720
73,7954
73,8354
73,9390
74,0345
73,3163
73,9590
73,2933
73,7238
73,9934
74,3402
74,0948
73,8127
74,0021
73,4854
74,1497
74,0770
73,7033
73,7576
73,7049
74,1500
74,0984
74,0705
73,4389
73,9824
74,0362
73,5433
73,6592
73,8569
73,7602
73,6553
73,6892
73,8153
74,1484
73,8260
74,2912
74,1604
73,3413
74,2346
73,5419
74,0902
74,2253
72,9321
73,7659
73,8173
74,3728
73,7799
73,4285
74,1381
73,5956
73,8869
73,6129
73,9418
74,0127
74,3264
74,0245
73,6827
73,7363
74,3436
73,7119
73,6792
73,7869
73,2954
73,3253
73,6951
73,8631
74,0207
74,2881
73,5415
73,8729
73,6324
73,9755
73,9611
73,5542
74,2260
73,9858
74,0611
73,4208
73,6404
73,7194
73,7201
73,6640
73,6520
74,2715
74,3043
73,5655
73,5032
73,7793
73,9586
72,9877
73,7698
74,3167
74,0766
74,6142
73,7992
74,4778
74,3079
73,9865
74,3723
73,7812
73,6121
73,3557
74,4337
73,4297
73,9771
73,2754
73,6143
74,4605
74,3195
74,2667
74,8230
73,8995
73,5976
74,5143
73,8711
73,8800
74,3916
73,3860
73,6304
74,2553
74,5482
74,2859
73,6949
73,8494
73,9676
74,3619
73,7547
73,4386
74,2920
73,7932
73,7445
73,2420
73,5024
73,7727
74,1132
73,0419
73,8156
73,7504
73,6091
74,1885
73,9850
74,0540
73,4263
73,8881
72,9251
73,6222
73,7262
73,7333
73,9835
74,0555
73,9919
73,9163
74,0497
73,9433
73,4582
73,7819
74,1568
73,2454
74,0158
74,0668
74,4203
73,3350
73,6043
73,7658
74,1061
73,4097
73,7040
74,2962
73,6431
73,8989
74,1381
74,1832
73,2572
73,6005
73,3204
74,1175
73,8980
74,3392
74,0552
73,8457
73,9385
74,2759
73,2977
73,8746
73,7585
73,9338
73,5327
73,5605
73,5660
73,8624
74,5271
73,9258
73,9812
74,1390
73,7347
73,8374
74,0006
74,1029
74,4356
74,7688
74,1571
73,8880
73,6254
73,9139
73,6942
73,3307
73,9769
73,3684
73,5620
74,4262
73,6557
73,2258
74,2602
73,9314
73,9648
74,3709
73,8786
74,2135
73,8695
73,7809
73,5510
73,9102
74,3289
73,5631
73,3453
73,6507
73,6441
73,7484
73,6814
73,2646
73,7358
74,0219
73,6186
74,0582
73,5144
73,3234
74,0243
73,9984
73,4661
73,5749
73,6601
74,1463
73,8927
74,1083
73,9672
73,3700
73,8168
74,0558
73,5779
73,6542
74,1247
73,4236
73,5209
74,0340
73,6842
74,6433
73,3101
73,5353
73,6406
73,8109
73,4591
74,0371
73,0765
73,8355
73,9379
73,7099
73,3715
73,6503
74,0181
74,0143
73,7705
73,7801
73,8277
73,8350
74,4550
74,0162
73,3752
75,0619
73,6111
73,6882
74,3119
74,1278
73,6574
73,4090
73,6297
73,9250
73,6583
73,7451
73,8989
73,6613
74,3152
73,2820
74,1124
74,0766
74,0382
74,5484
73,9535
73,3569
73,9431
73,9321
74,0334
73,6330
74,7008
73,8327
74,1240
73,5711
73,5591
73,8126
73,6989
72,9349
74,0693
73,9348
74,2388
73,5392
73,4223
74,2937
73,9938
72,8719
73,5943
73,5620
73,9522
73,4196
73,7219
74,2644
74,6707
73,9354
73,6422
74,1106
73,8935
74,2245
73,8278
74,4873
73,7248
73,5080
73,6436
73,8585
73,2437
73,9472
73,9563
74,0841
73,4617
74,0894
74,5179
74,2815
73,1254
74,2490
74,3619
74,0349
73,9356
74,5607
73,8995
73,9222
74,3385
74,3160
73,8590
73,8196
73,8552
74,3979
73,7537
74,1209
73,8854
73,6613
74,1451
73,5354
74,1005
74,5642
74,1375
73,6934
73,4620
73,2876
73,8815
73,7928
74,1388
74,3369
74,4840
74,1670
73,7386
73,9554
73,3603
73,7350
73,5800
73,5305
74,2140
73,6365
74,0535
73,8692
73,5937
73,9655
73,8532
73,6631
74,0209
74,3425
73,4533
73,8821
73,9629
74,2368
73,5334
73,8536
73,4613
73,7117
73,8015
73,7666
73,9501
74,1976
73,9993
73,6843
74,1424
73,6069
73,5909
73,2936
73,7490
73,9166
73,3662
73,7224
74,5468
73,7428
73,9075
74,3270
74,2612
74,2521
74,3282
73,5882
73,3523
73,9623
73,2602
73,9632
73,4867
73,3852
73,1211
73,9844
73,5478
73,8267
73,7397
73,6344
74,5681
73,9790
74,0774
73,5926
74,3633
73,2382
74,3149
73,8077
74,2398
73,8730
73,8217
74,0634
74,2199
73,5746
73,8003
73,7472
73,5544
74,1354
73,9585
74,3419
74,1603
73,3340
74,1189
74,4567
73,5731
74,0304
73,2706
74,3392
74,0082
73,8016
74,1028
74,2203
73,4647
74,3991
73,7207
73,5161
74,0527
73,9773
73,1236
73,3649
74,5642
74,2960
74,1038
74,1646
74,0180
73,8010
74,1673
73,5756
73,8235
73,8053
73,3048
74,7555
73,4246
73,8044
73,4563
73,6748
74,0212
73,5688
73,6674
73,8003
74,0918
73,7349
74,5555
73,5200
73,9616
74,2710
74,3534
73,9534
73,7188
73,1738
74,5211
74,0800
73,5507
73,5541
74,4312
73,9132
73,3111
74,0795
73,1116
73,9585
74,5406
74,3551
73,5898
74,4569
74,1353
74,3105
73,8997
73,8337
73,9199
74,3779
74,1621
72,9720
74,1738
73,6880
74,1165
74,4180
73,4384
73,6833
73,7559
73,3923
74,1026
73,7534
73,8610
73,7462
74,8795
72,7943
74,1596
73,5819
73,3736
73,5209
73,5654
74,2488
73,8491
74,1208
73,4229
73,4482
73,7332
73,7588
74,2110
74,5468
73,6752
73,7532
74,5218
73,9085
73,4482
73,6905
74,3404
73,4947
73,3186
73,6856
74,2986
73,8237
73,9328
73,6505
73,8516
73,6294
73,5913
74,4502
74,0864
73,7939
74,3720
73,3550
73,7048
73,6461
74,0566
74,1674
74,1640
73,8040
73,6241
74,1305
73,5674
74,0013
72,7958
74,4844
73,2445
73,7819
73,4361
73,3125
73,3164
73,5029
73,9456
73,4443
74,6489
73,7974
74,0392
73,9882
73,8656
73,9449
73,2447
74,1964
74,3289
74,1165
73,8213
74,0962
74,0271
74,0029
73,2697
73,6264
74,0842
73,5919
73,8456
73,7123
73,9407
73,6470
73,9459
73,3517
74,2378
74,0454
74,2641
74,0160
73,5848
73,7046
73,2507
74,2845
74,2465
74,5706
73,9670
73,8026
74,3939
73,9480
74,5877
73,7045
74,0517
74,0729
74,0786
74,4349
74,5595
74,0117
73,6836
73,4549
73,2687
73,1682
73,8550
73,7982
74,2955
73,4095
73,8309
74,3888
73,0157
73,4222
74,2341
74,2543
73,9579
74,1091
73,6893
74,1712
73,9288
74,4180
73,5387
73,9624
73,6876
73,7218
73,3685
73,7260
73,3445
74,1711
73,6761
74,3982
73,4921
73,6766
74,2873
73,9539
74,1766
73,5576
74,0951
74,2243
74,0020
74,4667
73,7295
74,2631
73,7751
74,4443
73,7894
73,8883
73,7387
74,0087
73,5505
73,6512
74,6440
73,8512
74,3109
74,4932
73,4224
74,1259
74,2988
74,1444
72,8450
73,4311
73,3541
74,1358
74,4911
74,0288
73,8487
74,4158
73,5791
73,6172
74,2146
73,7571
73,8938
73,6894
74,5609
73,8377
73,9699
73,1472
74,4769
73,7350
73,7749
73,7963
73,6219
74,1538
73,9607
74,1777
73,8374
74,5581
74,1848
73,5408
74,1405
73,3237
73,7869
73,7260
73,9050
73,8004
73,1605
74,2244
73,9793
74,2374
74,0876
73,2882
73,4472
73,3097
73,8434
73,5737
74,4331
74,4611
73,4902
74,2098
73,7219
73,5374
73,7128
74,0157
73,6555
73,6890
74,0702
74,0758
73,4461
73,7749
73,9346
73,1822
73,7612
73,8722
73,9846
74,7175
73,3440
74,4554
74,0153
73,7956
74,3346
74,2104
73,7749
73,8571
74,1234
73,2187
74,2273
74,1719
74,2699
73,6276
73,7560
73,4364
73,9116
73,8758
74,4078
73,0963
73,7778
74,3005
74,1110
74,0769
74,0559
74,3801
74,0681
73,6287
73,3834
73,7082
74,6957
74,2367
73,9436
74,1885
73,9430
73,3899
74,2172
73,9722
73,0844
74,2685
74,3607
74,1563
73,6873
72,8666
73,4576
74,0080
73,0754
73,4518
74,6397
72,9573
73,8117
73,6508
73,8796
73,5637
74,2849
74,4360
74,3474
73,7712
73,5346
74,0064
74,0958
73,7842
73,8564
74,7952
73,8998
73,6411
73,7308
73,8113
74,3288
73,3581
74,4469
73,8336
73,9655
73,7058
74,0741
74,5125
73,2900
73,6028
73,4555
73,9323
74,0792
73,3686
73,3509
73,0909
73,2926
73,9618
73,6338
73,9420
73,8128
73,4270
73,6187
73,6952
74,3100
73,7750
73,7792
74,7467
74,1726
73,5126
74,0052
73,6387
73,5271
74,0583
73,5294
73,4902
74,3331
74,0338
73,5935
73,9531
74,4877
73,4791
74,4954
73,5065
73,5449
73,6420
74,5095
74,0704
73,6576
74,0417
73,8799
74,1061
74,3714
73,6873
73,5331
73,9834
73,7276
73,3845
73,4902
73,9881
74,1369
74,2841
73,8769
73,3776
73,5512
74,0575
74,5951
74,4978
74,1879
73,6493
74,1479
74,1820
74,0863
74,6689
74,5460
74,1582
73,4608
74,1796
73,5479
73,6841
72,8357
73,4112
73,7732
73,3516
73,9350
74,2700
74,3790
73,9913
74,0969
74,0890
73,4793
74,2586
74,0043
74,0230
74,0486
74,0845
73,6868
73,4677
74,4615
74,1740
74,0942
73,4585
73,9746
74,3054
74,2047
74,1021
73,8837
73,7474
73,7233
73,7809
73,6569
73,3588
74,0560
73,6103
73,4955
73,9106
73,5760
73,6740
73,3548
74,1485
74,0070
73,4313
74,0121
74,3747
74,5155
73,7136
74,6697
73,8017
73,4154
73,7617
74,1672
74,4856
73,8921
74,1597
73,4898
73,8280
74,4285
73,7316
73,8778
74,3761
74,0044
73,7447
73,7101
74,0854
73,9550
73,7142
73,6089
74,8182
73,5963
74,0251
74,5544
74,0323
73,8293
72,9409
73,9870
74,7878
74,9605
74,3388
74,3529
74,7017
73,7385
73,5926
73,1845
74,2855
73,8275
73,9836
73,6830
73,5300
74,1681
74,6615
73,8027
73,5568
74,1469
73,8680
73,6419
73,8805
74,8998
74,2293
74,1367
74,2163
73,8079
73,5509
73,5170
74,1735
74,7740
74,0811
74,3761
73,7914
74,4026
73,9225
74,4368
74,0893
73,6715
74,5912
74,1586
74,2808
73,2891
73,6575
73,6213
73,6406
74,6786
74,1846
73,7033
73,8386
73,7544
74,3752
74,1752
73,6284
74,2557
73,7724
74,4589
74,4655
74,5738
73,5284
74,2686
73,7079
73,9744
74,0549
74,6321
73,8579
74,3424
73,9568
73,7233
73,3886
73,4502
74,1107
73,3511
73,7450
73,6199
73,6680
73,6676
74,0179
73,7657
73,6827
73,8009
74,2338
73,3508
73,6935
73,9211
74,0016
73,7300
74,5609
74,3019
74,3057
74,3409
74,0306
73,6541
73,6713
73,6338
73,5924
73,2603
73,7919
73,3522
74,1768
74,1516
73,7339
74,1676
74,0331
74,0223
73,8825
74,0863
73,9736
74,0445
74,4305
73,1424
73,8539
73,8126
74,2336
73,5233
73,6529
73,3591
73,6741
73,6109
73,4965
73,6301
73,9600
74,4412
73,8226
73,0058
73,5757
74,3718
73,7789
74,0174
74,5391
73,8763
74,1549
73,6752
73,7088
73,2875
73,4655
74,1811
73,5498
73,1513
74,0189
74,0124
74,5881
73,4203
73,8031
73,9733
73,8782
74,0457
73,8963
73,4987
73,8954
74,1358
73,5531
73,1618
74,2227
73,7895
73,3362
74,3894
73,8544
74,0616
74,8475
73,8416
73,3273
74,1534
74,0785
74,3165
73,4924
73,2606
74,5279
73,5767
73,4729
73,2258
74,1206
73,7012
74,4775
73,5971
73,5689
74,0047
73,7078
73,6649
73,9019
74,2016
73,7721
74,7717
73,3682
74,0349
73,7618
73,9092
73,3761
74,1586
74,2263
74,3042
73,9898
73,6192
73,5753
74,5459
74,7818
74,7946
74,0139
73,8120
73,9076
74,2331
73,5445
73,5118
74,3380
74,0128
74,3007
73,9902
73,9470
73,7579
73,9498
73,5946
74,0236
73,7672
73,7682
74,3067
73,7189
74,4010
74,0700
73,8510
73,6204
73,7860
73,8431
73,7456
73,6106
73,9416
73,5684
75,0591
73,8710
74,4182
74,3353
73,9819
73,9577
73,1498
73,7367
74,0002
73,7771
74,1089
73,7603
74,4003
74,2329
73,4763
73,6768
73,7691
73,4299
74,1771
74,2615
73,6464
74,2138
73,4035
73,6881
73,8313
74,5325
73,2847
74,0588
73,7740
74,1449
74,0197
73,7980
73,9729
74,0791
73,8303
73,6270
73,9888
73,8542
73,5760
73,9404
73,6827
73,7160
74,3445
74,9782
73,6750
74,0842
74,1660
73,7397
74,3838
73,4851
74,5359
74,0603
73,1428
73,9592
74,3584
74,1372
73,8700
74,1246
73,8158
74,5405
72,9895
73,1688
74,2379
74,1520
73,6500
73,9113
74,4321
74,2760
73,9408
74,2073
73,9769
73,9497
73,8930
73,5827
74,2263
74,1793
74,5575
74,5250
74,3235
73,4823
73,5261
73,8822
74,0815
74,1106
73,8537
74,2413
74,2139
73,4641
73,9007
74,0711
74,7255
74,0130
73,7174
74,3861
73,5183
74,2434
73,5975
74,1702
73,9613
73,9816
73,4227
74,1186
73,3478
73,9283
74,0893
73,5737
74,6277
73,7921
74,1773
73,4625
73,5375
73,9144
73,3430
74,1618
73,3331
73,5945
73,8101
73,4437
74,1867
73,7815
73,6676
73,4324
73,7528
74,1293
74,0235
74,0865
73,5022
73,8237
73,4645
74,1749
73,7281
74,3793
73,7230
73,7114
73,9482
73,8626
74,4906
74,2295
74,1495
74,3689
73,3802
73,8193
73,9701
74,4637
73,7823
73,6463
74,4209
73,8250
74,2383
74,5715
74,0402
73,8522
74,3540
73,8970
73,8331
74,2097
74,0457
73,6705
74,1588
73,9076
73,9898
74,1367
73,7893
73,9228
74,0754
74,6012
73,2076
73,8839
74,1439
73,2521
73,8973
73,9471
73,3623
73,4695
73,8375
74,0645
73,7406
73,5656
73,9111
74,1945
73,6080
74,5607
73,0981
73,8871
74,0805
74,4775
74,2973
73,3694
73,6384
73,6957
74,0452
74,0282
74,0365
73,4034
73,2260
73,2226
73,9145
73,8309
73,4688
74,0671
74,2937
74,2596
73,7705
74,6225
74,3281
74,0106
74,1815
73,7467
73,0861
73,7822
74,2278
74,4681
73,8987
73,9185
73,3327
73,9159
73,9762
73,4201
73,9210
73,2323
73,9972
73,2625
73,5694
73,8130
74,0625
74,2079
73,4806
74,2894
74,6103
72,9227
74,4143
73,8923
74,2545
73,8123
73,7379
73,4444
74,2952
74,0071
73,7353
74,4149
74,0274
73,1508
74,4380
73,9107
74,2041
73,5726
73,8842
73,8548
74,3913
73,7856
73,6145
74,3294
74,2322
73,3194
73,9382
73,9594
74,4074
74,4038
74,1605
73,2733
73,8369
73,6705
74,1928
74,2634
74,2683
73,4479
74,0943
73,7614
74,0207
73,8935
74,5816
74,4029
73,3154
73,9469
73,7302
73,6409
73,9243
73,4367
74,2839
73,9802
74,3506
74,1411
74,3499
73,7244
73,8640
73,6496
73,6919
73,7499
73,6062
73,4294
73,7884
73,5644
73,8911
74,5949
73,7499
73,8969
74,0824
73,3341
73,6388
74,6472
73,8270
73,8861
73,8301
73,4852
74,0094
74,1236
74,3168
73,6149
73,7541
74,0228
73,7608
73,8736
73,5726
74,0230
74,5347
73,6528
73,5620
74,0795
73,9923
73,9799
73,5390
74,0283
73,4780
74,2517
73,8793
73,3362
73,6300
73,7257
73,2044
74,2090
73,8041
73,6553
73,5840
73,4298
73,8313
73,4646
74,0826
73,9648
73,9146
73,3009
73,4496
73,7022
73,8513
73,7812
73,8544
73,4485
73,8523
73,9347
73,2519
74,4609
73,4675
73,9438
74,0835
74,2227
74,5957
73,3169
73,8778
74,0694
73,1758
73,7821
74,1450
74,1618
74,1625
73,7441
74,0463
74,3856
73,7495
73,2750
74,1491
74,2695
73,6972
73,9068
73,1532
74,5457
73,2565
73,7813
73,5048
73,7319
74,4669
74,1369
73,1830
73,2410
73,1262
74,1363
74,4889
73,9313
74,2186
73,9309
74,3451
73,6442
74,2692
74,1283
73,7634
74,2425
74,2716
74,1543
73,8417
73,9391
74,6114
73,8359
74,5288
74,0315
73,7144
73,6637
73,9914
74,4116
74,2432
73,7887
73,8839
73,5169
74,2587
73,8944
73,1127
73,5908
74,2857
74,1493
73,7236
74,1096
73,4313
73,9363
73,5090
73,7542
73,4957
73,4604
73,5932
73,7956
74,2392
74,2700
73,7489
73,6849
73,6898
74,0417
74,1182
74,1978
73,8791
74,3136
73,8814
73,5305
73,3562
74,2147
73,3689
73,9496
74,1560
74,2061
73,3863
74,0727
73,6983
74,0057
73,7957
74,3004
74,4690
74,1237
73,4154
73,8944
74,0281
73,9249
73,8642
73,9449
74,3617
74,0978
73,7984
73,3253
73,8419
73,6517
73,8514
74,2944
73,4891
74,6962
73,5420
73,8879
74,1883
74,3512
73,9723
74,0960
73,8994
73,8948
73,6487
73,9395
74,1990
73,8705
74,5412
74,5929
74,6270
73,8094
73,3429
73,9524
74,5473
74,2661
74,2152
74,4035
74,7645
73,5687
73,5139
73,9848
74,0345
74,3901
73,5778
73,5793
74,1119
74,2036
74,0571
73,9071
74,0805
73,8832
74,1585
74,6722
73,6337
74,2375
73,5554
73,7829
74,8071
74,6311
73,5390
73,6537
73,8540
73,9245
73,4627
73,1273
73,9461
73,9857
74,1239
73,3565
73,7314
74,0535
73,9480
74,0459
73,8061
73,8936
73,8638
73,6616
74,2926
73,4784
73,9891
74,0783
74,0635
73,3030
74,2961
73,4733
73,8398
73,6464
74,1501
74,1085
74,1126
73,6433
73,6754
73,9609
73,3128
74,2286
73,7218
73,8261
73,4227
74,0469
73,3867
73,3978
74,0161
74,2054
74,7862
74,4357
73,4975
73,8442
73,3516
73,4926
73,3701
73,8487
73,7262
74,2760
74,0719
73,3219
73,2011
73,5648
73,6641
73,7017
74,8195
73,5118
73,5537
74,1222
74,4381
73,7265
73,8465
73,8267
74,0968
74,9351
74,1111
73,5533
74,2090
73,7181
74,3829
73,5516
73,9804
74,1692
73,8690
74,2670
73,7700
73,8736
74,3675
74,3150
74,5314
74,4554
74,0655
74,0184
73,5249
74,3887
74,3454
74,6434
73,6626
73,5914
73,7158
74,4228
74,1419
74,4207
74,4734
73,4979
73,7073
73,9506
72,6384
73,8484
73,9260
74,0123
74,3481
73,6820
74,0306
73,3336
74,1825
73,3851
73,5146
74,1777
73,8292
73,9136
74,4212
74,2594
73,7044
74,0261
73,9902
73,6574
73,3110
73,9230
73,7358
73,5031
74,1741
73,8197
73,8480
73,9673
73,9951
74,3057
73,7575
74,1207
74,0820
74,4012
74,1830
73,0460
73,9026
73,5854
74,1694
73,4119
74,3261
73,5831
73,8224
73,7051
74,0855
73,9285
73,6596
73,6746
74,1689
74,4330
73,7731
74,2836
73,2583
74,0786
73,6144
73,6067
74,4429
74,2277
73,8766
74,2876
74,3489
73,2829
74,0047
73,6606
73,3887
74,0075
73,4972
73,4629
74,3388
73,9912
73,9603
74,3426
74,5142
74,6152
73,8987
74,1780
73,9764
73,8344
74,0248
74,0076
73,8108
74,2271
73,6815
73,8056
73,9457
74,3995
74,2477
73,5833
73,3143
73,8030
73,8827
73,3850
73,4668
74,1149
74,1988
73,7312
74,3194
74,0950
74,1574
74,0383
73,4252
73,5831
73,4632
73,9706
73,7634
74,0435
73,8323
73,9439
73,8324
73,9694
74,2635
72,5732
73,6479
73,2786
73,5975
73,7714
73,8398
74,0747
73,9979
73,9266
74,0412
74,4373
73,9030
74,4868
74,5214
73,7184
73,7457
74,4244
74,1444
74,3229
73,8453
73,9813
74,3956
73,9704
73,6755
74,3735
73,5557
73,9120
73,5830
73,7016
73,4850
74,0834
74,3758
73,9221
73,9698
73,7526
74,4238
73,6623
74,4472
73,7601
73,9849
73,9636
73,8274
73,7665
74,1366
73,6696
73,9747
74,1462
74,0577
73,5266
74,1522
74,1769
74,1468
74,2421
74,2935
73,1646
74,1982
74,0037
74,1503
73,9414
73,5142
74,4412
74,3578
74,6373
74,1376
74,3524
73,6726
74,3817
74,1793
73,6324
73,1688
73,7427
73,8957
73,4545
73,9054
73,2152
73,9270
74,1707
73,7516
74,2096
73,8679
73,7591
73,6793
73,7079
73,7314
73,6763
74,0277
73,8660
73,8454
74,7245
73,3972
73,4731
74,3601
73,3544
73,8660
73,6505
74,5260
73,6420
74,0353
73,7229
74,2524
73,5191
74,5619
73,3445
73,8461
74,2134
73,8543
73,6025
73,8628
73,6849
73,9538
74,2725
73,4722
73,6387
73,5004
74,5529
73,9771
73,8550
73,0026
73,2368
73,8981
74,1945
73,1043
74,6930
73,7505
73,2371
74,1201
73,8625
73,9939
73,0764
73,7396
73,7175
74,3786
73,5188
73,9059
73,8868
73,4120
73,9473
74,3257
74,2654
73,5286
74,1619
73,5999
73,6183
74,2145
73,9298
74,1587
73,5505
74,1473
74,1093
73,5783
73,7580
74,4374
73,6803
73,6489
73,8043
74,1761
74,0201
73,0811
74,5701
74,1237
73,6737
73,7329
73,3385
73,8810
73,4546
74,7608
73,7563
73,7176
73,5846
73,9070
73,4693
73,4811
73,7721
74,2279
73,5080
73,8760
73,7678
73,7599
73,8148
73,6017
73,7692
73,9401
73,3713
73,6215
73,8696
74,0201
73,7561
72,9963
74,0846
73,9220
73,8974
74,2143
74,4893
73,5983
74,2506
74,3037
74,1915
73,9158
74,1938
73,5652
73,7253
73,7780
74,4182
74,1987
73,4578
73,9417
73,4575
73,5376
73,9692
73,5789
73,9267
73,5920
73,6315
74,3071
73,6072
73,9549
73,9652
73,9948
73,2673
73,7596
73,8683
73,7699
73,3421
74,5429
74,0855
73,9234
74,4885
74,0439
74,0353
74,3061
74,5088
74,7703
73,5674
74,4416
74,2438
73,7401
73,0613
74,2416
74,1395
73,9436
73,8398
73,7362
74,2326
73,9094
72,9975
74,0774
73,1773
73,9352
73,1574
74,1024
73,3200
73,8411
73,6261
74,4213
74,4392
74,0290
73,7255
73,9608
74,0383
73,0914
73,0414
74,3184
74,4042
73,9231
73,7823
73,9125
73,8246
74,1458
73,8069
73,5040
73,6593
74,3943
73,3097
73,8478
73,3034
73,9907
74,0248
73,7725
74,3571
73,6310
73,9184
73,5517
74,1698
73,3533
74,5507
73,4952
74,1260
74,2102
74,4316
73,7332
74,1972
73,4818
72,8905
73,9120
73,9403
73,9849
74,4156
73,7175
73,6158
73,5011
73,7009
73,5974
73,5302
73,8677
73,5122
73,3132
73,8194
74,0569
73,8923
73,9746
73,7340
73,3604
74,3267
73,6183
74,6449
73,5069
74,2654
73,7219
74,6599
73,9121
73,8630
73,8520
73,7152
74,3846
73,3292
74,2027
73,7112
73,8882
73,6753
73,3904
74,1586
73,9460
74,6065
73,3933
74,7521
74,1018
73,9995
73,0284
73,8041
74,1790
73,8797
74,3027
74,2914
73,6246
73,8999
74,4925
74,0674
73,4750
74,1062
73,6940
74,3780
74,1703
74,0139
73,3288
73,7336
73,7036
73,6246
74,1920
74,7083
73,9869
74,5774
73,8864
73,8341
73,9599
74,2750
74,3035
73,6917
74,1216
73,5670
73,9894
73,7057
74,0821
73,9893
73,9233
74,1458
73,6166
74,0968
73,8233
74,2038
73,5510
73,9090
73,5064
74,2306
73,6323
73,8434
73,7484
73,3731
73,9798
73,8019
73,7098
73,6005
73,4308
73,6254
74,2003
73,8921
74,3716
74,3287
74,6164
73,9866
73,8168
74,1909
73,4047
74,5109
73,4535
73,3969
73,2918
73,8551
73,9159
73,9641
74,0735
73,6528
74,3966
73,1186
73,6139
73,7416
74,0277
74,0255
73,2359
74,7095
74,4198
73,4164
73,3041
74,1540
73,7755
73,6263
74,2904
73,6113
74,5651
73,4217
74,4590
74,2426
73,6970
74,3592
74,3606
73,4389
73,9420
74,3009
74,3195
74,3428
73,9568
73,6389
73,6955
73,9145
74,1441
74,2509
73,5703
73,7042
73,9436
74,3124
73,9246
73,7081
73,5897
73,9121
74,0754
73,4546
73,5972
73,9162
74,1034
73,6170
74,0403
73,6127
74,3136
73,9732
74,1800
74,3597
73,3089
74,0814
74,3059
74,3423
74,0215
73,3248
73,9115
74,4004
74,3482
73,6048
73,4602
74,0951
73,5021
74,0295
74,2816
73,9188
74,2652
74,2930
74,3211
74,5586
74,1014
74,1490
74,2702
73,7279
74,2947
73,6083
73,6284
73,7816
73,6303
73,8283
74,0669
73,8946
73,6015
73,8041
74,1203
74,0117
73,6668
73,5475
73,6361
74,3334
73,5536
73,6870
73,6090
73,3297
74,0912
74,2957
73,6521
74,6639
73,9546
73,9762
74,3466
73,9368
74,1041
73,9735
73,8948
74,2196
73,8236
74,3808
74,2924
73,9527
74,5050
74,4781
73,4914
73,6370
72,8760
73,5081
73,8529
74,3431
73,4221
74,0078
74,5441
74,4816
73,3507
74,0064
72,8883
74,2127
73,5563
73,6307
73,6578
73,7652
74,0233
73,6327
73,5441
73,5452
73,4694
73,4838
73,6373
73,8275
73,1891
74,2763
73,5209
74,2599
73,4186
73,6265
74,0470
74,3681
73,4711
73,8342
73,3708
73,4073
74,4507
73,3792
73,5771
73,7446
73,3714
74,4731
74,1858
73,6762
73,6144
73,5987
73,9341
73,4289
73,9452
74,2485
73,8861
74,2011
73,2108
74,1504
73,7269
73,6577
74,2206
74,3256
74,1090
73,6604
73,4135
74,2300
73,8038
73,8543
73,9471
73,9901
73,7563
73,9773
73,6697
73,8821
73,9086
73,8395
73,9925
74,0523
73,5900
74,5221
73,6670
73,2963
73,7387
73,2517
73,5243
73,9043
74,0660
73,5957
73,5536
73,6383
74,4920
73,5499
73,8510
74,3162
74,1403
73,7698
74,6991
73,3670
73,8942
74,7985
73,8649
74,3151
74,1669
73,6201
74,0203
73,4795
73,3928
73,7640
74,6150
73,7829
73,3493
74,0963
74,5634
74,5719
73,2947
74,9384
73,9200
73,9604
74,0485
73,9389
74,0014
74,2512
74,6365
74,0605
73,6033
74,7442
73,7655
74,0356
74,1957
73,9026
74,4866
74,2116
73,5300
74,3078
74,2025
72,5615
73,5974
73,5188
73,2689
74,1845
74,0847
73,3190
74,1149
73,9123
73,8161
73,6098
73,5914
73,9663
73,7737
74,1164
74,5468
73,9599
73,5773
74,0349
73,3899
73,6477
73,8128
73,9013
73,4918
73,5182
73,5532
73,7334
74,4258
73,3804
74,0371
74,0672
73,2576
74,1435
72,8500
73,9908
73,3861
73,5323
73,4180
73,5500
73,3720
72,7580
74,1058
73,5397
73,6739
74,2565
73,4847
73,4108
74,2476
74,2036
74,1015
73,9348
73,3144
73,4171
73,6003
73,9729
73,7961
74,0009
74,2613
73,6832
73,5041
74,0647
73,8401
73,9576
73,9032
73,9235
74,3473
74,5506
73,7590
74,1970
73,5002
74,0614
74,2759
74,1506
73,9419
74,2628
73,9753
74,4672
73,9935
73,9970
73,5137
74,7272
74,1177
73,2711
73,9842
73,9494
74,2402
74,3182
74,1482
73,3681
74,2497
74,3545
74,2865
74,3388
74,4515
73,5725
73,9167
73,5481
74,2541
74,3453
73,9932
74,1186
73,6630
74,4408
74,4035
74,3634
73,9750
74,4834
73,7531
74,0922
73,4526
73,1379
74,0224
74,4101
73,9258
74,3531
74,1892
74,4149
73,6510
73,6724
73,4398
73,6482
73,9293
74,6028
73,6777
74,4922
73,7352
74,1110
73,6626
74,3364
73,2788
73,7514
73,0291
74,3011
74,1858
73,5581
73,6741
74,0515
74,2487
73,2544
73,6495
73,6744
73,6359
74,2987
74,0281
74,0754
74,9442
74,5787
73,8461
73,9090
72,9659
73,8556
74,4654
73,7018
73,1300
73,2882
74,0261
73,7312
73,4387
74,1371
73,5225
74,2383
73,6850
73,9349
74,1322
73,8085
74,4959
74,2286
74,2561
74,0407
74,2946
74,4469
74,2716
73,7997
73,9584
73,9624
74,1012
73,5306
74,1222
73,7585
73,7107
74,2057
74,0244
73,4903
73,5120
74,3475
74,3285
73,9582
73,6862
73,6540
74,4730
74,2011
73,8699
73,7319
73,9779
74,4226
73,9349
73,8159
74,0480
73,6650
74,2101
73,8949
74,0685
73,8008
74,0417
74,2383
74,3905
73,8601
73,4724
73,4768
74,3200
74,6575
73,0120
73,6025
74,0662
74,1464
73,9420
73,7195
73,7927
73,5099
74,2761
74,1959
74,1537
74,5182
74,2633
73,9347
74,3060
73,6691
73,6702
74,0448
73,5584
73,5985
73,7304
74,4291
73,7669
73,3670
73,9657
73,2777
73,8147
73,9395
73,6528
74,0965
73,3628
73,9485
74,4640
74,6429
74,4390
74,8362
74,5156
73,0058
73,6251
73,7077
74,4110
73,6678
74,1679
73,5914
73,8247
74,2089
73,8071
73,9102
73,7357
74,0782
73,9534
73,8566
73,8569
73,5196
73,8263
73,7349
73,8785
73,7192
74,1877
74,1984
73,2552
73,4978
73,6151
74,0810
73,9320
74,3114
74,0489
74,4337
73,9175
73,3022
73,6691
73,5402
73,8828
73,5726
74,1163
73,8787
74,4696
75,1032
73,3976
73,9041
73,3393
73,6387
73,6080
74,4255
74,1880
73,2900
73,7166
73,3240
73,7192
73,5529
74,3214
74,3787
74,0114
73,3978
73,5934
74,1530
74,2743
73,8768
73,9314
74,4711
73,8213
74,1050
73,6899
73,4786
73,9449
73,2622
74,7977
73,6462
73,7151
74,5479
74,6401
73,7226
74,0185
73,8150
73,6110
73,7718
73,8418
73,8013
74,4847
73,8515
74,2570
74,4690
73,4857
74,2734
73,6417
73,8218
73,3698
73,4014
73,9394
73,0402
73,7218
73,5184
73,4607
73,7859
74,2840
73,7249
73,9123
73,8508
73,9138
74,1318
73,8436
73,8507
73,8210
73,8170
73,8426
72,9403
74,5118
74,2759
73,6174
73,7998
74,0546
73,4111
74,3297
74,0015
74,0114
73,4422
73,7015
73,3742
73,8655
74,1481
73,6381
73,8293
73,8437
74,0777
73,9261
74,0678
74,0769
74,2871
73,9462
74,1583
73,4698
74,1733
73,8335
73,8692
73,7324
73,2301
75,0043
74,0229
73,5558
74,1228
74,1111
73,5894
73,5280
73,6338
73,4920
72,8741
73,0614
73,3755
73,7711
73,4674
74,5042
73,8819
73,5708
73,5327
74,5054
73,6794
73,7427
74,0621
74,4430
74,1586
73,4327
74,0318
74,2512
73,9212
73,8021
73,6700
74,5665
73,8758
74,2546
74,2050
74,1809
73,1056
74,2039
73,9234
73,9951
74,2306
74,4019
74,1265
73,7740
74,2184
73,6565
73,5177
74,0663
73,7648
73,9779
73,8501
73,7846
73,5251
74,0757
74,0923
74,0756
74,1653
74,0484
74,1299
74,2857
74,7817
74,0163
73,4376
73,9629
73,9535
73,2276
73,6661
73,8479
73,9591
73,9841
73,8476
74,3306
72,9892
74,0413
73,7771
74,3032
73,8842
73,2637
74,0114
74,1537
73,7424
74,0220
73,4503
73,3252
74,6503
73,6112
73,8300
74,0965
73,7327
73,9511
74,1740
73,0987
74,4714
73,8595
73,9021
74,0363
73,6530
73,8696
73,5983
73,9981
74,0093
73,5580
73,7024
74,0570
74,4337
73,8187
73,9300
73,4567
73,5238
73,9713
73,4409
73,6161
73,7295
74,0100
73,7633
73,6019
73,6489
74,1387
74,0985
73,8847
73,1930
74,1657
74,0262
74,3495
73,9392
74,0623
73,6855
74,0623
74,3496
74,3303
73,2742
73,7471
73,2425
73,8152
73,9026
74,0814
73,9918
73,9382
74,1463
73,1162
73,3181
73,7882
73,5295
74,3834
74,1321
74,0980
73,9077
74,0218
73,4177
73,3676
73,9269
73,4922
73,7037
74,2211
74,5301
74,3678
73,5932
73,6083
73,9052
74,1062
73,7496
73,3084
73,8847
74,5361
74,0723
74,0529
73,6580
74,5316
73,7284
73,5813
73,8620
74,2652
74,1679
73,5345
74,5182
74,4102
74,0076
73,8172
74,1948
73,7920
74,0775
73,8575
73,4488
73,8789
73,7343
73,7535
73,6929
73,4973
73,8154
73,6271
74,1918
73,8064
73,6128
74,0855
73,8476
73,6118
73,6031
74,3592
74,0176
73,6997
73,3285
74,4334
73,9370
74,3712
73,7216
73,5952
74,0600
74,3834
74,3360
73,7491
74,3849
74,4293
73,9522
74,4305
73,7404
73,3963
73,8710
73,1824
72,8065
73,6919
73,6157
74,1890
74,0587
73,6369
74,0092
74,1647
74,0466
73,4392
74,0641
74,1789
73,4364
73,4503
73,8611
74,1450
73,6235
73,6136
73,7404
73,6782
73,6674
73,7608
74,1941
73,7225
73,5277
73,9601
73,8798
74,3855
74,1489
74,1174
73,9903
73,5559
74,6422
73,6496
73,6749
74,1062
73,9906
74,0254
73,9816
74,4019
74,1453
73,6305
74,3615
73,4078
74,3194
74,3022
73,8880
74,6695
72,8390
74,2139
74,5066
73,9581
74,0689
74,4434
74,3236
74,0781
73,9453
74,4383
73,5207
73,6587
73,4393
73,6669
73,7961
74,0347
74,0568
74,6598
74,2984
73,6068
73,7097
74,4455
73,8917
73,7744
73,6000
73,0851
74,7056
74,2149
73,0560
73,8331
74,0823
73,3777
73,9260
73,1898
74,6695
73,9566
74,5574
73,5934
73,9626
74,3244
73,8635
74,5623
73,6736
73,9267
74,4185
73,8037
74,2436
74,0702
73,8755
73,5266
74,1122
73,6696
73,6679
73,5269
73,5688
74,2687
74,6349
74,3174
73,4371
74,0085
73,7041
73,8409
73,6721
73,6388
73,5679
74,6587
73,5575
74,4242
73,7245
73,5848
73,3727
73,6617
73,6282
73,6605
73,9514
74,5367
74,0975
74,4165
73,9616
74,0326
73,8004
73,7633
73,7749
74,4390
74,1890
73,6315
74,2841
73,7865
73,8699
73,3752
74,3933
73,1527
73,7230
73,7438
73,9544
74,3321
73,4758
73,8511
73,9429
74,1087
73,6670
74,2049
74,1097
74,1279
73,7188
73,0120
73,9975
74,3767
73,9788
74,5802
74,2424
73,9867
74,2231
74,4595
73,8723
73,9561
74,1182
74,1416
74,1406
73,9443
73,3692
74,1348
73,7377
74,2151
73,6651
73,8762
73,2576
73,7168
74,8099
73,5648
74,1858
74,2407
73,7455
73,8071
74,4903
73,8832
74,1707
73,6933
74,1404
73,8506
73,1316
73,7849
74,7918
73,9936
74,0312
73,4133
74,0152
74,6750
73,8514
73,3602
74,7467
73,7166
74,0159
74,0601
74,2759
73,5363
74,2024
73,9140
73,7516
73,7110
74,0880
73,7983
74,0780
73,6625
74,6460
72,9509
74,4439
73,1199
74,0151
74,8220
73,8320
74,2539
73,8699
74,1347
74,4184
74,0884
73,6644
74,1409
73,9768
72,8298
74,1555
73,4725
73,5478
73,6057
74,0296
73,8599
74,3666
74,5459
74,0239
74,0737
73,9830
73,3433
73,9403
74,1231
73,8693
73,9593
73,5990
74,1914
73,9474
74,6484
73,9237
73,9037
73,6249
73,5666
74,1972
73,8646
73,7273
73,9479
73,9023
73,7964
74,2044
74,0359
74,1337
73,8533
73,9205
74,3247
74,0336
73,6289
74,1273
73,6126
74,3565
73,3166
74,0009
73,3790
73,6134
73,5379
73,6866
73,9095
74,7218
74,4703
73,9820
73,5575
73,9997
74,2125
73,8808
73,5502
74,1845
73,3462
74,7276
73,9845
73,7727
73,6524
73,7638
73,9808
74,1011
74,1385
73,3002
73,8558
73,3645
73,3552
74,5516
73,6575
74,2824
73,5721
73,4148
73,9306
73,7750
74,0318
73,3459
74,2332
73,3146
73,5198
74,4030
74,3335
73,7969
74,1098
73,2317
74,0200
74,4275
73,5428
73,9364
73,8576
73,7752
73,4759
73,8355
73,6396
73,6840
73,5453
74,2674
73,5412
73,6028
74,2022
74,1238
73,3239
73,6602
73,7177
73,9319
73,5760
74,2131
73,9166
74,2736
73,5375
73,9893
73,5038
74,1371
74,7408
73,5010
74,0980
74,2270
74,0833
74,6431
73,8379
73,8515
73,8951
73,8964
74,0061
73,8859
73,8532
73,2971
73,5521
74,1443
73,9468
73,7992
74,4132
73,5981
73,8094
73,7414
73,9451
73,9113
74,0855
73,8237
73,3844
74,0508
74,0352
74,1364
74,2182
73,4103
74,4459
73,2669
74,3426
74,0649
74,0054
73,4798
73,7854
74,2765
73,8002
73,9278
74,5239
74,6291
73,4420
73,9548
74,7384
74,1250
73,5150
73,7193
74,3446
74,1406
74,2410
74,0400
74,0902
73,8435
73,9588
74,4819
74,0757
74,3927
74,1652
74,1538
74,4041
74,4427
73,5468
74,2735
73,8078
74,2125
74,2336
73,7826
74,5104
73,5668
73,4296
73,5662
74,2264
74,0963
73,6496
73,9998
73,3019
73,4983
73,6072
73,3035
73,4178
73,8872
74,0911
73,0490
74,1118
73,9302
74,0457
73,6691
73,9217
74,1394
73,4724
73,8753
73,9278
73,7454
73,7713
74,1306
73,8299
73,7694
73,3433
73,6057
74,1100
73,6789
74,3146
72,9080
74,1857
73,7015
73,0856
74,3892
74,4610
74,5513
73,9448
74,2854
73,9121
74,6953
73,6976
73,9104
73,9212
73,8450
73,7981
73,5861
73,3407
73,3476
74,6861
73,7887
73,7780
74,3377
73,7508
74,1069
74,1544
74,4176
73,7431
74,2485
73,7233
73,3610
73,6206
74,7520
73,7567
73,6181
73,8807
73,3545
74,0050
75,0049
73,2016
74,0110
73,5973
74,6543
73,6534
74,7105
73,7958
73,8497
74,4932
73,5259
74,2709
74,2169
73,9733
74,2859
74,2374
73,9330
73,9150
73,5081
73,9871
73,9403
73,7687
73,7184
74,1414
73,4967
74,2124
73,9870
73,2721
73,6044
73,8475
73,5829
73,9185
74,3302
73,9654
73,6424
73,6971
74,0656
74,1454
74,1533
73,6894
74,2406
73,4215
73,6580
74,0672
74,0084
74,0043
74,4253
74,0711
73,9283
74,7278
73,8874
74,3665
73,7081
73,9991
73,5490
74,7480
73,6289
73,4724
74,3497
73,1163
73,8485
73,0970
74,2572
73,5918
73,3378
73,5900
74,1514
73,4517
74,3214
73,4662
74,5247
73,4677
74,2756
73,7638
73,9799
73,6919
74,4778
73,6439
73,5089
73,3680
74,2881
73,8792
73,6082
73,6252
73,3616
73,8603
73,2702
73,9169
74,0610
74,1842
73,8593
74,2257
74,4768
73,4079
74,1366
73,4875
73,6354
73,1898
73,7540
73,7135
73,6703
73,9128
74,4662
74,0657
73,9033
73,8198
73,7527
73,8129
73,4800
73,0527
73,8925
73,4064
74,0310
75,0957
74,1047
73,3410
73,7930
74,0256
73,2748
74,2149
74,3075
73,7917
73,5901
73,6794
73,8849
74,0090
74,2580
73,8922
73,3201
73,8232
73,9178
74,2472
74,0723
73,5813
73,8358
74,0715
73,8080
73,7821
73,8034
74,0194
73,6937
74,1063
73,7230
74,4794
73,8399
73,3929
73,4554
73,4177
74,0922
74,5593
74,5932
73,9485
74,4209
73,6207
73,9346
73,8143
74,2228
73,7695
74,0692
73,7558
74,2543
73,9035
73,6918
73,6652
74,4212
73,6553
73,6223
73,2233
73,6089
73,7396
73,1336
73,8804
74,2608
74,4661
73,9451
73,3427
73,9936
73,7625
74,1046
73,8129
73,6810
73,6051
73,6785
73,6464
73,4559
73,3704
73,8430
74,6449
74,5008
73,9556
74,0714
74,1628
74,4111
74,3454
73,7398
73,2102
73,7351
73,3401
74,0086
73,9904
73,9298
73,5810
73,5182
74,2712
73,4007
73,6046
73,8876
73,3295
73,7801
74,0008
73,7975
74,5634
73,5610
73,8634
73,9960
73,9135
73,5026
73,4502
73,8563
73,4924
74,0238
73,9031
74,1516
73,8150
73,4188
73,8106
73,1141
74,0999
74,3203
73,6026
73,8746
73,5921
73,9273
73,6061
72,9593
74,0705
73,6728
73,4952
73,8665
73,5598
73,7646
73,2562
74,0546
73,7231
73,5922
74,1734
74,1154
73,7358
74,0079
73,9152
73,7622
73,2147
73,3339
73,4800
73,2413
74,1206
73,1903
73,5102
73,7749
74,2175
73,2406
74,1118
73,6039
73,8138
73,4487
73,6278
73,2130
73,7532
74,0512
74,1290
74,0356
74,4678
73,8773
73,5521
73,5650
73,6427
73,4601
74,3141
73,4908
73,5580
74,1866
74,0667
74,2321
73,8912
73,2028
74,0717
74,1085
74,0411
73,8066
74,2446
73,8612
73,9432
73,7025
74,0001
73,0571
74,2182
73,6015
73,0918
74,7508
73,7395
73,5344
73,2911
73,3829
74,4562
74,5580
74,3830
73,4955
74,4071
74,2182
73,9259
73,6879
73,5043
73,9317
74,3864
73,7608
73,8095
73,6174
74,2602
73,7438
73,7725
74,2681
73,6635
73,6001
74,3393
73,1200
74,2485
73,5842
74,4798
72,8205
74,2557
73,8629
73,9126
74,2388
74,1901
73,5915
74,0441
73,3501
73,3509
73,3506
74,3950
73,8824
74,1649
74,9665
73,6190
74,0829
74,0073
73,7846
73,9682
74,4206
74,1429
74,4474
74,0379
74,2700
73,9518
73,7745
73,7838
73,4481
74,3353
74,0150
73,0179
74,2524
74,1561
74,2663
74,3244
74,1132
73,8967
73,6753
73,8034
74,5901
74,0801
74,5372
74,0491
73,7717
73,4207
73,8429
73,6946
73,9132
73,8925
73,5905
73,5852
74,2084
74,4236
73,1613
74,1982
73,7412
74,1465
73,9724
73,6878
74,4384
74,0526
74,1204
73,2214
73,7716
74,3748
73,3151
74,2666
74,2717
74,2326
74,4516
73,3790
74,5314
74,1974
73,5985
74,0128
73,1340
73,6566
73,7236
74,2042
74,2294
73,7711
74,1229
73,5982
74,3636
73,5319
73,6264
73,7121
73,7351
73,4060
73,8336
73,6079
74,0140
74,5565
73,6656
73,9902
73,4356
74,0178
74,0091
74,0618
73,8543
73,5942
74,2721
73,6158
73,7766
73,7481
73,6237
74,5528
73,9885
73,6420
74,4211
73,4274
74,1364
73,8643
73,5918
74,0409
74,5655
74,0137
73,7300
74,5908
73,5190
73,9766
73,8991
74,1631
73,4232
73,5172
73,6232
73,9425
73,6082
74,5489
73,7834
74,4528
73,9915
74,0127
73,5828
74,4237
74,5327
73,3046
74,2425
73,4695
73,7578
73,8516
73,4765
74,4417
73,7830
73,9517
74,7071
73,8236
73,8413
73,8905
74,0384
73,9347
74,2230
74,0561
74,1051
74,3709
73,6878
73,8667
73,8070
74,3968
73,8689
73,6576
74,3077
74,0228
73,7070
74,1209
73,8276
74,4867
73,8233
73,6868
74,4829
73,8047
74,0700
73,2391
73,6179
73,5368
73,3891
73,9317
73,6716
73,9790
73,8130
73,3295
74,7063
74,1203
74,8014
73,8543
73,7792
73,7725
73,5407
74,1628
73,8068
73,9471
74,4369
73,7807
73,8303
73,3589
74,3348
73,9453
73,8980
73,7700
73,7386
73,6826
74,0028
74,1654
73,5826
74,4048
73,7221
74,3498
73,8116
73,6844
75,0111
73,1203
73,6125
73,1216
73,7958
74,2910
73,5599
74,0717
74,2400
74,1168
74,1930
74,2150
74,1369
73,9385
74,3653
74,0648
74,7275
74,2629
73,6246
73,8641
74,4736
73,2144
73,6996
74,0868
74,4757
73,8651
74,6584
74,3522
73,8774
74,0425
73,6932
73,7952
74,0077
74,1229
73,5046
73,7504
73,5253
74,0119
73,2597
74,2982
74,3180
74,0120
73,7976
74,0214
73,6876
73,8324
73,5902
74,2948
74,3292
73,7402
74,0721
74,2821
73,6447
74,3196
73,5773
73,8162
74,0823
73,6055
74,2945
73,9992
73,8372
74,2264
73,9723
73,7047
73,9570
73,1841
75,1592
73,3861
74,1254
74,0234
73,0317
74,1852
73,7274
73,7323
73,4556
73,6543
73,5775
74,5805
73,9532
73,4954
73,7338
73,4010
73,7170
73,5569
74,6889
73,9059
73,5111
73,2648
73,2096
73,9059
74,6824
73,7150
73,4223
73,9095
73,5828
74,0429
73,8772
73,4100
74,2100
74,0416
73,9461
73,7516
74,0839
73,5552
73,5487
74,2115
74,1042
74,0646
73,4526
74,0754
74,5798
73,5919
73,7162
73,7772
73,5666
73,5170
74,1076
74,6858
73,5971
74,4173
73,6789
73,8683
73,8185
74,5037
74,7096
73,8723
74,2211
74,6579
74,5444
74,2327
73,7269
73,7251
74,1606
73,7147
73,2896
73,9067
74,0373
74,2361
74,1849
74,3802
74,0363
73,6941
73,7524
74,5970
73,9009
74,3545
73,7464
74,0074
73,4741
74,3066
74,8783
74,0788
74,3939
74,2558
73,5542
73,7143
73,9265
75,0462
73,6055
73,8989
73,7381
74,5719
73,8796
73,9534
73,5942
73,7983
73,2661
73,6520
74,3653
74,1459
74,0296
73,8276
73,1350
73,9946
73,8791
73,4776
73,9244
73,6307
73,3226
74,2511
74,1916
73,4606
74,0015
73,7481
74,2591
74,3309
73,5264
74,4581
74,1054
73,4374
73,8120
74,2287
73,6961
73,7031
73,8538
73,7647
73,6932
73,5499
74,2279
73,9307
73,4776
74,3133
73,5499
73,7149
74,0829
73,7699
74,8490
74,0837
73,7280
73,9207
74,0717
74,0430
73,8976
74,3938
73,4499
74,4190
73,7924
74,0791
73,8813
73,9891
73,9452
73,5218
73,7021
74,1539
73,8773
73,8119
73,6845
74,3080
73,9450
73,8103
73,7924
74,2224
73,9422
73,5355
73,8342
73,7905
74,3585
73,6026
74,2915
73,7039
74,2464
74,4097
74,1631
73,3764
73,2982
74,2094
73,3379
73,7539
73,5781
73,9846
74,1446
73,1473
73,8494
73,8564
73,9164
73,7560
74,1065
74,0606
73,5800
74,5290
74,0418
73,7880
73,8207
73,9232
73,2283
73,5498
73,3651
73,8552
74,4102
74,7335
73,6611
74,3419
73,6310
74,2075
73,9368
73,7864
73,9341
73,8191
73,9613
74,5133
73,6076
74,3736
73,3934
74,1726
73,5841
73,8641
73,8433
74,4186
73,5117
73,6002
74,0413
74,0017
74,0902
73,9348
73,8363
73,4546
74,5745
73,7921
74,2005
73,4072
73,4374
74,2845
74,4192
74,0097
74,2750
74,0183
73,9455
73,5461
74,3587
73,8253
74,1283
74,0556
74,3205
73,6116
73,9233
74,2758
73,8290
73,6696
73,9938
74,1558
73,5349
73,9441
73,6879
73,4965
74,1793
73,9211
74,1908
73,6955
73,9919
74,4906
73,6205
73,9377
74,1938
73,1351
73,6817
74,3824
73,5808
73,7946
73,7680
73,0131
73,4416
73,7568
73,4743
74,2845
73,9814
74,0978
74,2265
73,6869
73,6991
73,7796
74,0705
74,4146
73,6446
74,2076
73,6158
74,9929
74,0559
74,3750
74,2015
73,8420
73,6007
73,7134
73,9625
73,4273
74,4333
73,9930
73,2286
74,3825
73,8269
73,9994
73,4140
74,8451
74,4775
73,5793
73,3958
73,9124
74,1453
74,3295
73,9145
74,1419
74,0207
73,5839
73,5672
74,3491
73,2776
73,5216
73,5450
73,8416
73,3081
72,9208
74,4491
73,7356
74,3791
73,7402
73,9788
73,3153
73,6210
73,6561
73,4162
73,5383
74,0757
73,7074
73,7865
74,0463
74,0971
74,3049
73,8783
74,1651
73,8666
73,5496
73,9850
73,4788
73,9091
73,3360
73,8337
73,0803
74,1472
74,1805
73,6585
74,0842
73,5067
73,9435
73,7573
73,6299
73,9694
73,1688
73,8173
74,0561
73,3322
73,5302
73,3795
74,0883
73,6536
73,6152
73,5188
73,7956
74,0608
73,4396
73,8873
73,9707
73,9995
73,5136
73,1239
73,7199
74,1855
74,5241
73,4338
74,2409
74,3101
73,6600
73,7257
74,2104
74,1348
73,6034
74,1456
74,0006
74,2231
72,7862
72,6328
73,6471
73,1648
73,5816
73,6288
74,5682
73,6478
74,0580
73,2059
74,7643
73,1604
73,4704
73,1056
74,3924
73,6719
74,0047
74,2308
73,7000
73,6085
73,7290
73,8431
73,9608
73,1530
73,6833
73,5601
74,0210
73,7467
73,6002
73,8952
73,9473
73,9801
74,4145
73,7038
73,7903
73,6935
73,6720
74,3225
73,7790
74,0768
74,4438
73,9723
73,5957
73,9544
74,1083
74,5476
73,8053
74,0674
74,0216
73,9424
74,7677
73,4158
73,7284
73,8710
73,8561
74,5084
73,9117
74,5030
73,5936
73,7633
73,8062
73,9257
73,4361
73,1848
73,9419
73,7445
74,2547
74,1373
73,2643
74,2347
74,0109
74,2388
73,7830
74,6664
74,1584
74,2148
74,4350
74,2360
73,7004
74,3400
73,2989
73,8018
74,1133
73,4885
74,0261
74,7023
73,9218
73,6565
74,0980
74,0974
73,6470
73,9499
73,6292
73,7239
74,3367
74,9662
73,7203
74,1517
74,3676
73,6543
74,0559
73,4310
73,7814
73,5982
73,7927
74,3322
74,2368
73,5830
73,6097
74,3659
73,6523
73,9934
74,1133
73,7278
74,4768
74,3981
73,0856
73,9183
73,8821
73,4970
74,5932
73,8660
74,0535
74,0042
74,1910
74,1783
73,8146
74,1089
73,7836
73,6618
73,4481
74,1354
73,8349
73,2731
73,8293
73,7467
74,1797
73,8018
73,3648
73,9587
73,3938
74,3174
73,6972
74,0721
74,2010
73,9666
74,4098
74,5183
74,3952
73,9141
74,6622
73,5976
73,8876
73,9200
73,4374
73,9551
74,2478
73,8065
73,8522
74,3530
74,2090
73,8810
74,0762
74,0456
73,7933
74,3043
73,9122
73,1499
74,3419
73,9004
73,7485
74,1573
73,4993
73,8065
73,4402
74,2436
73,7265
74,2055
73,9577
73,6591
74,2683
74,3106
73,6307
73,7839
73,4002
74,0570
73,9631
73,9875
74,0668
73,6713
73,9856
73,2450
73,9786
73,7636
73,2851
73,7968
74,4502
73,7150
73,7727
74,2158
73,4180
74,3302
73,8463
72,7035
74,2884
74,0365
74,0519
73,9214
74,0965
74,1268
73,7493
74,1189
73,9369
73,9232
73,4206
73,4416
73,6533
73,3083
73,5431
74,1757
73,7715
73,9913
74,3210
73,6786
73,3451
73,4366
73,5797
73,5520
73,8362
73,2298
73,7142
74,0480
75,1524
73,9653
73,7469
74,3492
73,4115
74,2370
73,1677
73,7245
73,6444
74,1457
74,1690
74,2322
73,6726
73,5262
73,4443
74,0230
73,8470
73,2552
74,6579
73,7186
74,5600
73,6461
74,5299
74,2622
74,6919
73,5564
74,1358
74,2186
74,3017
74,1544
73,5003
73,8256
74,3515
74,4533
74,0503
73,8530
73,9143
74,4038
74,2603
73,8066
74,0954
73,3699
74,0999
74,1852
74,1496
74,1683
73,8407
74,3471
74,0925
73,4039
73,4800
73,7604
74,2944
74,7532
73,7019
73,8041
73,6050
74,3294
73,9860
74,1387
74,0220
74,1114
73,4388
73,8651
73,2075
74,6719
73,7167
74,2028
74,4127
74,4902
74,1447
73,9731
74,5673
74,0146
74,0367
73,8633
74,0342
74,4440
73,7364
74,6487
73,9589
73,7259
73,6861
74,2592
73,5336
73,5136
73,9419
73,6322
73,8294
74,2715
73,9763
73,6328
73,8665
74,3009
74,5298
75,0778
74,3219
74,5233
73,9520
73,6244
74,2838
73,9749
73,7707
73,5591
74,4904
73,8503
73,9917
74,7328
74,0081
74,1975
73,0943
73,5336
73,9870
74,1266
74,4017
74,1026
73,6405
73,4193
73,6833
73,4468
74,0104
74,4692
74,0233
73,9211
73,3426
74,2575
73,5122
73,4859
73,7864
73,9265
74,1863
74,0851
74,1511
73,9975
73,9967
73,5923
74,0717
73,6708
73,9952
73,9401
73,8498
74,0073
74,3618
73,8271
73,9975
74,0479
73,5862
73,6898
73,6511
74,4781
74,2904
73,6109
73,9416
73,7271
73,7453
74,4599
73,8346
74,2064
73,9224
74,3668
73,9582
73,9011
73,3881
74,2795
73,9707
73,5856
73,8282
74,4088
74,0022
73,8191
73,7257
73,4803
74,5422
74,3106
74,3160
73,9561
73,2366
73,5468
74,1938
73,3609
74,2723
73,8680
73,9159
74,5129
73,6991
73,6291
73,4236
74,0155
73,8255
73,9837
73,7880
73,5520
73,5328
72,9821
73,8652
74,4379
73,4129
73,9788
73,5592
73,8577
73,5955
74,8570
74,5085
73,3401
74,2907
74,1880
74,2499
74,3928
73,9393
73,3829
74,0919
74,5193
74,0046
73,5243
73,5981
74,0098
73,6546
73,6927
73,7740
73,6473
73,9245
74,0272
73,8547
74,4499
74,0504
73,3652
73,4517
74,6938
73,8054
73,5014
73,6527
73,9986
73,9868
73,9723
73,8550
73,3812
74,2074
74,2043
73,9234
74,1557
74,2706
73,4223
73,6779
73,9421
73,2137
74,3853
74,4084
73,9933
74,1801
74,2206
74,3171
73,5466
73,8578
73,7826
74,3885
74,0035
73,7128
74,3984
74,0254
73,5926
74,6497
74,1599
74,3637
74,2388
73,7527
73,3932
74,2885
73,7568
73,7562
73,6246
74,0978
74,5370
73,6543
73,3796
73,6369
73,2480
74,2608
74,0593
73,9336
73,7197
74,2045
73,9423
73,9277
73,8897
73,6440
73,7064
73,9902
73,4961
73,6245
74,1405
74,1420
73,7046
73,6316
73,7788
73,8090
74,2575
74,5062
74,2416
74,0795
73,7002
74,0566
73,7298
74,0720
73,6730
74,0185
73,9914
73,4984
74,1020
73,9484
73,8192
73,4833
73,5901
73,5750
72,9644
73,9235
74,0935
74,4412
73,3794
73,6923
73,4982
73,4498
73,8091
74,3597
74,8409
74,2967
74,1702
74,1790
73,4509
74,4765
74,1568
73,5913
73,7547
73,5564
73,8266
74,3914
73,4241
73,8142
74,3284
74,0103
73,8315
73,8556
74,1412
74,0947
74,0270
73,7085
73,9070
74,1627
73,5832
73,5843
74,0048
73,9963
74,2189
73,8107
74,3079
73,7527
73,4959
73,8971
73,7789
72,9186
74,2989
73,9001
74,0400
73,3188
73,7563
73,6648
73,9863
73,9567
74,0048
73,8487
74,9184
73,6013
73,9042
73,9604
73,6959
73,7385
73,6995
73,9182
74,0008
73,4740
73,7777
73,7578
74,1702
73,5089
74,1610
74,5816
74,4558
73,2501
73,4486
73,9458
73,6468
74,0850
73,9678
73,6165
73,6961
74,5700
73,9955
74,0359
73,7659
73,4161
74,2651
74,1346
73,4580
74,0558
73,8754
73,4821
74,8197
73,7769
74,1884
74,0709
73,6699
73,3723
73,7562
73,8559
74,0761
72,9019
73,6047
74,3191
73,3973
74,2293
74,0207
73,6436
73,7632
74,1669
74,2339
73,6151
72,9610
73,2173
73,9912
73,4562
73,4609
74,0832
74,2919
73,6817
74,3910
74,1139
73,5547
73,9977
74,3653
74,1920
73,7995
73,9220
74,6009
74,5414
74,4433
74,0541
74,3070
73,6374
74,3151
73,9094
73,9417
73,7842
74,2713
73,5195
74,0640
73,8003
74,0508
73,6132
73,4037
73,7046
74,0667
73,5003
74,4423
73,8858
74,4684
73,8043
74,0150
74,0308
73,8074
73,5102
73,3314
74,3749
73,8020
73,9074
73,6243
73,9459
74,4870
74,5590
74,3052
74,3913
74,2389
73,9662
74,2437
73,9916
73,4338
74,5802
74,1117
74,0936
74,3740
73,5970
73,2739
73,4985
74,2040
73,5683
73,5126
73,2771
73,2491
74,2464
74,1308
73,9394
73,6904
73,0779
73,9497
73,9162
74,1619
73,7196
73,9451
73,9791
73,8678
73,9899
74,3782
73,9964
74,3357
73,7003
74,3181
74,4799
73,6376
73,7703
73,8463
73,8252
73,8770
73,6708
73,9776
73,7032
74,2686
73,5482
73,6755
73,3165
74,0740
74,2189
73,7225
74,0090
73,6221
73,7363
73,7900
74,5466
73,3386
73,8341
73,6772
73,5257
74,4115
73,8545
73,9847
74,6524
73,3262
73,5791
73,7785
73,3373
73,8995
73,5987
74,2484
74,0971
73,6874
73,7300
74,2952
73,3115
73,4019
74,1067
74,2861
74,0522
73,5986
73,7739
74,2595
73,7730
72,9226
73,7610
73,8049
73,9726
73,6992
74,5081
73,2695
73,9727
73,9917
74,0300
73,1939
73,2256
73,9633
73,9000
73,8650
73,6044
73,6179
74,4957
73,6580
74,1012
73,4732
73,5435
74,3427
74,0298
74,2569
74,1970
73,5827
72,7564
74,3361
74,2700
73,8412
74,5520
73,0005
73,1901
74,1327
73,8593
73,8190
74,1690
74,3373
73,7957
74,0744
73,6699
74,0967
73,5812
73,5814
74,0841
74,6856
73,6954
73,7515
74,0440
73,9424
73,7023
74,3247
74,3315
73,8688
73,8378
73,7164
74,1949
73,6417
73,8496
74,1070
74,0868
74,3639
73,9274
74,0200
74,4230
74,3724
74,5504
74,2764
74,4945
73,5340
74,0915
73,2028
73,9265
73,7599
73,9158
74,6025
73,8696
73,4643
73,8272
73,7656
73,4693
74,3967
73,6217
74,0209
74,1375
73,6146
73,2132
73,9647
73,2443
74,0916
73,7701
73,6810
73,8913
73,6474
74,4863
73,5752
73,7989
74,1782
73,8672
73,7432
73,8393
73,9362
73,4594
73,3981
73,7083
73,1735
73,8983
73,8726
73,3306
73,8950
73,9882
73,6958
73,5670
73,7397
74,0700
74,4171
74,0044
74,4490
73,8147
73,5561
73,3062
73,4082
73,8651
74,4478
73,9562
73,3910
74,2618
73,2942
74,1953
73,9513
73,9265
74,2424
74,4505
73,8755
73,4300
73,3511
73,6273
73,9165
73,3176
72,9187
73,8127
73,8777
73,6765
74,2358
74,1110
73,7339
73,9387
74,6217
74,0218
73,1704
74,0722
73,2956
73,9601
73,5000
74,2170
73,5625
73,4446
73,6655
73,3732
74,4357
73,9344
73,6432
73,0267
73,8138
73,6931
74,0382
73,9406
73,0760
73,8932
74,3098
74,2077
73,8103
74,3020
73,7885
73,5271
73,9251
74,1408
73,1991
73,7254
73,6418
74,2741
74,0567
74,0232
74,0873
73,8361
74,0198
73,9035
73,9735
73,6067
73,9525
74,6040
73,9825
73,5662
74,0339
73,7674
73,7197
73,5961
74,2348
74,0015
73,5720
73,8401
73,7806
73,6785
73,9706
74,5634
74,3355
73,7426
73,1459
74,3220
74,1830
73,7254
73,6918
74,2622
74,6263
73,9122
73,9329
73,9210
74,2390
73,7321
73,7458
74,5282
74,0606
74,5530
74,7253
73,4486
73,3863
73,8589
74,6882
73,4541
74,1366
73,8800
73,9912
73,8035
73,7721
73,9189
73,6586
73,8591
73,8998
73,8716
73,6299
73,9878
74,5975
73,5570
73,8309
73,4084
73,3113
73,7569
73,1578
73,3675
73,6180
73,9196
73,8373
73,4733
73,9144
74,3024
74,1107
73,3651
73,6255
74,5055
74,1000
73,5701
74,3607
73,9531
74,0385
73,6385
73,6532
74,4762
74,5762
73,8156
73,9962
73,4576
73,4850
74,4457
73,8188
73,2339
73,9103
73,1399
73,6554
74,4081
73,5447
73,9989
74,0291
73,9225
73,7997
74,2408
73,5577
73,4879
72,9896
73,8213
73,9888
73,2188
73,8764
73,4505
74,0547
73,6493
74,2624
74,1963
73,8147
74,1895
74,1383
74,3166
73,9742
73,7896
74,1353
74,2439
73,8770
73,3545
74,0040
73,6109
73,5723
74,3794
73,2315
74,1036
73,8252
73,8320
74,2987
73,3243
74,0223
73,7635
74,0116
74,4826
73,7241
73,8485
74,1190
74,1272
74,0562
73,9599
73,2581
73,7425
73,4198
74,7576
74,1879
74,4293
73,5749
73,8855
74,0672
73,4403
73,7991
74,0279
74,1084
73,4652
73,6155
74,0557
74,5999
73,5344
73,5481
73,7397
73,7602
73,7911
73,8069
74,5550
73,9483
74,3923
74,2058
73,7384
73,3332
73,8726
74,0378
73,3364
74,0590
74,8092
74,2464
74,4230
74,2526
73,6229
74,2429
74,6507
74,0631
73,5306
73,9715
73,9131
74,5259
73,2132
73,8883
73,9345
73,8150
73,7800
73,3509
74,5971
74,1679
73,9745
74,5633
73,5270
73,1633
74,4192
73,9367
74,0856
74,0529
74,4992
73,4378
73,9374
74,0287
73,8395
73,6970
74,3235
73,8181
73,8150
74,1245
73,6120
73,0770
73,5386
73,7266
74,3149
73,9751
73,9479
74,3123
73,8190
73,8064
74,0347
74,1817
73,7578
74,2005
73,1979
73,6376
74,6443
74,0721
74,0098
74,1433
73,4554
74,1218
74,2868
73,6696
74,1440
73,1675
73,8349
73,5799
74,3663
74,4168
73,6523
74,2666
74,3761
74,3593
73,6124
73,7365
73,8629
74,1680
74,0183
73,7152
73,7840
73,3525
73,8207
74,0895
73,7922
73,9625
74,2398
74,7127
73,7351
74,4449
73,8950
73,8480
73,4918
74,3773
73,3758
73,6885
74,3899
73,3386
74,0652
73,7674
73,5503
74,4074
74,7046
73,2657
73,6846
73,7778
74,0708
73,6843
73,4419
73,8263
73,9676
74,5754
73,6516
74,0282
73,8118
73,2810
73,5804
74,0340
73,5983
74,1190
74,5325
73,7975
74,1704
74,0777
74,3836
73,9952
73,6790
73,5343
74,1266
74,2633
73,7224
74,2950
73,7476
73,4858
73,7730
74,4833
74,0069
74,4011
74,0246
73,6761
73,5433
74,1080
74,0573
74,4728
74,5915
73,6602
73,6106
74,2002
73,9487
74,0718
73,7637
73,8752
72,9792
73,8569
74,0833
73,8791
74,1487
74,3609
73,7460
73,5168
73,6104
73,1840
73,9338
74,2602
74,7771
74,2796
74,1084
74,0222
73,8726
74,0761
73,8191
73,8948
74,1252
74,0765
74,0939
73,9022
74,4606
73,8565
74,5364
73,5988
73,8700
74,3115
74,5330
73,7121
74,2057
73,7395
74,1213
73,8075
73,7636
73,8752
74,1218
73,2522
73,9307
74,2524
73,9154
74,2204
74,0726
74,1484
73,3646
73,3330
73,9649
73,9908
73,9718
74,4443
73,8532
73,6740
73,9352
74,0979
73,8128
74,3724
74,0954
74,4488
74,2568
73,3919
74,1287
73,5298
73,9615
74,0650
73,9619
73,6188
73,8363
73,7784
73,8199
73,5050
73,8575
73,8382
73,4976
73,8028
73,7405
74,0481
73,7496
72,9242
74,3861
74,1425
73,6711
74,2729
74,1223
73,7081
74,3198
74,2494
74,0453
73,6141
73,8787
73,9162
73,8072
74,6996
74,0488
73,6031
73,7762
73,9504
73,4874
74,6688
74,0541
73,6941
73,8470
73,5608
73,7459
73,7455
73,6416
73,7302
74,0613
74,2032
73,2645
73,6819
73,7503
74,1881
73,2793
74,4458
73,1579
73,8117
73,4131
73,5847
73,4242
73,9405
73,4826
73,5466
74,5161
74,5682
74,4441
74,0403
74,1257
73,7884
74,1831
73,7944
73,5665
74,3527
73,7695
73,9640
73,6850
73,8062
73,6340
74,0670
73,0644
73,6377
74,5123
73,7830
73,7497
73,7351
73,1494
74,0316
74,3372
74,4996
73,7557
73,5463
73,6213
74,0062
74,2415
73,0148
74,2228
73,6650
73,8828
74,3650
73,8187
73,7829
74,1008
74,3131
73,1499
74,4243
73,5155
73,8608
73,6591
74,0534
74,2723
74,2284
74,6436
74,1592
73,8231
73,7203
73,5998
73,9035
73,6465
73,3230
74,1851
73,9491
73,1225
73,6919
73,7062
73,8475
73,8416
74,5406
74,0861
74,4734
73,5614
73,5079
73,3071
73,7207
73,9518
73,7759
74,1451
73,9715
73,5067
73,7337
73,3894
73,9150
73,7448
74,2200
73,8950
73,6192
73,7174
74,4395
73,7303
73,6280
73,8692
72,8331
74,2308
73,1492
74,0361
74,0483
74,8371
74,5801
73,1544
74,0990
73,9208
74,2051
74,1182
73,9534
74,1948
74,1582
73,7943
74,4471
73,7852
74,0695
73,7640
73,6524
73,9769
73,9113
73,3610
73,6319
74,4645
74,0146
73,6354
73,8276
73,8680
73,6948
73,7725
73,3512
74,4157
73,9832
73,8911
74,0659
73,5746
73,7329
73,5772
73,6295
73,5929
74,2899
73,6565
73,7913
74,0920
74,2815
74,5436
73,7530
74,0155
73,6327
74,7657
73,4900
73,9137
73,6906
73,5256
73,9090
74,2686
74,0626
73,4829
73,6541
74,1279
74,1071
74,0646
74,0997
74,0801
73,8494
72,7092
73,7190
73,7909
74,6835
73,6454
73,8359
74,1853
73,9911
73,8307
73,8615
73,9401
73,9068
74,0347
73,9626
73,5087
73,9939
73,5134
74,1662
74,1100
73,3973
73,9473
73,7876
73,3416
74,2196
74,0693
74,2474
73,9841
74,0629
73,6363
73,9658
73,7741
73,2480
74,1127
73,6176
73,8932
73,7779
74,1458
74,0716
73,1663
74,1032
74,0778
73,5699
73,7245
73,5088
73,9530
73,7272
73,7101
74,0742
73,7030
74,0142
73,9927
74,3673
74,1157
73,8452
73,7140
74,0690
74,2616
74,1216
74,3585
73,6921
73,8205
73,3924
73,5689
73,9953
73,9077
73,4563
73,4521
73,6384
73,9396
74,1714
72,9373
74,2642
73,9759
73,9537
73,9154
73,9476
74,7518
74,0909
73,7288
73,7530
74,2627
73,5954
74,0845
73,6253
73,6875
74,4363
73,6673
73,7701
73,6455
73,6438
74,0328
74,1673
74,2103
73,7347
74,0829
74,2454
73,9236
74,9121
74,1619
74,3156
74,2833
74,0740
73,7695
73,8161
73,8063
74,0686
74,0522
74,1295
73,7111
73,9387
73,7171
73,7478
73,3935
74,1776
74,1097
73,8695
74,0419
73,8363
73,8839
74,3125
74,1135
73,0249
73,8458
73,7278
73,8450
74,2167
74,7268
73,6596
74,0673
73,8066
73,7826
73,5910
74,1484
74,1015
74,6656
74,9762
73,9482
74,3571
73,8607
73,2315
74,0136
73,9832
73,6904
73,6227
74,4304
73,5773
73,9156
73,3607
74,2147
73,5456
73,6796
73,0910
74,2059
74,6857
73,2404
74,1424
73,9811
73,3111
73,8905
72,6297
73,8862
73,5320
74,2312
73,6895
73,9243
74,5275
73,3228
74,1931
73,8659
74,1396
74,4696
73,9634
73,8429
74,0037
73,6420
73,9985
73,3206
74,2366
73,9958
73,9010
73,9020
73,9058
73,8734
73,9615
74,0698
73,8419
74,2533
73,8894
74,4562
74,2462
74,1130
73,8016
74,2254
73,6024
73,7372
73,8655
74,0142
74,3150
73,4309
74,6074
73,7845
74,1870
73,6011
74,5911
74,3648
73,6921
73,9301
74,0806
74,4350
74,2330
73,7501
73,8505
73,8771
73,3518
73,8699
74,5166
74,0093
74,3854
73,3928
74,3867
73,8918
73,7128
74,0327
74,0382
73,5397
73,3114
74,1201
74,1055
74,2120
73,9583
73,5829
74,3528
73,3971
73,7671
74,0608
73,7542
74,3042
74,3687
73,6130
73,8401
74,8741
74,4612
73,7413
73,6532
74,5377
74,2104
73,7912
73,5346
74,1344
72,8730
74,0732
73,7478
74,4397
73,7778
73,6896
74,0597
74,3376
74,0354
74,0972
74,0343
73,4823
74,0497
73,6409
73,7083
73,8109
73,8760
74,3254
74,4956
73,2178
73,9262
74,6603
73,9997
73,9376
74,3128
74,2061
73,8768
73,7184
73,7928
74,3311
74,0341
74,1782
74,4230
73,2685
73,2003
74,2168
73,5210
73,6293
74,2656
74,0207
73,9572
73,9487
74,1695
73,5440
74,3352
73,7891
73,6603
73,4163
73,7568
74,2142
73,9560
73,5657
73,7198
74,2472
73,8552
73,6034
74,1109
73,3041
73,9233
73,6518
73,7240
73,6130
73,8085
73,6726
73,7632
73,6506
74,1222
74,2291
74,1319
73,7965
74,3871
73,8356
73,5040
74,2004
73,5405
73,7130
74,2436
74,1077
73,9314
73,1418
73,1970
73,5546
73,8513
74,2629
73,4543
73,8815
73,6764
73,7308
73,6605
73,5497
73,2767
73,3202
73,6666
73,3962
73,8725
74,5698
74,0051
74,0479
73,8679
74,0852
74,3080
73,5385
74,1230
73,4979
73,6218
73,7198
73,6957
73,7207
73,7384
74,6812
73,6062
73,1148
73,6786
74,1479
74,0447
73,5118
74,2176
74,4055
73,9431
74,0488
73,5029
74,2381
74,2864
73,9131
73,5970
73,4376
74,1297
74,2843
74,1304
73,9537
74,7388
73,9783
73,8892
74,1325
73,8636
74,5439
74,2757
74,3145
74,1095
73,5023
73,3194
73,8430
74,2264
74,2344
74,4592
73,8545
74,0843
74,0777
73,2985
74,2530
73,8886
73,4605
74,1783
74,1529
74,1883
73,4837
74,1507
73,8823
74,0212
73,7653
74,1718
73,6290
74,4739
74,3572
73,4404
73,5512
74,1018
73,7489
74,0126
74,1360
74,1878
74,4362
74,5790
73,8244
73,2342
73,6785
73,6983
74,2356
74,1689
74,0402
73,5215
73,9451
73,9852
73,7408
73,9265
74,2570
73,9418
74,5064
74,0833
73,9785
73,2967
74,4080
73,9660
73,4000
73,7359
73,8488
73,9596
73,9391
74,1837
73,7522
73,4487
74,4099
73,6925
73,9982
74,3413
74,1684
74,2975
73,8036
73,8613
74,3430
73,6241
74,4395
73,7520
73,3865
73,7413
74,1960
74,4206
74,3243
73,5238
74,2117
74,0323
73,9805
73,5930
73,9052
73,7075
74,5117
74,5626
73,6288
73,3563
73,9353
73,5297
74,3335
73,7871
74,0051
73,8501
73,4025
73,7660
73,4277
73,9082
74,0548
74,1592
74,2007
73,5412
73,8990
74,7112
74,0210
73,9668
73,5904
74,5275
74,1699
73,9773
72,9884
73,6001
73,3744
74,6974
74,2920
74,1456
73,9762
73,6584
74,0192
73,2110
73,5863
73,2222
73,8444
74,6132
73,6187
74,1379
74,1463
74,8685
73,3017
73,4853
73,5859
73,2600
73,9292
74,1584
73,2869
73,4062
73,8732
73,4476
73,7859
74,1468
74,7845
73,8714
74,2173
74,1310
73,7946
73,6695
73,8700
74,0025
74,3831
73,6541
73,5717
73,8035
73,9771
74,5994
73,9260
73,5687
74,2249
74,3800
74,0367
73,8032
73,1005
74,0764
74,0373
74,1827
73,3632
73,6476
74,4862
73,7194
73,3930
73,2936
73,7465
74,1686
74,5702
74,2578
74,2404
73,9030
74,3798
73,7554
73,5096
73,7946
74,5051
73,8058
73,9842
74,2098
74,1295
73,9975
74,1268
74,3245
74,3706
73,9731
73,7761
73,5354
73,9820
73,7674
73,4444
74,4247
74,0869
73,8970
73,9487
73,1942
73,3395
72,9114
73,8454
73,6539
74,0377
73,7725
73,8785
74,0580
73,6188
74,0248
73,7186
74,1429
74,3383
73,6919
73,2846
73,1750
73,4294
74,2828
73,8307
73,6456
73,5856
74,0791
73,9721
74,1148
73,0577
73,5609
73,3537
74,2837
73,5134
73,4866
74,2546
73,9772
73,7016
73,6060
73,7975
73,8575
73,3192
74,1438
73,7670
74,1749
73,0484
73,7217
74,0426
73,3290
73,9687
74,1502
74,1050
73,7920
73,5603
73,5620
73,9806
74,0186
73,9217
73,8724
73,7424
74,3810
73,4559
73,2262
74,1080
73,8053
73,9733
73,6218
73,6994
73,4558
74,1809
74,3211
73,5613
74,3018
73,8755
73,6128
73,1103
74,4451
73,7056
74,3034
73,8773
74,0628
74,0124
73,8198
73,9426
73,8045
73,5002
73,9522
73,4937
73,9103
73,5249
74,2773
74,2254
73,6624
74,0174
73,8446
73,2975
73,3548
74,0052
73,6010
73,5712
73,8832
73,8255
73,9480
73,8027
73,6609
74,2527
74,2266
73,7603
74,1549
73,6504
74,1871
74,0945
73,7122
74,0713
74,2909
74,0233
72,9869
74,1499
73,9338
73,9641
73,9869
74,4217
73,6700
74,4143
73,7689
74,0432
74,1086
73,7331
73,3085
74,3176
73,8500
73,5491
73,0563
73,9988
73,4851
73,9117
73,9440
73,6109
74,5630
73,7462
74,2324
74,4257
73,5213
73,5969
74,1242
73,8925
74,6411
73,6527
74,0972
73,0831
73,5395
74,1761
73,6550
73,8925
73,5810
73,8392
74,8382
73,7544
73,5991
73,6166
73,5320
73,8735
74,1017
73,6785
73,4438
73,8331
74,3244
74,0797
73,8452
73,3864
74,2641
73,4362
74,5490
74,1878
73,1103
73,2455
73,8321
73,5580
73,7328
73,5764
73,9030
74,0989
74,4781
73,2344
73,6225
74,5818
73,6994
73,6956
74,4357
73,5651
73,9425
73,6315
73,8986
74,1357
74,2843
74,3027
74,0874
73,9112
73,9102
73,7472
73,8186
73,6614
73,8672
73,7424
73,4437
73,9819
73,9976
73,5607
73,8041
73,3560
73,3325
73,9886
74,3057
74,3535
73,8791
74,3886
74,1175
73,8412
74,0130
73,7108
73,3509
73,8496
73,5101
74,0493
74,3619
73,8931
74,3597
73,6882
73,8050
74,4448
73,6296
73,8218
73,5025
73,7574
73,9098
74,3001
74,4610
74,2197
73,4793
73,8852
74,2205
73,8046
73,8645
73,0743
73,4029
73,9155
74,2309
74,0378
73,7200
74,4434
73,8485
75,0311
73,9477
73,8180
73,7408
73,3148
73,1122
73,8023
74,3291
73,9038
73,4774
73,7251
74,2693
73,8070
74,1491
73,7834
74,4131
73,9593
73,5352
74,4816
74,0651
73,9539
74,2790
72,9775
73,6069
74,2215
73,8728
74,1875
73,9668
73,9611
73,7946
74,0829
73,7118
73,8542
73,4901
73,8755
73,7921
73,8825
73,6760
74,3420
73,8305
73,6830
73,7528
73,8113
73,8817
73,7821
74,1203
73,7901
73,9625
73,3967
74,2931
73,7675
73,6120
74,1618
74,2632
73,9337
74,2113
74,2169
73,0369
73,7486
73,8575
73,9073
73,9375
73,3204
73,9086
74,2329
73,2302
73,5039
73,4613
74,0716
74,4724
73,9018
74,0132
74,0239
74,1716
74,4003
73,7769
74,1490
74,2173
73,7712
73,8704
74,5622
73,6080
74,1430
73,6346
74,3387
73,8639
73,9395
73,7418
73,5172
74,5374
74,1399
73,0736
73,9781
73,9007
73,9065
73,2295
73,8795
73,8839
73,7145
74,1905
73,4657
74,1049
74,0336
74,0342
74,4050
73,8966
73,6820
74,1329
74,1782
73,9822
73,1606
73,7183
73,9602
73,7278
74,2838
74,1565
73,9846
73,4479
73,6891
74,1706
74,4855
73,3425
73,9587
73,8802
73,6053
73,9240
73,6803
73,6806
74,5312
73,3331
73,5371
73,7499
73,4722
74,1176
73,4059
73,8315
73,8013
74,3488
74,0301
73,3441
74,3911
73,7755
74,4568
74,4132
74,2295
74,0606
73,9590
74,0890
73,7869
73,7945
73,9080
74,0396
74,0817
74,1872
73,8152
74,7539
73,4929
74,4335
73,8927
73,8266
74,1184
73,4828
73,5862
74,0032
73,5258
74,8201
74,1500
73,3754
73,7573
73,2885
73,7888
73,7968
73,9659
74,2286
73,2824
74,0582
73,7864
74,5520
73,9988
73,5104
74,1976
74,1185
74,2909
73,7419
73,8012
73,9125
73,6378
73,6595
74,0849
74,0090
74,1117
73,5796
73,9118
73,3998
73,7281
74,4614
73,5624
73,6256
73,6305
73,3420
74,1762
74,0077
74,3491
73,4632
74,6307
74,1177
73,6665
73,4525
73,9291
73,4607
73,9606
73,4088
74,3123
73,7590
74,3415
73,5500
73,8353
73,6551
74,2048
73,9584
73,8205
73,8509
73,5883
73,9140
73,9657
73,5986
73,4383
73,8286
73,8609
73,7053
73,5033
73,6833
74,1330
73,8009
73,8935
74,2907
73,8575
73,5805
74,0990
74,0881
73,9186
73,9120
73,5419
74,0564
74,1588
74,0465
74,2399
73,2790
73,7077
73,5488
73,6647
73,9094
73,9685
73,7063
73,4993
74,1794
74,2650
73,7943
73,5641
73,7550
74,4634
74,2880
73,5613
73,7187
73,7170
73,1715
74,0865
73,7610
73,7139
73,8568
74,3307
74,1620
74,1682
73,7369
73,3462
74,0644
73,1881
74,7064
74,0516
74,2459
73,2987
74,0454
73,3897
73,6106
74,6967
73,6619
73,4598
73,7043
74,1620
74,0127
74,1498
74,3837
73,7571
73,1627
73,7991
73,6159
74,5525
73,6975
74,1475
73,8909
73,5688
73,6694
73,4125
73,9726
73,3436
73,8821
73,7978
74,1603
73,5469
73,6218
73,6512
73,4257
74,7441
73,4843
74,4252
73,7912
73,4291
74,5265
74,2144
73,3448
74,8214
73,7150
74,0621
74,0523
73,9211
74,0389
74,9549
74,5781
73,7883
73,9724
73,4361
74,6010
73,7878
73,5634
73,9570
74,1780
74,0248
74,2178
74,5574
74,4228
74,0415
73,0246
74,0027
74,2932
73,9379
73,8399
73,6445
73,6317
73,8741
74,0153
73,9706
74,3346
73,8711
73,8310
73,7892
73,5507
74,3308
74,4825
73,9365
73,2860
74,5492
73,9373
73,7891
73,2133
74,5899
73,9783
74,0999
73,9038
74,0446
74,1804
74,2779
74,2213
73,5397
74,4690
73,4853
74,2460
73,1843
73,5194
73,5194
74,0490
73,8112
73,1770
74,0645
73,4738
73,8906
74,2323
74,1765
74,2814
73,9142
74,1747
73,5558
73,7909
73,6694
73,3043
74,0044
73,8778
73,4368
73,6493
73,7144
73,8204
74,2557
73,3021
73,6327
73,8557
73,8038
74,4690
73,6355
73,9667
74,2612
74,5970
74,5073
74,0690
73,5005
73,8107
73,7872
73,8651
73,8142
73,6370
73,7940
74,0488
74,2227
73,6721
73,7536
74,0503
74,1332
73,9892
73,3261
74,5078
74,1187
73,7091
74,2924
73,9002
73,7932
74,7322
73,9825
74,1834
73,9654
73,7771
74,5503
73,0626
74,0713
73,3059
73,2069
73,6763
74,3103
74,1139
73,6861
74,0056
73,5598
74,1052
73,7063
73,7106
73,2620
73,2720
73,7696
73,7027
73,4406
74,3451
73,7988
73,5502
73,3599
73,5220
73,6530
74,0696
74,3498
73,9183
73,1359
73,5204
74,4381
73,6621
73,7786
73,7964
73,2854
74,3690
73,7315
73,4573
74,5807
73,4305
73,8355
74,4459
73,9107
73,5377
73,4876
74,1019
74,0221
74,0734
73,4850
73,7402
73,9121
73,4090
74,3413
74,1150
73,7246
73,5758
73,7244
73,3157
74,4658
73,9148
74,3373
74,6523
73,8314
73,8185
73,6395
73,8684
73,6114
73,8083
73,9419
73,2891
73,4470
73,5259
74,5681
73,9377
73,5042
73,8624
73,8252
73,8513
73,7220
72,9632
73,8127
73,3714
74,5303
73,8974
74,3202
73,5168
73,3928
73,6351
73,1672
73,8321
74,4464
73,0718
73,7842
73,6392
74,0209
73,9601
73,4550
74,2116
73,9597
73,7562
74,3970
73,8621
73,5605
74,2044
74,2316
73,7363
73,7227
73,8555
74,1532
73,3184
73,1702
73,2573
74,5018
74,1693
74,1608
73,7718
73,9313
73,2649
73,9907
74,1414
73,8403
73,6216
74,7097
73,5201
73,9774
73,9767
73,6080
74,3170
74,0931
73,5363
74,3267
73,2301
74,9425
73,7734
73,4468
73,4841
74,2398
73,2189
74,2850
73,5838
73,9972
74,0986
73,6924
73,9112
74,1590
74,1125
74,3127
73,8064
73,6657
73,7376
74,4094
73,8684
73,9475
73,7071
73,6988
74,1632
73,8927
73,4489
74,1113
74,0416
73,3317
74,1358
73,6175
73,4149
73,5641
74,1223
73,6132
74,3279
74,0718
73,8284
73,8988
73,8114
74,4216
74,2714
73,5674
73,5908
74,6335
74,0391
73,5580
73,5664
73,2634
73,3645
73,7300
74,6001
74,5627
74,1481
74,4991
73,8529
73,2013
74,1554
73,7795
73,8127
73,9452
73,8249
74,2180
74,3716
73,4078
74,3123
73,9185
73,4945
74,9629
73,7243
74,1240
73,7806
74,1711
74,5596
73,8877
73,7685
74,1725
73,9120
73,2573
72,6052
74,2026
74,0568
73,8875
74,4941
74,1752
74,5558
73,6332
74,3564
73,8314
73,4757
73,9753
74,0514
73,2532
73,7473
73,8238
73,1635
73,6340
73,7650
73,8500
73,7688
73,7728
73,5502
73,7034
74,1062
73,7456
73,6249
73,7062
73,7783
73,5382
73,9514
74,1302
73,8597
74,3296
74,2850
73,7900
74,2013
74,2048
73,5363
74,2433
74,1751
73,8384
74,3912
73,6861
74,1159
73,5967
74,7636
74,6184
74,1033
74,2774
74,3346
74,1216
74,2922
73,7520
73,8484
73,9266
73,4996
73,7601
73,6847
73,9677
73,9442
74,0865
73,9618
74,3418
73,8569
74,3357
73,7650
73,6774
74,3423
74,0670
74,4094
73,6310
74,0679
74,1150
73,8193
74,0814
73,9181
73,5357
74,4638
74,2690
74,1554
73,8361
74,0487
74,0638
74,3700
73,8977
73,8522
74,0873
74,6431
73,6565
74,3781
73,9756
73,1341
74,0408
73,8081
73,6036
73,8495
73,1907
73,5644
73,6199
73,7045
74,0187
73,5930
73,7588
73,5212
73,7009
72,8420
73,9072
73,4532
74,2766
73,6365
74,1208
73,5220
74,0479
74,3922
73,2140
73,2197
73,8385
73,8555
73,4152
73,8816
73,7052
73,2757
74,0802
73,5338
73,9645
73,7820
73,7089
73,6870
73,5809
73,1528
73,7903
73,5984
73,7052
73,8935
73,1646
73,6824
74,1039
73,7930
74,0085
73,6266
74,1633
74,1155
74,4140
73,5733
73,4394
73,4018
74,1036
73,3491
73,5606
73,6776
73,6892
73,5712
73,7570
74,0821
74,3403
74,0507
73,8197
73,6139
74,1659
74,0398
74,7321
73,9382
74,0299
74,3513
74,0289
73,8099
73,1736
73,6665
74,0359
73,2093
74,1972
74,3043
74,0534
74,2481
73,6714
74,2060
74,1180
74,1775
73,9878
73,8482
73,4874
74,0144
74,0479
73,8835
74,0094
73,8641
73,5972
73,7850
73,7068
74,1525
74,0265
74,1322
74,0489
73,9642
74,2934
74,2063
73,7908
73,9831
73,7175
73,7741
74,2349
74,1324
73,6795
74,2819
73,6865
73,8579
74,0470
74,9304
73,5024
74,2824
73,4182
73,1885
73,7169
73,7476
74,0675
74,4315
74,1048
73,5812
73,9407
73,4554
74,4097
73,8283
73,4962
73,7787
74,2434
73,3088
73,8411
73,8780
73,4571
73,4176
73,7219
73,9365
74,1163
73,2354
73,5926
73,8432
74,1736
73,6259
74,2053
73,7556
74,5888
74,8791
73,7454
73,9021
73,7698
73,6372
73,9877
74,1379
73,4248
73,7954
74,2777
73,8535
73,6744
74,0909
74,0159
74,1459
73,9206
73,3849
73,4394
73,8952
74,0506
74,4660
73,7415
74,1894
73,5173
74,8728
73,6988
74,3871
74,2212
73,7445
74,5389
74,0290
73,4197
73,8002
74,4113
73,9611
73,8076
73,5556
74,1913
74,3495
74,0637
73,8820
74,1908
73,9416
73,7080
74,0390
73,1428
73,9950
73,4204
74,1967
74,3374
73,9751
73,8194
73,8149
74,1821
74,0459
73,8726
73,4369
74,2810
73,8301
73,8614
73,6931
73,5159
74,3213
73,3697
73,5414
73,8823
73,9804
73,6857
73,7518
73,9619
74,3609
73,8635
73,7532
73,8154
73,5572
74,3473
74,3386
73,7337
73,6077
73,9935
74,0860
73,9835
73,3991
74,1350
73,5250
74,2635
74,0398
73,5293
73,0435
73,8433
73,9081
73,8591
73,3731
75,0637
73,9656
74,2891
73,6534
73,7013
74,1572
74,4053
73,8766
74,0924
73,6188
74,1743
74,1638
73,4467
74,0885
73,2998
73,7831
73,8423
74,0319
73,8877
73,5996
74,1054
73,8802
73,7414
73,8272
73,8586
73,5533
73,6698
74,0255
73,4078
73,6211
74,1977
74,1287
73,3412
73,7148
73,7751
74,4347
74,1889
74,0137
74,2333
74,0096
73,6927
74,4995
74,1383
73,8393
74,0080
73,9901
73,6342
73,5485
73,9116
74,1068
73,8598
73,9590
74,0688
73,6803
74,6112
73,6186
74,3731
74,6234
73,7307
73,6719
73,4490
74,1302
73,7429
73,6498
73,8266
74,6500
74,2261
73,1614
74,1233
73,7413
74,1220
74,2453
73,6078
73,6485
74,2446
73,5067
73,5727
73,8020
73,7437
72,8720
73,7974
73,7525
74,0239
73,3574
73,5440
74,1442
73,9545
74,4915
74,1377
74,0649
74,0093
73,6567
73,9495
73,2166
74,1307
73,8734
74,0916
73,5543
73,4568
73,7544
73,5201
73,7734
73,9437
73,9450
73,9862
73,3981
73,1925
73,8444
73,6295
73,6548
73,6366
73,9851
73,6396
74,0029
74,1189
73,8027
73,8813
74,2286
73,2124
73,9829
73,8226
74,4664
73,6822
73,4383
73,7943
73,8390
74,0198
73,7482
73,7329
73,5046
74,5028
74,6692
73,9530
73,8873
74,0875
73,7111
74,1138
73,7192
74,0024
73,9027
74,0002
73,9281
73,7765
74,0757
73,3718
74,1404
74,0688
74,5233
74,6868
73,8102
73,8325
73,4923
73,3094
73,5622
73,6346
73,8707
73,8880
73,8193
73,5848
73,5282
73,6163
73,1525
74,3620
74,1604
73,8510
74,3240
73,8809
73,9109
73,6945
73,6638
73,5512
74,1075
73,4463
74,1981
73,6920
74,1978
73,6251
73,7900
73,3682
74,3272
73,7114
73,7371
72,9865
73,5704
73,6987
74,2861
74,1089
73,4591
73,6523
73,7503
73,4393
73,9694
74,3510
74,4234
73,6287
74,5413
74,1363
73,9471
74,3384
73,8360
74,3265
73,8324
74,2564
73,3113
74,3444
73,7472
74,5440
74,0910
73,4498
73,8040
73,7464
73,9021
74,0788
73,9408
73,5734
74,2606
73,8100
74,0203
73,8473
73,9838
73,9253
73,5718
74,1364
74,6487
74,3311
74,1194
74,4509
73,7419
74,4738
73,5540
74,1491
74,1746
72,9609
73,8833
74,1669
73,4250
74,3156
73,6896
74,0471
74,4032
74,1233
73,9422
73,9541
74,2342
73,6256
73,7451
73,8316
73,4760
73,2597
74,3142
73,6895
73,5235
74,3920
74,3122
73,8824
73,9315
73,6271
73,9925
74,0352
74,4935
73,5600
73,7974
74,1556
73,6781
74,3751
72,9114
73,2737
73,3304
73,5048
74,5096
74,6081
73,7804
73,6803
73,9927
74,0279
74,0952
73,9688
73,2561
74,3435
73,5541
74,0327
74,4885
74,3621
74,0163
74,3639
73,4814
73,7506
74,1668
74,2225
74,6680
74,1139
74,0368
74,1779
73,6631
73,9583
73,9351
74,0305
73,8723
73,1717
74,5717
73,8310
74,1062
73,2787
74,3198
73,5919
73,3040
73,8146
73,5935
74,0377
73,8489
74,0269
73,8181
73,5415
73,4870
73,9299
74,5406
74,2903
73,6545
73,5435
74,0065
73,9381
73,8526
73,3920
73,9120
74,1470
73,8586
74,1098
73,3113
74,3613
73,9474
73,7562
74,1355
73,6997
74,0981
73,9999
74,1765
73,9395
74,2974
73,8808
74,7043
73,9984
73,8679
74,1108
73,5832
73,6505
74,6228
74,5727
72,9058
73,8314
74,0581
74,4276
73,7064
73,9289
74,1008
73,4333
73,6576
73,5999
73,9258
73,7882
73,6711
73,2450
74,3388
73,9219
73,7991
73,8770
73,9954
73,1430
73,5717
73,5322
73,7111
74,2317
73,8038
73,8738
73,7790
74,0669
74,4421
73,2388
73,9383
74,7507
74,1139
74,0951
74,3287
73,7784
74,3041
73,4264
74,0637
74,1421
74,0432
74,2799
73,9066
73,9924
73,3056
73,7185
73,8060
73,6060
74,3025
73,8392
73,6436
74,0624
73,3224
73,7925
73,9257
74,0043
73,8224
74,1280
74,3357
73,8896
73,6362
74,3666
74,0436
73,3478
74,5293
73,9979
73,5135
74,3256
73,5343
73,7756
74,4086
74,2112
73,0278
73,9200
73,6319
73,3271
73,8004
73,9472
74,5331
73,7695
73,5852
74,0096
73,1781
74,3541
73,5876
74,2272
73,4054
73,8628
74,0745
73,7679
73,6992
73,3849
74,3882
73,5328
74,5856
74,2749
74,0693
74,1745
73,6053
73,9782
74,1644
73,8521
73,6108
73,2349
74,1978
74,3950
74,0585
73,6526
74,1893
74,5027
74,1275
74,0356
73,6572
73,2794
73,9996
74,0066
73,5181
73,5339
74,2939
73,2887
74,2647
73,5350
73,5990
74,6311
73,2299
73,9295
73,7594
73,3710
73,8064
73,4158
73,3507
74,3064
73,5493
73,3852
74,2755
73,9137
73,5588
73,6081
73,4680
73,9930
74,0591
74,4225
73,7165
73,6424
73,3451
73,8232
73,9929
73,4744
73,8418
74,0599
73,4413
73,5641
74,2908
73,9586
74,1574
74,3626
73,9621
73,8365
73,8337
74,0304
73,4539
73,9095
73,6867
74,4234
74,2229
73,6238
73,6595
73,6555
74,4466
73,5389
73,7581
74,3423
74,2981
73,8766
73,5461
73,6591
74,1577
73,3344
73,9489
74,0101
74,0194
74,4113
74,0177
73,9745
73,8442
74,4610
74,1387
73,8799
73,3689
74,3264
74,0979
74,2225
73,6030
73,2757
73,9593
73,7601
73,2875
74,0469
74,0695
74,4057
73,7737
73,8746
74,2552
74,2856
74,3393
74,0619
73,8005
74,1518
74,3770
74,5023
74,3288
73,4970
74,1398
73,4762
74,2317
74,4057
74,3275
73,6610
74,0066
73,2312
74,4844
73,9557
73,5316
73,3157
74,4694
73,8438
73,4020
73,3793
73,7816
73,8397
73,8522
74,5342
72,9018
72,9828
73,1167
74,2041
73,7536
74,0795
73,9728
73,2476
73,9333
73,5636
74,0083
73,2803
74,3708
73,6043
73,6405
74,3398
73,9690
73,7809
74,6058
73,6932
74,1308
73,9799
73,9126
73,6784
73,9685
74,1667
73,6983
74,0682
73,9290
73,8499
73,6824
73,6374
73,9951
73,4739
73,9601
73,8934
73,3883
74,4042
73,8194
73,6401
73,8043
73,9547
73,9048
73,9833
73,9545
73,3704
73,2825
73,2455
74,5716
74,4893
74,1889
73,9538
74,3579
73,7573
74,0324
73,3741
73,5170
73,6417
73,8058
74,2685
74,3736
73,9554
74,0760
73,7583
74,2078
73,6505
74,1569
73,7774
73,4898
74,1301
74,0434
73,8905
73,1186
73,7769
74,5619
74,1595
74,1947
73,0460
73,2845
73,6212
73,8859
74,4382
74,2769
73,5613
73,9579
74,1261
73,4389
73,6034
73,5237
73,9301
73,6091
74,0225
73,5901
73,8111
73,4098
74,1661
73,5323
73,6325
73,8140
73,7231
73,7970
74,0726
73,4203
74,3211
73,2604
74,2273
74,2969
73,3886
73,8414
74,3303
73,9226
74,4666
73,4739
73,9802
73,7838
73,8816
73,5081
73,9993
73,9641
74,2264
73,9940
73,8596
73,5291
74,0039
73,8129
73,8387
73,3759
74,5894
74,1472
74,2986
73,0873
73,3195
73,8385
73,8089
73,4838
73,5534
73,2325
73,7858
73,4941
73,6933
73,8875
73,1034
73,9994
73,9345
73,2082
73,9037
73,7434
74,1835
73,7036
74,0902
74,0755
74,1933
74,5586
74,2333
73,9948
74,0291
74,0550
73,7928
74,4341
74,2449
73,8139
73,6093
73,7060
73,5706
74,2541
73,5508
73,8422
74,0827
73,7871
73,9079
73,9111
73,5091
73,4979
73,5179
73,9792
74,3610
74,1533
73,8856
73,6271
74,5076
74,5970
73,7643
73,7983
73,9801
74,2131
73,9485
73,8712
73,2540
73,3687
73,4534
72,9973
74,3616
73,9776
74,2854
74,2504
73,4579
73,5416
73,5640
73,2213
74,7660
74,3337
73,9137
73,9334
73,9363
73,7084
73,6183
73,5185
73,9761
73,6276
74,3053
73,0611
74,3975
73,8005
73,9141
73,9933
73,5403
73,6934
73,9025
74,0711
72,9090
73,9360
74,3661
74,3162
74,0679
74,2801
74,0217
73,8732
73,8070
74,4380
73,5988
74,0840
73,8678
73,7450
73,4495
74,4085
73,9619
73,7448
73,5116
73,6784
73,9404
73,6664
73,3065
74,1900
74,0912
74,2861
73,7082
74,1356
73,9902
74,4582
73,6578
74,2586
73,7391
73,6134
73,7384
73,6903
74,1373
73,9185
74,2375
73,5410
74,0122
73,9309
73,8322
74,5257
73,7683
73,5508
74,1173
73,7523
73,7161
74,1518
74,1437
73,2769
73,6317
73,5792
73,6682
73,8212
73,7632
73,5730
73,7836
74,3779
73,6687
73,0108
74,1157
74,7319
74,0445
73,7305
73,5211
74,7213
73,7500
74,1857
73,5641
73,5255
73,8882
74,7321
73,3109
73,8762
73,9501
74,2733
73,7462
73,2156
73,9574
73,5894
73,6335
73,6450
74,2155
73,6305
73,4864
73,2610
74,3881
73,2023
73,5337
73,7768
73,6047
74,1175
73,7892
74,2814
74,8992
74,2294
73,5999
73,8886
74,0691
73,6141
73,6564
73,8117
74,1436
74,1887
73,2826
73,7337
73,9448
74,0619
73,9744
74,6273
73,6634
74,5154
73,6465
74,2796
73,6105
73,5364
73,9305
73,8402
74,4497
73,4401
73,4306
73,9739
74,0998
73,6775
74,3704
74,0638
73,6767
74,1615
74,2373
74,4282
73,2977
73,5254
73,7054
74,1662
74,1912
73,8016
73,7191
73,2678
73,7747
74,0250
74,0790
73,4549
73,7383
74,5887
73,3302
74,3016
73,7230
73,4080
74,3436
73,8735
74,2933
74,2086
74,0306
74,0107
72,6259
73,9564
73,9093
73,7088
74,1473
73,8015
74,0525
74,2066
74,3191
74,6228
73,0426
73,5989
73,2327
74,3547
74,2287
73,6943
73,9082
73,6328
73,8102
73,6331
74,0340
74,5690
74,1772
73,7051
73,9796
73,6733
72,9959
74,6259
74,0779
73,2211
74,3047
73,9646
74,2348
73,8872
74,2369
73,9249
73,8331
74,2674
73,9070
73,9706
73,9256
73,9113
73,4057
73,5520
74,0901
74,5236
73,6229
74,0857
73,7746
73,2716
73,8519
73,9883
73,2187
73,8597
73,8211
74,1325
74,4603
74,0946
74,4707
73,6571
74,1228
73,9921
74,2172
73,7377
74,1658
73,9887
73,7408
73,8672
73,4966
73,2753
74,2808
74,4401
74,0980
73,4899
73,4143
73,9483
74,0554
73,6832
74,3055
73,9778
73,6549
74,2982
74,3702
73,4099
73,9858
74,3482
74,5113
74,5858
74,8226
73,9987
74,0202
73,7680
74,3405
73,7115
74,3115
74,1009
74,3497
73,9673
73,5829
73,9358
73,2750
73,8640
73,6746
74,2203
73,5922
73,8892
74,1679
74,0258
74,0289
74,1889
73,5834
73,4223
73,3297
73,8888
73,6157
74,0622
73,9814
74,2283
74,1291
73,6886
73,9615
73,7615
73,8265
74,1811
74,1693
73,9243
74,0873
73,9749
73,3349
73,6526
73,7805
73,5300
73,8806
74,0805
74,1241
74,0183
74,1885
74,6561
74,0715
74,3164
74,0711
73,7224
74,0790
74,2352
74,0735
74,0192
74,3692
74,0979
74,0968
73,9391
73,1261
73,8972
73,6678
74,0927
74,3762
74,6058
73,8510
74,3843
73,8540
73,7506
74,4113
74,1480
73,8569
74,0599
73,8892
73,5669
73,8004
73,6686
73,7492
74,3698
73,9385
74,1653
73,9231
73,4306
73,4242
73,8671
74,0777
73,5556
73,6858
73,7909
74,7634
73,1279
73,9610
74,6587
74,3367
74,0094
73,7663
74,4256
73,6996
73,6775
74,1209
72,9956
74,0172
73,6281
73,4718
74,1762
73,9605
73,7321
74,7738
73,8088
73,9891
73,7103
74,2797
74,2696
73,6182
73,5675
74,5351
73,8458
73,6428
73,6979
73,9277
74,1237
73,0878
74,3111
73,5357
74,2329
73,1175
73,3882
73,7916
74,4067
74,4798
73,0374
73,5848
73,6306
73,6991
73,7124
73,8229
73,8883
74,2991
73,5201
74,2750
73,5566
73,5293
74,1707
73,6584
73,4657
73,3260
74,0075
73,8163
74,0416
73,5548
73,6958
74,2785
73,6640
74,1034
74,1371
74,1637
74,2819
75,0618
73,7120
74,0279
73,7741
73,3066
74,1522
73,9478
74,2610
73,4789
73,3357
73,9553
74,2226
74,0653
73,6690
74,0345
74,4744
74,1911
74,3035
73,5815
73,0575
73,9300
73,9705
74,1776
73,6143
73,9269
73,4305
74,6775
73,7693
74,0776
73,7734
73,9714
74,2421
74,4565
74,4415
73,2994
73,3708
73,8673
74,0081
73,8076
73,9040
74,2131
73,7836
74,1609
73,0435
74,0466
74,2012
74,3449
73,6868
73,2364
73,4678
74,0120
73,9323
73,2492
73,9309
73,8709
73,9543
73,5197
73,3642
74,0148
73,2882
73,9037
73,5208
74,4766
73,4853
73,3793
73,9246
73,6097
73,7781
74,0133
73,5796
74,1295
74,6962
74,4126
74,0304
74,2712
73,1483
73,5292
74,1209
73,8927
74,0946
73,9940
73,2442
74,1277
73,8738
73,6263
73,6711
73,9486
73,8197
74,2453
73,8790
74,0615
73,8794
73,9541
73,8511
73,9668
74,1747
74,5552
74,7084
74,2491
73,9873
74,7258
74,2404
73,8527
73,9546
73,6850
74,1812
73,5003
74,3524
73,9675
74,0871
74,5158
74,1345
73,6226
73,3893
73,7727
73,4198
73,7975
74,2607
74,1281
73,9703
73,2358
74,4307
73,6074
73,4262
73,6828
74,0043
73,6322
74,4940
73,9745
74,0124
73,4552
74,0588
73,4119
74,2610
73,7901
73,3492
73,5242
73,7116
74,5506
73,9724
73,5770
73,6274
74,1275
73,7809
73,6442
73,4782
73,9445
74,1312
74,0369
73,7432
73,7864
73,8491
73,9731
73,4081
73,8725
74,2750
73,5090
73,6755
74,2098
73,2540
74,0662
74,3209
73,8931
73,8338
73,7906
73,8008
73,5367
74,2070
73,0535
74,2813
73,8456
73,7970
73,8229
73,8522
73,6251
74,0530
73,9781
73,9489
72,8561
74,0253
74,3536
74,3694
74,0236
74,1178
74,0397
73,7122
73,5730
74,0903
73,8694
74,0214
74,6888
73,4934
73,8058
73,6188
73,6569
73,9556
73,6900
73,7661
73,5453
74,2412
74,3899
73,8270
74,2330
73,4653
74,0866
74,2972
74,3319
74,1657
73,5422
73,9191
73,7755
74,6735
73,7340
73,7688
74,6249
73,8032
74,1059
73,8921
73,5948
74,3344
73,9148
73,9663
73,8936
73,6907
73,8559
73,6834
73,9369
73,8946
73,7986
73,9492
74,4993
73,8812
74,4085
73,5831
73,7092
74,2436
74,1491
74,1342
74,3726
73,5568
73,1200
73,8570
73,8487
73,6712
74,2967
74,3016
74,0218
73,3783
73,4529
73,8363
73,9781
73,6972
74,3001
73,3115
74,0720
74,7724
73,5887
73,5870
74,0431
73,1512
73,7464
73,4663
74,5253
74,1970
73,7579
73,8440
73,8148
73,9166
73,3034
74,2052
74,5020
73,7175
73,6868
74,2814
74,1921
73,7458
74,0041
74,1854
74,2585
74,2010
74,0403
74,0452
74,3957
73,9896
73,6743
72,7675
73,7966
73,6137
73,9728
73,5980
74,1918
73,5449
74,4187
74,3733
74,1715
74,6499
73,9572
74,1833
73,4977
73,9868
73,9831
74,1436
74,5788
74,0452
74,0719
73,9035
74,0820
73,4536
74,4767
73,6022
73,9827
74,2640
73,8824
74,1204
73,7918
74,4019
74,3376
74,4259
74,2868
73,7340
74,0789
73,3693
73,8801
74,5889
73,9283
73,5408
74,1483
73,8279
73,5755
74,0831
73,6166
73,1366
73,6032
73,9648
74,0160
74,0689
74,0711
74,7171
74,4162
73,8151
73,9540
74,5447
74,5627
73,9320
73,5036
73,8358
74,3249
74,0241
73,8676
73,8087
73,7854
74,0196
74,2746
73,8290
73,5453
74,2527
74,2027
73,6600
73,6077
74,5574
73,5409
74,2000
74,0949
72,9948
74,0610
73,9308
73,8371
73,5256
73,8043
74,2865
73,0552
73,7061
73,8859
73,9250
74,5063
73,6783
73,5559
73,7347
74,4152
74,3797
73,6302
73,7759
73,9420
73,9932
73,7285
74,0213
73,8025
74,3801
73,8760
74,1421
73,9682
74,5691
73,5896
73,7197
73,7377
73,6675
73,6995
73,7706
74,1324
73,8489
73,5737
74,4301
74,3139
74,0411
73,9780
73,7202
73,5433
74,0443
74,1873
74,2343
73,7046
74,1850
73,8195
73,2988
74,3097
73,5034
73,7009
74,0723
73,8278
74,3549
74,3738
74,3045
73,4952
74,2874
74,1044
73,6795
73,9472
73,9326
73,7837
73,8802
73,9297
74,1305
73,4931
73,4990
74,1893
74,6723
74,1921
73,9034
74,6302
73,7097
74,3252
74,2640
73,5925
74,0999
74,0464
73,7070
73,1363
74,0763
73,3656
73,6625
74,3085
74,4029
73,3691
73,0142
73,2089
74,1307
74,0039
74,0202
74,1025
74,8026
73,3341
73,3525
73,9114
73,9808
73,8112
74,0265
73,6182
73,8470
73,3718
73,8152
74,3298
74,0089
74,4708
73,2412
73,6329
73,6059
73,4484
74,0916
73,6674
74,3614
73,8727
74,4754
73,1102
73,7922
74,0009
73,8279
74,6381
73,7661
73,6852
74,2125
73,5117
74,3722
73,4385
73,5800
73,8529
74,2136
73,9213
74,6698
73,9191
73,6226
74,2732
74,1954
73,3791
73,2757
74,0075
74,1750
74,1862
73,7655
73,9416
73,9263
74,3868
73,8342
73,7609
74,2741
74,0385
73,7936
73,9967
73,7334
74,7981
74,0493
73,7693
74,3103
73,9831
74,2680
74,1636
74,2273
73,2362
73,3211
73,9566
74,3547
73,4559
73,5323
73,7967
73,7885
73,6473
73,8187
73,5710
74,0808
73,8770
74,2804
73,8814
74,2161
73,7437
74,0288
74,1432
74,1235
73,7464
73,1655
74,0390
74,0739
73,9397
73,2973
74,1809
74,2775
74,3458
74,2267
73,4394
73,8340
73,8968
73,3431
73,6537
74,0454
74,0021
73,7843
74,1429
73,7661
73,8379
74,2263
73,4445
74,3312
73,5236
73,9971
74,4338
73,8864
73,8196
73,8793
74,0508
73,9180
74,2950
73,9073
73,8633
73,5878
73,9523
74,4312
73,6636
73,5417
74,3550
73,8393
73,4252
74,4180
73,5951
74,1173
74,2007
73,6599
74,1486
73,2809
73,9906
74,6254
74,2491
73,5755
73,6173
73,4544
74,2320
74,0414
74,0676
73,7649
73,7661
73,3901
73,8327
74,0625
73,6869
74,3679
73,7715
74,2130
74,1064
73,2718
73,2292
73,4382
73,6562
73,1089
73,6547
73,8702
73,7104
74,0887
74,0722
73,5512
73,9579
73,7488
73,7925
73,2846
74,2714
74,2201
73,6817
74,1592
73,4269
73,9405
73,7758
73,9152
74,1729
73,5219
73,8735
74,2915
73,2964
74,3028
74,2628
74,5486
74,0208
73,3541
73,7083
74,3298
73,6322
74,0882
74,1158
73,3371
74,0558
73,5827
73,9913
73,9929
74,3058
74,3604
73,7068
73,2016
73,9632
74,3125
73,8729
73,2902
73,2358
74,3553
73,7821
74,1390
73,6052
73,4881
73,8145
73,9708
74,1594
74,1668
73,3812
74,5183
73,5361
73,8046
74,3774
74,5342
73,9197
74,0482
73,7287
74,2027
73,9215
73,3404
74,1299
74,4911
73,6874
73,9758
74,1611
74,3656
73,4228
74,4707
74,0882
73,7424
73,8096
74,1844
73,9192
74,1442
73,7689
73,5884
73,8331
74,1996
73,4341
73,2440
73,8626
74,7235
74,1173
72,8789
73,9311
74,2380
73,9744
73,7204
73,6251
73,9215
74,3442
74,0069
73,8442
73,3943
73,5442
74,3804
74,0387
74,0814
73,9738
73,7344
73,8790
73,8912
74,1503
73,6806
74,3831
74,1661
73,9140
73,9009
74,0227
74,4851
74,1185
74,4478
73,8798
73,2567
74,4887
73,7941
74,2235
73,4405
73,8202
74,0606
74,1132
74,0823
74,1278
73,3194
73,4897
74,1454
73,5409
72,9988
74,0597
74,4807
73,3164
74,1040
74,5635
73,4227
74,0227
73,5220
73,3990
74,8736
74,4716
74,1942
73,9332
73,6762
73,6328
73,7055
74,0063
74,0587
74,4658
73,9477
73,8620
74,4238
73,6966
73,4711
74,0450
73,9761
73,6271
74,1101
74,0837
73,8736
73,7474
73,7487
74,2593
74,4032
74,1683
73,5490
74,0561
74,0572
73,7705
74,0215
73,7948
73,1432
74,2864
74,4564
74,0860
74,3203
73,9166
73,8501
73,9710
73,7890
74,0520
74,5829
73,6091
73,1885
74,3276
73,8185
73,9046
73,9765
73,4154
73,8107
73,2377
74,6869
74,4237
74,0732
73,0519
72,9532
74,0698
73,5889
73,2924
73,2703
73,7463
74,5959
73,2951
73,6119
73,7780
73,3593
73,3097
74,6762
73,7567
73,4492
74,1505
73,8020
73,4639
73,3734
73,4634
73,6718
73,1789
73,6955
73,7685
74,5663
73,7988
74,1577
73,9776
73,9814
74,6692
74,1318
74,3190
74,3908
74,1728
73,9053
74,0889
74,0872
73,5614
74,1522
74,1327
73,7903
73,9375
74,0169
73,6991
73,9054
73,8723
73,9596
73,8235
74,2874
73,9877
74,5631
73,5394
74,3149
74,1277
73,9351
74,3799
73,9321
73,9879
73,4506
73,8591
73,7615
74,3559
73,6577
73,0909
74,5785
73,4359
73,3248
73,6795
74,3357
73,4032
73,9777
73,8718
73,0802
74,1853
74,6642
73,7417
74,0805
74,0212
74,0327
74,0105
74,3780
73,9369
73,9010
73,4299
73,4505
73,5052
73,8584
74,3885
73,7818
73,2194
74,2276
73,7309
73,9669
73,3894
73,7482
73,2552
73,6186
73,6862
73,4804
74,5935
74,3746
73,4577
74,1429
73,7395
73,2951
73,8187
73,5739
74,8233
74,2348
74,2758
74,5489
74,1136
74,5192
73,9848
74,1026
74,3717
73,8500
73,8884
73,6408
73,4628
73,5811
74,1667
73,3766
74,0740
74,0682
73,6370
73,5519
73,8147
74,0575
74,3332
73,1793
73,2752
73,9408
73,9429
74,0891
74,8413
73,8005
73,9844
74,0200
73,8545
74,2955
73,7054
73,1123
73,4296
73,9371
73,6364
73,6986
74,2544
73,3534
73,9869
73,8992
74,3753
74,3551
73,3358
73,8919
73,9707
73,4649
73,7937
74,1560
74,5362
73,7586
74,2969
74,4032
74,0694
74,0887
74,4270
73,9532
73,3719
74,5462
73,9313
74,0189
73,4974
73,6694
73,6050
73,8939
74,8780
73,6979
74,6158
73,6657
73,5976
74,0042
74,0791
74,2823
73,9096
73,8468
74,7571
73,2700
74,1466
73,6052
73,7037
73,9221
73,5579
74,0272
73,6119
74,0442
74,1778
74,1346
73,9756
73,1064
73,8858
74,3902
74,4701
74,4267
74,0181
74,0177
73,8647
74,2543
73,8550
73,6251
73,3283
73,9260
73,6425
74,0480
74,0760
73,7258
73,9395
73,6257
73,7401
73,6640
74,3897
73,4246
74,5662
74,1792
73,4968
73,7010
73,8884
74,1651
74,1572
74,2213
73,7269
73,5430
73,9588
73,7456
73,6971
73,2290
74,7844
73,9407
73,4169
74,3449
73,8482
74,1419
73,5740
73,5069
73,8191
73,8546
73,8490
73,8231
74,4900
74,5163
73,2874
74,0239
73,6543
73,8457
74,4227
74,0041
74,1490
74,2380
74,4373
73,8937
73,6779
73,9036
74,1650
73,6854
73,4577
74,0482
73,9618
73,9479
73,8902
73,5692
73,9279
74,2505
73,2745
73,9616
74,2559
74,2024
73,7809
73,4843
74,1160
73,8408
73,9261
74,4825
73,8385
74,4816
73,4127
74,5219
73,7526
74,7312
73,6747
73,5660
74,1864
74,3559
74,2713
74,1284
73,6562
73,9880
74,4379
73,6248
73,4331
73,9944
74,1856
74,1994
74,1176
73,4378
73,6061
73,7250
74,2268
74,1922
73,9285
73,8204
73,9609
74,0102
73,9254
73,7981
73,9613
73,7721
73,8978
73,6652
74,0435
74,1328
73,4048
74,2689
73,6881
73,2683
74,4293
73,6135
73,8967
73,9520
73,9617
73,9038
73,6560
73,7508
74,2001
73,6869
74,0256
73,5633
73,8447
73,3443
74,4228
73,6012
73,6836
73,6082
73,2226
73,7609
73,7620
73,5393
73,2850
73,8699
73,6825
73,6065
73,7305
73,4891
73,7251
74,3074
74,2805
73,8235
74,4470
73,8207
74,2885
73,4005
73,6614
74,1619
73,8753
74,4692
74,1931
73,7681
74,1044
74,0036
74,0052
73,7861
73,3821
73,7948
74,4314
73,5795
73,7377
73,2550
73,8145
73,9458
73,5716
73,6872
74,1711
74,6060
73,7614
73,5697
73,7618
73,9522
74,2616
74,7502
73,5566
73,4424
73,8662
73,5217
74,4131
73,4342
73,9601
73,7677
73,8943
73,4656
73,9475
73,7069
73,4365
73,3485
74,5280
74,3606
73,5940
74,3596
73,8387
73,4833
73,7480
74,0009
73,6098
73,6845
73,5574
74,0480
74,3316
73,5504
74,3817
74,0039
73,8393
73,4774
73,8550
74,7281
73,4738
73,4836
73,3313
74,1782
73,5955
74,1247
73,5295
74,0269
73,5342
73,8100
73,7056
74,0112
73,6535
73,9028
74,2023
74,1242
73,6839
73,9035
73,0527
74,1409
74,0883
73,9216
73,6745
74,7444
73,5140
74,1466
73,7473
73,7219
73,2664
74,2148
72,9746
73,6233
74,4265
74,3353
74,2918
73,8557
74,4941
74,3397
73,7223
74,3784
73,9233
73,9591
74,2797
74,2164
73,6424
74,6429
73,4491
74,3066
73,5544
73,5097
74,1115
74,1748
74,4211
73,5668
73,7198
74,0714
74,2948
73,5835
73,7165
74,2824
73,7274
74,1943
74,0863
74,5161
74,0459
73,8549
73,8207
74,2258
74,0287
74,4537
74,3898
74,1855
74,6292
73,6558
73,9628
73,7182
73,2340
73,6252
74,2639
74,0245
73,8264
73,6901
73,3880
73,5690
74,4951
73,9257
74,1977
74,0939
74,2847
73,7257
74,3468
74,1250
73,3285
73,8892
73,5319
74,1021
73,5413
73,7124
73,7863
74,0172
73,5402
74,0256
73,7854
74,1647
73,4112
73,7802
74,1546
73,7414
73,6456
73,5556
73,6177
74,2501
73,7607
73,7436
74,3518
73,9454
73,9851
73,8468
73,8470
74,0918
73,5498
73,5763
73,6307
73,8204
74,3367
73,3909
73,8434
74,1128
73,9732
73,6718
74,1010
73,9179
74,0100
74,0112
73,8978
74,7979
74,0067
73,6582
74,4700
74,3368
74,4198
74,0486
74,3187
74,1676
74,4093
74,2121
73,4815
72,6699
73,4936
73,8087
73,3293
74,2048
73,5738
74,4874
73,9447
73,3412
74,0722
73,5620
74,2625
73,2717
73,9289
73,7423
74,2272
73,7332
73,5685
73,8558
74,2172
73,4490
73,8750
74,7282
73,7084
74,0628
74,2943
74,2891
73,9132
73,6414
73,2526
74,5830
73,3916
73,7926
73,9873
73,4030
73,7919
73,4015
73,4055
73,9646
73,8882
73,8103
73,9472
74,3878
73,8178
73,7502
73,1202
73,0532
73,2161
74,5804
73,9655
73,9870
73,9720
73,3954
73,9185
73,8484
74,0927
72,9930
73,9462
73,9317
73,6801
73,9815
74,0820
74,4122
73,8008
73,9491
74,4347
73,5915
73,9783
73,6047
73,3007
73,4465
74,1666
74,4884
73,8920
73,7508
73,9569
74,0895
74,2175
73,7624
74,0458
73,6384
73,0005
73,7371
74,8160
73,9643
74,2118
73,6415
74,1037
74,3151
73,8687
73,6940
73,5520
73,6028
73,3472
73,7787
73,6941
74,0239
73,8693
74,4126
73,9145
74,0919
74,1177
73,0642
74,1634
74,1964
74,0144
74,1044
74,0708
73,0846
74,4691
74,3044
73,8401
73,7875
74,1347
73,5065
74,1095
73,9431
73,4595
73,9032
73,6900
73,8378
74,1691
74,0255
73,6374
73,9609
73,2614
73,7359
73,4082
73,2409
73,9989
74,0325
74,2384
73,7033
73,5446
74,5557
74,2165
73,9242
74,0710
74,3713
73,7776
73,8206
73,6474
73,7385
74,4747
73,6333
73,7257
73,5654
74,4937
73,9688
73,6083
73,7445
74,3550
74,1322
74,4889
73,8461
73,6481
73,1568
73,7844
73,4630
73,3034
73,4859
73,8131
73,3331
74,2331
74,1486
74,1238
73,3967
73,9841
73,8479
72,9976
74,1453
73,4490
73,0936
73,5152
73,3865
73,5087
73,7093
73,2531
74,4146
74,3408
74,2211
73,1515
74,5828
73,6472
73,4045
73,7804
74,3425
73,7997
73,7383
74,0599
74,0231
74,1359
73,8580
73,8158
73,8348
74,3971
73,6862
73,5412
73,9006
73,7803
73,5872
73,6830
73,8417
74,1363
74,3478
74,1169
73,8408
73,8861
73,6971
74,2025
73,8394
73,8526
73,5022
74,0856
74,1935
74,4686
74,1760
73,8987
74,1801
74,1702
74,4825
73,9471
73,7219
73,7009
74,2755
74,2102
73,8198
73,8127
73,9857
73,9634
74,0293
73,9959
73,8184
73,4806
74,3831
73,1839
73,7254
73,4274
73,4151
74,0740
74,2414
74,0915
73,9143
73,5093
73,7725
73,8739
74,1121
73,5023
73,9255
74,2021
73,2650
72,8534
73,7433
73,6897
74,0101
74,2259
73,7528
74,3101
73,9476
73,5634
73,5988
73,5408
74,0901
74,1757
73,6452
74,1666
74,0994
73,6443
74,0242
73,8846
74,0829
72,9224
74,2670
73,5918
73,9697
74,1822
74,1110
74,0028
73,5743
74,4083
73,6113
73,8578
74,0411
73,8470
73,9273
73,9587
73,5857
73,9623
74,2974
73,6974
74,2795
73,9892
73,4105
74,1610
74,4420
73,6820
73,4437
74,3513
73,4523
74,2316
74,7283
74,0890
73,5818
73,9416
74,3747
74,1986
74,2815
73,4838
73,3168
74,1579
73,8724
74,1928
73,9617
74,3426
74,0984
74,3210
73,8438
73,8751
73,5871
73,5379
73,1795
73,9283
74,0642
73,7395
73,7763
73,5974
74,0962
74,2267
73,6682
74,6642
73,9549
73,7365
73,6814
74,6445
73,4018
73,5503
73,5480
74,1948
74,3359
73,5222
73,5449
73,5335
74,1295
74,2090
74,2429
73,9981
74,2590
74,1903
74,1751
74,1200
74,3096
73,5040
74,6707
73,6577
73,9675
73,3268
73,8103
74,2419
74,0637
74,1613
74,3180
74,0073
73,6399
74,3240
74,1582
73,4168
73,4003
73,8923
73,9875
73,5108
74,0807
74,1668
73,8991
73,8953
73,4972
73,5299
73,8807
73,5924
73,2733
73,4586
74,0003
73,7503
73,3578
73,7522
74,6645
74,1171
74,3006
73,4648
73,9605
73,6241
74,0458
73,3262
73,6797
73,8477
73,8316
73,9829
73,4513
74,3884
74,0149
73,8095
73,4407
74,1535
73,6738
73,7192
73,9773
73,4085
73,2696
73,9871
73,8912
73,7286
73,6279
73,4761
74,2519
73,8151
73,4955
74,0919
73,5867
73,5570
73,6949
73,2335
74,1738
73,9565
74,0125
74,3286
73,6453
74,0687
74,2960
73,3219
74,3962
73,5750
74,3957
73,8189
73,7735
74,0805
73,9571
73,9682
73,2787
73,9773
74,0302
73,4543
73,2404
74,1861
73,6340
74,2131
74,3129
74,4312
74,3115
73,9287
73,4775
73,3420
73,2374
73,2505
74,1009
74,1765
74,4310
73,8995
74,2764
74,1712
73,5436
74,1388
74,1363
74,4968
73,2470
73,8720
73,1145
73,9465
73,3556
74,4316
73,4285
73,9046
73,5682
74,4618
73,8858
74,1166
74,3611
73,5357
73,8581
74,1194
73,6196
73,9424
74,1280
74,4779
74,2422
73,7767
74,1352
74,3193
73,8435
73,3978
73,3520
73,3625
74,4083
74,6087
73,6208
74,0127
73,8445
74,0150
74,1612
74,2269
74,7540
73,7850
74,3813
73,8949
73,7242
73,8376
74,1744
74,7491
74,2787
74,0447
73,4059
73,9054
74,1990
73,9739
73,7389
74,0655
74,7414
73,9574
73,8444
73,8866
74,6748
73,4863
73,6026
73,2420
74,0830
73,9869
73,8160
73,6545
73,6845
73,6164
73,2887
73,8461
74,5363
73,9295
73,9175
74,3715
73,4920
73,1990
73,8020
74,4703
74,6264
73,5551
73,8243
73,8171
74,0730
73,8273
73,7242
75,0544
73,8719
74,0388
74,2310
73,7137
74,0254
73,8469
74,4478
73,5905
73,9979
73,9191
74,1744
73,8041
74,4334
73,4664
72,9667
73,5721
73,8776
73,7674
73,7406
73,5860
73,9231
73,9814
73,5978
74,1699
73,0565
74,5131
73,8024
73,2877
73,8737
73,3752
73,3655
73,5279
73,9111
73,6111
73,1894
74,4838
74,0872
74,4272
73,1905
73,9153
74,1629
74,0517
74,8077
74,0504
73,9726
73,0801
73,7273
73,3449
73,6436
73,6981
74,0822
73,5393
73,1657
74,0049
73,6317
74,1806
73,7794
73,4012
74,2501
73,8928
73,2628
73,6609
74,0926
73,7420
73,4994
74,3362
74,3401
74,2528
74,5120
73,4888
74,1612
74,3765
74,8435
73,4638
73,6122
73,4291
73,8103
74,3664
74,1764
73,6637
73,7549
73,7747
74,1895
73,7482
74,7769
74,7845
73,8280
73,4712
73,9789
74,7655
73,6338
74,1561
74,3771
73,6281
73,9129
74,4528
74,2511
73,8515
73,5829
73,8509
74,3280
74,0610
73,4722
74,0148
73,5883
73,4565
73,9769
74,4948
73,1330
74,3011
73,0467
73,8824
73,8718
73,7937
74,1825
74,0338
73,8212
73,4326
73,9331
74,0144
73,7312
74,0851
73,8140
73,5507
73,6142
73,2917
73,2326
74,3740
73,4566
73,9580
73,5862
74,2165
74,0824
73,6705
74,0310
74,1320
73,5082
73,3909
74,1410
74,4483
73,7531
73,7260
74,8585
73,8346
74,0043
73,6823
73,9273
73,9982
74,0365
74,0244
74,3237
73,9729
73,7574
74,3229
73,2314
74,1796
73,3864
73,9934
72,9339
75,1359
73,9302
74,0431
73,4062
73,7683
73,8929
73,7836
73,6533
73,7220
73,5879
73,6770
74,1081
73,5202
73,7193
73,5733
73,6488
74,2941
74,0064
73,6350
73,8300
73,4374
73,6012
73,7493
74,0496
73,8318
73,5373
73,4591
74,1801
74,0317
73,5293
74,5229
73,4948
73,8528
74,2111
74,4057
74,2671
73,2831
74,3720
73,6282
73,8495
73,8741
74,2075
74,6447
74,2072
73,5235
74,5906
73,6874
74,2648
74,7731
74,2049
73,4072
74,4638
74,4694
73,5711
74,7629
73,9842
73,4318
73,4152
73,9045
74,8005
73,9486
74,0904
73,8370
73,8117
74,9803
74,1183
74,3288
74,7086
73,4343
73,9838
73,3265
73,6089
74,2042
73,8607
73,3252
73,4663
73,1497
73,7596
73,7415
74,0600
73,8718
73,4279
73,4689
73,9960
74,1294
73,6980
73,9175
73,5072
73,3872
74,0386
73,7360
73,8237
74,2093
74,3148
74,1512
73,3869
73,6688
73,6841
73,8892
73,6726
73,9030
73,9255
73,8682
73,5353
74,0558
74,2387
74,2727
74,1908
73,6311
73,8672
73,9826
73,7525
73,8908
73,4075
73,6522
73,8441
73,4103
73,9126
74,0369
73,6808
73,9057
74,4750
73,9931
74,0667
73,9144
74,0340
73,4714
73,7856
73,7455
74,0299
73,8559
73,9937
73,8787
73,7657
74,1311
73,5464
74,5861
74,5759
73,5536
74,2310
73,7135
73,7623
73,5075
74,5910
73,9271
74,4000
73,8377
73,7338
73,9146
73,6784
73,5572
73,2258
74,2815
73,7166
74,0684
74,1666
74,0856
73,5552
74,1287
73,0132
73,8917
73,8426
74,1895
74,3034
74,1460
73,7965
73,7127
73,7006
73,3705
73,9183
73,9466
73,4308
74,3009
73,9683
73,9816
74,0921
73,8475
74,8267
73,8504
73,8821
74,3211
73,2224
73,8028
74,3340
74,0495
74,2384
73,2290
74,9927
73,8888
74,1954
73,2557
72,7279
73,3255
73,7727
73,4811
74,0292
74,0068
73,9473
73,9389
73,5908
74,3206
73,4939
74,0219
74,0131
74,0378
73,9527
73,9717
73,7243
73,4605
73,7460
73,8727
73,8641
74,0476
73,7088
73,9003
74,2355
74,1689
73,2459
73,3607
73,7252
73,8489
73,3247
74,1571
73,9623
73,8876
74,3517
73,2957
74,2240
73,5394
73,3915
73,7836
74,1597
73,9856
73,9061
73,5672
73,8173
74,1039
73,4460
73,4508
73,7416
74,4502
73,4300
74,6280
74,2595
74,1025
74,0962
74,1501
74,5107
73,6245
73,7828
73,9310
73,5987
73,6858
72,7763
74,1720
74,4299
73,7918
73,7812
74,1103
74,2250
74,0119
74,2560
73,7439
74,1457
73,8294
74,2631
74,0222
74,4842
74,1497
74,1659
73,9833
75,0231
73,7736
74,4730
73,2997
73,8789
74,3380
74,3160
73,8985
73,4214
74,0681
74,0126
73,4734
74,3342
74,4005
74,2956
74,1912
73,6469
74,0319
74,0859
73,6521
74,1696
73,6978
74,0384
73,9439
73,4925
73,6824
73,6832
73,9209
73,7226
73,2789
73,8980
73,6031
73,8185
74,0640
73,5064
74,1796
73,7399
73,7754
73,5988
73,7072
73,8785
74,1921
74,0470
74,2687
73,5651
73,1627
74,0176
74,3051
73,6160
74,2464
73,4767
73,4589
73,4667
73,4202
73,8742
73,9312
73,6797
74,4565
74,0678
74,0365
74,3745
73,6383
74,0245
74,0108
73,5643
74,0924
73,7369
73,9270
74,4336
74,0410
74,1220
73,7466
73,3526
73,8926
73,3523
74,4035
74,0639
73,5888
73,8644
73,3860
74,0773
74,2418
73,8497
73,9299
74,0190
73,9293
74,5809
74,0954
74,2331
74,2623
74,1963
73,2978
73,2815
73,5556
73,7448
74,3889
74,4598
73,9224
74,4200
73,9448
73,5128
74,9917
74,0223
73,8571
73,9085
74,3993
74,4179
74,3236
73,6341
73,4330
73,4782
73,7125
73,8765
73,8961
73,8965
74,0409
73,8148
74,0274
73,3000
74,1234
73,4525
74,1109
73,7919
74,0664
73,6114
74,2444
74,2931
73,4567
73,9213
73,4538
74,1146
74,1552
74,1989
73,4803
73,2540
73,7519
74,3484
73,3756
73,4506
74,3084
73,6561
73,4976
73,6110
74,1450
73,8420
73,8374
74,8037
74,0557
74,0404
74,1672
74,3673
73,7508
74,0568
73,8230
74,0702
73,7897
73,6298
73,5057
73,7754
73,5936
74,1002
73,1538
74,5088
73,7548
74,1716
74,3110
73,1492
73,5144
74,0085
73,8797
73,8707
73,9757
73,7784
74,1141
74,2153
73,9151
73,7323
74,4445
74,1921
73,3956
73,9137
74,0775
72,9625
73,7893
74,0165
74,0587
74,3720
73,8651
73,7158
73,7459
73,7522
73,2516
74,3327
73,8740
73,9425
74,2967
73,7610
73,7458
74,1896
73,3453
73,7475
73,0216
73,7069
73,9620
74,0923
74,5296
74,1482
74,1015
73,4858
73,6150
73,4991
73,6917
73,9141
73,3576
73,0687
73,6088
73,9027
74,8509
74,5433
73,9683
73,7105
73,4536
73,2759
74,0633
74,0365
73,5003
73,5060
73,8516
74,0809
73,6460
73,5751
73,3790
73,5100
73,5323
74,1273
74,2753
74,2084
73,9147
73,8631
73,6302
73,7065
72,9568
73,9193
74,0059
74,0487
73,6202
73,8752
73,2612
74,1575
73,8901
73,7448
74,0159
74,2887
73,6014
74,0212
73,8732
73,4023
73,6354
74,2356
74,0446
73,8993
74,0987
74,3409
74,3103
73,5215
73,9154
74,1506
73,8207
74,3472
73,7707
74,5838
73,5461
73,3183
72,6543
73,9366
73,6195
73,5303
73,8783
73,0628
73,7833
74,4309
73,8810
73,8800
73,7227
74,1591
74,4392
73,2386
73,4188
73,7460
74,0698
74,1262
73,9596
73,3850
73,9873
73,6973
74,0554
74,0996
73,4194
73,6417
73,8948
74,0427
73,8229
74,5289
74,0076
73,6715
73,6829
73,8790
73,8586
74,2406
73,7327
74,2320
73,5506
73,8832
73,4383
73,6227
73,7617
74,3545
73,7172
73,5729
74,2584
73,9481
73,3428
74,0792
73,9054
73,8419
73,5679
74,0196
73,5253
73,4539
73,7751
73,3445
73,7737
74,0374
73,8949
73,6747
73,6497
73,9577
74,0024
74,0585
73,6377
73,5573
73,1240
73,6548
73,9892
73,8970
74,1315
73,9105
73,8439
74,1274
73,2679
74,2375
73,8224
73,5294
73,6817
73,6101
74,0871
73,8373
73,4638
73,5164
74,2121
74,4013
74,2734
74,3812
74,4527
73,7582
73,2766
73,5750
73,8610
74,0908
74,1721
74,0641
73,8732
74,5561
73,9350
73,9602
74,2311
73,5776
74,7508
74,0678
73,7074
73,9267
74,3993
74,2561
74,0525
74,3651
73,5486
73,3141
74,2116
73,8467
73,8132
73,9016
74,1096
74,0631
73,7589
73,2424
73,9974
74,0211
73,5031
73,7040
73,4522
73,7405
73,2303
74,0303
72,9981
74,4612
74,2065
73,7752
73,7738
73,5930
74,0841
73,6833
74,2979
73,9649
73,4335
73,8005
74,1716
74,5018
74,0648
73,3504
74,2438
73,6266
74,1868
73,9988
73,9810
73,1579
73,4069
73,5336
74,1719
73,4418
73,5521
73,7624
73,4928
73,6368
73,7655
73,9493
73,6941
73,8245
74,8215
74,3291
74,5286
73,6488
73,6459
74,6982
74,1727
73,8952
74,1777
73,5162
74,3261
74,0202
73,5573
73,7485
72,5641
73,8764
73,9017
73,3197
73,4569
74,3334
74,2745
73,7999
73,7997
74,0404
73,8034
73,3913
73,8790
74,1831
74,0805
74,1896
73,5214
74,1799
73,7377
73,7370
74,1810
73,7887
73,8168
73,5221
73,7711
73,6686
74,0588
74,3263
73,6004
74,1468
74,0752
74,1293
73,5497
74,3444
73,7176
74,2566
73,5682
74,7048
73,6635
74,3225
74,4025
73,7270
74,0905
73,1234
73,9543
73,7230
74,2347
74,3830
74,0836
73,5369
74,1259
73,2967
73,7682
74,3201
74,1985
74,4029
74,3507
74,3859
73,8670
74,2848
73,4701
74,8700
73,5718
74,1185
73,4840
73,9946
73,1367
74,7512
73,8869
73,9191
74,1865
74,2758
74,5869
73,6944
73,9594
74,3386
74,2042
73,2271
74,3180
73,9271
74,1995
73,3827
73,9940
74,0201
73,9779
73,6488
73,6184
74,0978
73,4946
73,0638
73,2114
73,7986
74,2037
73,7199
74,5635
73,6230
73,5135
74,2387
73,8628
73,5640
73,9111
73,1946
74,0500
73,9768
73,7275
73,9480
73,8007
73,4508
74,5131
73,9257
73,2622
73,9312
73,9773
74,1749
74,1351
73,7689
73,5997
73,4783
73,8339
73,7667
74,7083
74,5644
73,9602
74,0577
74,0875
74,0268
73,1073
73,2427
73,9810
73,5489
73,9036
74,0788
74,2824
73,1528
73,3837
73,7062
73,9578
74,1261
73,5155
74,4712
74,1283
73,3773
74,0076
74,1185
73,6746
73,9381
73,4383
73,7335
73,7750
73,8718
74,6836
74,6070
74,1069
73,6172
73,6880
74,3743
75,0520
74,1223
73,5771
73,0487
73,4899
74,1376
74,6192
73,5588
73,7082
73,5091
73,8803
73,3644
73,6924
73,6361
74,0654
73,4920
73,8283
73,7289
74,3408
74,6283
74,3909
74,3329
73,7242
73,5206
74,1296
74,6304
73,5992
73,9465
73,9747
73,6077
73,7661
73,6897
73,3577
74,2759
74,3858
74,0933
73,9024
73,6060
73,9233
73,6525
74,1256
73,5493
73,6838
73,7254
73,5539
73,8259
73,9706
74,2768
73,9439
74,3197
73,7826
73,7274
73,4046
73,7664
73,4829
74,2046
73,7763
72,9123
73,1818
73,0378
73,9485
73,4182
73,9562
73,4769
73,9673
73,8854
74,1133
73,8899
73,6283
74,1583
73,3565
73,5606
73,9771
74,2211
74,2060
73,8189
73,7350
74,2536
73,8886
73,6616
73,7975
73,3164
73,9741
74,3176
73,8138
74,1376
74,3121
74,1339
73,3126
73,6806
73,4917
74,1647
73,9262
74,0288
74,1239
74,4575
74,5856
73,6960
74,0505
74,4768
74,0758
74,3650
73,3585
74,5308
73,7678
74,0048
73,6133
73,5864
73,8604
74,1544
74,0706
74,4710
73,9284
73,6517
74,1148
73,4551
74,2184
73,1013
73,3691
73,8561
73,7173
73,8334
73,8853
73,8049
73,6862
73,9263
73,9115
73,3459
74,0544
73,8005
74,2627
73,4740
74,0527
73,5971
74,3006
73,9782
74,0910
73,6796
74,4365
73,7200
74,3549
73,8087
73,3470
73,5837
73,5302
73,5368
73,8639
73,6586
73,7111
74,1910
73,8865
73,8012
73,6143
74,0389
73,4844
73,8283
73,5480
74,5256
74,1346
73,5486
73,8549
74,2677
73,3212
73,5717
73,6975
73,4352
74,1991
73,7881
73,3761
74,5015
73,6001
74,3702
73,3401
73,4136
73,8331
73,7780
73,4788
73,7955
73,8228
74,1887
73,6679
73,6125
74,1892
73,5069
73,9954
73,2520
73,4703
74,2934
73,4537
73,7551
73,2182
73,6228
73,9175
73,8131
73,8287
74,3092
73,9991
74,4554
74,4396
73,6428
73,6142
73,5275
73,5229
73,9109
74,0982
74,0437
73,9203
74,2880
74,5027
73,9274
73,8642
73,4787
73,9139
74,1527
74,1554
74,2691
74,0990
74,2284
73,5638
73,6165
73,5674
73,8842
74,3528
73,8929
74,0425
73,7645
74,8197
74,5114
73,6432
74,4571
73,9461
73,2700
73,3090
73,6833
73,9561
74,3174
73,8731
73,2556
73,6925
74,1395
73,7049
74,1256
73,4803
73,9733
73,9578
74,0809
73,4056
74,2711
74,2634
74,1150
74,1617
73,3671
73,5288
73,9720
73,9669
73,8797
73,6123
74,2675
73,5269
73,1468
74,1647
73,6077
74,4337
73,5294
73,9194
73,3553
74,0620
73,8763
73,8762
73,6205
74,2547
74,2482
74,0765
74,4031
73,6928
73,9749
73,9964
74,4834
74,0203
73,9473
74,0602
74,3107
74,1436
73,9313
74,1970
73,9922
74,1401
74,0805
73,7198
74,0345
73,4653
74,4389
73,9730
73,9371
74,2128
73,4965
73,8726
73,7467
73,6680
74,0739
73,8620
74,1370
73,8750
73,5341
73,6819
73,1742
74,1116
73,8626
73,7026
73,7199
74,3335
73,8717
74,0642
73,5035
73,6931
74,1127
73,5503
73,5041
73,6591
73,5293
73,6474
73,7580
73,3532
73,9852
74,0696
73,6241
73,6720
74,0760
73,9300
74,5667
74,0871
73,7951
73,6094
74,4335
74,1208
73,1928
73,7333
73,7140
74,2763
74,0935
74,1140
73,6849
74,1584
74,1318
74,0692
74,4986
73,8021
73,4080
74,4460
73,9657
74,3589
73,9201
73,8727
73,6369
72,8889
73,5467
73,8944
73,5612
74,3320
74,1787
73,9123
73,8481
73,7786
74,1221
74,0718
73,4960
74,2696
74,0830
73,4734
73,8301
73,8157
74,1305
74,2709
74,2133
73,9498
74,1668
73,8324
74,3545
73,7623
73,9743
73,1077
73,6291
73,9520
73,7143
74,2128
74,4115
73,7576
74,2033
73,9674
73,1024
74,0081
73,7363
73,9672
74,2967
73,3786
73,7111
73,8445
74,1024
73,8520
73,8639
73,6313
73,8561
73,8019
73,1958
74,1761
74,4581
74,0444
73,2067
73,7394
73,5207
73,8344
73,9437
73,4853
74,2985
73,8656
74,0600
73,4464
74,1235
73,5847
74,0565
73,4545
73,6942
74,7144
74,0599
73,3136
72,8405
74,2147
73,9982
73,6257
73,9764
74,0047
74,0169
74,3415
73,9202
73,7963
74,3395
74,3673
73,3365
73,7699
73,5305
73,4708
74,5537
73,6941
73,8665
74,4429
74,1857
74,2183
74,3156
74,2159
74,2508
73,7298
74,1552
73,7459
73,2753
73,2501
73,4926
73,5945
74,2369
74,2962
74,1768
73,5490
73,4040
74,0678
74,0656
73,6317
73,7566
73,8147
74,3709
74,5036
74,1773
73,7255
74,0096
74,5294
73,9314
73,6729
74,2049
73,8711
74,2249
73,8630
73,9951
73,6798
73,1553
73,7569
73,8259
73,9912
73,4848
74,1469
73,6371
74,4181
73,6241
73,3149
73,1697
74,4355
73,3621
73,2382
74,3545
74,0996
74,3089
74,1778
73,8088
73,7227
73,7604
73,6524
74,3996
73,4138
73,8917
73,7287
73,1106
74,3919
73,6457
74,1891
73,6589
74,7350
74,4077
73,9410
73,7930
74,1374
74,2029
74,0872
74,6742
74,1394
73,5696
73,4095
73,6951
73,5750
73,6056
73,1270
73,6369
74,0768
73,6097
74,0615
73,8296
73,8704
74,2421
73,8930
74,3039
73,9445
73,9503
74,3270
74,6215
73,5801
73,0838
74,2807
74,7872
73,6022
74,3954
73,8025
74,0078
73,4051
74,0713
73,1738
74,0585
74,3605
74,0941
73,7604
74,4139
73,9198
74,2137
74,1192
74,3674
73,1216
73,6853
73,7686
73,3304
73,2396
73,9638
73,5940
73,8788
73,7473
74,2852
74,0629
73,8289
74,1432
73,7190
74,4912
74,4720
73,4449
74,2360
73,8885
74,6695
73,7687
74,2713
73,7140
74,1966
72,9169
73,1742
74,2382
73,5659
73,5476
74,1175
74,4059
74,4456
73,5714
73,7398
74,1194
74,1948
74,6880
74,2180
73,9400
74,4460
73,4953
73,5694
73,9553
73,7479
74,2366
74,2450
74,3679
74,2713
73,8578
73,8224
73,3978
73,5255
73,0838
73,4947
73,2861
74,0838
73,5602
74,3243
73,8852
74,2921
74,0327
74,0359
73,3918
73,8446
74,2663
73,8677
74,1771
73,9329
73,4070
74,4928
74,2721
74,2978
73,8979
73,8434
73,8902
73,9891
74,1830
73,4668
73,4904
74,3205
73,6230
73,5049
73,8463
73,3890
73,9917
73,7826
73,7299
73,6505
74,2034
74,0246
74,0990
74,4894
73,7682
73,5330
73,6206
73,5872
74,1670
74,2550
73,5265
73,6024
74,1751
73,5676
73,8827
74,2160
74,2164
73,3840
73,7900
73,8822
73,2849
73,5417
73,4525
74,4280
74,1886
73,8103
73,8662
74,0562
74,0345
73,3259
73,7187
73,5821
73,5542
74,0349
73,3889
74,0734
73,6546
74,0881
73,9578
73,2782
73,9794
73,9295
73,1588
73,7090
73,5847
73,7333
74,0454
74,0925
73,8292
74,1275
73,7814
73,6953
73,7323
73,5937
73,5627
74,6524
73,3738
74,7665
73,9415
73,5857
74,0835
73,5099
73,8543
73,4938
74,0215
73,2232
73,9429
74,2215
74,0833
74,0450
73,0752
74,1061
73,1865
74,0471
74,2562
74,3084
73,3728
73,3738
73,5167
73,1955
73,9148
73,7005
73,4607
73,8844
74,0205
74,1321
74,0851
73,6414
74,2229
73,8748
73,9673
73,3620
73,6884
74,1453
74,0546
74,1996
73,7901
74,0977
73,3860
73,9499
74,0175
74,1792
73,9347
73,9569
73,8210
73,8988
74,2192
74,1452
73,8437
74,0196
73,2662
73,5651
73,8848
73,2076
73,8367
73,5812
73,9638
73,8770
74,3639
73,7675
73,9755
74,1129
73,7863
74,6493
74,1701
74,0797
74,2113
73,8721
73,9342
73,9289
73,9100
74,1808
74,1636
73,6605
73,7821
73,0508
74,1269
73,7437
73,9580
73,9093
74,1221
73,9493
75,0310
73,3057
74,3796
74,4348
73,7155
73,7194
74,1070
73,5087
73,8037
73,8340
74,8638
74,0829
74,0393
74,5221
74,0978
73,7709
73,9905
74,0386
73,7992
73,5011
73,7433
74,0012
73,8437
74,4178
73,3659
73,5228
74,0969
73,2705
73,5191
74,0689
73,9796
73,5877
73,5263
73,6235
73,6562
73,8058
73,9070
73,8507
73,3695
73,9771
74,0283
73,6074
74,7016
74,0039
73,4552
73,7604
73,1566
73,8344
73,9569
73,9270
74,6687
73,7534
74,5777
74,4817
74,7611
73,6229
73,4789
74,1777
74,5355
73,8342
73,9141
73,3892
73,6653
74,5836
73,5435
73,8419
73,3377
73,5696
73,9228
73,2293
74,3719
73,7992
73,1814
73,9165
73,6124
74,0534
74,2844
74,0814
73,9025
73,8315
73,2626
74,1164
74,1293
73,6836
73,3452
74,0364
74,4651
74,3020
73,9456
73,4123
73,9461
73,9331
73,7519
73,3635
74,4854
73,1516
74,1304
73,5290
74,3732
73,4047
73,9523
73,9917
74,3023
74,0510
73,8222
73,3886
73,8144
74,3099
73,6849
73,9888
73,6414
74,3963
74,7184
74,1067
74,3105
73,8232
73,4540
73,7221
74,4144
73,6607
74,2087
73,8223
74,1876
74,4117
74,7281
74,6596
73,4794
73,9718
73,4763
73,5107
73,0050
73,5942
74,0214
73,7692
74,0947
74,2418
74,6001
73,8018
73,8280
74,3708
73,5080
74,5205
74,0772
73,9410
74,1192
73,2151
73,8521
74,3516
73,6232
74,3651
74,3027
73,8002
73,8436
73,7070
73,5694
73,4617
74,2806
73,9640
73,9214
73,7255
74,4116
73,8298
74,0608
73,5676
73,6456
73,9206
74,1577
73,4851
73,4951
73,6344
74,1763
74,1554
73,6515
74,0827
74,2394
73,8884
74,4280
73,3943
73,1927
74,2342
74,5995
74,3011
74,0812
73,9388
73,6571
74,1078
73,7160
74,0182
73,2869
74,1752
74,2327
73,6016
75,0641
73,5605
73,8878
73,7757
74,1243
74,1572
73,6298
73,5612
74,1249
73,5281
73,9493
73,4340
73,8803
74,0043
73,7170
73,7383
73,9777
73,4030
73,3257
74,5978
74,1514
74,1399
73,7196
73,8949
74,2390
73,4493
74,3437
75,0481
74,3167
73,6783
73,7170
73,2877
73,5504
74,2982
73,8115
73,5567
73,8928
73,9385
74,3374
73,7530
73,6434
73,7398
73,6502
73,6732
73,2877
73,5396
73,5696
73,9446
73,5986
74,0239
74,1344
73,8148
73,5420
74,1574
73,6332
72,8915
74,1138
74,0168
73,5546
73,9158
73,5201
74,1024
74,1053
73,1749
73,7067
73,7105
73,8824
73,7034
74,0481
73,0879
73,4780
74,5124
73,7088
73,5959
73,2952
74,0750
74,1817
73,5852
73,7476
74,3420
73,9055
73,8901
74,5402
73,8374
73,8405
74,0383
73,7155
73,5170
73,9790
73,5906
74,1274
74,0211
73,5197
74,0153
74,3043
74,2983
73,5646
73,9495
74,1267
73,9174
74,1270
73,8700
74,1327
73,3252
73,8081
73,7045
73,3677
73,6072
74,1107
74,0355
73,6032
73,8921
73,3611
73,8688
74,3371
73,9655
73,7613
73,9356
73,3759
73,7554
73,7223
73,2528
73,9465
74,2950
73,9340
73,9309
74,1010
73,8909
74,1401
73,2240
73,3745
73,5204
73,7932
73,9975
74,5388
74,6146
73,7199
73,4491
73,5928
73,9383
74,1460
73,4027
73,6904
73,6988
74,1831
73,5770
73,9373
73,6365
74,0601
73,4320
74,0509
73,8061
74,0619
73,6812
73,8213
74,1476
73,6675
73,8309
73,9738
73,9943
74,3074
73,3889
73,4729
73,8789
73,8167
73,4085
73,5962
73,6153
74,3468
73,8969
74,3991
74,6196
73,8509
73,7401
73,6552
73,9712
73,3305
73,9625
74,3554
74,6906
74,6609
74,5892
74,1478
73,9040
73,0889
74,6646
74,2193
73,6648
73,4365
73,8663
74,4913
74,3736
73,3381
73,7918
74,3112
73,3770
73,5079
74,2527
74,0585
73,8240
74,4823
73,7227
73,4773
73,9651
73,3079
73,4689
74,2351
73,7301
73,4846
74,0147
74,1570
73,9693
74,1515
74,3646
74,0611
73,6951
73,8784
73,5352
74,1570
73,5744
73,8728
73,7608
73,9729
74,1108
74,4186
74,3705
74,3645
73,6959
74,2174
73,8789
73,3084
73,6505
74,2703
74,1565
73,9440
73,5225
73,4629
73,4280
73,9649
74,1796
73,9896
74,0841
74,0420
73,6858
74,0137
73,8619
73,7305
74,0693
74,0171
73,8362
73,8446
73,8163
74,1898
74,7901
73,6010
73,9144
74,2289
73,2222
74,0627
74,0399
74,0235
73,8598
73,5335
74,5167
73,7306
73,0355
74,0589
73,6418
73,6734
73,7818
74,4161
74,0209
74,0695
74,0096
73,6392
74,0939
74,1884
73,6994
73,9402
74,5847
74,1384
73,9729
74,1721
73,6788
74,4225
73,7523
74,0504
73,7285
74,2444
73,8848
73,7469
74,2928
73,9045
74,5092
73,9436
73,8469
73,8184
73,9789
74,5072
73,5969
73,6619
73,4181
74,1984
74,0680
73,6518
73,7330
73,7185
74,1566
73,4793
74,4095
73,7228
74,4644
74,0413
73,9785
73,4507
74,0795
74,1414
73,3112
74,6181
73,4617
73,7196
74,5112
74,0404
73,4164
73,9701
73,0715
73,1537
73,9233
73,3568
73,8409
74,0105
73,9600
73,4779
74,2848
73,7513
74,1116
74,3853
74,3712
73,6255
73,7610
73,9619
73,4014
74,2086
73,9993
73,5719
74,0050
74,0283
74,1107
74,0149
73,4437
74,1595
74,3373
73,7556
73,5944
73,3495
73,6450
73,4648
73,5834
73,3811
73,4855
73,9357
74,1031
73,0734
73,5492
73,6768
73,9293
73,5399
73,7400
73,8795
74,3661
73,7452
73,5092
73,9217
73,6204
73,8861
74,1818
74,3112
73,5190
73,3686
74,3678
74,0129
74,1116
73,7244
74,3650
73,8946
73,7296
73,9028
73,2476
73,6039
73,6080
73,5365
73,8612
74,0286
74,2016
74,1445
74,0075
73,5094
74,2931
73,6379
74,3002
74,0771
74,0471
73,6849
74,3891
73,5104
74,6432
74,1666
74,3790
73,8376
74,1212
73,6189
73,5772
74,2562
74,1944
73,9335
74,0381
74,2794
74,0013
73,8128
73,5078
73,8501
74,3108
74,1158
73,4218
74,1197
73,4891
73,8613
73,7247
74,5686
74,3722
73,4429
73,3299
73,7053
73,8434
73,2599
73,8297
73,8207
73,5329
73,5682
73,8560
73,8437
73,8959
74,0786
74,0545
74,3155
73,6829
73,8738
73,8478
73,7351
73,6879
75,1279
73,6750
74,0090
73,9130
73,9789
74,1538
74,5113
73,5435
74,0476
73,3133
73,7806
73,6154
73,9612
74,0046
73,9928
73,8693
74,0967
73,4011
73,7577
73,4209
73,8873
74,0597
73,7708
73,8603
73,5415
73,4429
74,0684
74,1773
73,5377
73,4755
73,6435
73,8673
73,9971
74,3760
73,9658
74,2664
73,5332
73,6285
74,0269
74,2106
73,2464
74,6415
73,8815
74,4397
73,7301
73,7156
73,5648
73,8354
74,0332
73,3752
73,8609
73,6889
74,4389
73,8009
73,6454
73,0873
73,9127
74,1095
73,6682
74,3819
73,7969
73,9250
73,5460
74,5089
73,5043
73,9974
73,4114
74,5449
73,5729
73,7115
73,6608
73,8972
74,5072
73,0187
73,3049
73,0990
73,7189
73,9820
73,4669
74,2204
73,3506
73,7295
73,1909
73,7920
73,7810
74,1865
73,6640
73,1915
73,9444
73,4518
73,7085
74,1687
73,9660
73,4696
73,7270
73,7130
74,2578
74,3767
74,0968
73,6139
74,2448
73,4857
73,6789
74,0999
73,7908
73,5643
73,9316
74,0167
73,7130
74,0024
73,1480
74,0498
73,8548
73,5658
74,5928
74,4194
73,9038
74,0204
74,2875
73,5050
73,3420
73,8436
72,9108
73,9096
74,0064
74,4397
74,2723
74,3092
73,4936
73,6921
73,6204
74,5524
73,5569
74,5706
74,1410
73,4982
74,0149
74,3319
73,6871
74,0094
73,4659
74,0172
73,6761
74,4043
73,2788
73,8741
73,7943
74,6720
73,8314
73,0884
73,6907
73,8906
73,9321
74,1253
73,9219
73,9573
74,0999
73,7009
74,0225
73,5032
73,7433
73,8439
74,0806
74,1617
73,5721
73,4784
73,9585
74,5249
73,7255
73,9066
74,4076
74,2102
73,8054
74,3049
74,1375
73,8857
74,0495
73,8676
73,9260
74,1861
73,8988
73,4642
73,5429
74,5283
73,9462
73,4294
73,8470
73,7321
73,6287
74,1239
74,2649
73,6546
74,3328
74,0515
73,0194
73,3551
74,3338
72,9671
73,4714
74,3018
73,5615
73,6801
74,3600
74,0984
73,5762
74,0751
74,2723
74,2289
73,3324
73,3823
73,6026
74,0078
74,6256
74,0968
73,5698
74,5607
74,2057
74,3769
73,6051
73,8836
73,8812
74,3667
73,3628
73,7975
73,8541
74,1299
73,4806
73,6646
73,6875
73,9136
74,0308
74,2139
74,0958
73,4219
73,8545
74,0580
73,9823
74,2226
73,4579
74,1472
73,3569
73,9756
73,5145
73,4582
73,8239
73,8045
74,4199
73,5782
74,2989
73,5050
73,5492
73,2625
73,3314
73,8680
73,6722
74,0272
74,3485
74,0102
73,5711
74,4139
74,7173
73,8516
73,9165
74,1759
73,1545
73,6324
73,8122
73,4834
74,0653
74,3946
73,8658
74,0495
74,2080
73,4913
73,8650
73,5452
74,0163
73,9098
73,7739
72,9834
73,8464
73,8849
74,0746
73,8392
74,0670
73,7657
73,8936
74,2575
74,8510
73,1307
73,9695
73,5255
74,0032
73,3753
73,9808
74,0165
73,7511
74,0232
73,6922
74,2196
74,0695
73,6144
73,0863
73,9722
73,9866
73,3131
73,4580
73,2682
73,4392
74,2128
74,2693
73,7615
74,4027
74,1965
73,5780
74,4540
74,3564
73,9289
73,5168
74,1917
74,0357
74,1127
73,6977
73,5181
74,8471
74,1565
74,0207
73,3822
73,3585
74,0165
73,6512
73,7433
73,5720
73,7917
73,7542
73,5143
74,2421
73,6101
73,7008
74,4701
74,0441
74,0622
74,0281
74,3140
74,3416
73,8490
73,6808
74,1626
73,5401
74,2857
74,1739
74,7978
74,1206
73,4003
73,9585
73,7201
73,7830
74,3159
74,3508
73,4703
73,8711
73,6821
73,9032
74,1057
74,4398
73,4209
73,5846
74,4778
73,9581
74,2691
74,1228
73,9699
74,1723
73,4393
73,9409
73,3547
73,5478
74,2237
74,2418
73,6451
73,9591
73,8037
74,2130
73,1542
74,0354
73,0724
73,8806
74,1833
74,0335
73,9711
74,1641
73,8384
73,7653
73,7670
74,2050
74,0037
73,9275
74,3087
74,0162
73,7345
73,4267
73,5142
73,8663
73,7949
74,5137
74,2183
74,0007
73,5020
73,9362
74,0837
74,5309
73,9637
74,4197
73,9597
74,0055
73,6801
73,9527
73,7013
73,9562
73,9642
73,5111
74,2546
73,3279
74,0879
73,5118
73,7351
73,9362
74,2977
73,9311
73,6066
73,9493
73,2651
73,4840
73,7568
74,2028
73,8719
73,1521
73,9910
74,5272
73,5275
73,4527
74,0760
74,4285
74,6847
73,3209
73,8255
74,2275
72,8885
73,8756
73,8693
73,7979
73,5600
73,4318
73,2070
74,2325
73,7235
73,2353
73,7650
73,8186
73,1397
74,2281
73,8503
73,5595
73,5628
73,8483
73,5744
74,5356
73,7175
73,5567
73,4211
73,7579
73,9327
73,6412
73,5603
73,8215
73,7313
73,8607
74,2850
73,4155
73,3226
73,6848
74,1402
74,2483
74,1190
73,8175
73,3445
73,6350
73,9499
73,4152
73,8363
74,0070
74,5511
73,2645
73,9011
73,9582
73,8121
74,0750
73,6714
73,2882
74,3707
73,9026
73,8508
73,4856
74,2211
74,0284
74,0250
73,9653
73,9147
73,7885
74,0274
73,6652
73,4060
74,0943
73,3400
73,2956
73,0506
74,2591
74,2944
73,5733
73,3692
73,4606
74,7176
74,3153
74,2002
73,9238
73,7758
73,7107
74,4365
73,5890
73,8110
73,9088
73,9184
73,7606
73,5570
73,3224
74,0877
73,6033
73,9003
73,8828
74,2966
74,3568
74,0003
73,7212
73,7680
73,7216
73,8772
73,7503
73,9052
74,3236
74,3841
74,0270
73,3686
73,9242
73,6438
73,9158
73,6300
73,7262
73,5374
73,7243
73,9907
74,0651
73,3742
74,0986
74,2323
73,8070
74,0918
73,8708
73,6479
74,3693
73,9871
73,9798
74,2699
74,2515
73,8197
73,3351
73,8504
73,9508
73,7649
73,4723
73,6340
74,0910
73,8434
74,1569
73,8240
73,6070
74,0779
73,9773
73,6630
73,4991
74,2400
73,1777
73,8975
74,0311
73,1626
74,1941
74,0704
73,6359
73,8603
74,2256
74,3147
74,0738
73,9587
73,9895
74,0702
73,6053
73,0756
74,0130
74,5376
74,3529
73,7692
73,0922
73,9386
73,4878
74,4644
73,6583
73,5345
73,6763
73,9497
73,8432
74,6971
73,3887
73,9457
73,5895
74,4985
73,8340
73,9723
73,7486
73,3161
73,8638
73,5117
74,1882
73,9539
74,5437
73,9711
73,6494
73,5926
73,7360
73,5022
74,3754
74,4915
73,8835
73,1414
74,1925
74,6698
74,0292
74,1305
73,6792
73,5886
74,0134
74,1884
74,2649
74,2934
73,5449
73,8086
73,8999
73,5370
74,9381
74,3229
73,5899
74,0687
73,8240
73,9631
73,5380
74,3144
73,9533
74,1392
73,4722
74,3861
73,5326
73,3529
73,6105
74,4933
73,5571
74,0566
73,7885
73,8442
73,5735
74,0717
73,7233
74,2690
74,4066
74,0561
73,8173
73,5024
73,6539
73,6723
74,0679
73,9672
74,2522
73,4251
73,5104
75,0135
73,9763
74,3498
73,7513
73,8422
73,2912
73,9060
74,4301
74,1111
73,8263
73,7960
74,0708
73,9936
73,6311
73,9014
72,9730
74,5238
74,3592
73,0845
73,8450
74,1238
73,3541
73,4819
74,0240
73,5203
73,7795
73,6069
73,5592
73,2127
74,4478
73,6821
74,1375
73,8833
73,8075
73,9615
74,3113
73,9867
73,7818
74,0278
73,5568
74,0488
73,6518
74,2110
73,2516
73,6125
73,5531
73,3715
74,0173
74,4421
73,8534
74,0458
73,6870
73,6254
73,7253
74,5272
74,4030
73,4562
73,4597
73,6355
73,9941
74,0628
73,9375
73,6441
74,0553
73,2433
74,3786
74,0773
73,7058
74,4627
73,9525
73,8854
73,8418
74,1105
73,5258
74,2091
73,5974
73,7453
73,2733
74,1689
73,7413
73,2182
73,3843
73,8047
73,4079
73,8401
73,8969
73,3639
73,4293
74,2644
74,1593
74,0608
74,3539
74,0096
74,0642
73,8466
73,7683
74,0556
74,0740
73,4770
74,2141
73,7214
73,4959
74,4694
74,1169
74,1870
74,3825
74,2680
73,9238
74,4341
74,0764
73,6329
74,1763
73,8420
74,5838
73,3872
73,2723
74,0765
74,2343
73,9903
73,7322
74,3682
74,5349
74,2770
73,5061
74,0837
74,0975
74,2688
73,8464
73,8815
73,5310
74,1815
73,9526
74,2316
74,1979
73,5060
74,3522
73,8115
73,6290
73,9513
73,5764
73,7292
74,4880
74,1275
74,1157
73,5700
73,5819
74,3077
73,7929
73,5408
74,2863
73,5853
74,1718
73,8984
73,5880
73,4692
73,9243
73,8853
74,0008
73,4430
73,6210
74,0983
74,6046
74,5371
74,5289
73,8939
73,6642
73,8646
73,8770
73,5224
74,1931
73,7146
73,9632
73,8769
73,5297
74,6630
73,4914
75,0987
73,4964
74,0254
74,3359
73,6342
73,4539
74,0586
73,1900
73,2787
73,5017
74,3913
73,9428
74,0368
73,9745
73,7343
74,4475
74,2144
74,0445
73,4022
74,2563
73,8953
73,9100
73,6202
74,2710
73,2981
74,3154
73,3424
74,1966
73,0107
73,7915
73,6115
73,4863
73,7153
74,2019
73,6235
73,8569
73,9871
74,3750
74,5888
73,3154
74,0909
73,5944
75,0351
73,8361
73,5479
74,6893
73,2132
73,8558
73,9174
73,6792
74,2779
73,8940
73,9320
73,7687
74,2396
73,6085
73,7500
74,1816
73,7512
74,2158
73,5387
74,4548
74,0000
73,3106
74,3671
74,2654
73,2648
74,1613
73,7359
73,3549
74,0616
73,3810
74,4458
74,9058
73,7414
73,9774
73,7298
73,8701
73,9648
74,2793
74,0978
74,1438
73,3080
74,0373
73,2570
74,0303
73,7339
73,9588
73,7135
73,8197
73,8257
73,7165
73,5688
73,6032
73,7206
74,0782
74,1843
74,1035
73,5984
73,8759
74,1244
74,2491
73,7783
74,1907
73,5779
73,5741
74,4693
73,4219
74,6233
74,2315
74,2217
73,7378
73,4840
73,5982
73,7767
74,1607
73,3978
73,9694
73,7952
74,1077
73,3696
74,1498
72,8136
73,8284
73,5208
74,5185
73,0651
74,2288
74,1607
74,4981
73,7802
74,3308
73,4155
73,6673
73,6909
73,4397
73,9384
74,0832
74,1422
73,4527
73,8734
73,8758
73,5424
73,7815
74,2319
73,5661
74,0574
73,5692
73,9019
73,7887
73,7795
74,6887
73,7741
73,5702
73,8773
73,4524
73,5144
74,2610
73,7414
74,2440
73,4435
73,7548
73,6637
73,6824
74,1083
73,7556
73,8389
74,1539
73,2884
73,3884
73,8936
74,3777
73,8691
74,1495
73,3372
73,5386
73,7595
73,8294
73,9746
73,9636
73,5526
73,6290
74,2771
73,6950
72,9924
73,8912
74,7050
74,2535
73,8188
74,2869
74,1025
74,1064
74,4726
72,8925
74,0776
74,2629
73,6314
74,1518
73,5579
73,6085
73,8399
73,9196
74,2694
73,5243
74,0265
74,3883
73,9856
73,9175
73,9220
73,4809
74,0974
74,3620
73,9437
73,7170
73,8334
73,7180
73,9872
74,0977
74,3782
74,7471
74,1207
74,1827
74,6760
74,4085
73,7758
73,9750
74,1229
74,0554
73,4129
73,3370
74,6626
74,2282
73,4449
73,9229
73,9492
74,2762
73,7548
74,5113
73,6306
73,6928
73,9277
73,9380
74,2384
73,4678
73,5396
73,3551
73,8078
74,3188
73,2632
73,7296
73,8068
73,6595
73,5849
73,6197
73,8724
74,0315
73,9877
73,7139
73,8710
73,6946
74,2590
74,3506
73,5559
73,6944
74,1536
73,8100
74,1251
73,5702
73,4676
74,0759
74,2514
74,1436
74,0649
73,3903
73,9414
73,2496
73,7272
73,9345
74,0601
73,3144
74,1426
73,8089
74,1278
73,8748
74,4304
73,7023
74,4284
74,5979
73,6855
74,1646
74,4806
74,1107
73,9567
73,7327
73,0886
74,0095
74,2732
73,8546
74,4278
73,7194
73,4703
73,2691
73,4047
73,7203
73,6392
73,8758
73,2880
73,8929
73,8921
74,2667
73,7547
73,8604
74,8822
73,5027
73,9410
74,0720
74,0639
73,8706
74,2440
73,3983
73,8724
73,0214
73,6807
73,5827
74,0155
74,1628
73,9967
73,9755
73,1038
74,1904
74,0501
73,8181
73,9923
73,7976
74,1523
74,1325
73,5895
73,7238
73,3135
74,7053
74,1147
73,8706
74,2709
73,9575
73,9122
73,0240
74,2770
73,5790
73,7173
73,7260
73,9254
73,9011
73,6145
73,9171
73,2637
74,3615
74,1189
73,6294
74,6958
73,6766
74,0651
73,5480
74,0585
74,0202
74,2566
73,3243
73,8937
73,3086
74,1923
74,2800
73,8801
74,3745
74,0413
73,8503
73,6950
74,3587
73,8730
73,5004
74,1570
73,6902
73,7193
73,8451
73,5503
74,1148
73,6277
74,1596
74,3138
73,8323
73,4565
74,1129
73,5999
74,2057
73,9612
74,2492
73,5832
74,1466
74,1228
73,6646
74,2519
73,9093
73,6535
74,1719
74,0756
74,1851
73,7025
73,7743
73,8400
73,6041
74,5080
73,8450
73,7491
73,8152
73,6951
73,7653
73,5379
73,5494
74,4222
73,6322
73,5883
73,5159
73,4303
74,2938
74,4337
72,8409
73,5070
74,3260
73,8063
74,1676
73,9186
73,7142
73,9481
74,3976
73,7907
73,5030
73,8904
73,3910
73,1887
74,0892
73,5396
73,8702
73,8264
73,3613
74,5583
73,4940
74,0836
74,1442
73,5563
73,3861
73,4399
73,7149
74,0947
73,9204
74,2423
74,1348
73,9258
73,8428
74,1147
73,5195
74,1801
74,2726
73,6167
73,9611
73,4137
74,1860
74,1397
73,7823
73,3046
74,7515
73,9035
73,4979
74,0924
73,4739
74,2747
74,3992
73,4298
73,9383
74,2164
74,3773
73,5723
74,0232
73,6449
73,5899
73,9440
74,0201
73,7751
73,9823
74,0479
73,2816
74,2495
73,8286
73,7336
74,1505
74,0692
73,7058
74,8143
74,4588
73,7379
73,2654
73,8182
74,0371
73,4753
73,8732
74,5236
74,0021
74,4325
74,4437
74,0004
73,7830
73,7762
73,7760
74,0716
73,7270
73,6174
73,9941
74,2504
73,9421
74,1534
73,5385
74,2731
73,6469
73,9779
73,8830
73,9482
74,5501
73,8768
73,2754
74,3818
74,0405
74,3886
74,1807
73,5773
73,8745
74,0149
73,6585
73,7216
73,6815
74,3873
73,2814
74,0288
74,3745
73,8148
74,1924
73,9592
74,3580
73,7986
74,3746
73,7415
74,2076
73,4609
74,0230
73,8320
74,1120
74,0121
74,5978
73,7827
74,2931
73,8207
73,4894
73,5654
74,3223
73,6243
74,1744
73,9658
73,9495
74,0349
74,1876
74,3551
74,0310
74,4373
73,6850
74,5777
73,6932
74,1980
74,0448
74,1803
73,7903
73,7518
73,7455
73,9999
73,7857
73,5297
74,5300
74,1956
73,8918
74,1394
73,7941
74,0411
73,8887
74,0211
73,0465
74,0610
73,8584
73,8259
73,3867
73,9019
73,9610
73,4001
73,9404
73,8856
73,0986
74,1022
73,9502
73,9736
73,7556
73,0050
74,3273
74,0114
73,3410
73,6930
74,0677
74,4708
74,0053
74,1036
74,0653
73,6276
74,1037
74,0212
74,4994
73,7935
73,4055
73,8755
74,1338
73,9301
73,3691
73,5109
73,9755
73,9661
74,3093
73,5228
74,0445
73,4233
73,8569
73,6051
73,4351
74,1614
73,3733
73,5706
74,1151
73,3750
74,2069
73,3029
73,6286
74,2346
74,0992
73,8793
73,9694
73,7447
74,4725
74,6359
74,4343
74,2665
73,5977
74,1175
74,1689
74,0816
74,3860
73,6745
73,6891
74,0794
73,3938
74,4724
73,6062
73,5905
73,9338
73,6142
74,6357
74,1616
74,2319
73,8866
73,9986
73,4145
73,7216
74,3041
73,5403
73,6909
73,5374
74,3071
73,5391
74,2888
74,4484
74,0931
73,6190
74,1178
74,4344
73,8738
74,0933
74,4280
73,6472
73,9007
73,6990
74,4936
73,7932
73,7137
74,5694
73,5899
73,1755
74,2663
73,8544
73,5709
73,9570
73,4779
74,4425
73,7094
74,3866
73,5714
74,0044
73,8525
73,4361
73,4814
73,4323
73,6142
73,8275
73,7035
73,9509
74,0078
73,6594
73,4477
74,8705
74,7621
74,6540
73,8917
73,7858
73,5454
73,9609
74,0127
73,7626
74,4126
72,8728
74,0809
74,2264
74,2303
73,7739
73,4865
74,2737
74,2983
73,8216
74,0006
72,8703
73,6810
73,3925
73,9159
74,0281
74,0790
73,5217
74,1319
74,0264
74,1951
73,8784
73,9987
73,8187
74,6087
74,2354
73,9780
74,0673
73,4337
74,0722
74,4302
73,8666
73,6226
74,2707
74,4505
74,4163
73,7374
74,2959
73,3977
73,9082
73,5563
73,4295
73,5094
73,9088
73,6297
73,4300
74,3772
73,9492
73,9910
74,2709
73,8213
73,8426
73,9853
73,5665
73,7296
73,9304
73,4437
73,6409
74,1936
73,5808
74,4454
74,0094
73,8830
73,6339
74,4143
73,6755
74,1849
74,1293
73,8674
74,4312
73,4812
73,5058
73,7427
72,6933
73,5571
73,5534
73,7267
74,4242
74,1891
74,4180
74,4990
73,7588
74,1029
73,6554
74,1136
73,6631
74,0351
74,9276
74,2407
73,6607
74,9115
73,8730
73,7498
74,6729
73,8112
73,7780
73,5707
73,7154
74,6162
74,2724
73,6766
74,2926
73,7351
74,4551
73,5113
73,8671
73,8132
74,3378
73,5925
73,5316
73,7738
73,4258
73,5145
74,2508
74,1129
73,7487
73,5189
73,9712
74,0018
73,7240
73,9926
73,9289
74,2267
74,2843
73,5763
74,3281
73,2322
73,7389
74,1647
73,9089
74,1432
73,7034
74,1755
73,4963
73,4790
74,1856
74,3596
73,0831
73,2860
73,9671
73,9943
73,9059
73,4383
74,0296
74,0753
73,5866
73,5166
73,8781
73,4645
74,5803
73,6289
73,9182
73,8866
74,2058
73,9042
73,6437
73,5941
73,7136
73,6951
74,6285
73,6837
73,7766
74,0005
73,9972
73,8764
73,8722
73,9033
74,0789
73,9995
74,0094
73,9624
73,5300
74,2536
73,4625
73,5048
74,1418
73,7872
73,7836
73,1860
73,8502
73,4161
73,8674
73,8231
73,3765
73,9132
73,6172
74,0632
73,7659
74,1034
74,1708
73,1275
73,6875
74,4122
73,6288
74,0477
74,6522
73,8205
73,0845
73,9075
74,7309
74,0049
74,1730
73,8617
74,5248
73,4608
74,4480
74,4117
73,3944
74,4960
73,8913
74,6720
73,8020
73,8066
73,9685
73,7567
74,0789
74,0738
73,4678
73,3855
73,7792
73,5794
73,9982
73,8224
73,7669
73,7039
73,9458
74,4630
74,0220
73,6764
74,2249
73,5649
73,8739
73,5345
74,6108
73,9626
74,2118
73,6256
73,7612
73,4881
74,2933
73,8851
73,5060
73,8653
73,4317
74,0239
73,6288
73,8130
74,0229
73,9876
73,4820
73,8676
73,3639
73,8962
74,7960
73,9269
73,9915
74,3612
73,9876
73,2061
74,0122
74,0834
73,6624
73,8588
74,4178
74,0231
73,4373
73,7689
73,8671
73,2340
74,2830
73,9094
73,6583
74,1438
74,3201
73,7161
73,3813
74,5850
73,9451
74,3448
74,2278
73,9394
73,8757
74,0519
74,2424
74,2076
73,9071
73,7742
73,5732
73,6692
74,1901
74,8149
73,8871
73,7742
73,7579
74,5107
73,6503
74,2354
73,6657
73,5607
73,9516
74,2161
73,9883
74,0449
73,3141
73,8665
74,4283
74,1239
74,0976
73,8007
74,1270
74,0239
73,7955
73,9210
73,7346
74,0437
74,3345
73,6956
74,4478
74,1272
73,6865
73,7159
73,8138
73,4259
73,9648
73,9197
73,9972
74,0248
74,1881
73,9941
74,4686
73,1247
74,3806
73,9396
73,8532
73,5054
73,5358
74,0974
73,7402
73,3898
73,8948
73,7879
74,5128
74,1334
73,4146
73,8787
73,9951
73,5899
73,4493
74,4359
73,9952
74,0550
73,5288
74,0010
73,8045
74,0508
74,7933
73,8293
73,8954
73,8499
74,3780
73,7771
74,1284
73,6701
73,9220
74,3393
74,2467
73,9119
75,0344
73,5814
74,2774
73,9797
74,5024
74,1153
74,1407
74,2369
73,9714
74,3403
72,9472
73,1737
73,4953
74,8575
74,4847
73,8646
74,4286
74,4033
73,4980
73,8690
74,1388
74,2558
74,3458
74,1335
74,7112
74,1973
74,1907
74,0000
73,7928
74,3597
73,3190
73,9416
74,2466
73,9566
73,8416
73,9746
74,1135
73,9855
74,0995
73,9836
73,9870
73,9153
73,2997
73,9095
73,9887
73,8167
73,9246
74,2841
73,7432
74,0110
74,5354
74,2119
74,2353
74,1057
74,1227
73,7884
73,8973
73,7551
73,0851
72,8749
74,1316
73,8585
73,4465
74,3109
73,7976
73,9519
73,6441
74,0063
74,1146
73,2961
73,6787
73,9484
74,0294
74,2825
74,0823
74,0180
74,2628
73,8673
74,2339
73,4329
73,4878
73,7474
73,5734
74,4680
74,1412
74,3781
73,7581
73,5615
74,2655
74,2821
73,7604
73,9842
73,7252
73,8802
73,8529
74,0856
74,1717
73,8253
73,8543
74,0052
73,9227
73,9633
73,5930
73,7194
73,9174
74,0724
73,7574
74,2779
73,5832
74,1624
73,7719
74,0147
73,6979
73,6208
73,8799
73,2962
73,7769
73,5257
74,0872
73,6644
73,6507
74,2764
74,0084
73,7883
73,6552
73,8169
73,9390
73,8270
73,5642
73,9734
74,0651
74,4913
74,1645
74,2804
74,2327
74,0030
73,5258
73,9298
74,0563
73,7345
74,2489
73,7876
73,2533
74,1202
73,8065
74,4318
73,7113
74,1337
74,2525
74,0404
73,6082
74,0695
74,0242
74,4639
73,4381
74,3458
74,0531
73,5491
73,2209
74,4505
73,9877
73,7874
74,3363
73,6689
74,0274
74,1464
74,2455
74,6150
74,0773
73,2424
73,5520
74,0518
73,9012
74,2039
73,1007
74,0353
73,5801
73,4318
74,1348
74,8337
73,9896
73,3866
73,6878
74,2425
73,6180
73,2815
74,5405
73,9399
74,0607
74,0967
73,8187
73,5521
73,6747
74,2488
73,7477
74,2146
74,1667
73,9970
74,0262
72,6522
73,9976
73,8367
73,8389
73,3546
73,9400
73,6008
74,2334
74,4700
73,4190
74,0551
74,1391
73,8199
73,7784
73,4972
74,1171
74,1503
73,5752
73,3472
74,3495
73,5313
73,4419
73,3517
73,6499
73,6864
73,4674
73,8449
74,0304
73,7975
74,2486
73,4337
74,1863
74,0662
73,5042
74,2563
74,2093
74,1274
74,3776
73,8190
73,7061
74,0602
73,9020
74,2176
74,4776
74,0100
74,2659
73,3982
73,6350
73,6559
73,4022
73,5173
73,4370
74,7201
73,3485
74,5284
74,2563
74,1214
74,5048
74,1570
73,6872
73,7050
73,8193
73,6679
73,8825
73,8271
73,5958
73,3329
73,9626
73,7969
74,5040
74,0384
73,2727
74,0068
74,8038
74,0719
74,8298
73,6035
74,0364
73,6922
73,1862
73,0122
73,8669
73,4865
73,9181
74,2425
73,5002
73,9652
73,7701
74,1793
73,9240
73,8223
74,2702
73,9113
74,6091
73,8288
74,3445
74,2566
73,5411
73,4750
74,0463
74,6713
73,9335
73,1761
73,7910
74,0387
73,9404
73,7337
73,9869
73,5159
74,2049
73,9165
73,8892
74,1662
73,9810
74,0315
73,7717
74,2121
73,4055
73,9645
74,5200
73,6059
73,9526
73,3006
73,4146
73,6656
74,0613
74,4470
73,6098
74,0742
73,6182
74,3892
73,8813
73,9556
74,0020
73,9682
72,9163
74,5031
73,7083
74,2224
73,9490
74,3152
73,8247
73,6973
73,1775
73,9579
74,2594
73,6222
74,5041
74,4027
74,0593
74,2488
74,0894
73,6953
74,0722
73,4958
73,9233
73,8214
74,0572
73,9635
73,0393
74,4251
73,6422
73,9224
73,4588
74,1387
74,0167
74,0462
74,0863
73,8670
74,4340
73,8068
74,0051
74,8085
73,8340
74,0852
73,7795
73,9778
75,0035
73,4236
73,7675
73,7078
73,9471
73,4319
73,6203
74,5642
73,8850
74,0150
74,2005
73,9388
73,6067
74,3497
74,1985
73,8487
73,9502
73,6927
74,4066
74,3012
73,6325
73,9901
73,9850
73,4898
73,9764
73,6648
73,9478
73,6408
74,3460
73,7073
74,0892
74,3979
74,0602
73,7169
73,9636
74,0439
73,4901
73,5485
73,5040
73,8055
74,3111
73,6872
73,5226
73,8378
74,1957
74,3470
73,8917
74,1522
74,3791
74,2440
73,7548
74,0109
74,1900
74,2176
73,7744
73,6423
74,5612
73,6825
73,9489
74,3412
73,8234
73,4535
73,7431
74,5299
73,5120
73,6630
73,9579
73,9373
74,2844
74,3952
73,6946
74,0493
74,1250
74,0161
73,3834
73,9399
73,8762
73,4897
74,0049
74,1116
73,3659
73,7214
74,0311
74,2940
74,0110
73,9921
74,2225
74,1516
73,7780
73,3532
73,8335
73,9193
74,4865
73,7574
73,2137
73,9191
74,0789
74,4845
74,0472
73,6854
73,7266
73,8502
74,0187
73,7566
73,9816
73,9026
74,1487
74,0216
74,3658
74,0536
73,9934
74,1269
73,9486
73,7333
73,6979
74,1507
73,5753
74,0303
73,0320
73,5597
73,8366
73,5458
74,0697
74,1121
74,2552
73,8230
73,5320
73,6414
74,4252
73,8286
74,7237
73,6597
74,3438
73,4903
74,1447
74,1462
74,0951
74,1323
73,3332
74,1650
73,7525
74,2141
73,4633
73,6162
73,9252
73,3268
73,7749
73,9579
73,8083
73,6806
73,5595
73,6490
73,5600
73,3750
73,6593
73,8209
73,8073
73,5812
74,1158
73,7917
74,2393
73,9258
74,1370
73,5122
74,0838
73,5565
73,9198
74,2062
74,1879
74,1163
73,7742
73,7567
73,8709
73,3241
73,7926
73,3887
74,0132
73,8067
73,7316
73,7182
73,9921
73,6026
74,2790
73,7109
73,4565
74,7501
74,1376
74,7338
73,8213
73,5873
74,2777
73,4901
73,8727
73,5368
73,7531
73,8584
73,9108
73,5385
73,8998
74,2067
73,6957
74,1279
73,9389
73,4648
74,2114
74,4133
74,0209
73,6769
74,3190
73,4047
73,8058
73,5196
74,1010
73,8808
73,3107
73,3223
74,1521
73,7961
73,9931
74,0531
74,2618
73,2120
73,2761
73,0050
73,5416
74,4525
74,1047
73,3128
73,8797
75,0798
73,7942
73,4204
73,5326
74,1057
74,4630
74,2484
74,1262
73,7889
73,6956
73,3941
73,6960
74,0753
73,7709
74,2094
74,3538
73,9409
74,5470
74,2097
73,5666
73,6817
73,5886
74,0708
73,8972
74,0355
73,6377
73,6577
73,7484
73,8868
73,8055
74,2220
74,4828
73,8663
74,0134
74,3418
73,8333
74,0780
73,9913
74,0282
74,4294
74,0260
73,6441
74,6323
73,8350
74,2760
73,7154
73,9938
73,5576
73,9747
74,1547
74,0849
74,3811
73,8265
73,8098
73,6541
74,4873
73,5948
73,9422
73,5227
73,2990
73,9747
74,6354
74,2235
73,8303
73,4372
73,6866
74,4070
74,0857
74,1125
74,0038
74,1874
73,5911
73,4981
74,0782
74,6349
74,4814
73,6191
73,8326
72,9731
73,9713
73,6571
73,9027
74,5810
73,5507
73,3059
73,7488
74,2064
74,2339
73,5982
75,1289
74,0446
73,7568
74,4162
74,0802
73,4933
73,6043
73,7173
74,0767
73,7336
73,8776
74,3638
73,7881
73,7941
73,8050
74,2889
74,1499
73,8592
74,0184
73,4045
73,2903
73,8826
74,1455
73,5457
73,5735
74,6122
73,5720
73,8423
73,4485
73,9357
73,4322
73,6341
73,7223
73,8588
72,7701
74,2537
73,1962
73,6383
73,9825
74,5811
73,6950
73,8487
73,6114
73,7306
74,0351
73,7370
73,9768
74,0049
74,2357
73,7617
73,8193
73,4092
74,0975
73,6089
74,0601
73,7806
74,2130
73,6690
72,8819
73,7583
74,0185
73,6232
73,6647
74,3206
74,0488
73,6840
74,0179
73,9305
73,7467
73,8372
73,2287
73,6462
73,9051
73,9919
73,8830
74,2093
74,2191
74,2792
73,5344
73,8078
74,2242
73,2848
74,2053
73,7185
74,4854
73,9098
73,3081
73,1930
74,0854
73,3444
74,5939
73,2617
73,8668
73,6871
74,1742
74,0499
73,9314
74,0649
74,6560
73,9128
74,0178
73,6189
74,4806
73,8753
74,2220
74,3489
74,0715
74,4344
72,7983
73,9430
73,9121
74,2797
74,0847
73,9548
73,3836
74,2348
74,1381
73,9170
73,4965
73,7744
74,2088
73,6845
74,1770
74,2676
74,2908
74,0797
74,1587
74,2096
73,6077
73,8805
74,4904
74,3294
73,4714
73,9081
73,5530
74,0173
74,0393
73,7094
73,8776
74,3788
74,8480
74,1097
74,4763
73,8425
74,0194
73,9097
73,9028
73,6378
73,7127
74,3072
73,9722
73,4535
73,5117
73,5808
73,3368
73,9503
73,7486
74,3678
74,1818
74,0892
74,0598
74,0481
73,5924
73,2813
74,2056
74,1514
73,5713
73,9075
73,3300
73,9237
73,3885
74,2298
73,2076
73,9234
73,8209
73,5515
73,8890
73,8252
73,6028
73,7320
73,9733
73,8444
73,7380
73,8650
74,3972
73,8256
74,3075
73,7449
73,8691
74,1057
73,8705
74,2978
73,6731
73,3088
74,0244
74,4447
74,9976
74,6595
74,1129
73,7682
73,6689
73,4382
73,9221
73,7610
73,7715
74,1047
73,5335
74,4841
74,5805
73,9722
73,5247
73,8964
73,7356
73,9766
73,6592
74,3340
74,0072
74,3449
73,6824
74,3410
73,7335
73,3847
73,4939
74,0259
74,1020
74,0768
74,1291
73,4140
73,7644
73,7763
74,1390
73,6906
74,2979
73,9062
73,9453
74,1174
74,0784
73,8962
74,2621
73,9350
74,5322
73,6507
73,9710
73,8653
74,0754
73,8273
74,2219
74,5680
74,6173
73,5938
73,7176
74,2763
74,3209
74,7090
73,9797
74,2355
74,5353
73,9773
73,5811
73,5127
74,3647
73,4106
73,4994
74,3374
74,4774
73,6434
74,1510
74,0978
74,1530
74,2022
74,2384
73,4662
73,1778
74,2333
73,7848
74,1390
74,0768
73,6442
73,7138
73,7807
73,6862
73,7863
72,9532
74,4633
74,5181
73,7960
74,0228
74,0362
74,0749
73,7379
73,8040
74,5741
73,8312
73,7547
73,2837
73,5340
74,0110
73,4442
73,6797
73,6060
74,1626
74,0814
73,8138
73,4995
74,1923
73,7220
73,3670
74,0052
73,9777
73,7532
73,7520
74,3129
73,1548
73,5795
73,5549
74,0610
73,9294
73,4645
73,7615
73,5293
74,1918
74,2204
74,1060
73,4890
74,1534
73,9956
74,0367
73,7955
74,2701
73,7957
73,8066
73,4421
73,4159
73,6538
73,9145
73,8593
73,9843
73,4389
73,7242
73,8215
73,6237
73,8199
73,5234
73,2842
74,0261
74,2100
74,3485
73,8625
73,8956
74,1864
73,8727
74,0250
73,6552
74,2295
73,3452
73,3609
73,5733
74,8602
73,8292
73,9953
74,2833
73,7968
73,6678
74,3923
74,2016
73,7955
74,3288
73,6188
74,5098
74,0095
74,0134
74,3343
73,9392
73,8703
73,7719
73,3750
72,8363
73,4867
74,3248
74,3375
74,7273
74,3569
73,0951
73,3324
74,1363
73,2889
73,8453
73,8856
74,0024
73,6367
73,9946
74,5546
74,1301
73,4980
73,8433
73,6879
73,7773
74,6585
73,7337
74,2441
74,0266
74,1621
73,4648
74,1447
74,4331
74,6769
74,1603
73,7611
73,3074
74,2707
74,3155
74,7058
73,7873
73,8111
73,9639
73,6461
74,1707
73,6856
73,6605
73,5300
74,2005
74,0844
73,1024
74,4419
73,5104
74,0863
74,1774
73,5790
73,5777
73,8542
73,8896
73,8173
74,3360
73,7130
73,9702
73,8353
74,7569
74,4621
74,4222
74,5862
73,5262
73,8284
73,8843
73,7404
73,5294
73,9458
74,2535
73,6141
73,9447
73,7285
73,8509
74,8221
74,2615
74,2639
73,4201
73,5111
73,8636
73,7923
73,5790
74,0338
73,7575
73,5758
74,0327
73,6367
74,0842
73,9843
74,0449
74,3865
73,4394
73,7055
72,9876
73,9806
74,1149
73,6512
73,9681
73,9586
73,9021
73,7512
74,2944
74,0074
73,7731
73,6852
72,9942
73,5336
74,0343
73,8618
73,8263
74,2175
73,7226
73,3111
73,6995
74,1000
74,0836
73,8939
74,1552
73,9928
74,0101
73,7993
72,7590
73,0623
74,1137
73,6108
73,9208
74,0543
73,4838
73,8451
73,7525
73,2262
74,1626
74,0649
73,4263
73,7973
73,6776
73,9147
73,4548
73,7712
74,4054
73,8669
72,8150
73,5174
73,8211
73,7702
73,6819
74,4408
73,5309
73,9824
74,3263
74,1658
73,2590
73,8412
73,2968
74,0302
73,9150
74,4962
74,2108
73,2133
73,8679
73,1203
73,8209
73,9725
73,9966
74,5567
73,9182
73,9762
74,2861
73,9937
73,7767
73,5919
73,6605
74,1921
73,2091
73,2930
73,4789
73,3457
73,8849
73,0822
73,4797
73,3036
74,0302
73,7911
74,2893
73,6458
74,1722
74,3829
73,4444
73,5896
74,0072
74,0734
73,8137
73,8870
73,6939
73,6519
73,8409
74,0814
73,6371
73,5303
73,9762
74,1842
73,6245
73,7806
73,6830
74,1518
73,9873
73,7308
73,3644
74,1893
73,3422
73,1042
74,0862
73,3451
73,4869
74,2983
73,7168
73,6292
74,0203
73,8235
74,5449
74,0354
73,7724
74,1853
73,1406
73,4466
74,3343
73,8669
73,5190
74,1803
73,1057
73,8009
73,5377
74,4866
73,8403
74,0002
73,8101
73,7906
73,5804
74,2260
73,7427
74,8878
73,8925
73,8767
74,2766
73,7575
73,6912
74,2737
73,4929
74,3921
73,7478
73,9898
74,0224
73,3537
73,8765
74,3192
73,3967
73,5818
74,2118
74,4040
73,9062
74,3045
73,3866
73,4871
73,6351
74,4618
73,6742
74,0600
73,3022
74,3428
74,1462
73,3378
73,7551
73,9638
74,0038
73,8491
74,2458
74,2249
74,3667
73,8076
73,9980
74,1406
73,8701
74,1575
73,5849
73,5610
73,5764
73,6267
73,5746
73,7550
74,3205
73,2975
73,5602
73,6687
73,5279
74,2148
74,0070
74,3795
73,6525
73,6573
73,9280
73,8084
74,2381
73,6318
74,2308
73,3421
74,2256
73,6917
74,1299
73,7993
73,7395
73,6221
74,6616
73,2352
73,9788
74,7708
73,8462
73,7319
73,5422
73,0479
74,6175
73,9287
73,4727
73,6049
73,9778
74,0529
73,9703
73,8483
73,9389
73,5239
73,2558
73,7948
73,1276
74,4173
73,9721
73,5834
73,3636
73,4653
73,5781
73,6918
74,4960
73,8658
74,0993
73,6661
74,3366
73,8857
73,9894
73,7754
74,0262
73,4357
73,7311
73,4934
73,7629
74,2545
73,1455
73,6228
73,8370
74,1578
73,8520
73,9256
73,9598
73,5007
73,2232
73,5478
73,4133
73,7642
74,2531
73,2574
73,6464
74,1483
73,4486
73,8641
73,4714
73,5797
73,9029
74,0770
73,7908
74,7509
73,9447
73,5744
73,7801
74,1636
73,6525
73,7239
73,8973
74,4422
73,9339
73,9453
74,1617
73,6914
73,6060
73,1842
73,9553
74,2169
73,6257
73,5832
73,9272
74,0573
74,5329
74,1748
74,4129
73,9690
73,5915
74,5918
73,8539
73,8721
73,8623
73,7678
74,0582
73,5865
73,1560
73,6115
73,2941
73,6303
73,3764
74,2466
73,9612
73,8421
74,3597
73,9814
73,9653
73,9137
74,2302
73,7672
73,7705
73,6708
73,4941
73,8995
73,7746
73,5070
74,2647
73,4705
73,3680
74,2621
74,5770
73,8663
73,6584
74,3299
74,3725
74,0409
73,7586
73,9501
73,5508
74,2900
73,6746
74,2563
74,1505
73,4467
74,1602
73,8578
74,0331
74,4284
74,5546
73,6947
74,1854
73,5395
74,6549
74,2311
73,5254
73,9434
74,0227
74,2385
73,7274
73,6035
73,8088
73,4310
73,7158
73,6179
73,9507
73,8706
74,4626
72,9852
73,6526
73,4916
73,5234
74,0825
73,6494
74,1604
74,5484
74,0409
73,6203
73,1950
74,1101
74,2496
73,7282
74,3366
74,2147
73,3841
73,7556
73,9461
74,0092
74,7731
73,5976
73,8130
73,4806
73,9419
73,5276
73,8763
74,0775
73,7710
73,3221
73,6628
73,8822
73,9136
74,0634
74,5326
73,8498
73,5807
73,2756
73,8493
74,2543
73,9748
74,1568
74,5073
74,3980
74,0107
73,5251
73,7260
73,6649
74,0608
73,7733
73,8716
73,6531
73,8217
73,7856
73,7179
74,3548
74,4096
73,5913
73,6328
73,7683
74,1502
73,9463
73,4393
73,6753
73,4124
73,6494
74,5404
74,1571
73,9238
74,1152
73,9131
73,4944
73,3741
73,6044
74,1703
74,2800
74,4707
73,9767
74,2306
73,9317
74,1152
73,8285
74,1842
73,2364
74,0306
73,9435
73,8900
74,0849
73,8549
74,4866
73,7778
73,7077
73,6899
74,1489
74,1006
73,6402
73,7199
73,4067
74,4596
73,7882
74,0076
73,6501
73,8164
73,7861
73,7040
73,3086
74,1603
73,6573
73,8797
73,6822
74,6056
74,4204
73,3887
73,6206
73,6350
74,1413
73,6256
73,6635
74,2815
74,4052
73,8757
74,5138
74,3083
73,8969
73,4680
74,3324
73,6807
74,6035
73,6698
73,9190
74,3290
73,7398
74,8257
74,5512
73,9504
73,9470
74,3980
74,1591
73,9765
74,3032
73,6188
74,1286
73,2401
74,6398
74,0643
74,7619
73,6313
73,0416
73,5248
73,7383
73,8894
74,0108
73,7980
74,3400
74,2513
73,4972
73,5358
73,9691
73,4176
73,8749
73,8616
73,5637
74,3655
74,0554
74,1199
74,3251
73,5829
73,5489
73,7972
73,6336
74,2953
74,0271
73,7608
74,7484
73,2507
74,0324
74,1054
73,6610
74,2894
73,5395
74,0724
73,6982
73,9146
74,5997
74,3429
73,6917
73,6447
73,9557
73,9707
73,8855
74,0094
73,6141
72,9168
74,4403
74,1817
73,9030
73,2167
73,6261
74,0018
73,8427
73,7846
74,5284
73,6362
74,0749
73,8254
74,2023
73,9265
73,8434
73,5665
74,6742
73,7679
73,7204
74,2488
73,6829
73,7377
74,4214
73,7425
73,8324
73,6886
74,2516
74,6814
74,2917
73,7591
74,1794
73,6258
73,2279
74,1755
73,4849
73,8659
73,7803
73,7199
73,9362
73,8918
74,0003
73,7551
74,3050
73,9435
73,9106
73,3682
73,6107
74,2920
74,2292
73,3149
73,0105
74,0797
73,7352
74,7316
73,6717
74,4783
73,7312
73,6172
73,7177
73,8141
73,3179
73,8581
74,0384
73,9717
74,3259
73,8357
73,7551
74,4098
74,2518
73,8812
74,3752
74,1860
73,9809
73,7713
73,8044
73,8519
73,5300
74,4644
73,8490
74,1618
73,1779
73,2426
73,8606
74,3325
74,0620
73,1019
73,4629
74,4015
74,3062
74,0782
74,2528
74,2336
73,6381
73,4357
73,6998
73,4836
73,9612
74,4288
73,0860
74,2082
73,7153
73,8153
74,3782
74,2063
74,4440
74,1319
73,5902
73,9918
73,3805
74,1884
73,6993
73,9335
74,3846
74,0356
73,6189
74,0569
73,0396
73,5958
73,3019
74,0041
73,9951
74,2243
73,3083
73,7676
73,9615
73,2149
73,9571
74,0180
73,7967
74,0899
74,0414
74,2036
73,4113
74,3763
74,2249
73,8890
73,7950
74,4781
74,3555
73,5869
73,2171
73,9645
74,1059
73,8448
73,8605
73,7026
73,8558
73,6236
74,1039
74,4797
73,9816
74,1777
73,8298
74,0957
74,2544
74,6160
73,8075
73,5114
73,5432
73,9573
74,1443
74,0079
73,9798
74,0984
74,6950
73,7132
74,1625
73,6828
73,5906
74,4035
73,6747
73,9001
73,9885
74,0330
73,9909
74,1724
73,9981
73,8613
74,2325
74,1062
74,7478
74,1939
74,0670
74,2694
74,3596
73,7651
74,1801
74,6710
74,5318
73,3187
74,3550
74,2328
73,6634
73,6897
73,7347
73,7442
74,1121
74,0595
74,1105
74,2173
73,9947
73,8418
73,7428
74,3699
74,1008
74,0523
73,5248
74,3724
74,2536
73,3385
73,5019
73,9743
74,2065
73,8763
73,4667
73,7545
74,0402
73,9644
74,8747
73,7513
74,2987
73,2912
74,2252
73,9675
74,5156
74,1210
74,2773
74,1616
74,6197
74,0949
74,1601
74,0474
73,9520
73,9642
73,5497
73,6226
74,0229
74,2481
74,1370
74,1016
73,7395
73,5978
73,6193
73,6494
73,7024
73,9880
73,8018
73,4532
74,5052
73,2637
73,5464
74,5419
73,6640
73,5342
74,4244
74,1133
73,6382
73,6732
73,9876
73,8285
74,2706
73,8972
74,0153
73,6914
73,8759
73,9746
73,8711
73,8945
73,7247
73,3895
74,1927
73,7379
73,8482
73,8759
73,4634
73,9256
73,5357
73,5819
74,2455
74,3605
74,6086
73,9275
73,5938
73,9002
74,2075
73,7313
73,6181
73,7356
74,0585
73,6600
73,4397
73,3680
74,1366
73,7602
74,7935
73,2500
73,4399
73,8074
74,7793
73,8718
74,0192
74,2594
74,0721
73,3124
73,8384
74,1813
74,2548
74,0833
73,7043
73,7498
73,2592
73,4961
74,4107
73,8255
73,9117
73,6267
73,6768
73,7309
74,1793
73,8781
74,1454
73,8850
74,0782
73,4637
74,2091
73,5719
74,3680
74,1062
73,8372
74,1529
73,9054
73,7060
73,6943
74,7011
74,0547
73,6003
74,9583
73,8162
73,7650
73,7249
73,8278
74,1217
73,9716
73,2210
73,9293
73,3291
73,9584
73,7288
73,7278
74,4702
74,1651
73,8113
74,1265
74,3158
74,0614
74,0334
73,6615
73,1895
74,1433
73,9193
73,9064
74,3877
73,5934
73,1221
73,6703
74,3336
74,0909
73,9761
73,8313
74,5551
73,5286
73,7251
73,4379
73,6080
73,5094
73,6662
74,0076
73,9940
74,2612
74,3988
73,6148
73,6220
73,7282
74,0718
74,3901
73,8606
73,9187
73,4723
73,6422
74,1844
73,7230
73,6678
73,6445
73,3912
73,8417
73,6956
73,3815
73,5995
74,2974
73,5946
74,3308
73,3797
73,5356
73,8996
74,2058
73,5616
73,4265
73,6864
73,6101
74,6927
73,7906
73,8514
73,6933
74,0096
73,6891
74,1963
74,0807
73,2860
73,7310
73,6878
73,5934
74,0309
73,5936
74,4769
73,5613
73,2692
73,4404
73,8495
74,3258
73,7630
74,6887
73,8804
73,9982
73,9703
74,0772
73,5284
73,6449
74,4115
73,7229
74,0176
74,2961
73,9614
74,1153
73,5648
73,9320
73,8891
73,7251
73,7871
73,8000
73,7284
73,9421
74,0016
74,4865
73,4688
73,5252
74,2670
74,2151
74,0765
73,5114
73,8543
73,6492
74,5310
74,1618
73,7988
73,3060
74,2522
74,4609
72,8223
73,6783
73,7631
74,3016
73,8896
73,7500
73,9958
72,8793
73,8981
73,7937
73,9568
74,1165
73,6648
73,6429
74,8220
73,4398
74,1190
73,1015
73,4871
74,3839
73,6322
73,6711
73,2853
74,1956
73,4937
73,9778
73,8305
74,0153
73,6681
73,4602
74,3237
73,8054
73,8930
73,5533
73,9062
74,4433
74,3734
74,7719
73,7912
74,0750
74,4856
74,0739
74,4813
73,9066
73,4748
74,7834
74,3234
73,7955
74,0067
73,7882
73,8113
73,7265
74,2227
74,5341
73,9271
74,0621
73,5960
74,5935
73,7376
73,7525
73,6668
74,1952
73,7032
73,5111
73,2711
73,8466
73,8216
73,4495
73,2412
74,0323
74,0757
74,2265
73,7527
73,5247
73,5502
73,3725
74,1477
73,4266
73,7064
74,1981
74,1678
73,5827
73,5790
73,9597
73,9860
74,0803
73,7403
73,6827
74,4055
73,6400
73,7799
73,4988
74,1507
74,1860
73,2095
74,2961
73,8070
73,6568
73,9851
74,1111
73,7453
73,5520
73,5038
73,8008
73,7642
73,5326
73,3288
74,3737
74,2368
74,1650
73,8934
73,8892
73,9259
73,5815
74,0816
73,5909
73,8172
73,7892
73,9540
73,9491
73,9458
74,3115
73,8444
73,5202
74,0674
74,1402
74,5695
73,6775
74,1199
74,2707
73,4232
73,8449
73,8230
74,1970
74,4531
74,2368
74,0664
73,7193
73,4619
73,7574
73,5419
73,1957
73,8834
73,5260
74,2777
73,9015
74,4413
73,4471
74,1323
73,9429
74,0612
73,9224
73,6232
74,0599
73,7789
73,2735
73,8129
74,1375
73,6484
74,0848
74,1688
74,0189
73,6756
74,3323
73,8962
73,9707
73,6090
74,0849
73,7622
74,0706
73,7685
74,0634
74,3912
73,6725
73,7084
73,6506
74,4214
74,1452
73,4989
73,9861
73,6390
73,7150
73,8418
73,8209
73,5812
74,2888
73,7901
73,6721
74,3195
73,9665
74,7844
73,6775
73,6211
74,3497
73,4034
73,7589
73,6090
73,8866
74,4957
73,8666
74,1277
73,7571
74,3204
74,1085
73,3415
73,8521
73,1660
73,5531
74,0758
73,9980
73,6949
73,9890
73,7221
73,3869
74,5562
74,3631
73,9424
73,8787
73,9423
74,1790
73,1222
73,3297
73,5244
73,9393
73,7257
73,6492
74,0933
73,7996
73,5332
74,2271
74,6875
74,4447
74,6405
73,6637
73,8413
73,8404
72,8131
74,4015
74,4699
74,2132
73,9827
73,8327
73,6620
73,5808
73,5889
73,8514
73,9622
73,8715
74,0741
73,8004
73,7439
74,1135
74,1718
74,3938
73,5879
74,0143
73,8291
73,4658
73,8333
74,3873
73,6001
73,8146
74,6051
73,2295
73,3096
74,1851
74,2346
74,0293
73,6685
73,4150
74,2713
74,4261
74,4215
74,4694
74,0585
74,0598
73,9350
74,1144
73,5872
74,2186
73,9690
74,3396
74,1990
74,1942
74,2110
74,1988
74,3097
73,9988
74,0163
73,4638
73,6792
74,0377
74,0583
74,2758
74,1383
73,9390
74,0247
73,8997
72,9346
73,6655
73,6876
73,1290
73,8343
74,0114
73,7936
73,4427
73,8428
73,5428
74,3775
73,9955
74,2483
74,3853
73,2003
74,4680
73,6843
74,1384
74,5875
73,8404
74,7527
74,2908
74,6526
73,9866
74,3279
73,2078
73,9935
73,9254
73,4560
73,9043
73,5998
74,3076
74,3263
73,5233
74,0774
73,4271
73,9827
73,6795
73,9359
74,6194
73,7417
73,6656
73,9734
74,1036
74,3011
74,5774
74,0678
74,4871
73,7971
74,0297
73,8629
74,3035
73,8845
73,6868
73,8681
73,6501
73,5086
73,1426
73,7335
73,9993
73,4284
74,3853
74,4277
73,7650
74,6670
73,8849
73,9791
73,8283
74,0651
73,8466
73,8411
74,2524
73,9044
73,5690
74,2720
73,5317
74,4165
73,9283
73,3828
73,9083
73,5492
72,9905
73,5423
73,8787
73,9925
73,5149
74,3170
74,1711
74,0970
74,5262
73,0785
73,4352
73,9909
74,2224
74,3363
74,4952
74,0939
74,2684
74,0774
74,5266
72,8076
73,8203
74,0274
73,9360
74,1570
73,7949
74,0409
73,1732
73,5684
73,9300
73,6209
73,9731
73,3730
74,3909
74,3971
73,7378
74,0283
74,4165
74,0184
73,6550
73,7232
74,2887
74,1520
73,9762
73,9882
73,7258
74,1994
73,7304
73,5072
74,1108
74,2461
74,0679
73,3083
73,8496
73,7465
73,8834
73,7228
73,5832
73,5001
73,8880
74,5789
74,1418
74,1329
73,7435
73,9837
74,1560
73,9901
73,9205
73,3100
73,7701
74,4958
73,6885
73,3540
74,2446
74,1213
73,9357
74,4832
73,9216
73,7597
73,8431
73,8547
73,3951
73,5355
73,2752
74,2028
74,3706
73,4358
73,2660
74,3248
74,2155
74,4052
74,4598
73,9856
73,7680
74,3955
73,2692
73,3632
73,8790
74,3237
74,4536
74,0615
74,4220
74,0751
74,4985
74,2158
73,5138
73,7056
73,7265
74,0572
73,8326
74,1317
74,1067
74,2249
73,5869
74,0817
73,7776
73,6053
73,2876
73,9477
74,2250
73,9750
73,7523
73,9086
73,4469
73,6013
74,0191
73,6735
73,9101
73,8756
73,7885
73,2590
73,6635
73,6122
73,6264
73,8232
74,2660
74,4586
73,8472
73,8732
73,9650
73,5647
74,7063
73,7123
74,2681
74,2815
73,8396
74,1774
74,2567
74,0317
73,7164
73,8321
73,4751
73,4489
73,9185
73,7118
74,2595
73,7448
74,1505
73,9666
73,1458
74,5826
74,1512
73,3567
74,5960
73,5467
73,4771
73,7673
73,8248
74,3822
74,3763
73,9605
73,8038
73,4770
73,8447
73,9560
74,4503
73,6171
73,1303
73,7292
73,5617
74,5575
74,0626
73,7961
74,0814
73,7344
73,8421
73,6361
73,9052
73,3878
73,9288
73,5331
74,0730
74,2865
74,2245
73,8925
73,9938
73,8486
73,2968
73,6743
73,9446
73,4069
73,1993
74,0164
73,5026
74,1869
74,2609
73,6965
73,8780
73,7843
74,2810
73,6910
73,3676
74,0827
73,8194
73,5152
73,8053
73,9975
73,4260
73,1987
74,3126
73,9072
74,3949
74,3731
74,0886
73,5887
72,6682
74,2107
73,8979
74,1978
74,5078
74,2571
73,5018
74,2719
74,4682
73,5934
73,1213
74,1017
73,8233
73,8986
74,3494
73,9778
74,2420
73,8772
74,5568
73,7827
73,9963
73,7450
74,3629
73,8932
73,4834
74,0265
73,9209
73,7431
73,7627
73,9740
74,3340
73,5761
73,8012
74,3172
74,8120
73,7052
73,9378
73,6662
74,0375
73,8824
74,7913
73,3130
73,9417
75,2231
74,2748
74,3097
74,0360
73,8569
73,6331
74,2959
73,7903
74,2216
73,8803
74,4696
73,8961
74,0581
73,7028
73,7610
73,4136
74,0712
73,5059
73,9607
73,9299
74,1936
73,7467
73,4922
73,8545
74,0642
74,1857
73,9073
74,1106
74,6145
74,0641
73,7827
73,6867
73,9132
73,6677
74,1313
74,0384
72,6971
74,3113
74,3466
74,2327
73,6113
74,4563
73,5188
73,5422
73,6307
73,2928
74,2728
74,3886
73,3453
73,9738
73,9899
73,8237
74,3860
74,8677
73,6415
74,2541
73,3476
73,9285
73,9275
73,9208
73,5832
73,6586
73,5050
73,6243
73,9308
74,5161
73,9638
73,4225
74,0831
73,8105
74,5145
73,9466
73,6876
74,1899
73,4660
73,9761
73,7535
74,4639
73,9072
74,1121
74,1429
74,4514
73,9934
73,5687
73,8728
73,8790
74,1678
74,1052
73,0791
74,1338
73,2589
74,3989
74,3261
74,1923
73,9650
73,6220
74,0512
74,7015
73,7781
73,3052
73,6609
73,8070
73,6372
73,6903
73,7677
74,0732
73,9583
73,8492
73,5514
73,9587
74,5645
74,1318
74,0429
74,0123
74,5429
74,2078
74,0062
74,0126
73,7621
73,4067
74,2636
73,4464
73,4869
73,5912
73,3595
74,2093
73,9927
73,8067
74,0982
73,9563
73,8222
74,1631
74,2420
73,7307
74,1378
74,6531
73,8667
73,7223
73,7396
73,9167
73,9526
74,2830
74,0494
73,5064
74,4930
73,7946
73,6132
73,3796
74,4197
73,4241
73,9794
73,9851
73,9041
74,4233
74,1331
73,4065
74,0458
73,7441
74,2844
73,9174
73,5711
73,5754
72,8735
73,5679
74,2804
73,6666
73,8544
74,0987
73,4857
74,1997
73,9641
73,7044
73,8916
73,8259
73,8771
74,3468
73,4922
74,0769
74,1276
73,7412
73,9398
74,1493
73,7382
73,4775
73,0836
73,9745
73,9285
73,8237
74,0377
73,5345
73,6122
73,3725
73,7457
74,2243
73,2497
73,8251
74,5685
74,1516
73,9578
73,9414
73,5832
73,6138
73,8575
73,0974
73,9008
73,8827
74,1004
74,0278
73,6349
74,6426
74,0667
73,4506
73,7507
73,4966
73,7006
73,7367
74,2286
73,1172
73,5444
73,2590
73,5692
74,1996
73,4298
73,9319
74,3617
74,1460
73,1263
74,1280
73,9129
74,0343
73,3680
74,4950
74,1857
74,4838
73,9547
73,9637
73,4962
74,1599
73,9035
73,7848
73,5388
74,0310
74,0231
74,1157
74,3503
74,0824
74,1490
74,3777
73,5250
74,1464
73,8459
73,6948
73,4537
74,2261
74,0583
73,9694
74,1502
73,5577
74,2951
73,7670
74,1367
73,6965
73,9145
74,1117
73,8136
73,4238
73,2840
73,8252
74,1376
74,2150
74,5265
73,7509
74,1241
73,7873
73,7718
72,8446
73,9782
73,9131
74,2591
74,4741
73,8828
73,9431
73,4595
73,8575
74,0889
74,0413
73,8674
73,2462
73,4843
74,3351
73,6549
73,5198
73,8516
73,6337
74,4435
73,5623
74,1168
73,8357
74,2441
73,7471
73,5473
73,2845
73,4851
73,8020
73,8790
73,8403
73,8110
73,6101
73,3715
74,2039
73,9564
74,5565
74,2878
74,3397
74,2572
73,9836
73,7707
74,8768
74,3416
74,0268
73,4728
73,3128
73,5881
73,8362
74,1986
73,9209
74,0487
73,6577
73,7490
73,4352
74,1868
74,2720
73,2121
73,7205
74,2086
73,4649
73,6894
73,4502
73,4212
74,1069
74,0566
73,7325
74,1461
73,2009
74,0076
74,5075
74,0250
73,6053
73,5095
73,9529
74,2527
73,7277
74,6236
73,7788
73,8867
73,8028
74,0229
72,9728
73,2964
73,9865
74,4168
73,8826
74,1068
74,1257
73,8708
74,3308
74,2281
74,0327
73,2818
74,2077
73,7843
74,0872
73,6865
73,6215
74,1137
73,3236
73,7526
73,8790
74,1083
74,1524
73,7142
73,8919
73,7611
74,5382
73,9118
73,7577
73,5041
74,0375
73,7608
73,6705
73,5952
73,4609
73,7627
73,6341
74,0417
73,9746
73,5316
73,9183
73,2644
74,1314
73,9459
73,8777
74,2169
73,7013
73,9832
73,2698
74,3612
73,8355
73,3443
74,0003
73,8733
73,9203
74,5415
74,6115
74,3312
73,4731
73,8317
73,9181
73,7581
73,9311
73,7838
73,9979
73,8402
73,7417
73,8468
73,9616
74,1497
73,7255
73,9326
73,8471
74,0300
74,0828
74,4323
74,2259
73,8322
73,4733
73,6989
73,5671
73,4523
73,5852
73,3573
73,9799
73,3149
73,4377
73,7507
73,6487
73,8712
72,8871
74,0985
73,9524
74,0290
73,1927
73,8984
73,9090
73,8917
73,9380
74,8936
74,7395
73,6883
73,6602
74,0795
74,0854
73,4405
73,0918
73,3448
73,6038
74,0913
74,0792
74,6516
73,8442
74,2262
74,1284
73,5209
74,2804
73,9181
73,6915
74,1557
73,9709
74,1394
73,7853
73,5880
74,2927
73,7310
74,1773
74,0556
74,0605
74,1633
74,3025
73,6547
73,7185
74,3441
73,6521
74,0683
73,5817
74,7149
74,1929
74,1880
74,0572
73,4736
73,7147
74,4254
73,3531
74,3423
73,6663
74,0232
74,0624
73,3579
74,5103
73,7457
73,9218
74,0445
73,7625
74,1434
74,0828
74,2747
74,0211
74,4282
73,7728
73,7912
73,6614
74,1801
74,1735
74,3433
74,6532
74,0032
73,9829
74,6730
74,0083
74,8774
74,3568
74,2302
74,3025
73,8951
73,4299
73,5036
74,0447
74,2576
73,2612
73,6186
74,4263
73,5174
73,4909
74,0186
74,0607
74,7058
74,4413
73,8291
73,8883
73,6723
73,6350
73,3355
73,7975
73,7138
74,1670
73,7803
73,3630
73,8827
74,0859
74,0048
74,1781
74,4838
73,5637
73,9897
73,8466
73,5959
73,3916
74,1223
72,8621
73,9815
73,7957
74,1658
73,6306
74,4394
73,1678
73,3138
73,6319
73,5004
73,3128
74,0276
73,6866
73,1588
74,2737
73,3381
73,1013
73,7861
73,9064
74,3794
73,9074
74,0764
74,0440
74,2557
74,0230
74,1492
74,1019
73,6191
73,3563
74,6407
73,5880
74,1669
73,8212
74,3455
73,3384
74,4033
73,7958
74,2447
74,3053
73,3550
73,7220
73,7864
73,7828
73,9801
74,7153
73,5240
73,9844
73,6093
73,8637
73,1896
74,4681
74,1675
74,0536
74,4609
74,4621
74,0824
73,4338
73,7778
74,5935
73,6999
73,9696
73,4117
73,9943
73,2377
73,2412
74,6222
73,8781
73,6272
73,9517
74,1620
74,4401
73,7009
74,6792
74,0781
73,6217
73,6566
73,2673
74,0529
73,7196
73,6570
73,9294
73,9372
73,2427
73,1179
73,6894
74,0596
73,8033
74,2791
74,1875
74,3362
74,0180
73,0981
74,3171
74,0044
74,4529
73,5892
73,7335
74,0605
73,8945
73,9537
73,4675
73,8096
74,0218
73,7851
74,4372
74,3500
74,1951
73,8162
73,8624
73,2631
73,9705
74,2046
73,7455
73,9205
74,2103
74,1698
74,5877
73,5419
73,3790
73,6539
74,3673
74,3360
73,7177
73,6354
73,4686
73,7802
74,2809
73,5254
73,9648
74,1709
74,1628
73,4435
73,4106
73,6944
74,0431
73,9020
74,1469
73,9474
73,9134
73,7381
73,4949
74,2614
73,7248
73,8149
73,6607
73,7356
73,5496
73,5946
74,0736
74,6429
74,1264
74,1050
73,6694
73,8314
73,3108
73,4385
73,9418
73,8142
74,4913
73,4430
73,9692
73,6381
73,8513
73,4592
73,7451
73,9131
74,0924
73,7293
74,6338
73,6865
74,2353
74,1433
73,6506
73,6362
73,9987
73,6923
73,6570
73,4128
73,9283
74,3952
74,1657
74,2636
74,2504
73,5752
73,7841
73,8713
73,3822
74,2524
73,3533
73,9032
73,7389
73,5551
74,2198
74,2311
73,7831
74,1175
74,4397
74,0465
73,5154
73,6491
73,8516
74,2811
73,9198
73,3762
73,4311
74,4113
74,1909
73,8350
74,1145
73,7375
73,8154
74,1901
74,3816
73,8410
73,8675
73,3284
73,5746
74,5472
74,0691
74,2408
73,7799
73,4048
74,1295
73,7156
74,3177
73,6580
73,7166
73,7179
74,3521
73,4176
73,8792
73,9326
73,4816
73,5309
73,5800
74,5730
74,1488
74,1614
74,0609
74,3312
73,3332
73,9960
73,9093
73,7126
73,9190
74,2691
74,0746
74,1338
73,7873
73,3271
74,2686
73,3291
74,0580
73,6377
74,0218
74,0510
74,0207
73,8764
73,7464
73,4247
73,6449
73,8935
73,7427
73,8711
73,7958
74,2017
74,3654
73,1957
74,1940
74,0940
74,4823
73,9469
73,8099
73,1863
73,8815
73,9359
73,6404
74,0432
74,1003
73,2156
74,5481
74,0088
73,8723
73,6923
73,0466
74,2849
74,0753
74,0319
73,6240
74,0806
73,8277
73,8513
74,2319
73,4809
73,9821
73,9621
74,1842
73,6103
74,3871
73,5012
74,0670
73,9379
73,9890
74,4189
74,2289
73,8148
73,9262
73,6814
73,7269
74,0118
73,4862
73,9783
74,1211
74,6280
74,0141
73,7675
74,4285
73,2928
74,2210
73,7807
73,7989
74,1573
73,6510
74,2756
74,0578
74,0838
74,3177
73,9441
74,0446
74,4851
73,9787
73,4170
73,1743
74,0729
73,9522
73,5177
73,9183
73,4065
74,0246
73,9746
73,9805
74,2864
73,7351
74,4012
73,6013
73,3576
73,6450
74,2761
73,7223
74,5146
73,7948
73,6982
73,9982
73,7879
74,4435
73,9838
74,1141
74,3766
73,7317
74,1593
74,0460
73,7730
74,6876
74,1252
74,3509
74,0197
73,7777
73,9447
74,0659
73,7766
74,4358
74,0694
74,5145
74,2173
74,1894
73,6757
74,7726
74,4653
73,7642
74,0459
73,9997
74,5076
73,8453
73,5581
74,1546
74,2418
73,9073
74,3348
73,9784
73,4454
74,4861
74,1743
74,4445
74,1069
73,9544
73,7493
74,4187
74,1059
73,2925
73,6401
73,7558
73,7340
74,3548
73,8222
74,1686
73,6729
73,8875
74,2725
73,3344
73,5760
74,1145
73,4641
74,1935
74,0370
73,4179
74,1500
74,1214
73,8490
74,0137
74,1078
73,8993
73,7271
74,0677
73,7978
73,5441
74,0204
74,4613
73,7581
74,5703
73,9747
73,5741
74,0628
73,5807
74,4155
74,0616
73,4799
73,9009
73,6978
73,8290
74,0059
74,1863
74,0617
74,0499
73,7937
73,9439
73,8475
74,3956
73,7600
73,9354
74,7607
74,3645
74,1378
73,7198
73,5461
73,6555
73,3026
73,8447
73,5361
73,5795
73,6511
74,2498
73,9909
73,2274
73,3568
73,7320
73,9914
73,3125
73,9316
74,1559
73,9487
73,6946
73,0877
74,0551
73,1290
74,7397
73,5834
73,8042
74,5623
73,5525
73,8946
73,6217
74,2294
74,3102
73,9021
74,2176
73,9104
73,7335
73,7853
73,7041
73,5148
74,8004
73,7190
73,1862
74,0403
74,5937
73,4863
74,3569
74,5149
74,1184
74,1850
74,3096
74,2097
73,6860
73,6336
74,1625
73,1572
73,7871
73,2983
74,3956
73,9076
73,7236
73,7723
74,1466
73,3655
73,7857
73,9205
74,2205
74,0511
74,2454
74,0026
74,0179
74,1446
73,4035
73,7418
74,8024
74,2155
73,7301
73,9658
73,6890
73,5869
74,2967
73,6035
73,4702
73,9528
73,6038
73,8077
73,8284
73,5363
74,1620
73,9387
74,3480
74,3013
73,4514
73,9049
74,7909
74,3070
73,5504
73,8430
74,0170
73,5057
75,0136
73,5375
74,5487
73,7724
74,1479
73,8312
73,6745
73,7544
74,1014
74,3005
73,7933
73,9353
73,8998
73,5013
74,5786
73,9502
73,4178
73,9820
73,5222
74,2026
73,8282
73,1623
74,4837
73,7814
74,2551
74,4028
73,6675
73,9470
74,2644
73,6347
73,9105
73,9553
73,5118
74,8117
74,3141
73,7666
74,3404
73,4902
74,0535
73,9808
73,0257
74,2175
73,5951
74,0161
73,5885
73,7678
73,4684
73,7071
73,7718
74,3866
74,3329
74,1862
75,0998
74,2252
73,8653
73,5716
74,0786
73,9630
74,8186
73,3782
73,4956
73,9150
73,9035
74,1764
74,3649
74,2746
73,8471
73,7593
73,4141
73,9561
74,0718
73,8918
73,6197
73,6874
73,9756
73,6876
74,2454
73,3229
74,2141
73,6931
74,1520
74,3417
74,4378
74,0694
74,0203
74,2356
73,7891
74,0123
73,6687
73,6931
73,7006
73,5407
73,8826
74,1019
73,6387
74,2323
73,2618
73,7710
73,8622
73,7485
73,5919
74,1636
74,5160
74,0351
73,8904
74,1039
74,1203
73,9813
73,7490
74,1790
73,1565
73,6900
73,8464
73,9671
73,7603
73,5376
73,6701
74,5754
73,4449
73,9738
74,0276
73,5854
74,0566
73,5628
73,4888
73,9409
74,0944
73,9034
73,8937
73,5749
73,6255
73,6766
73,9267
73,8273
73,7325
73,8176
73,7928
74,1008
73,5847
73,5410
74,7936
74,2315
73,4115
74,7099
73,8930
74,2502
74,0673
73,5990
73,7661
73,6747
74,1298
74,0991
74,4314
74,1719
74,3256
73,6855
73,4213
73,8946
73,9348
73,3705
73,7043
74,4119
73,8800
73,2680
74,0519
74,0895
73,8424
74,1799
73,9040
74,2009
73,4481
74,2494
73,6553
73,6719
73,8329
73,3038
74,1981
73,8090
74,5858
73,6186
73,8937
73,0612
73,6863
73,7701
72,8942
74,2157
73,7473
74,3124
74,4870
73,5964
73,8540
73,7970
73,8142
74,0571
73,7318
74,0941
73,8877
74,1984
73,5266
73,9881
73,4139
73,6476
73,1364
74,0721
74,1416
73,3137
73,2587
73,9723
73,5107
73,2498
74,3641
74,2978
74,0912
74,4636
73,2734
74,1866
74,0291
73,9238
73,6547
73,6972
74,0648
73,4084
74,6316
73,6829
73,0743
74,6304
73,9607
74,2291
73,8842
74,0989
73,5743
73,8150
73,4918
73,6456
74,4585
73,3005
73,7844
73,9656
73,9517
73,8672
73,8901
73,8847
73,6376
73,9607
74,2254
73,5953
74,5164
73,6025
74,1303
73,5294
73,8684
73,9414
73,6423
74,5969
73,6592
73,7595
73,2001
73,7389
73,8138
74,4366
73,8169
73,6503
73,3104
73,9487
73,9380
73,5586
73,4589
74,7335
73,9926
73,7337
74,1503
74,6024
73,6127
73,7491
74,3367
74,1049
74,0239
74,3905
73,3671
73,7797
74,0095
73,9218
74,2910
73,6117
73,5550
74,1382
73,8261
74,3820
74,1908
74,8616
73,8253
73,9139
74,0690
73,5314
74,0153
74,0498
74,3747
73,9090
74,3291
74,3064
73,8180
73,2805
74,5561
73,9964
74,2095
73,1017
74,2658
73,9880
74,1821
74,0752
73,6394
74,3220
74,0212
73,8976
74,0238
73,5591
73,8650
73,4846
74,4121
74,0942
73,7495
74,3714
73,7783
73,1038
73,8156
73,8291
73,8802
73,9905
74,5506
74,4226
74,7551
73,3942
73,7697
73,2873
73,8756
73,8216
73,8921
73,8119
74,1708
73,4548
73,8811
74,2387
74,1653
74,0843
73,8523
73,9156
73,6901
74,6833
73,4596
73,6919
74,2067
74,3929
74,4986
73,9341
73,4170
74,0458
74,2159
73,4898
74,0541
73,7874
74,3655
73,9058
73,9848
74,4449
74,0754
73,8551
73,5192
73,5282
73,6262
73,8947
74,1879
73,5325
73,2014
73,8578
73,6250
74,0846
74,3895
73,9136
74,2126
73,8553
73,8040
73,5568
73,6164
73,8396
74,2546
73,3930
74,0595
73,7787
73,7732
74,0546
74,5843
74,4681
74,2935
73,7695
73,7120
74,0118
73,7506
74,2867
73,8662
74,7180
73,5591
74,2936
73,4383
73,7736
74,4989
73,8772
73,4639
73,9431
73,8622
73,3393
73,6769
73,8217
73,9598
73,4441
74,5193
73,4344
74,2980
74,0503
74,6558
73,6831
74,4112
74,1088
73,3821
74,2850
74,2707
73,5585
73,6236
73,9924
73,6979
73,7340
74,3847
73,6479
73,9632
73,4835
73,1798
73,5771
73,4225
74,3767
73,4751
73,8208
73,6388
74,2899
74,0024
74,3937
73,7195
73,6728
73,7385
73,7321
74,1900
74,2664
73,5162
74,2012
74,1353
73,9693
74,0116
73,9631
73,9884
73,7580
73,2578
73,8137
74,0204
73,7670
74,1227
73,0812
73,8615
73,9443
74,8651
73,5893
73,9297
74,1523
74,0623
73,6849
74,6689
73,1974
74,6738
74,0831
73,9505
73,3245
73,8418
74,3892
74,3377
74,2731
74,6239
73,8099
73,5202
73,8962
74,1274
73,5951
73,8864
74,0224
74,0837
74,2433
73,6669
74,2184
73,9892
73,7340
73,2767
73,9273
73,8769
73,7589
73,7717
73,8932
73,8460
74,6780
74,4979
74,1893
73,9144
73,7584
74,1633
74,4207
73,9387
74,1115
73,6464
73,8676
73,3866
73,3964
74,0465
73,8643
73,9913
74,3111
73,6726
73,7537
73,7313
73,6196
74,3442
73,7882
74,1260
73,7549
73,7023
73,6725
73,8130
73,3642
73,8534
73,9549
74,0032
73,5844
74,1973
74,2165
73,4733
74,1232
73,8888
73,9397
73,6217
73,5842
74,0126
74,3181
73,9330
73,9085
73,9213
73,4296
73,9523
74,1032
73,6356
73,9753
73,4991
73,9544
74,1073
73,7475
73,5379
73,9316
73,8802
73,7394
74,1595
74,2310
74,1332
74,3880
73,9771
74,2210
73,8991
74,4227
74,2176
73,5446
74,3665
73,9696
74,0942
74,0060
73,7925
73,9615
73,5628
74,4773
74,2174
73,9001
74,0051
73,6610
74,1583
74,3080
74,1824
73,9820
73,9687
74,8399
74,1511
74,0458
74,5219
74,0175
74,2196
73,3138
73,4910
73,7409
74,1355
74,2940
74,7420
74,3599
73,4974
72,9806
73,5604
73,4675
74,3144
73,9790
73,2970
73,7086
74,3966
74,5438
73,5737
73,6907
73,4906
73,5439
74,3056
74,0644
73,9592
72,8284
73,4373
73,4814
73,7928
74,0906
73,6107
74,4152
73,4350
73,8458
73,9519
73,9065
74,0025
74,2379
74,3686
73,4727
73,7692
74,2193
73,7173
73,6996
74,0244
73,6800
74,0929
73,3411
73,6109
74,6486
74,3044
74,2468
73,9648
74,1434
74,0372
73,7409
74,0976
74,7176
73,9991
73,1791
74,2345
73,9194
73,5238
73,8558
73,9488
74,0401
73,9489
73,6826
73,7385
74,2078
73,4576
73,8517
73,6940
73,9402
73,6388
74,7602
73,4687
73,3526
74,2695
74,6730
73,5590
74,1898
73,9485
73,1575
73,9473
74,1534
73,6224
74,9820
74,0682
74,6308
73,6623
74,1679
73,4290
74,2086
74,2315
73,9909
74,7249
74,0904
73,7326
73,3076
73,5928
73,5100
74,0073
74,0806
73,7245
73,9276
74,3861
73,9194
74,0085
74,1387
73,4473
73,9244
74,6575
73,2494
72,7711
73,7574
73,9225
74,5155
73,9313
73,8632
73,8927
74,2733
73,9765
74,4082
73,9709
73,7904
73,3866
73,4815
74,3354
74,2713
73,5464
73,6508
74,3958
73,8583
74,3597
73,8926
74,5134
74,4147
73,9352
74,2563
73,3089
73,3789
74,5266
73,5578
73,7612
74,0140
74,0044
73,5718
74,3996
73,8456
74,6447
73,4936
73,6798
73,5285
73,9447
73,1851
73,5708
73,4676
73,5574
74,1973
73,3154
73,4536
74,4937
73,3289
73,8791
73,5167
73,8283
73,8970
73,7339
74,3911
73,5165
73,9122
74,1613
74,5134
73,9616
73,3762
73,7007
73,9588
74,3433
73,3803
73,8214
74,3250
73,9517
73,5815
74,4074
73,8658
74,0876
73,5970
73,6827
74,3318
73,8505
73,9803
73,8361
74,4476
74,1986
74,0582
73,9423
73,8765
73,6891
74,5681
73,8386
74,3363
73,6339
74,1625
73,7124
74,5624
74,0496
74,4120
73,8104
73,6544
73,8274
73,7146
73,8102
73,6531
74,8400
73,7119
73,8372
74,0007
73,7126
73,9787
73,7971
74,1714
73,6437
73,7209
73,8414
73,6219
74,3948
74,0872
74,2409
73,3810
73,8737
73,8293
73,9395
73,7463
73,6711
73,8067
74,3434
73,8241
73,9377
73,9284
73,8438
74,3467
74,0463
73,8607
73,6073
73,9931
73,8333
73,4883
73,8481
73,8678
73,9933
74,3790
73,7573
73,1012
73,9687
73,8229
74,1178
73,3127
73,6858
73,8116
73,6436
74,2022
74,1801
74,1745
73,6105
74,5528
73,3732
73,7897
74,0114
73,8676
72,8209
74,5948
74,0942
73,2419
73,6461
74,2864
72,5946
73,5354
73,8738
73,3718
73,4928
74,2607
74,2108
74,5227
74,2410
73,3555
74,1858
74,3183
73,6242
73,5298
74,1324
73,4096
74,2236
73,4301
73,8939
74,4612
74,2326
73,7227
74,0009
73,3473
74,5536
74,4770
73,8488
74,2855
73,3512
73,8645
74,3583
74,1705
73,3887
73,9195
73,5238
73,2961
73,9501
73,5359
74,0941
73,9498
74,1747
73,6975
73,7947
73,3813
74,8321
73,8486
73,9715
73,5632
73,7903
73,7004
74,0453
74,6297
73,4787
74,0316
73,6840
73,2551
73,6054
73,2419
73,3945
73,3386
74,3443
73,8896
74,1321
73,7686
73,6505
73,6516
73,6001
74,2395
73,8324
73,7357
73,7858
74,0525
74,1539
73,5358
73,5230
74,4344
74,5140
74,1065
74,5563
73,8224
73,4308
73,9638
73,3564
73,7801
73,5907
74,0898
74,0527
73,9644
74,0104
73,7104
73,6940
73,7294
73,9352
73,7256
73,4904
73,8171
74,4165
74,1563
73,6753
74,6640
73,7322
73,3038
73,8365
74,3190
74,2695
73,3597
73,8316
74,2103
73,9712
73,4654
74,0654
74,3378
73,8369
73,6146
73,6511
74,0941
74,5264
73,2796
73,5060
74,3338
74,1682
74,1896
74,0451
73,3331
74,4704
73,5520
73,6388
74,5506
73,2681
73,4371
73,4590
73,4035
74,5109
73,9197
74,0781
74,0556
73,9593
74,0287
74,1801
74,2275
73,8536
74,7560
73,9837
73,7386
74,2163
74,2004
74,0733
73,8604
73,5839
73,8721
73,8219
73,5353
74,1623
73,2684
73,5862
74,2070
73,8692
74,4630
73,8895
73,9610
73,0740
73,9281
73,3144
74,0828
74,2483
73,8389
74,0491
74,0642
74,0193
74,2561
74,7242
73,7006
73,5664
73,5186
74,6753
74,1399
74,2523
73,8482
73,6250
73,8349
73,9481
73,4436
73,8962
73,4667
73,3013
73,6775
73,0748
73,9289
73,3252
73,4436
74,4268
74,0660
73,6812
74,0793
73,6980
73,6422
73,3789
74,6822
74,0982
73,4026
74,0667
74,3227
74,2281
74,1518
73,1466
74,0426
74,1712
73,9868
73,8085
73,8191
74,4718
73,4767
73,8101
73,8164
74,1194
73,9270
73,9919
74,3543
74,1469
73,9197
73,5741
73,4110
73,4315
73,6689
73,3805
74,1863
73,8908
73,4976
73,7713
73,8231
73,9030
74,0905
74,0803
73,8022
73,6273
73,1999
73,5186
73,6748
73,3605
73,9918
74,4478
73,7814
73,6860
74,9089
74,7942
73,5965
73,8229
74,8495
73,5273
73,4433
74,2064
73,7905
73,4007
73,5626
74,4684
73,8475
73,9439
73,6738
73,9226
74,0157
74,1517
74,0431
74,6139
73,9078
73,8529
73,7041
74,4531
74,1882
72,8866
73,6881
73,9716
74,0284
74,3750
73,8651
73,1583
74,0628
73,5707
73,9731
73,5932
73,5537
74,3123
74,1454
73,8950
73,6016
73,9163
73,9524
73,9355
74,8330
74,8516
73,9391
73,7899
73,1420
74,0216
74,0267
73,7717
73,8701
73,7368
74,5130
73,3710
73,4284
73,6803
73,9034
73,5820
73,7773
74,5943
73,5805
73,6600
73,6192
73,4320
74,0336
73,6652
74,0077
73,5562
73,9718
74,0296
73,9725
73,6056
73,9231
73,9821
73,7925
74,1099
74,0601
74,5165
73,7167
74,0970
74,0513
73,4825
73,7671
74,3460
73,5728
74,1563
74,1495
74,3452
73,6900
73,9909
73,6696
73,9750
73,9482
73,5064
74,3457
74,4479
74,0598
73,6530
74,4355
73,6539
73,7377
73,9632
74,1470
74,1564
74,1307
73,8661
73,8868
73,7241
74,0603
73,6699
73,4998
73,7900
74,1149
73,2626
73,4330
73,8240
73,3057
73,6812
73,8213
73,8704
73,6416
73,9710
74,1223
73,7401
73,7208
73,3205
72,9182
73,3209
74,1631
73,6101
73,9651
73,4378
73,2550
73,8908
73,8458
74,1426
74,0954
73,5688
73,7049
73,8641
73,7453
73,6562
74,1782
73,3963
73,9109
73,4548
74,0020
74,0802
73,4830
74,1071
74,0427
73,4289
74,2248
74,1897
74,1814
73,5702
74,1760
73,9106
73,9717
73,7989
73,9097
73,8825
74,0140
74,4895
73,7171
74,0815
74,1936
73,7004
73,7516
73,2753
74,0546
74,1813
73,3254
73,6730
74,0238
73,4920
73,3521
74,0528
74,2045
73,9433
73,3228
74,1531
74,4656
73,5498
73,2623
73,8142
73,8116
73,5980
74,5568
74,2162
74,1885
73,9549
73,3365
73,5725
73,8657
73,8585
74,2330
74,4672
74,9470
74,0032
74,3028
73,7948
73,8243
73,3020
74,1529
73,8893
73,8804
73,2662
74,3132
73,0361
73,7910
74,1348
73,5857
74,1553
73,8851
74,1682
74,4751
73,8706
73,9130
74,2246
74,2783
73,8821
75,0021
73,8145
74,0983
73,8846
74,3632
73,8693
73,9780
74,1625
73,2495
74,0796
74,1492
73,4646
74,2733
74,6348
74,0853
74,1627
74,0680
73,8067
73,4871
73,8096
73,6679
73,6862
73,6630
74,1023
73,3758
73,5764
73,7784
74,1155
74,3072
73,6728
73,1136
73,9761
73,9357
74,5935
73,3516
73,7254
73,7956
73,9133
74,0998
74,1542
73,9581
73,5092
73,7982
74,0442
73,7636
73,7208
74,0579
74,3780
73,6791
73,6435
73,5344
74,2193
73,8483
74,1577
74,7711
73,3838
74,2201
73,6551
74,0123
73,7297
73,6826
73,8050
73,5167
73,8579
73,7379
73,8505
73,9310
73,6460
73,8522
73,6042
74,3831
73,9661
74,0803
73,4942
73,9727
73,3177
73,4787
73,6693
73,8521
73,7243
74,2408
73,5036
73,5929
74,0116
73,8729
73,8676
73,9131
74,0735
73,8171
73,9105
73,6825
74,3639
73,6461
73,6419
73,4424
74,1548
73,8089
73,2535
73,8788
73,4637
73,9264
73,3422
74,5585
73,8273
74,0327
73,1334
73,9751
73,9851
72,8545
74,4604
73,7366
73,9974
73,6894
74,2088
73,7597
73,7534
73,9332
73,7779
73,4497
73,8076
73,8516
73,8785
74,2682
74,0896
74,8198
74,4417
73,6333
73,9508
74,1769
74,4439
73,3841
73,6014
73,9299
74,6763
74,1131
73,4993
73,9858
73,9810
74,0143
73,1593
74,0786
74,1374
74,1266
73,6355
74,8021
73,7411
73,9506
73,7912
73,9531
73,5785
74,1669
74,3988
73,6809
74,2336
74,4159
74,0994
73,6554
73,7521
74,5495
74,0480
73,8776
74,5445
74,4114
73,5466
74,1753
73,5580
73,8173
74,0138
74,4943
73,5729
74,1505
73,9489
74,1422
74,1924
73,2983
74,4797
74,5688
73,9703
74,0857
73,2645
73,5674
73,6447
73,9431
73,7586
73,7847
74,1138
74,2596
74,0247
74,0827
73,4478
74,6871
73,3188
74,0151
73,5082
73,3217
73,9246
73,7568
74,1904
74,0306
74,7122
73,6289
74,0610
73,2701
73,9876
73,3448
74,1138
73,8438
74,0946
74,4947
74,7085
73,6786
74,2592
73,6388
72,9999
73,4872
73,8198
73,9218
73,4686
74,5362
74,0499
73,9892
73,2188
73,6184
74,3204
73,8105
73,4068
73,3655
73,7830
73,4987
73,7686
74,0946
73,8004
74,1883
73,7050
73,3181
73,6622
73,9681
73,9175
73,9210
74,0666
73,9303
73,5020
73,9338
73,9314
74,0865
73,5730
73,9797
73,9230
73,4583
74,0075
73,9234
74,6426
73,7733
73,9590
74,3669
73,4690
73,8251
73,0946
73,8077
73,5478
74,1540
74,2298
73,8018
74,4761
73,6193
73,8240
73,7028
74,0953
73,7011
73,6156
73,4290
73,9272
73,5839
74,5184
73,7491
73,6783
73,2036
73,7998
74,2598
73,7917
74,0072
73,3616
74,4259
74,3111
73,3396
73,0178
74,1083
73,4189
73,8921
74,4635
73,3411
73,6170
74,0638
74,0625
73,7062
73,4309
73,9503
73,2981
73,8488
72,8941
74,3316
73,5541
74,2549
73,6948
74,4873
73,6903
74,1435
73,7397
73,8470
74,5680
73,5811
74,0181
74,2201
73,4671
73,7106
73,7098
73,4882
74,5343
73,4637
74,0336
73,2627
74,5076
73,6285
74,3666
73,4820
73,9261
73,5711
74,5818
73,6261
73,7169
74,2082
73,3379
74,3124
73,5539
73,2180
73,9866
74,0536
73,7317
74,3707
73,5118
73,1788
73,6318
73,9015
73,1983
73,8430
73,7575
73,9429
73,8632
73,7481
73,6282
73,9025
73,1515
73,9216
73,6092
73,9485
74,1036
74,2042
74,3788
73,7510
73,2072
73,9533
73,9896
73,3669
74,1883
74,1833
73,8508
73,6546
74,2443
73,8308
73,8587
74,4675
74,1103
73,7459
73,8076
73,3116
74,0774
74,3329
74,0863
73,8617
73,6089
74,1946
74,1555
74,5078
74,2523
73,4924
74,0982
74,0805
73,8314
74,1901
73,8483
74,5127
73,9222
74,2749
73,8303
74,0541
73,5969
73,6367
74,0049
73,5886
74,0194
74,1851
73,6184
73,9471
73,7942
73,8711
73,6594
74,0148
73,3109
73,6473
73,7683
73,9744
73,0613
74,1650
73,9404
73,5047
74,0157
74,0884
74,0547
73,9995
74,1057
73,3461
74,7513
73,7757
74,2263
73,5452
73,8990
73,5428
74,0250
73,9631
73,6596
73,9747
74,5879
73,9500
73,8447
74,3213
73,7384
73,3512
74,1484
73,8551
74,0363
73,4628
73,7557
73,2475
73,2556
74,2579
73,9814
74,0413
73,6093
73,8955
73,9354
74,3576
73,3232
73,7509
74,4688
74,4290
73,8617
74,5382
74,3971
73,7846
74,5198
73,6349
73,2434
73,5430
73,8025
74,4142
74,2448
73,7610
73,5262
74,5036
73,5491
73,5067
73,7159
73,8573
73,7780
73,3648
73,4740
73,2060
74,3844
73,7860
73,3936
73,6735
74,0045
73,7388
74,3718
73,6208
73,2856
73,9160
74,8662
74,3322
74,1854
74,6292
73,9674
73,3631
74,2321
73,4533
74,0185
73,6398
74,2890
74,0198
73,8587
73,6248
74,5212
73,9568
73,8504
74,1852
73,4152
73,4137
74,2907
74,2362
73,4906
74,6195
74,3299
74,1004
73,8163
74,6937
73,1214
74,5928
73,9823
73,7257
73,9870
74,2825
73,6314
74,1807
73,9943
73,5547
73,5083
73,5828
73,9675
74,2694
73,9597
73,7703
73,6942
73,7187
73,5587
73,9162
73,8129
74,0665
74,6726
73,5898
73,5477
74,0969
73,6943
73,4480
73,3916
74,4311
74,7245
74,4468
73,5207
74,2721
73,8744
73,9944
73,4732
73,5719
73,9730
74,0819
74,0792
73,7701
74,3181
73,5966
74,2363
73,9365
74,0307
73,6950
74,4599
74,0487
74,4287
74,0767
74,3615
74,1927
74,3433
73,9823
73,5117
73,3832
73,5366
74,0951
74,2507
74,0589
73,5462
72,9115
74,0848
73,8954
74,8090
74,0420
74,4588
73,7175
73,9247
74,4483
73,4122
73,8048
74,2181
74,3106
74,1205
73,3594
73,8219
73,9236
73,9481
74,3292
73,9499
73,7462
73,7531
74,0468
74,1497
73,6157
74,5284
73,5481
73,5256
73,9873
73,7338
73,3807
74,5008
74,0757
73,5480
74,1422
74,0413
73,8292
73,8491
73,9969
74,0955
73,9066
73,7195
74,2529
74,2616
74,1838
73,8486
73,1608
73,5252
73,7532
74,2119
73,8509
73,1067
74,2636
74,2410
73,7036
74,0215
73,5069
74,2466
74,1126
74,5571
74,1263
73,6552
73,2555
73,3056
73,4333
74,2163
73,8129
74,0173
73,5519
73,4539
73,8398
74,0926
74,1091
73,4563
73,8932
74,1863
74,1799
74,1014
73,5680
73,3670
73,4650
74,3673
73,6958
73,7427
74,1425
73,9636
73,0202
74,1923
74,1263
73,7890
73,5922
74,0702
74,1031
73,8586
73,8924
73,4900
73,2696
73,3929
73,9977
73,8281
74,1786
73,7164
73,9612
73,4982
73,9424
74,1627
73,4461
74,2351
73,6458
73,7967
73,7212
73,7417
74,6129
74,4812
73,7790
74,3957
73,6530
73,7762
74,0272
74,1890
73,9030
73,6655
73,5563
74,2812
73,7835
74,5334
73,6895
74,1348
74,2786
73,4812
73,9438
73,9753
73,9901
74,3841
73,5052
73,6501
74,1714
73,6788
74,0881
73,7368
73,8815
73,5292
73,4736
74,1126
73,6980
74,1310
73,8406
74,1910
73,7800
74,5492
73,3103
74,8884
73,9448
73,4285
74,2978
73,1710
73,3922
74,3808
73,1903
73,8869
74,1156
74,2385
73,6139
73,7317
74,5001
74,0360
74,4525
73,5693
74,7802
74,3392
73,6453
73,9967
73,6272
74,0342
74,0474
73,8905
73,8672
73,8865
73,7790
73,5358
73,8281
74,4838
73,3329
73,3035
74,0543
74,3506
73,9235
73,9067
73,4845
73,6249
72,9156
73,7750
74,0674
73,6455
73,8202
73,8402
73,5254
74,1557
74,0568
73,3581
73,8588
73,7695
74,4674
73,2739
73,5353
74,2221
74,2139
73,7624
73,3020
74,4262
73,3237
73,6762
73,7509
73,4535
74,0309
73,8150
73,8532
73,5267
74,1953
74,0821
74,1438
74,0215
73,5466
74,1441
73,4012
73,3316
73,4485
74,1082
74,1431
73,7580
74,2281
74,3443
73,3410
73,2448
73,7233
73,8678
74,0638
74,2116
73,4936
74,1287
74,1876
73,3306
72,8629
73,4719
74,2411
73,8359
73,4102
74,2621
73,6146
73,7626
73,9391
73,8997
73,2632
72,9030
73,8926
74,0356
73,7678
74,2544
73,9914
74,1217
74,4211
74,0674
74,0850
73,9929
73,8355
73,9345
73,2755
73,6797
73,6148
73,8130
74,2337
74,2863
73,8923
74,2263
73,8440
73,8226
74,1714
74,0446
74,2104
73,9509
73,6431
73,7139
74,1741
74,0530
73,6112
73,8145
73,8451
74,0516
73,5636
73,9739
73,6081
74,2199
74,1156
73,9821
74,1841
73,8069
74,2245
74,1146
74,2706
74,0794
74,0823
73,5872
73,9496
74,3502
74,3607
73,6481
73,8571
73,9527
74,3188
73,6288
74,2494
74,0975
73,7973
74,0737
74,4026
73,8819
73,9518
73,5571
73,1302
73,5520
74,6286
73,5524
74,2459
73,7400
73,5282
74,2112
74,6707
73,3817
74,1569
74,1618
73,6207
73,6791
74,1952
73,2938
73,7914
74,3940
73,9963
73,2377
73,8785
73,4152
73,6373
74,6428
74,0360
73,9053
74,0911
74,4388
73,7994
73,8204
73,6135
73,6320
74,3463
74,2509
73,9224
74,4169
73,7835
73,8146
73,5118
74,2684
73,6638
73,3378
73,7287
74,1616
73,5807
73,7397
74,0372
73,8065
74,2461
73,7875
74,0403
74,4092
74,0448
73,9187
73,5679
73,8982
74,0032
73,5946
73,4641
73,8157
74,1606
73,4116
73,9936
74,0764
74,0727
73,5995
73,9011
73,9125
73,4351
74,0890
73,4105
74,0135
74,5297
73,8261
74,1754
73,6564
74,2001
73,8763
73,5735
73,8085
74,0767
73,8785
74,2800
73,8683
73,9716
73,5993
74,0950
73,9177
73,8380
73,7649
73,4491
73,9863
73,8308
73,6693
74,2716
73,8316
74,6653
73,6167
73,9913
74,1080
73,7188
73,2927
74,0606
73,5016
73,3405
73,7903
73,5490
74,2776
74,2191
74,1938
73,6132
73,6299
74,0359
73,2473
74,2223
73,6300
74,1018
73,6636
74,6249
74,2127
74,0115
72,9185
73,9872
73,9134
73,9379
73,1399
73,8996
73,9710
74,2678
74,0259
74,1742
73,7124
73,9248
73,9524
73,5228
73,8341
74,2532
74,3535
73,4892
73,9590
74,6469
73,7467
73,5957
73,9414
73,9749
74,0882
74,4890
73,6969
73,5705
73,6729
74,0306
74,2468
74,4728
74,0928
74,7566
74,1907
73,5959
74,2605
73,7464
73,9008
73,2089
73,5951
73,8612
74,3357
74,1998
74,1234
73,3429
73,1718
73,9719
73,7486
74,0232
73,9790
73,4977
73,8932
74,0226
74,4712
73,9442
73,6511
73,8504
74,0728
74,6609
73,9813
74,2158
74,0841
74,0191
73,9816
73,7898
73,5867
74,4150
73,5476
74,0635
73,9208
73,7437
74,1074
74,1744
74,2087
73,8987
74,4044
73,7210
73,5749
73,8805
74,3197
73,7870
73,0378
73,7079
74,2862
73,6330
74,3862
73,5033
74,2936
73,5110
73,2796
73,6906
73,7012
73,8812
74,1033
73,2273
74,0654
74,6369
74,1299
73,7061
73,1356
73,7481
74,2340
74,1642
73,6322
73,8207
73,8117
74,2307
74,5138
74,3288
74,4842
74,1590
74,6841
73,6111
73,6132
74,0547
73,5048
73,5646
73,9256
74,3381
74,0625
74,3887
74,1505
73,7105
74,4719
74,4257
73,6248
74,4184
74,1834
74,1143
73,8679
73,4148
73,8603
73,9779
73,8202
74,0913
73,8986
74,1792
74,1745
73,8192
73,6889
73,7937
73,9341
73,4919
73,6069
73,8413
73,8040
74,3892
73,8748
74,3436
73,6377
73,4645
73,7851
74,0363
73,8572
73,1239
73,8321
74,4837
73,5059
74,2197
73,7063
73,9438
73,6571
73,5564
74,2196
72,8131
74,0898
74,4817
73,5817
73,8349
73,9117
73,3768
74,3109
74,2194
74,1778
74,2815
73,6046
74,3296
74,1119
73,5740
73,7433
73,6178
73,9780
73,8664
74,2057
73,6211
73,5714
73,9964
73,4186
73,9743
73,9609
73,8051
74,0874
73,9902
73,8642
73,9526
73,8208
73,6490
74,0967
74,0795
73,6236
74,0037
74,7034
73,8482
73,6218
74,2583
73,8256
73,8236
74,5219
73,6517
73,2744
74,5377
74,2531
73,9230
73,7811
74,1839
74,1834
73,5489
74,2767
74,0065
74,0613
74,1106
73,6599
74,0605
74,6061
74,5455
73,1788
73,9196
73,7290
74,0583
73,9014
73,4875
73,4435
74,1505
73,9477
73,7372
73,6494
73,7862
73,8677
73,8780
74,3782
73,5903
74,4491
73,0691
73,7944
73,8056
73,3081
74,1721
74,0005
73,5715
74,2309
73,4162
74,3359
73,9065
73,7943
73,8675
73,9327
73,8743
74,0366
73,6920
74,2947
73,0530
73,4809
74,1032
73,9212
73,4432
73,4206
74,0035
73,6066
73,9064
73,1621
73,5091
73,6062
73,3639
74,4667
73,6664
73,9884
74,6024
74,1314
73,8807
74,1520
73,7985
73,6850
74,1144
73,1175
73,8797
73,7131
73,7082
74,2961
73,9346
74,4340
74,4201
73,6340
73,6407
73,2791
73,5732
73,8008
74,2822
73,6628
73,8781
73,7010
73,4021
73,9056
74,4221
74,0806
73,8766
73,6980
74,9231
74,5494
73,9652
74,6118
74,6969
74,2431
73,7371
73,5213
74,2428
74,0522
74,3227
74,2733
73,5533
73,9688
74,2436
74,4097
73,7825
73,4524
73,4222
73,8071
74,0057
73,1913
73,5344
73,4158
74,1420
73,6634
74,0374
73,9551
73,9782
72,9743
73,7818
74,0677
73,4738
73,6959
73,5249
73,6081
73,9380
74,9074
73,3242
74,1572
73,5876
73,4077
74,3343
74,3860
73,4469
74,0608
73,6531
74,2350
73,8277
73,8964
73,2748
73,8526
73,6783
73,6514
74,1467
73,5181
74,0030
73,3986
74,1530
74,6232
74,6897
74,1002
73,7447
73,8316
72,7481
73,1381
74,2469
73,0793
74,5816
73,5927
73,6192
73,9353
73,9120
74,4130
73,3494
73,7520
73,4507
73,9038
73,7768
74,6447
74,2285
73,2763
74,0242
74,3353
74,1661
73,7662
73,6601
73,9712
73,7380
73,9810
73,8831
73,7603
73,5561
74,5498
73,7478
73,7979
73,8312
73,6005
74,3903
73,5763
74,1338
73,7723
74,6143
74,1532
74,2356
74,1500
74,2126
74,3426
73,6943
74,1419
73,8148
73,9797
74,1340
74,0479
73,4982
73,7229
74,1451
73,9150
74,0566
74,3522
74,1601
73,8560
73,3758
73,7269
73,8425
73,9803
73,3547
73,9804
73,6510
73,8050
73,7278
74,2815
74,2399
73,4738
73,8609
73,3703
73,4299
73,1728
73,4647
74,3115
73,6601
73,5142
73,7185
73,4796
73,9720
74,1626
73,8204
73,8318
73,9501
74,4983
73,9679
73,8288
73,8696
73,7893
74,0397
73,8844
74,2930
74,2168
74,0005
74,6578
73,4321
73,9532
74,3480
73,7324
73,9028
74,0750
74,3306
73,6776
73,8041
73,7297
74,1956
74,6612
73,4992
73,8735
74,1577
73,9868
73,4387
73,5937
74,2666
73,7840
73,8317
73,9156
73,7339
73,6065
74,0042
73,5038
73,5986
74,0830
74,0064
73,4428
73,6587
73,2679
73,7820
73,4234
74,3699
74,1496
73,8080
73,4928
73,0402
73,5077
73,2221
73,1449
74,4817
74,5617
73,8487
73,4073
73,5183
74,5888
74,5526
74,1621
73,7537
73,4895
73,9053
73,5774
72,7634
74,3122
73,6435
73,8608
73,8990
73,4493
74,2343
73,6746
73,5091
73,5599
73,0254
73,7850
74,2125
73,8117
73,7709
74,0022
73,8122
73,9057
74,4221
74,2530
73,7231
74,4013
74,1346
73,5168
73,9124
73,6530
73,9161
73,8235
74,2971
73,6717
74,5166
73,7361
73,5827
73,4680
73,7860
73,0910
74,1356
73,4286
73,9417
74,2982
74,5016
73,2875
73,8153
74,2643
73,9846
73,7561
74,0034
74,1984
73,9844
73,6481
73,6994
74,8903
74,3775
73,8525
73,4611
73,5052
74,1725
74,1949
73,8396
73,6889
74,0349
74,0735
73,6975
73,6628
74,0361
73,7906
73,5294
74,0143
73,9639
74,9342
73,8166
74,0175
73,7786
73,9746
73,9468
74,2622
74,2311
73,9668
73,8169
73,9826
74,4000
74,6998
74,0050
74,1186
74,6126
73,7880
74,4528
73,6613
74,8972
73,9338
74,5267
74,1134
73,5407
73,4155
73,8855
73,6835
74,1228
74,4623
74,0186
73,1154
73,4731
74,4262
73,9226
74,5550
73,5705
74,0303
74,4788
74,1940
74,2716
73,6460
73,9252
73,9384
73,9744
73,9637
73,5754
73,5882
74,8586
74,5000
73,6361
73,0173
74,3619
73,7060
73,9644
74,2391
73,7571
73,0086
74,0881
73,7313
74,0382
74,1943
73,9695
73,8475
73,9635
74,1774
74,3675
73,9337
74,0891
74,8240
73,8822
73,2621
73,3790
74,5907
73,6345
73,8778
73,7299
74,1477
73,0622
73,9679
74,8966
73,6356
73,6646
74,1307
73,3607
73,9124
74,1486
73,5570
74,3035
73,7031
74,1427
73,9517
74,2533
74,1196
74,0822
73,8612
73,9727
73,5267
73,6793
74,0879
73,1519
73,6443
74,1505
73,5705
74,3428
74,5192
73,5677
74,3826
74,2644
74,5125
73,9356
74,1111
74,2415
74,2256
74,7316
74,1914
73,3201
73,5520
73,5777
74,1638
73,7051
73,8831
73,8076
73,5721
73,6742
74,2599
74,5556
73,6657
74,6458
73,8826
73,9280
73,3241
73,6432
74,4246
73,2896
73,5400
74,0078
74,1986
74,1465
74,4021
74,3185
73,6496
74,4164
73,7197
73,7782
74,1164
74,2084
73,9598
73,5874
73,6418
74,0232
73,7203
73,9852
73,9319
73,9972
74,2583
73,3191
74,1923
73,7542
73,7000
74,0219
74,1538
73,6090
73,8348
74,1764
73,0579
73,8909
74,0446
74,2300
74,0046
73,8918
74,1853
74,1485
74,5648
74,0795
73,9591
74,1251
73,5140
74,0909
73,7200
73,9030
74,1433
74,1878
73,9344
74,2035
74,2307
73,9354
73,7674
74,3507
73,5206
73,4289
74,1327
74,3540
74,2225
73,7520
73,6168
73,7747
73,7482
73,4246
74,2759
74,1064
74,2769
74,0725
73,9090
73,9680
73,9698
74,2171
74,1358
73,7336
74,0477
73,7268
73,9185
74,5620
73,7910
73,9031
73,5210
73,4486
74,0043
73,9995
73,8488
73,5718
74,1880
73,4983
73,5721
74,2800
74,4777
73,4210
74,4210
73,6689
73,6116
74,8864
73,5500
73,8669
74,3044
73,7097
73,5494
74,0185
73,8425
73,8971
74,4787
73,9636
73,7067
74,5948
74,1264
73,9842
75,0283
73,9643
73,4342
74,3559
73,7244
74,1738
73,2779
73,8936
73,7203
73,8478
74,1552
73,8437
73,6070
73,5878
73,7632
73,7632
74,5154
73,9918
73,8339
74,4834
73,8953
74,1078
73,9369
74,3184
73,7406
73,9741
73,6154
74,5478
73,8791
73,6593
74,9128
74,6412
73,6964
73,5468
73,0465
74,3132
74,3685
73,4853
73,8213
73,7194
73,1418
73,6164
73,1972
73,9972
74,2814
73,6804
74,2611
74,1415
73,6925
73,7508
73,6351
73,6261
73,4475
74,3655
73,6792
73,6323
74,3185
73,4706
73,6787
73,8055
73,9705
73,6545
73,0954
73,9819
73,6430
74,0217
74,2233
74,3682
74,1394
73,4273
73,8409
74,2174
73,6708
73,2615
73,5940
73,8831
73,9381
73,5561
74,4409
73,8024
73,7825
74,4246
73,4102
74,0158
74,6870
74,2687
74,0319
73,8812
73,7563
74,4010
73,5657
74,0158
73,9463
73,7757
73,9187
73,6849
74,3949
74,2829
74,0834
73,9551
74,1759
74,4410
73,5035
73,8006
74,0912
73,6217
73,7973
74,0509
73,9644
74,3658
73,5347
73,8137
74,1746
73,6332
73,7374
73,7487
73,8620
73,6550
73,3137
73,9933
74,2677
73,7925
74,0765
74,0518
74,0090
74,0114
73,6312
73,9570
73,6286
73,6021
74,1190
74,1140
74,0122
73,6531
74,5353
73,8955
73,6949
74,4938
74,5545
74,4394
73,9092
73,8023
73,8267
74,0722
73,2687
73,5679
74,2611
74,6387
74,6431
73,3169
74,2590
74,1840
74,8404
73,5597
73,8836
73,7499
74,2279
74,7421
74,2677
73,9054
74,0488
73,6352
73,6866
73,8770
74,2308
74,2518
74,6497
74,0135
73,1369
73,5082
73,7592
73,6910
73,9006
73,7386
73,9478
73,8096
73,7006
73,6296
73,7889
74,2347
74,2023
73,6528
73,7455
73,2659
73,7702
73,6298
74,2041
73,1761
74,2596
72,7963
74,2551
73,5978
74,2290
74,5668
73,7973
73,7272
73,9000
73,3290
74,0608
73,9895
73,9878
73,5662
74,2585
74,3164
73,2518
73,2973
73,7945
73,7878
74,0996
73,9834
73,8766
73,6161
73,5213
74,0636
73,8511
73,9936
74,1190
73,6702
73,7923
73,6631
73,7093
73,7016
73,4569
74,0562
73,7929
73,5597
73,6592
73,8675
73,8357
73,7194
73,8692
73,7077
73,1558
73,9827
73,6479
73,8517
73,6562
73,3502
73,6238
74,7152
74,2771
73,5112
74,5173
73,5512
73,8084
73,6897
73,1421
73,9899
73,8464
73,3167
73,8520
73,3692
73,7211
74,2929
73,7323
73,8161
73,9768
73,4205
74,4297
73,7027
73,7159
73,9698
74,2899
73,5231
73,7483
74,0570
73,8483
73,7656
73,7993
73,4814
74,4142
73,8505
73,7330
73,4391
73,9448
73,6340
73,8134
73,9509
74,0597
73,6000
73,3364
73,2434
74,1500
73,3042
74,2124
73,6186
74,4267
73,5619
73,4608
73,5031
73,0326
73,5512
74,8429
73,3982
73,1348
73,9266
73,4115
73,5093
73,9801
74,1082
73,1859
74,2369
73,9293
74,0509
73,4679
74,7348
73,4750
73,8265
73,9204
73,4543
73,9892
73,8369
74,5276
73,1378
73,4039
74,1098
73,4275
73,7304
73,7875
74,0209
74,2234
74,6359
73,4758
73,6340
74,0225
73,8432
73,5725
74,2085
74,1889
73,9592
74,2794
73,5269
74,0788
73,5850
73,9132
74,2786
74,0564
73,7079
73,9069
74,0345
74,1938
74,2075
73,8262
74,0609
74,4666
73,7726
73,8919
73,8071
73,8415
73,0371
73,1310
73,5355
73,6325
73,9819
74,1007
73,9291
74,1526
74,3187
74,6459
73,4833
73,2360
74,0959
74,0694
73,8646
73,5297
74,0615
74,2344
73,5950
74,0856
74,0733
74,8739
74,1179
73,6627
73,8064
73,6789
74,2664
74,1981
74,6685
74,4314
74,0168
74,0043
73,4458
74,1030
73,3935
73,6162
74,0665
74,3205
74,0542
73,7990
74,1921
73,4591
73,5221
74,1791
73,9397
73,3631
73,8469
73,7877
74,0378
73,0336
73,8201
73,6198
74,1037
73,8350
74,4089
74,1885
74,7434
73,7191
74,0537
73,5314
73,9574
74,2827
73,6686
74,3438
73,6126
73,7909
73,7517
73,5591
73,7199
73,8752
73,7629
73,7358
73,6394
74,1911
73,8596
73,9929
74,2707
73,1842
73,9377
74,0448
74,1327
73,9895
73,3731
73,9638
74,2435
73,9981
74,4133
73,8563
74,2814
74,6240
74,1460
74,1117
74,0778
73,9436
73,5834
74,4576
73,5608
73,4381
73,4968
74,1042
73,6426
73,9610
73,3470
73,4326
73,7544
74,2610
73,7763
74,0167
74,7393
74,4113
74,1888
74,7310
73,4284
73,6160
74,5528
73,8584
73,6787
74,4072
73,3906
73,8769
74,1426
74,0993
73,9324
74,3101
74,4625
73,3932
74,0347
73,9464
73,1785
73,9256
73,8553
74,4452
73,5390
74,8826
73,8081
73,8332
74,2646
73,4127
73,0661
73,9209
74,3629
73,7719
74,2155
73,5952
73,8017
73,2540
74,0219
74,3305
73,8139
74,2897
73,8924
74,0230
74,1804
74,2819
73,7477
73,7854
73,8181
73,4307
73,9668
73,6000
73,2908
73,4913
73,8555
74,3042
73,9972
73,8161
74,3195
73,6712
74,0512
73,2260
73,7143
73,4866
74,0354
73,7084
74,0993
73,8442
73,6882
73,7582
73,2115
73,6538
74,5134
74,3280
73,9600
74,2392
72,9449
73,8767
74,1538
73,7875
74,0826
73,8441
74,2561
73,8536
74,3248
74,2023
73,8347
74,2308
74,2628
73,8637
74,5643
73,5371
74,2089
73,9708
73,4265
73,7817
73,9060
73,8696
74,1191
73,1570
73,5908
74,0344
73,8135
73,9125
74,1875
73,6938
73,8679
73,8967
73,4002
73,9203
73,5336
73,5324
73,5817
73,8317
73,8491
73,6138
73,7412
73,6207
73,7919
74,1257
74,1872
73,8569
74,4337
73,5677
74,4719
73,5572
73,6562
74,2902
74,4727
73,6386
73,8413
73,1854
73,8592
74,3897
74,1986
73,8166
74,7843
73,4955
75,0236
74,3707
73,8679
74,1262
74,2945
73,7611
73,5729
73,7291
74,1310
73,9407
74,4503
73,8489
73,9579
74,2580
74,4606
73,8093
74,1958
74,2749
74,0255
74,1225
74,6056
73,6354
73,0239
73,5250
73,6894
73,4812
74,0011
74,2024
73,6535
73,8684
73,8990
73,5152
73,6715
73,7534
74,4381
74,0245
74,2488
73,9652
74,2872
72,8852
73,7269
73,5630
74,2516
73,7351
73,2334
74,1472
73,4219
74,1736
74,3438
74,5102
72,8636
74,7301
74,3525
73,8128
73,2975
73,5040
73,3143
73,3657
74,0682
74,2425
74,0090
73,5135
73,8951
74,1181
73,3254
73,9904
74,0689
74,0497
74,2676
74,4280
74,1248
73,8662
73,7902
73,8940
74,1247
74,0903
73,6568
73,7514
74,4953
74,0109
74,0425
73,9394
73,5549
73,6672
73,8762
74,0829
73,3537
73,9389
73,6583
73,7119
73,7939
73,4360
73,8924
74,9230
73,4693
74,4878
73,6557
73,3451
74,1246
74,6530
74,2002
73,9067
74,0668
74,0312
74,4310
73,8446
73,7536
73,8115
74,1291
73,7868
73,8417
73,9348
74,1857
73,8495
73,8026
74,1190
73,8773
74,4244
73,8006
73,8408
74,0058
73,9235
73,7892
74,2109
74,4782
73,2714
74,3476
73,9768
74,1499
73,7159
73,7667
74,3137
74,0873
73,7035
73,3683
73,3028
74,3048
73,8464
74,3196
73,7587
74,6180
73,2578
74,0503
74,2909
74,2876
74,1434
73,6198
73,9287
74,2684
74,2019
72,9004
73,3459
73,9306
73,9334
73,8439
73,8692
73,4497
73,8386
73,5394
73,2696
73,7402
73,8814
73,6526
73,9626
74,4177
73,5381
74,1648
73,7201
74,1572
73,8202
73,4945
73,7760
73,7291
74,6069
74,5360
73,3994
73,6558
74,3019
73,3622
73,3616
74,3405
74,1675
74,2054
73,7790
74,3573
73,6795
74,0005
72,9866
73,5818
73,8952
74,0891
74,3487
74,4081
73,8913
73,9282
73,9704
73,6652
73,2320
73,6758
73,7323
74,2432
73,6733
74,4130
73,5254
73,9558
73,7512
73,8287
74,1615
73,7462
73,2708
73,6778
74,3138
73,1235
74,0209
73,5981
73,9865
73,6811
73,4046
73,8178
74,4235
73,6414
73,0348
73,6770
73,8188
73,8875
73,4654
73,9810
73,6357
74,0113
73,8391
73,2908
73,2364
74,2477
74,4049
74,3468
74,7286
73,8440
74,2175
74,0096
74,5473
73,7296
73,9146
74,1114
73,7504
74,4754
74,0397
73,5600
73,9783
74,3621
73,8099
73,8139
74,0567
73,8479
73,8523
73,4948
73,2305
73,0819
73,7984
73,2464
73,1615
74,2653
73,9515
74,2020
73,8853
73,5715
74,2000
74,3839
74,1866
74,1355
74,2374
74,0156
73,8821
74,2152
73,3032
73,6327
74,1961
73,4808
73,8081
73,6960
74,8644
73,1472
74,9320
73,8575
74,3604
74,1743
73,2818
73,2564
73,3701
74,5126
73,5784
73,8055
74,5871
73,9368
73,9954
73,9319
73,7263
73,3571
74,2665
74,3091
74,0467
74,4208
73,5338
74,3385
73,7277
73,9076
74,0283
73,9088
73,9615
74,1524
73,6512
73,6462
73,8211
73,9457
73,9393
74,1367
73,8203
74,0142
74,1807
73,9195
73,8573
74,0283
74,0374
73,3096
74,3503
73,7061
73,5234
74,0083
74,0126
73,6164
73,2783
74,1428
73,6708
74,0019
73,6262
73,4139
73,5928
73,6445
74,5709
74,2845
74,1904
73,6444
73,8793
73,3172
73,2480
72,9996
74,4128
73,5578
74,1498
73,1614
73,7375
73,5874
74,4380
74,2535
74,4299
73,7414
74,1560
73,6979
73,6737
73,9606
74,4144
73,6587
73,8425
73,9239
73,8662
73,9468
73,7774
74,5397
73,7965
74,3449
73,2825
73,3748
73,8732
74,3619
73,3415
74,4810
73,8762
73,7633
73,2991
73,9322
74,1426
74,2453
73,4939
73,7984
74,0935
73,3697
74,2223
74,0862
73,8032
74,0414
73,7953
74,1921
73,6265
74,3298
74,2844
73,7192
73,3153
73,6653
73,9749
73,9916
74,0014
73,8046
73,8669
73,8526
73,4904
73,8928
73,7173
73,9219
74,2984
73,8886
73,3571
73,7877
73,8879
74,0705
72,7743
73,9727
73,8241
73,7817
73,9312
73,9199
73,5993
74,0227
74,1697
73,1049
74,2046
74,2047
74,1906
74,1724
74,2103
73,7598
73,5719
73,1896
73,7850
74,1021
73,8330
73,8378
73,5430
74,1857
74,2533
74,4692
73,7526
73,4550
74,5756
74,1237
73,4435
73,7095
74,3467
73,9978
74,0846
73,2700
73,7644
73,5387
74,7107
73,6317
73,9110
73,8864
74,6375
73,5765
73,7353
73,3881
73,6091
73,8740
73,9511
74,1343
73,2196
73,7842
74,6414
74,1054
74,0003
73,4047
74,1376
73,9822
73,6381
73,9685
73,3250
73,8679
73,2352
73,7268
72,9983
73,8011
73,4908
73,9905
74,0247
73,4952
73,5895
73,5315
73,7164
73,5021
74,5797
74,0578
74,5165
74,0421
74,1619
74,1814
74,6248
74,6336
73,7110
73,6284
74,4508
73,8924
74,1126
74,0633
74,1535
73,8045
73,5232
73,5768
73,6830
73,7285
73,9248
74,1445
74,1487
73,9951
74,0246
74,2056
74,3017
73,8729
73,6495
73,5065
74,5844
74,3279
73,3690
73,7113
74,3682
74,0868
73,7226
73,7582
73,7710
73,8543
74,1691
73,4079
73,7576
74,0956
73,8773
74,0921
73,6569
74,0485
73,6160
74,1293
73,2046
73,5881
74,5778
73,8975
73,6895
73,9101
73,8933
73,6132
73,6676
73,4974
73,8295
73,9329
73,2702
74,1848
74,7497
73,7876
74,5858
74,0423
73,8279
73,7184
73,7340
74,4015
73,8164
73,8768
73,8277
73,8092
73,5977
73,9448
74,1332
74,2283
73,7680
73,8499
74,1006
73,8804
74,5506
73,6694
74,4526
74,2959
73,9482
74,1733
74,1702
73,9612
73,8052
73,7424
73,8138
73,4729
73,6671
73,8413
73,3397
73,4015
73,7241
74,9296
73,4567
73,9940
73,6755
73,8258
73,9655
73,7518
74,3548
73,5301
74,0643
73,9049
73,7902
73,7560
73,4983
73,7468
73,8900
73,5911
74,2585
73,7469
73,7625
74,0448
74,0249
74,6747
74,0534
73,6784
73,9879
73,4772
73,3840
73,9198
73,9474
73,9466
73,2161
74,0407
74,3508
73,8731
73,4273
73,4261
74,2024
73,9905
73,5444
74,0218
73,4512
74,4377
73,3162
74,1132
73,7503
74,4304
74,4546
74,3193
73,4478
73,9384
73,7352
74,2834
73,9609
73,7519
74,1670
73,5958
74,6444
73,8654
74,0075
73,5073
74,1212
74,5752
73,7859
74,4271
73,7289
74,2027
73,6672
73,6287
74,0480
73,8225
74,1110
73,6103
74,0135
73,8944
73,9921
74,2605
73,9165
73,8177
73,8635
74,3318
73,8345
73,7930
74,0011
73,5800
73,7676
73,4179
74,1362
73,5310
74,4354
74,0850
73,8186
74,2070
73,8653
73,7706
73,6121
74,1121
73,8861
74,1369
74,4968
73,8953
73,6379
73,9529
74,5687
74,2497
74,0180
74,2846
74,2782
73,1717
74,0436
74,0724
73,9356
73,3748
73,2392
73,8142
73,8208
74,0091
73,6372
73,7766
73,6307
74,2349
73,8128
73,7922
74,2141
73,4434
74,2563
73,8426
73,6927
73,8846
73,1404
73,4797
73,6060
73,9669
73,7765
74,0655
74,4671
74,0778
73,6671
73,8604
73,7553
74,6221
74,6698
74,0001
74,0235
74,5341
73,2793
74,4669
74,1546
73,4065
73,7949
74,1410
73,8057
74,3411
73,6855
73,6560
73,9079
73,2894
73,7910
74,6009
73,2716
73,8079
74,3411
74,6812
74,1919
73,6465
73,7034
73,8104
73,7611
74,0652
73,5551
74,4711
73,7523
73,8047
73,5551
73,9904
73,7897
74,2025
73,9051
74,1538
73,4243
74,0124
74,0780
74,3531
74,0041
74,2093
73,4888
74,0968
72,9555
73,8963
73,7051
74,0811
74,0256
73,7639
73,6872
74,3491
73,6052
74,1063
73,5328
73,0717
73,4132
73,9932
73,8667
73,7382
74,2815
73,4942
74,3179
74,0402
74,0371
74,3156
73,8077
73,5388
74,0748
73,4662
73,9393
73,4074
73,4011
73,6789
74,2573
73,7987
73,8657
73,6708
73,8971
73,9968
73,9953
73,7582
74,0009
74,4381
74,3659
73,4753
73,7609
73,8547
74,0765
73,0866
73,5917
73,6349
74,2532
73,6924
74,0737
72,9004
74,6747
74,0766
73,4381
73,7711
74,0318
73,3948
73,9028
73,8524
74,4085
73,7533
73,6268
74,5362
73,4988
73,8790
74,1289
73,6794
73,6336
73,9944
73,9642
73,9371
74,3826
74,0288
73,5072
74,0892
73,8812
73,6699
73,3661
74,1751
74,0286
73,9471
73,9803
74,2503
73,7281
73,3921
74,0969
74,2557
73,7387
73,8646
73,1362
74,1812
73,6016
73,5184
74,3295
73,6227
74,5937
73,8456
73,9642
73,4479
73,9892
73,9165
74,0384
73,7453
73,7115
74,8453
73,3335
73,7714
73,7000
73,7036
73,6653
74,3948
73,6159
73,8410
73,8272
74,3304
74,5972
73,3713
73,8527
73,9203
73,9589
74,3966
74,3262
74,1604
74,0652
74,2903
74,3359
73,8722
73,8572
74,1452
73,8483
73,1139
73,6405
74,0225
73,9518
73,3884
73,9372
73,8618
73,8863
74,1820
73,6916
73,8107
73,5346
72,7463
74,4666
74,4003
74,3651
73,9817
74,0597
73,3452
73,5841
74,0533
73,9134
74,1687
74,2670
73,6820
73,7529
74,2344
74,9227
73,5343
73,8487
74,0874
74,0294
73,6892
74,3245
74,0895
73,8989
73,2801
73,9566
73,3266
73,4622
73,9941
73,7462
73,9988
74,7269
74,0759
73,4915
73,5421
74,3494
73,9934
73,8350
73,6148
74,2198
74,0057
73,8697
74,2636
74,9748
73,9051
73,2827
74,1517
74,0380
73,7074
73,5420
73,8281
74,1125
73,1482
73,5284
74,1100
73,9789
73,5361
74,5023
74,0587
73,6677
74,4718
74,4263
73,6349
74,4785
74,4122
73,9489
74,5810
74,3626
74,1367
73,5609
73,6127
73,4622
73,9017
73,5341
73,6146
73,7049
74,1852
73,6222
73,6504
74,3518
73,4777
73,9244
73,5333
73,8466
74,1556
73,5670
74,1208
73,7542
74,2316
73,3044
74,2137
73,1992
73,9042
73,7312
74,0917
73,2746
73,0436
73,7249
73,4567
73,8165
74,0275
74,1385
74,0091
74,0052
73,7820
74,1827
73,7082
74,6004
74,4015
73,8752
73,4436
74,0539
73,9994
73,9507
73,6655
73,1986
73,3805
73,5362
74,5792
73,8549
72,9985
73,7858
73,7480
73,8415
73,7763
73,6515
73,6711
73,8304
74,0543
73,4088
73,8790
73,8177
73,3548
73,5974
73,7857
73,9359
73,2001
73,0068
73,9289
73,7975
73,6593
74,0621
73,6098
73,9192
74,0489
74,1666
73,7307
73,9244
73,4938
74,0466
73,7439
74,3058
74,1665
74,1578
73,8050
73,9560
74,2146
73,8887
74,1612
74,4951
73,1033
74,0273
73,4885
73,8547
73,6212
74,1931
73,7428
73,9925
73,4582
74,3783
73,4827
74,1988
74,4029
73,6185
74,3551
73,3150
73,7709
73,9590
73,3791
74,1186
73,7958
73,8010
74,3688
74,3893
74,3111
74,0071
74,5759
74,2694
74,5723
73,6972
73,6957
73,4479
73,3486
73,8357
74,1049
73,4392
74,6784
73,7689
73,9571
73,7716
74,1152
74,2153
74,8076
74,7392
73,9602
73,6647
74,0994
73,8439
73,9671
73,6849
74,0117
73,1938
73,8356
73,4172
73,5251
73,2555
74,3943
73,6568
73,4256
74,2450
73,7946
73,7070
73,2125
73,9370
73,9728
74,0330
73,2333
74,3913
73,0631
73,7463
74,2410
73,6419
74,2726
73,8853
73,7076
74,1311
73,2033
73,9536
74,1747
74,4295
73,7955
73,8244
73,4975
73,7259
74,1060
73,6508
74,0070
73,9571
73,6132
73,7040
73,8037
74,2911
73,6563
74,3514
73,2542
73,8660
73,7200
74,0667
74,0645
73,9702
73,7266
73,5640
73,9924
73,7890
74,7685
73,4015
73,3625
74,4241
73,7321
73,7868
73,7179
74,1280
74,4466
73,0452
73,8357
74,2619
73,5524
73,3254
73,4990
73,9420
73,6884
73,6469
74,1569
74,3071
74,2136
74,0986
73,6253
74,3192
73,3507
74,6853
74,1391
72,9438
74,0169
74,4142
74,0227
73,9203
74,1399
74,2117
74,0107
73,9508
73,9905
73,7203
74,1597
73,1653
74,2021
73,8198
73,8658
73,8357
73,7944
73,9372
74,4953
73,0016
73,5073
74,1277
73,6229
74,2541
74,3682
73,9065
73,7617
74,4843
73,9093
73,9509
73,9585
73,9329
73,5928
73,7390
73,5109
74,2237
73,5603
74,0677
73,5329
73,6616
73,6942
73,9084
73,7678
73,8415
73,8419
73,8104
73,6614
74,1941
73,7783
73,7848
74,1072
73,7432
73,1068
73,3715
74,1178
74,3125
74,3450
73,6917
73,5496
74,4721
73,8174
74,1736
74,1275
73,4181
74,1311
73,9093
74,0490
73,7125
73,6543
74,0137
73,2326
74,0238
74,0027
73,2893
73,6022
74,0544
73,6890
73,2243
74,0454
74,4223
74,1759
74,0122
74,1245
74,0372
73,7719
73,7640
73,4754
73,6660
73,8620
73,7792
74,5529
73,6723
73,4367
74,1012
73,7241
73,8159
73,5428
74,0358
74,6854
74,2404
73,5787
74,0313
73,9613
74,6448
74,3404
73,6907
74,3764
74,2677
74,1829
73,5220
73,4754
74,2676
73,5817
73,7009
74,1184
74,1763
74,0325
74,0899
73,6147
73,8148
74,0554
74,2742
73,6780
74,2610
74,0891
73,8174
73,4748
74,1276
74,0387
74,5475
73,2850
74,1783
73,6213
73,9034
73,8907
74,0824
74,1444
74,1494
74,0076
73,8877
73,1486
74,0494
74,4086
74,3411
73,9680
74,3569
73,6921
73,9004
73,4436
73,1608
73,7285
74,3796
74,2383
73,6624
73,9303
74,3781
74,0510
74,0572
73,3378
73,9639
73,6232
74,4980
73,3295
74,6126
73,5986
73,7106
74,0157
73,4253
74,6844
73,9724
73,4868
73,8169
74,1767
74,4811
73,8432
74,0293
73,6509
74,3532
73,0546
73,9907
73,3376
73,4512
73,3754
73,5328
73,9940
74,2921
73,9649
74,1561
73,9689
74,4367
73,3957
74,3811
74,0633
73,4536
72,9636
74,0614
73,6366
74,3523
74,4348
74,4571
73,9369
73,8704
74,0869
74,1450
74,7870
74,0891
73,6803
74,0599
73,7295
73,8866
74,3626
73,5639
73,6140
74,1338
73,7343
73,3365
74,2306
73,6338
73,1646
73,9633
73,7214
73,1023
74,0177
73,8986
73,8525
73,3920
74,5209
74,2828
73,8730
73,8968
74,5146
74,2926
73,6371
73,9171
74,0093
73,4171
73,3267
73,6233
73,8226
73,6381
73,7465
73,7600
74,0241
74,6383
73,7884
74,0922
73,4888
73,8955
73,4359
73,7575
74,0908
73,7270
73,3460
73,1883
73,3762
73,9584
73,6636
74,2510
73,5313
74,2698
73,7763
73,8670
74,5340
74,1249
73,8745
74,1079
74,3505
73,5468
74,0461
74,0000
74,7338
74,3175
73,9655
73,8859
73,4331
73,8532
74,0913
73,0821
74,1717
73,9327
73,9001
73,7261
73,5419
73,8172
73,3568
73,8432
73,6285
74,3237
74,0588
73,9328
73,8424
73,8084
74,2182
74,1231
74,8267
73,2148
73,7183
73,2926
73,9380
74,4127
73,9568
73,3346
73,7866
74,2122
73,8766
73,5427
73,9743
73,5715
74,5663
73,7261
73,4269
74,0782
73,7295
74,0759
73,4325
74,6253
74,2075
73,8214
74,1467
73,6660
73,8079
74,0441
74,3052
73,5679
74,1391
74,1274
74,4159
73,6365
73,9514
74,1575
73,5954
74,5464
73,6117
74,3830
73,7291
73,4493
73,4433
73,6695
74,2309
74,1785
73,9387
74,3749
74,3145
74,1556
74,1043
74,3695
73,5848
73,8946
73,5395
73,9456
74,3559
73,4764
74,1185
73,3685
73,6027
74,1976
73,5979
73,7362
74,5458
73,9436
73,7262
74,2464
73,8385
74,2652
73,9315
74,2963
74,0139
73,8339
73,8113
74,5181
73,9432
74,3266
74,3759
74,2794
73,8866
73,8880
74,5516
73,5347
73,9634
74,1977
73,9864
73,7197
73,7312
73,9158
74,0623
73,5538
74,3481
73,8704
73,7542
73,3189
74,2258
74,1969
74,6389
73,9001
73,9972
73,8154
73,2570
73,8432
73,4172
73,8748
73,7907
74,1531
73,5142
73,8606
73,5875
73,5896
73,1038
73,3365
74,6188
73,9081
74,2075
74,2665
74,1482
73,7426
73,7938
74,3169
73,4267
74,1986
73,4430
73,3934
74,0770
74,0302
73,3181
73,2512
74,0169
73,8567
73,5660
73,8297
74,2512
73,3811
73,9679
74,2785
74,1774
73,4146
73,4880
73,6742
74,6119
74,0095
73,4383
74,0186
74,1009
73,8132
73,9677
73,8663
74,3720
73,4151
73,7815
73,5275
73,8701
74,7763
73,4857
74,2407
73,8106
74,0113
74,1679
73,9553
73,5741
74,4158
73,7989
74,4366
73,2475
73,7891
73,7030
74,1722
74,3051
74,3410
73,8639
73,8209
73,7862
74,3417
73,9602
74,0672
73,7314
73,8496
73,8321
73,9787
74,1333
73,6907
73,9978
74,5274
73,9003
74,3343
74,1665
73,5003
74,2314
74,4659
73,6976
73,4725
74,4746
73,8058
73,3232
74,1077
73,4143
74,0221
74,1429
73,3997
73,0969
73,8827
73,5543
73,8538
73,8049
73,9770
74,3656
74,1967
74,2537
73,6621
73,8313
73,8940
73,9137
73,4223
74,0240
72,9323
74,3541
74,3119
73,9714
73,9134
73,9686
73,9393
73,7029
74,1505
74,7923
74,1063
74,1561
73,3766
74,1969
73,8136
73,8687
74,4215
73,8516
74,2333
73,2405
73,7886
73,7668
74,1017
74,0890
73,3447
74,0593
73,6470
74,0568
73,5223
73,4741
74,0236
73,7676
74,3825
74,3373
73,9491
74,2028
74,9476
74,3784
74,1339
73,9438
73,4060
73,3313
73,4598
73,2778
73,6928
73,7783
73,4418
73,3821
74,2936
74,3327
74,0909
74,0969
73,5466
74,4115
73,6120
74,4074
74,4764
74,4481
73,8742
73,2168
75,2246
73,4949
74,0632
73,9582
73,1612
73,9656
73,7853
73,6665
74,4290
74,1329
74,0447
73,6999
74,2181
73,9442
73,9605
73,9728
74,5093
73,7426
73,5551
74,5649
74,1884
73,2070
73,9170
73,3886
73,9398
73,6974
73,9476
74,1256
73,7661
74,0036
74,0765
74,1064
73,8323
74,0868
73,6699
74,3585
74,3261
73,7370
73,2809
74,4075
73,0421
74,0315
73,7659
73,9280
73,6810
73,5836
74,2169
74,8075
74,0411
73,9401
73,8848
73,9252
73,8328
73,8616
73,8324
73,7853
74,0661
73,5899
73,3675
73,4136
74,0371
73,8129
74,0143
73,7529
74,5600
74,2366
73,7162
74,1017
74,1323
73,4402
73,8928
74,5459
74,0218
73,9541
74,3512
73,8074
73,2800
74,3210
74,0244
74,0732
73,6901
74,8282
74,4287
73,8457
74,1695
73,9661
73,3532
73,8011
74,1111
74,3152
73,6159
73,1084
73,5672
73,6840
74,6353
73,8650
73,9754
73,8949
73,6452
74,1591
73,8511
73,6544
74,0113
74,2632
74,2489
74,1444
74,0545
73,9358
73,4079
73,8731
73,7376
73,5713
73,8553
73,0180
74,0134
73,9614
73,8834
74,0938
73,3486
74,0934
73,3011
73,4681
73,6651
74,2656
74,0932
74,1431
73,9037
73,7372
73,7417
73,4100
73,9778
74,3192
74,1509
73,5285
73,8576
74,2591
73,8958
74,3194
73,0347
74,7893
74,4111
73,4922
73,9316
73,9803
73,7788
73,2298
73,8215
73,4366
74,1458
73,3597
74,0521
74,3569
73,8312
73,9136
73,6750
74,0069
73,5376
74,2549
74,1764
74,5678
74,1207
73,9504
73,6777
73,8233
73,7830
74,2471
73,8629
74,3747
73,9651
74,5172
73,8516
74,4317
73,6754
73,7470
73,8674
73,8910
73,7590
73,9950
73,7981
74,1560
73,5632
73,5869
74,5270
73,9251
73,8294
73,7949
73,8686
74,1165
74,3365
74,1153
74,5229
74,2538
73,6957
73,8651
73,8298
73,2148
74,1259
73,6403
73,5185
74,0431
73,4191
74,4937
74,3960
73,4192
74,0580
73,9691
73,9967
73,5921
73,3224
73,1972
74,4913
74,3455
73,8799
73,8295
73,5631
73,6069
73,3663
74,1600
73,5337
73,4883
74,0814
74,4421
74,5354
73,5898
74,1048
73,0753
74,0788
73,1650
73,8079
73,7822
73,3049
74,5402
73,9610
73,5540
74,1835
73,7234
74,4002
73,9324
74,6073
73,8016
73,6416
74,3348
74,1634
74,2688
74,2066
73,6555
74,2828
73,5857
74,0098
74,0908
74,4448
73,9788
73,7714
73,6014
72,9235
74,5747
73,8020
73,9922
73,5922
73,8622
74,1814
73,9676
73,4870
74,2466
74,3649
73,8987
73,8551
73,9176
73,8550
73,4660
73,7207
73,8096
73,8957
73,3956
74,0780
74,1159
73,5188
73,6084
73,8816
73,6471
73,7354
73,4236
73,9703
73,3610
73,7615
74,1526
73,8008
74,3138
74,3458
74,1629
73,9639
73,7151
74,0461
74,1328
73,0555
73,6227
74,2399
73,9668
73,7806
73,3298
74,2151
73,5101
73,7338
73,6732
74,2459
73,8433
74,1355
73,6432
74,1912
73,2804
73,9122
73,5223
73,5014
73,8075
73,6861
73,6974
74,0370
73,9223
74,0733
73,3776
73,5880
73,3850
74,6208
74,6125
74,1548
73,7238
73,8800
74,0226
73,9518
74,4901
74,1658
74,2087
73,8832
73,5402
74,3913
74,0856
73,6333
73,7044
74,7660
73,6139
74,0383
73,6738
73,8385
73,1760
73,9317
74,1771
73,5123
73,8003
74,0206
73,3614
74,8187
74,0942
74,3249
73,5760
73,6771
74,3048
73,9683
73,7009
74,2889
74,2519
73,8373
74,3743
74,1857
73,5210
74,5377
74,1165
73,3772
73,1744
74,1903
74,5857
73,7865
73,6528
73,5536
74,4887
74,0562
74,5484
74,2316
73,3473
74,7718
74,5946
73,4058
74,1103
73,8835
73,9089
73,7473
74,4769
74,1463
73,9487
73,8508
73,6677
74,1268
73,4060
74,1596
73,3269
74,0619
73,2846
73,9563
74,6098
74,2840
74,4318
73,9973
73,3555
74,4293
73,9784
74,0214
74,6132
73,9968
73,6151
73,7203
74,0296
73,7666
73,4733
74,0043
73,7960
73,7554
74,6427
73,9671
73,7407
73,5761
74,0403
74,2542
73,7009
73,7307
73,7938
73,2655
73,9928
73,7792
74,0823
73,0385
73,8811
74,5519
73,8002
74,0091
74,1008
73,0930
74,2543
74,2756
73,8361
74,2299
72,8590
74,1862
73,5607
73,6858
73,9968
73,7525
73,4103
73,6299
73,8727
73,2675
74,1241
74,3891
74,3937
73,4104
73,0992
74,2624
74,2036
73,8380
73,4930
73,5600
73,9546
73,7002
73,6027
73,4001
73,4810
73,6572
73,8338
73,6168
73,8262
74,2507
73,9423
74,0614
74,2142
73,5528
74,1175
73,6509
73,7435
73,6986
73,9060
74,6420
74,1948
73,7224
73,9357
74,3060
74,3312
74,2111
73,8063
74,5712
74,3336
73,9602
73,7226
74,2536
74,1776
73,2698
73,4679
73,9252
74,5851
73,5101
73,7295
74,1125
73,4975
73,6013
73,7534
74,2949
74,2987
73,6463
73,9532
74,9980
73,9825
74,0265
73,3318
73,4213
74,6426
73,7458
73,4217
73,9865
74,2474
73,8608
73,8350
73,1352
74,0672
74,8172
73,9402
73,7901
74,1213
74,3789
74,0481
73,1871
73,0714
74,6441
73,8817
73,8347
74,3228
73,7823
74,4624
74,1946
74,1201
74,1266
73,6573
73,7878
73,9437
74,1156
74,2078
73,6944
74,1174
73,5973
73,7884
74,4811
74,2651
74,0380
74,6994
73,4822
74,2048
74,0754
73,8796
73,8332
73,5638
74,4217
73,4439
74,6588
73,7074
74,3130
74,2222
74,2608
74,3078
74,3871
74,5690
73,8520
74,5176
73,7217
73,6209
74,4907
74,3341
73,3866
73,6939
74,3468
74,0607
74,0547
73,9694
73,9938
73,5506
74,4424
74,1810
73,2297
74,0191
73,7490
73,6005
73,1100
73,6810
73,4716
73,4322
73,9180
73,7070
74,1526
73,4486
74,0699
73,3375
74,0429
73,8460
73,8145
73,9090
74,1131
73,5534
73,3886
73,8961
73,8065
73,5356
74,0120
74,4542
73,9341
74,2137
74,6136
73,9423
73,8943
73,6061
73,6381
73,3543
74,2142
74,3439
74,0826
74,1095
74,3374
74,2642
73,6601
74,3465
74,8577
73,6429
74,4701
73,4358
74,2630
73,8468
73,2794
73,4918
74,2355
73,5882
74,0827
73,4086
72,9799
74,2676
73,5930
74,1689
73,3725
74,1720
73,9966
73,3857
73,9734
73,3223
74,0748
73,6423
74,1769
73,7148
73,5783
73,8953
73,5891
73,8410
73,8387
74,2872
73,9484
74,4580
74,4244
74,1139
74,2607
73,4316
74,5068
73,7297
74,1344
73,1708
74,0228
74,1868
74,1672
74,2652
74,1728
74,4207
73,5872
74,0586
74,5242
74,2582
73,4354
73,2017
73,9363
73,9901
74,2082
73,8420
74,3326
74,4092
73,3367
73,4635
73,9433
73,5994
73,8920
73,8075
74,9864
73,3420
73,9584
73,9534
74,0727
73,2334
72,9586
73,6102
73,4448
73,7025
74,3425
73,7541
73,7460
74,7348
74,1585
73,6158
73,8830
73,7873
73,0224
74,4034
73,8003
73,7848
73,8641
73,4283
73,4331
74,2451
73,8638
74,2404
73,9453
73,8529
73,5966
73,4807
73,8152
74,0343
73,8290
73,7717
74,0915
74,5539
74,3735
73,2846
73,6389
73,7602
73,1439
73,6204
73,7585
74,2534
74,0916
74,0307
74,1920
73,7012
74,3562
73,8856
73,4320
73,6750
73,8833
73,5603
74,6372
74,1239
74,3451
73,7467
73,9596
74,3487
73,8190
73,7688
74,1823
73,6914
74,1402
74,2554
74,2629
74,3314
73,9983
73,8036
73,9714
73,3845
73,5200
74,2654
73,5931
74,1536
74,8139
73,9833
74,0253
74,4308
73,6764
74,2539
73,9669
74,1179
74,2734
73,7972
73,9208
74,3279
74,1541
74,3428
73,7506
73,1496
73,5972
74,2593
74,1803
74,1856
73,8194
73,6640
74,1842
73,7662
73,7135
74,4224
73,8471
74,1941
73,7286
73,9905
74,1375
74,0300
73,4743
73,1453
73,6232
73,2490
73,7539
73,9359
73,4363
73,7294
73,7416
73,9717
73,8121
73,6965
74,1590
73,3683
74,0356
73,7634
74,5075
73,6832
74,4221
73,6068
73,6159
73,6157
73,8441
73,3755
73,7112
73,8039
73,6094
73,6818
73,8588
73,6030
74,0401
73,2569
73,9040
73,9065
73,8846
73,5118
74,3223
74,2391
74,2237
74,2927
74,0846
74,0837
73,8173
74,1286
74,5370
73,7982
74,1475
74,3015
74,4909
74,0295
73,7956
73,5412
73,9570
74,6430
73,9504
74,0877
74,0632
74,4045
73,8965
73,3994
73,2834
73,2422
74,0860
73,1368
73,5839
73,5649
74,0201
73,8241
73,6281
74,1668
74,2071
73,6963
74,0822
74,1303
73,5246
73,3576
73,8649
74,5275
73,3176
74,0440
73,9637
74,1579
73,7264
73,3432
73,6922
74,0320
73,4798
73,8754
73,3686
73,6563
74,5000
74,1014
73,9460
73,5078
73,5668
73,8199
74,2106
74,1573
73,4393
73,7968
73,7842
74,5204
73,4127
74,2246
74,0432
73,7195
74,1064
74,2472
73,5199
74,0284
74,0267
73,7032
74,9463
73,9222
73,4272
74,3051
74,3934
73,7579
73,5969
74,0681
74,0765
74,1146
73,9927
74,6667
73,9149
73,9118
73,8157
73,9493
73,5457
74,0336
74,5240
74,0228
73,9386
74,3517
73,6403
74,4519
73,2806
74,1223
73,4746
73,8755
74,3056
73,8934
74,0396
73,6321
74,6418
74,0827
74,3022
73,6317
73,5273
74,3329
74,1223
73,4533
73,9080
74,4196
74,1319
73,5165
74,1255
74,0414
73,9691
74,0647
74,1778
74,0107
73,6962
73,8828
73,7385
74,1892
73,9820
73,8416
74,2385
73,5546
73,8047
74,0838
73,4404
73,6053
74,2483
74,1030
74,0463
73,9187
73,8813
73,3960
73,7568
73,6583
73,2614
73,4192
74,0713
73,5110
74,2760
74,0999
73,7155
73,7601
74,1517
74,2481
74,5892
74,2121
74,2938
73,8852
74,0349
73,5657
73,6524
74,6954
73,8869
73,7641
74,2165
74,0919
73,8992
74,1335
73,7681
73,6314
73,2637
73,7265
74,0016
73,7479
73,9394
73,7152
74,0653
73,6848
74,1474
73,6440
74,1199
73,8857
74,3375
73,7714
74,4953
74,1400
74,2410
73,8951
74,4293
74,1394
73,3785
74,3924
73,5782
74,1909
73,5602
74,2834
73,8235
74,2563
73,8889
73,8254
74,2179
73,4313
73,7756
73,8246
74,1536
73,3915
73,8444
73,7316
74,0674
74,2231
73,9902
73,2903
73,3956
74,0914
74,4973
74,1422
74,3127
74,0963
73,7684
73,9586
73,9807
74,0432
73,5162
74,0919
73,7823
74,1066
73,6922
74,0130
73,2757
74,1762
74,1980
73,7192
74,1721
73,7709
74,0795
74,3397
73,4568
73,7266
72,7955
73,7617
74,9517
73,4601
73,6533
73,4260
73,7149
73,2246
73,7626
73,7970
73,3885
74,2707
73,9671
74,2376
73,9196
74,1322
73,6854
73,7384
73,7341
73,7322
73,9067
73,7757
74,4195
73,3776
74,1433
73,8240
74,4885
72,9712
73,8994
73,6647
74,0942
73,6275
74,2083
74,1761
74,1814
74,1263
73,4404
74,2403
73,1720
74,3254
74,3800
74,1903
73,7701
74,2624
74,0659
73,7293
73,7424
73,6206
73,6238
74,1410
73,6032
74,0555
73,6924
74,1502
73,8281
73,9930
74,2188
73,9856
74,1990
74,0339
73,9033
74,2865
74,0356
73,3879
74,0310
73,0231
73,9718
74,5061
73,9176
73,4900
73,9167
74,2219
73,6396
73,5169
73,7444
74,1982
74,1958
73,9505
73,8965
73,6674
74,5713
74,0005
73,7241
73,7919
74,2525
74,0365
74,3167
73,6962
73,9824
74,2282
73,4504
73,6560
73,7822
74,6714
74,3629
73,7289
74,6130
73,7050
73,7268
73,3505
73,9572
73,9365
73,8830
73,8662
73,4139
73,5345
73,6153
73,6284
74,3365
74,0963
74,4283
74,4869
74,6133
74,4941
73,7829
74,1899
73,3253
73,9251
73,6353
73,2117
73,5747
73,7931
74,1329
73,7976
73,8326
73,9497
74,4340
73,3040
73,1380
73,8259
73,7132
73,0467
73,8103
74,1364
73,7622
73,7409
73,8626
73,9224
73,9946
73,2413
74,3053
73,4988
73,4708
73,8477
73,7078
74,0915
73,1896
73,6402
73,7652
74,1622
74,1623
74,3600
74,6217
74,5391
73,8573
74,0057
74,2286
74,0971
74,5085
73,8809
74,1163
74,0048
74,0905
73,1993
73,9884
73,8046
73,7056
73,2644
73,8750
72,9887
73,0974
73,8665
74,3592
73,9378
73,6598
74,3433
73,7454
73,4799
74,3476
73,8468
73,6455
74,4120
73,8643
74,4091
73,9035
74,1792
73,7454
73,5365
74,1493
73,8139
72,9834
73,8917
73,8213
74,3813
73,5452
73,7917
73,6878
73,7228
73,4490
73,2987
74,1894
73,6127
74,2262
73,7064
74,0203
73,9299
74,1807
73,7984
74,0817
74,2612
74,1789
73,2718
73,6910
74,4432
73,5093
74,6580
74,2068
74,2315
73,7788
73,9537
73,4082
73,5874
73,4092
73,6021
73,7197
74,3271
73,6990
73,7110
73,4938
73,9160
74,2090
73,5487
73,6112
73,8424
74,1338
73,9298
73,5936
74,2094
74,2183
74,3051
73,8064
73,9411
73,7804
73,5008
73,1692
73,6715
73,9442
74,3206
72,9632
74,0884
73,6267
73,8188
74,2216
74,0260
73,6537
74,3854
74,0037
74,0862
73,5693
74,1927
74,4434
73,3027
74,1134
74,0459
74,2266
73,9821
73,9517
73,1559
73,4806
74,0434
73,9600
73,6709
74,6477
74,1065
73,3408
73,6866
73,9678
74,1716
73,6123
73,9348
73,5687
73,3063
73,7290
73,1762
74,3709
74,0970
73,7016
74,0763
74,0093
74,1687
73,6608
74,4007
74,3378
73,6497
73,8644
75,1723
73,3456
73,5956
73,6860
74,3231
74,1469
74,6266
74,0152
73,8117
73,9388
74,0664
73,3782
73,5916
73,8045
74,3899
73,5804
73,8235
73,7588
73,8216
74,3171
73,7953
73,8045
74,0501
73,6668
74,0222
73,8996
73,8738
73,6653
73,7282
73,5270
73,9344
74,3841
73,3466
73,2541
74,7068
73,8819
74,4822
73,9481
73,7059
73,4004
73,9626
73,8305
73,6476
73,5586
73,9482
73,6089
74,5183
73,4239
74,0893
73,3713
74,0102
74,1424
73,4299
73,7894
73,2882
73,5935
73,7768
73,2788
74,2378
73,7288
73,1816
74,3083
73,6594
73,8748
73,7421
73,5486
73,8429
73,9618
73,8245
74,3291
73,8437
73,5320
73,7853
73,8832
73,1899
73,9673
74,6804
73,9100
73,8326
74,0403
73,8985
73,7608
73,6778
74,1544
73,9970
74,2743
73,6244
74,0398
74,1500
73,5146
73,7791
74,0501
73,0656
73,7320
74,3125
74,1762
73,2033
74,0317
74,3115
73,6337
74,2147
73,7479
73,4607
73,8020
74,0061
73,7844
74,1420
73,6570
73,6104
74,0465
74,0633
73,7784
74,2368
73,2122
73,5508
73,9585
73,2554
73,5484
73,8687
73,5169
74,2213
73,7576
74,0550
73,9437
74,0750
73,5222
73,5758
74,2294
74,0817
74,1120
73,6477
74,1517
74,3734
73,5247
74,0539
73,5793
73,8842
73,7625
74,3297
73,8259
74,5514
73,6288
73,9782
74,0983
74,4809
74,1648
74,0872
74,4312
73,4505
73,9790
73,9420
74,6219
73,5931
74,0729
73,5596
73,8204
73,4745
73,8125
73,9094
73,6504
73,7994
74,2134
73,8132
74,4059
73,9738
74,2611
74,6939
73,9877
74,5556
74,1642
73,6803
73,9027
73,4908
73,5725
73,8124
74,2139
73,4073
74,2414
73,6893
73,8211
74,1431
74,3994
73,9216
74,0581
73,5350
73,6794
73,9873
73,7899
73,9225
72,9226
73,6168
74,0500
73,8916
73,7237
74,3090
73,6318
74,3274
73,7809
74,3972
73,8204
74,5049
73,2426
74,0983
74,0976
73,6305
74,2043
74,2809
73,8966
73,6474
74,3908
73,8762
73,9006
73,7210
74,7235
74,8087
74,0308
74,1402
74,7620
73,9022
73,6193
73,4954
74,0496
73,3619
73,8697
73,9401
73,6465
74,0486
73,6634
73,9277
74,0005
73,7231
73,8007
73,1060
73,6534
74,6151
73,8395
74,1052
74,2908
74,3537
74,3590
73,7150
73,8377
73,6492
73,1795
74,4621
73,1008
74,2179
73,7280
74,1780
73,2868
74,3718
73,9052
73,6439
74,0560
73,0044
74,3732
73,4987
74,3555
74,1817
74,5051
73,8625
74,2252
73,8833
74,0469
74,1609
74,1115
73,9055
73,9962
73,8443
73,6103
74,0814
74,1473
73,4880
74,1618
74,2570
73,8241
74,3278
73,3512
73,0548
73,5457
73,5559
73,8945
73,9977
74,3083
73,6106
74,4267
73,9226
73,8281
73,7509
73,7943
73,3371
74,7262
74,4541
73,5314
74,2591
74,0636
73,9761
74,6395
73,6797
73,7249
74,0086
74,3523
73,2315
73,7024
73,8927
73,1992
73,9939
74,0260
73,5589
73,6766
73,6174
74,5256
73,9570
73,2164
73,9552
73,7942
73,4605
73,5489
73,9573
73,2034
73,8948
73,8353
73,9737
73,4603
73,6373
73,9536
74,0472
73,5849
74,6637
73,6427
74,1731
73,6693
73,7107
73,9296
73,9760
73,6539
73,7521
74,1431
73,8552
73,7858
73,6193
73,3340
73,5325
74,2946
74,3250
73,7877
73,7986
73,4444
74,0291
73,5985
73,8010
74,3356
73,9093
74,1932
73,3094
74,5969
73,9790
74,3050
74,0353
73,9238
74,6046
73,9677
73,5263
73,6909
74,3414
74,3483
74,0318
73,8951
73,4231
73,7614
73,3505
74,0782
73,8844
73,8564
73,5889
74,1572
73,7607
73,6189
73,4035
74,2474
73,2234
73,8695
73,7131
73,5728
73,6309
74,1994
74,5201
74,1780
73,4805
73,6447
74,0554
73,3223
73,5934
74,0464
74,4578
73,5748
73,8365
73,8496
74,2146
73,9570
73,6972
74,2309
73,7301
74,1113
73,7403
73,8387
73,8288
73,7226
73,9781
74,1870
73,7403
73,5600
73,8119
73,6913
74,4897
73,9449
74,0422
73,3261
73,9351
73,9268
73,7773
74,2049
73,9473
73,8802
74,6255
74,0016
73,8455
74,0320
73,7609
74,3138
74,1489
73,9117
73,6508
74,4535
73,7729
73,8743
74,2618
73,9390
74,0570
73,9649
74,0980
73,7032
73,9922
73,9256
74,0465
73,7991
73,5460
74,1877
74,1366
74,0245
74,0451
74,2360
73,5054
74,0191
74,2412
73,3381
74,0832
73,8536
73,6754
74,0308
73,8524
73,9216
73,1615
73,4932
74,2484
73,5893
74,4143
73,7456
74,0960
74,0049
73,5499
73,1371
74,2486
73,8658
73,8727
73,4075
74,1247
73,6724
73,8496
74,1011
73,5497
74,2747
74,0954
73,4855
73,8228
73,5826
74,3242
74,2647
73,9195
74,6489
73,8011
74,4678
74,5516
74,6435
74,6403
73,8093
74,3616
73,6095
74,0436
74,3431
74,2585
73,6206
74,2067
73,6395
74,4184
73,5404
73,9864
74,0416
74,1999
73,8366
73,8563
73,8055
74,3500
73,9526
73,3607
73,7349
74,0366
73,4473
73,2379
73,7227
73,7774
73,6290
73,9364
74,5127
74,0758
73,5838
74,3387
73,9471
73,9190
73,5446
73,9712
74,2506
73,7526
74,1923
74,0749
73,4015
74,5507
73,6968
74,3022
74,3256
74,3212
73,7713
73,6619
73,7690
74,0767
74,5016
74,6231
73,4064
74,0262
74,0044
73,7823
74,2841
74,0867
73,8071
73,7757
73,9434
73,5815
73,6214
73,0854
73,8618
73,5748
73,8859
74,2967
73,3557
73,7034
74,5806
73,8275
74,1962
73,7650
74,3592
73,9499
74,6640
74,3459
74,4062
74,1944
74,0973
74,1617
73,5941
73,9969
73,8000
73,6694
74,0940
73,1288
74,1733
73,7712
73,6168
73,6015
74,4320
74,3612
73,8181
73,6701
74,2611
73,2606
73,7656
74,3999
74,4029
74,0292
73,8021
74,0168
73,0904
74,3141
73,8550
74,0806
73,9454
74,0523
73,7009
73,8621
73,2755
73,4654
74,2692
74,0301
74,0099
73,5859
73,5945
73,6337
73,8964
73,8901
73,4591
74,5484
73,3192
73,1060
73,7812
74,0352
73,7362
73,7563
73,7854
73,8179
73,1305
74,4826
73,6487
73,2392
74,1132
73,8943
74,5554
73,3662
74,1141
74,4368
74,0404
74,0738
74,0974
74,3112
72,8643
73,4965
73,3078
74,5570
74,3042
74,0325
74,1679
73,9824
74,1560
73,5138
73,9221
74,2806
73,8559
74,0117
73,4998
74,0735
73,8686
74,7032
73,7012
73,7373
73,8022
74,3110
74,1539
74,2261
74,2752
73,7289
74,2467
73,9282
74,1336
74,4372
73,5182
73,2451
73,8941
73,8317
73,5186
73,8931
74,0211
74,3794
74,6970
74,2062
73,6674
73,7257
73,8460
73,5467
74,0625
73,6594
74,7336
73,7647
73,3996
73,7689
73,8247
73,7325
73,9165
74,1921
74,1150
73,8572
73,9142
74,5845
73,1805
73,8202
73,8396
73,9159
73,7238
74,1867
74,6142
73,8650
73,9064
73,4880
73,6026
73,9468
74,3637
74,2763
73,4237
73,9490
73,6309
74,2639
73,5561
73,7105
73,0399
74,6996
74,0266
73,7653
74,3518
74,1963
74,1005
73,6675
73,7704
73,8432
73,8998
74,6785
73,5837
73,9026
73,8148
74,1388
73,9079
74,3277
73,9488
74,0705
73,4210
73,4256
73,9760
73,7986
73,9468
73,9632
73,8225
74,1862
73,7770
74,0767
74,0104
73,8008
74,1447
74,4307
74,2337
73,8115
73,7488
75,0720
73,2570
73,5453
73,7416
73,7240
73,8265
73,6331
74,0347
74,2663
74,2945
74,1673
73,8868
73,2041
74,1683
73,1512
73,6002
73,0433
73,4525
73,7069
74,1513
74,2441
73,8194
74,1269
73,7484
73,6895
73,5545
74,2232
73,9505
74,3777
74,1700
74,3188
73,8888
73,9748
73,9516
73,4852
73,7283
73,8926
74,3566
73,6483
73,7304
74,2234
74,2011
73,5290
73,3123
73,4324
73,5576
73,7844
73,4771
74,1047
73,8608
73,3235
73,9935
74,5638
73,7571
73,5544
73,9789
74,3839
74,1149
73,9143
73,9594
73,5871
73,8753
73,7720
73,8241
74,6393
73,9798
73,2452
73,8356
73,9477
74,0741
74,0069
73,9098
74,2313
73,6982
73,7836
74,1158
73,5268
73,8040
73,9551
74,1412
73,9759
73,7552
74,0718
73,6873
73,7383
73,7074
73,8508
73,5630
73,8553
74,0764
73,8623
74,3537
74,1853
74,0870
74,7152
74,2450
74,1825
73,9912
74,4069
73,5502
73,8174
73,7727
73,3660
74,2338
73,8727
73,9533
73,2234
74,1764
74,0585
74,4723
74,0596
73,1580
73,9332
73,2674
74,1682
73,1197
74,2458
73,3933
73,4422
73,8131
74,5168
73,8751
73,6332
73,5640
73,9312
74,3701
74,2295
74,4295
73,4761
74,1277
73,7921
74,0892
73,2822
74,2339
74,3081
74,4046
73,8720
74,2799
73,8231
74,2762
74,1955
73,5959
73,5273
74,0086
73,6086
74,1329
73,9414
74,4901
73,6372
73,6932
73,4078
73,9054
73,8384
74,0532
74,0711
74,1243
73,8145
74,1050
74,5146
73,9230
74,0181
74,4465
73,8639
74,2916
74,3007
74,0727
73,3246
74,4596
74,1059
73,8137
73,9250
74,1157
73,9318
73,9338
74,3526
73,8839
73,7695
74,6113
73,3555
73,4392
73,7628
73,7296
73,5822
73,2150
73,8385
73,6508
74,6002
73,9293
73,9336
73,9884
73,9300
74,1236
74,3511
73,7676
74,2477
74,3433
73,8454
74,2862
73,6005
74,6814
74,1645
73,8299
74,0848
74,0314
73,2426
74,2465
74,2750
73,5629
74,1183
73,8179
73,9162
73,5058
73,4507
73,3402
73,9321
74,0849
74,5187
74,1659
73,7318
73,9394
73,6813
73,3956
73,9480
73,9567
73,2860
73,8841
73,7731
74,7510
73,8894
74,2509
73,6401
73,9686
73,8648
74,3048
74,0304
73,9028
73,8502
74,4948
73,7818
74,0770
73,9369
73,3594
73,2006
73,6782
73,8767
74,1410
74,0054
73,4285
73,9778
73,9171
73,7230
74,1187
73,6463
73,3326
74,6689
74,1863
73,6672
74,7824
74,3340
73,2479
74,0511
73,3664
74,0540
73,2822
74,0419
73,9317
74,5414
72,8614
73,3490
73,3671
73,7120
73,0447
74,6492
74,4108
74,0072
73,9079
74,0139
74,0155
74,5134
73,6246
74,1796
73,7043
74,7083
73,6526
73,2864
73,8025
73,0928
73,8732
74,0339
74,0067
73,5868
74,2723
74,0319
74,0890
73,2601
73,7378
74,0804
74,1171
74,0560
73,5513
74,2393
73,4023
74,7418
73,7561
73,5479
74,3101
74,2809
74,0116
74,0387
74,4462
73,5489
73,5723
73,4775
74,0772
73,8174
74,0352
74,2433
73,6126
74,5216
73,6471
74,1385
73,2622
75,2045
74,1622
74,2103
73,6670
72,9489
73,7971
73,4730
73,6869
74,0028
73,6656
74,2541
73,7006
74,1678
73,8929
73,8599
74,6081
73,9116
74,6004
73,6180
73,8672
73,4309
73,8970
73,9589
74,3712
73,8035
74,4338
73,6840
73,6887
73,6633
73,7578
73,3992
73,2345
73,8444
73,4205
74,4272
74,1028
74,0760
74,0200
73,9800
74,1751
74,0691
74,0069
74,2682
73,5699
73,7326
73,5365
73,3210
73,6025
73,5843
74,2416
74,4196
73,4445
73,6466
74,1273
73,1757
73,6220
73,9696
73,3224
73,5744
74,1585
74,2271
74,1301
74,0354
73,8086
74,0289
73,4514
74,1240
73,8356
74,0766
73,7338
73,8848
74,2451
74,5863
73,8313
73,7271
73,9993
73,9196
73,8887
73,8253
73,1495
74,1775
73,7524
73,4648
74,0010
74,3127
74,4201
74,2880
74,1568
74,3695
74,0429
73,9750
73,3809
73,8715
74,0735
74,2005
73,9621
74,1639
73,3532
74,4683
73,8116
74,2643
73,9343
73,2504
73,7923
73,0411
73,7100
74,6015
73,8884
74,7193
73,7213
73,9372
74,1438
73,6417
73,4509
74,2688
73,8108
73,5090
73,7735
74,2997
73,4410
73,1956
74,1069
74,0816
74,4308
73,6155
74,0757
73,8351
73,9495
73,9443
73,3853
74,5908
74,1305
74,2051
73,6650
73,9471
74,2198
73,7240
73,6755
74,2749
74,1316
73,5476
73,6587
73,6300
74,6680
74,4621
74,1514
73,7743
74,1168
74,2703
73,9498
73,9320
74,0048
74,1672
73,5431
74,2581
74,0358
73,1708
73,4345
74,3145
73,9241
74,1434
74,2441
73,5290
74,4225
73,9198
73,9251
73,8844
73,7981
74,3970
74,2663
74,0810
74,1499
74,5292
73,7522
73,6997
73,9503
74,3190
74,3063
74,3251
74,0615
74,1756
74,0681
73,7898
74,5384
73,7765
73,2000
74,0695
74,6161
74,1511
74,2551
73,7063
74,5362
74,2294
74,2608
74,0124
74,0001
73,8138
73,6092
73,9093
74,2415
74,1370
74,3545
73,7680
74,4799
73,6768
73,9404
72,9689
73,8902
73,6359
73,3352
74,3409
73,7811
73,6948
73,9655
73,5293
73,7130
74,4770
73,2410
73,9719
73,4788
74,3366
73,3885
73,8230
73,3251
73,4711
73,7100
73,6678
74,4711
73,0352
73,4960
73,9857
73,9598
73,6937
73,3109
73,5954
73,7140
73,6952
73,6542
74,3637
73,9285
73,7924
74,2880
74,2435
73,5723
74,0302
73,6024
73,7777
74,0152
73,5653
73,7553
73,3364
73,4835
74,1058
73,9330
74,1108
73,3608
73,7707
73,8258
73,7144
73,9277
73,7634
74,2221
74,0205
73,9778
74,3535
73,9397
74,3904
73,3011
73,7371
74,0074
73,8751
73,7656
73,8606
74,1768
73,7644
74,0232
74,1568
73,6873
74,0176
73,7284
73,6109
74,3822
73,2702
73,7919
74,0571
73,8568
74,2216
73,8201
73,6915
73,8698
73,9594
74,2193
73,8960
73,5390
73,5842
73,5739
74,2282
73,6844
73,3715
74,3945
73,4528
73,5377
74,1588
73,3222
73,9113
74,8958
74,0403
73,8914
74,2135
73,8832
74,1967
73,4106
74,7232
74,5377
74,2154
74,0279
74,2861
74,1621
73,5991
73,9300
74,2103
73,5454
73,3017
73,8589
73,8064
73,8790
73,1228
73,6793
73,8484
74,1019
73,8657
74,2949
73,6418
73,7057
74,4776
73,5473
74,2957
73,9160
74,3093
73,4631
74,0181
73,1736
73,7141
73,6610
73,9811
73,8815
73,8940
74,0270
73,7740
73,7491
73,7098
73,4053
74,1884
73,5922
73,4972
73,9786
74,3912
74,3852
74,9487
73,8500
73,5099
73,7489
73,8581
73,9177
74,2481
73,8088
73,9885
74,1571
73,5424
73,9804
74,0173
73,6946
73,5256
73,9749
73,8104
74,3418
73,6862
73,5776
73,7936
74,3968
74,0486
74,1277
73,5457
73,5882
73,8115
73,8096
74,1932
73,8838
73,7415
74,1222
73,3691
74,3527
74,1402
74,2569
73,4569
74,3572
74,2453
73,6092
73,8355
73,7599
73,6200
73,9213
73,7100
74,0459
73,8989
74,0401
73,8131
73,5278
74,2141
74,1792
73,4974
74,3080
73,6429
73,7918
74,4984
73,1664
73,2038
73,5395
74,3916
73,7971
73,9591
73,4129
73,5697
74,6047
73,7263
74,1168
73,2981
74,1804
74,4366
73,4677
74,4814
74,0060
74,5560
73,4141
73,9549
74,6052
73,4850
73,1953
73,7838
74,5975
73,9080
74,4825
73,6521
73,8119
74,0138
73,3100
73,0382
73,1259
74,6676
73,8862
73,9547
73,1770
74,1928
74,5125
73,8911
73,7792
74,2167
74,0013
73,7680
72,6859
73,9467
74,0546
73,6252
73,6151
73,9433
74,1171
73,6581
73,6852
73,7795
73,7384
73,9549
73,8018
73,6450
73,6104
74,1393
73,6452
73,6131
73,2688
73,6325
74,4057
74,0088
73,5949
73,7733
73,9092
74,7748
74,0544
73,8651
73,6591
73,9785
74,2048
74,1034
73,7474
73,2728
74,3333
74,1358
73,6812
73,4164
73,6986
74,7663
73,5894
73,5036
73,6991
74,1060
73,1591
74,2017
74,3959
74,0106
73,8648
73,6540
73,7514
73,9351
74,1033
74,0127
74,3645
73,2885
74,1481
73,7456
74,3430
73,8130
73,3129
74,2384
74,0190
72,8600
74,1587
73,5782
73,4751
73,4534
73,9303
73,5801
73,3826
73,6263
74,3726
73,8619
74,1013
74,0517
74,2609
73,6835
74,0978
73,2825
74,1164
73,7653
73,3186
73,7856
74,3023
73,7731
73,8259
73,6386
73,9606
73,6001
73,3102
74,0502
73,4699
73,8410
74,4998
74,2489
74,0355
74,1341
73,6068
74,2273
73,8655
74,5310
73,6179
74,1334
73,9837
73,7303
73,2019
74,0685
73,9747
74,4961
73,6739
73,8067
74,1746
73,5585
74,5497
74,1889
74,6526
74,7103
73,3055
73,9826
73,5157
73,5047
73,9225
73,8872
74,0595
74,1503
73,9376
73,2325
73,7620
74,0347
73,6778
73,9377
73,9839
73,9994
74,0035
73,5214
74,0724
73,3133
74,0247
73,8200
73,6539
73,8545
74,4046
73,8996
74,3642
73,8308
74,5894
74,0968
74,3197
73,9394
73,9727
73,6439
73,7738
73,6102
72,8459
73,6230
73,6556
74,0308
73,9045
73,7748
73,8596
74,5758
74,6405
73,7694
73,9395
74,3459
74,0994
74,2340
73,6001
74,6415
72,8779
73,8899
73,9804
73,8090
74,0807
74,1462
74,5133
73,3844
74,4829
73,9870
73,8467
73,9998
73,8287
74,0320
73,6368
74,2345
74,2089
74,1019
73,1110
73,9839
73,5144
74,2361
73,7186
74,3785
74,1335
73,9705
73,9836
74,0533
73,7896
74,1194
73,7567
73,9416
73,7354
73,6229
73,9846
73,7516
73,9297
73,8328
73,9030
73,8870
73,2705
73,8735
73,9750
74,2280
73,9687
73,4484
73,3591
73,5690
73,9977
73,5370
73,5653
73,4453
74,3313
74,0352
74,4168
73,8846
73,7184
73,5926
74,0733
73,7401
73,7157
74,0693
73,3803
73,4993
73,6443
73,6722
73,8725
72,9758
74,0298
73,4186
73,7013
73,7050
73,5314
73,6430
73,9861
74,2335
74,2206
73,4683
73,8189
73,3194
73,7107
73,0553
74,7724
73,7596
74,3844
73,9660
73,6675
74,1667
73,8648
73,9974
74,0995
73,7287
73,7277
74,1363
73,4147
73,8958
73,6048
74,0610
74,3672
73,6999
73,9994
73,6734
73,1754
73,9119
73,7320
73,8051
73,8694
73,4311
73,8832
73,5775
74,2961
73,2149
73,8297
73,9677
73,5469
73,9870
73,1956
73,4133
73,8907
73,4986
74,5921
74,4061
74,0681
74,3331
73,8441
74,0642
74,2046
73,8814
73,9472
73,7706
73,9530
73,7759
74,1986
73,0419
73,8654
73,8131
73,8170
73,9609
74,2136
73,3512
73,5001
74,0996
73,3556
73,7515
73,3560
73,4012
74,0150
73,9876
73,6863
74,1438
74,4717
73,7781
74,6519
73,7813
74,2281
73,3104
73,9762
73,0921
74,3454
73,6638
73,9981
73,6190
73,4475
74,3453
74,1492
74,2608
73,2541
74,2564
73,9544
73,3986
74,1661
74,0018
74,1180
73,6493
74,1053
73,6716
73,9771
74,5420
74,0971
73,6928
73,9633
73,4755
74,3042
74,3619
73,7490
73,8615
74,4396
73,8975
73,3851
74,2018
74,1588
74,1763
73,6941
73,6350
73,8752
74,3842
73,8942
73,2873
73,8755
73,9970
74,5504
73,7464
74,4399
74,2215
73,9278
74,1661
74,3632
73,8880
74,2388
73,9220
74,2053
74,0860
74,0363
73,8066
73,8353
73,4657
74,0581
74,2163
73,9477
73,4853
74,2059
73,7835
74,2429
74,2510
73,4149
73,7734
74,1206
74,1073
73,8340
74,2064
73,8573
74,3273
73,9354
73,7747
74,1728
73,5009
73,8259
74,2202
73,2224
74,5932
74,1504
74,0718
74,3126
73,9962
73,9880
74,1732
73,5413
73,7196
73,5604
74,1942
74,1031
73,2770
74,1337
74,3134
73,5825
73,5465
73,5622
73,4159
73,2441
73,8518
73,6861
74,3823
73,6765
74,3313
74,0093
74,0750
73,7662
73,8418
73,9064
74,7012
74,9605
73,7239
73,7356
73,9394
73,8522
73,5141
73,9946
74,1937
73,2546
74,5049
73,2114
74,0841
74,1362
73,9107
74,1873
73,6603
74,3847
74,2358
73,5857
73,8645
73,6897
73,8691
73,9812
73,7414
73,9466
73,8298
74,1479
73,5789
73,9316
73,9193
74,2865
73,8595
74,7333
74,1738
74,0401
73,8079
73,5765
73,3175
74,1847
73,5562
74,2122
73,9746
73,9456
74,1640
73,9990
73,4044
73,8313
74,2177
73,8333
73,7395
74,4322
73,6901
73,8228
73,6336
74,2680
73,8159
74,4721
73,9497
73,3096
74,0112
74,3594
73,8174
73,5889
73,1994
73,7782
74,5121
73,8508
73,9566
73,4786
73,7047
74,7768
74,7309
73,6331
74,0797
73,6390
74,2322
73,6842
74,3429
73,4062
73,6363
73,8017
73,8222
73,9002
72,9800
73,4293
74,0127
73,6183
73,5878
73,9921
73,9718
73,4342
74,7856
73,8218
74,1957
73,6372
74,0887
73,9243
72,9817
74,3100
73,1640
74,5950
74,2873
73,5670
73,4223
74,1288
73,3815
74,2625
73,8841
73,9033
74,2039
74,0463
73,3778
74,0467
73,9357
74,1148
73,7950
74,3162
74,0017
73,6302
73,4491
73,6036
73,4388
73,8801
74,0135
74,3616
74,1283
73,4742
74,4218
73,8774
73,3050
73,7785
73,9659
73,5524
73,5438
73,8335
74,0938
73,4770
73,9004
74,1420
74,0977
73,7041
74,7865
73,6656
74,2303
74,2941
73,6293
73,8966
73,8131
73,7453
73,5393
74,2772
74,0252
73,9034
74,4557
73,5025
74,2228
73,3603
74,2869
74,6013
74,1745
73,8814
73,7385
74,3199
73,0939
74,0115
73,6800
73,9592
73,6342
73,5503
73,5623
74,2546
73,8353
73,1852
74,0744
73,8318
74,1463
74,1623
73,3465
73,7342
73,5941
74,0303
74,2427
73,7525
73,7506
74,0743
74,1378
73,9825
73,7146
74,0601
74,1112
73,8558
73,5316
73,7954
74,2115
73,5795
73,6344
74,1373
74,3755
73,7857
74,4110
74,4441
74,5393
73,8365
73,7784
73,8613
73,7719
74,0051
74,1402
73,2775
74,0777
73,9012
73,8782
74,0534
73,8340
73,3858
73,8878
73,8295
73,9057
73,7689
73,7816
74,0089
73,6310
73,8720
74,4414
73,8188
73,5083
74,2307
74,0432
74,1099
73,4142
73,6064
74,1385
74,0487
73,5786
73,8735
74,2493
73,7560
73,6174
73,9351
74,4345
73,0617
73,7505
74,2783
73,9926
73,3429
73,4078
73,6044
73,7357
72,9057
73,6878
73,8091
74,2152
72,6773
73,2559
73,5421
74,4407
73,8018
73,6325
74,0664
74,1792
73,1942
73,9812
73,6622
73,9133
73,5138
74,2654
73,6464
74,4812
74,3823
73,2128
73,9730
73,4942
73,7700
73,5755
73,5116
73,5265
74,0085
74,2406
73,2310
73,4240
74,1884
74,0464
74,0570
73,9195
75,1788
73,6848
73,3581
74,4175
73,5011
73,5235
73,6877
73,2737
73,9047
73,5223
73,7127
73,9857
74,2964
73,9173
74,6768
74,2992
74,1505
73,8173
73,6461
73,5628
74,1845
74,2308
73,5908
73,8574
73,6881
73,5518
74,0962
73,9892
74,2221
73,4339
74,3038
73,9119
73,8849
73,3006
73,9946
74,3815
73,3691
73,9961
74,6946
73,8562
73,8967
74,0452
73,8799
74,3662
73,4957
74,4232
73,7811
73,7670
74,1952
73,3193
73,1005
73,6934
73,8477
74,4681
74,0794
73,7258
73,9263
74,1323
74,2885
74,1935
74,1964
74,4097
73,5719
74,1368
73,9211
73,9904
74,0430
74,0550
74,2683
73,7351
74,0470
73,7387
74,3323
74,2329
74,1393
74,5313
74,0503
73,8682
73,5676
73,7621
73,8740
73,9497
73,6272
74,2980
73,2573
73,7551
73,6057
73,2674
74,3108
72,9084
74,1276
73,5732
74,2657
74,3996
74,3781
73,9414
73,9373
73,8707
72,8267
74,0269
74,4791
73,6472
74,1846
73,0641
73,8884
73,6297
73,5722
73,0480
73,7299
73,6843
73,8631
73,2072
73,8665
73,9465
74,1002
73,6099
74,6936
73,7895
73,6513
73,6904
73,6920
73,3442
73,8976
73,9768
73,8518
73,4381
74,4070
73,8217
74,3257
74,1179
74,0390
74,3837
73,7839
73,9721
73,7705
74,3217
73,1910
73,5865
74,3003
73,4791
73,0565
74,1344
73,7968
73,2744
73,9358
74,4705
73,9079
74,3996
73,3722
73,7587
73,7134
73,9074
74,0793
73,6275
73,7654
74,1200
74,1111
73,6298
74,2762
73,8671
73,6234
74,6462
73,8696
74,2951
74,6273
73,8003
74,4428
74,0154
73,9688
74,0875
73,7462
74,0044
73,8247
74,2564
73,5683
73,8927
73,8038
74,1493
73,7347
73,9682
73,1626
73,6780
73,9153
73,8776
73,4859
73,5538
73,8699
74,1081
73,6917
73,6896
74,0441
74,4492
74,2923
73,6171
74,8405
74,0171
73,6470
73,8312
74,0509
73,7420
74,1024
73,6628
73,9765
73,8677
73,3577
74,3927
73,5849
73,2319
73,9166
74,5885
74,4689
73,9233
73,9468
74,1539
74,0915
73,8071
73,5170
73,2537
73,6656
74,2333
73,6810
73,8777
73,4254
74,3162
73,6493
74,2906
73,1174
73,7636
74,2321
73,9412
73,5697
73,8947
73,6967
73,5639
73,5516
73,6024
74,1813
74,0743
73,3189
73,5237
73,9249
74,2310
73,7279
74,2931
73,9520
74,4142
74,2905
73,6961
73,8930
74,3795
73,8468
73,2388
73,3995
73,8301
73,3923
73,2714
74,1048
74,3542
74,3761
73,0852
73,8177
73,8037
74,1150
73,9588
73,7715
73,8934
73,7118
73,4383
73,9208
73,9557
74,4104
73,5739
74,1812
73,5698
74,1205
74,2205
73,8515
73,5635
73,8699
73,7083
73,6984
73,5862
73,9044
73,6380
73,8251
74,0283
73,9008
73,6058
74,0204
74,1148
73,2839
74,2973
73,6523
74,2891
74,1433
73,3451
74,0161
73,8189
74,3929
73,4324
74,4821
73,8090
73,7293
73,5316
74,3465
73,6409
73,5047
73,7394
73,7784
73,7553
74,0385
73,8620
74,1097
74,2182
74,1771
73,8855
73,5242
73,9884
73,8598
73,6923
73,7840
73,6398
73,7292
73,7839
74,5759
73,7644
74,0850
73,9227
73,6213
73,0259
73,3177
74,0551
73,6917
73,9764
73,6606
74,0753
73,7901
72,5715
73,9506
74,1182
73,5674
72,8579
73,2849
74,4097
73,9482
73,9678
73,8253
73,5594
74,1239
74,3274
73,8116
73,5391
74,3530
73,8350
74,1509
74,2984
73,5506
74,2900
73,9113
73,5338
74,1312
74,0161
74,2891
73,7147
74,0546
73,5283
73,6504
74,1268
74,1614
74,1618
73,8397
73,9778
73,5131
73,7191
73,8574
73,9486
73,5158
73,5946
74,0553
73,9279
73,5474
73,7003
73,8600
73,8465
73,6322
74,4386
74,1545
73,0187
73,6522
74,0508
74,0404
73,8489
73,4678
73,8394
74,4488
73,9829
73,9691
74,0888
74,1068
74,2901
74,2312
73,4377
73,6962
74,3141
73,7022
73,8576
73,5335
74,1086
74,0394
73,6851
73,6904
74,1317
74,0589
74,3106
74,1900
73,9522
73,8206
74,7238
73,5935
74,2986
73,6628
74,2880
74,5445
74,3560
74,4048
74,0136
73,4250
74,7199
73,4686
73,6330
73,7254
73,6773
73,6955
74,0673
73,6898
73,6633
74,2197
73,6760
73,9372
73,9714
74,2637
73,8606
74,1756
73,8034
74,3435
74,1719
73,0528
74,1635
74,0248
74,0270
74,3537
73,7633
74,1411
74,0017
74,3301
73,8707
74,3849
73,8210
73,7176
74,6742
74,5876
73,9143
73,5881
73,4617
73,9063
74,1296
74,2693
74,0817
73,5696
73,3689
74,0061
73,9254
74,6301
74,0420
74,1057
74,0501
74,3093
74,3628
73,2970
73,6682
73,9699
73,9685
73,7770
74,7160
73,0514
73,8553
74,0993
74,1211
73,7859
73,8844
74,5079
73,5903
73,6364
74,2418
73,5473
74,1614
73,2762
73,7668
74,0832
73,6923
74,5305
73,6111
73,7854
73,9503
74,4781
73,8418
73,3505
74,0508
74,0598
73,6195
74,0962
73,9503
73,8801
73,7534
73,7026
73,9989
73,9853
73,8692
74,4387
74,2819
74,3425
74,1551
73,7830
73,8065
74,1610
73,4473
74,0842
74,1235
73,4808
74,1297
73,8339
74,0926
73,7555
73,8677
73,8120
73,4549
73,7428
72,9738
73,5710
73,6051
73,8233
73,5073
74,0605
73,8940
74,1990
74,6278
73,8945
74,1866
73,6476
74,5874
73,6455
73,8173
73,4045
73,4769
73,8322
74,3495
74,3753
73,7873
74,0626
73,5832
74,0074
74,1354
74,0633
73,6499
73,5129
73,8810
74,8490
73,5801
74,1919
74,1825
73,8161
73,4504
73,7005
74,0507
74,2946
74,6361
73,5187
73,8972
74,3845
73,9319
74,0752
74,1349
73,8970
73,8650
73,5045
74,0466
73,3574
74,3706
73,9702
73,7535
74,7233
74,2312
73,5193
73,7572
73,8330
73,7203
73,0332
74,0190
74,2376
74,2748
73,7216
74,4839
74,5745
74,1472
74,0686
74,1735
74,2860
73,9138
74,5301
73,6331
73,9957
73,7186
73,7662
73,9991
73,7241
73,8029
73,0512
74,3137
73,5919
73,5379
74,2352
73,7754
74,6293
73,5396
73,6710
73,9179
73,7699
73,9897
73,8244
73,6709
74,9347
73,2920
74,1098
73,6049
74,4389
73,7179
73,6296
74,2751
73,9439
73,6872
73,9235
74,1691
73,7454
73,5350
73,8205
73,5557
73,9342
73,8640
73,5053
73,8691
73,7524
74,1659
74,0336
73,7956
74,5332
73,9410
74,1317
73,8087
73,7759
73,7339
73,4618
73,7920
73,5321
74,1135
74,5419
73,9077
74,3686
74,0013
73,7677
74,9602
73,6193
73,6861
74,6954
73,9696
74,0946
73,9566
73,9223
74,1455
74,5649
73,7410
73,9466
73,3576
74,4476
73,9331
73,7344
73,9948
73,7241
73,8197
74,3440
73,9139
73,6075
73,6721
74,4575
74,4451
73,8340
74,1826
74,2745
73,8728
73,6584
74,3299
74,2995
73,9481
73,6106
73,0741
73,3980
74,2892
75,2455
74,1384
73,3940
74,4605
74,2885
73,6412
74,0923
73,7236
73,9883
74,0684
74,2623
74,4495
73,3750
73,8520
74,1384
73,4191
73,6023
74,2112
74,4349
73,1781
73,7364
73,8649
73,5693
74,0063
74,0235
74,5898
73,5034
73,5460
74,1079
73,8351
73,8472
74,2221
74,0277
73,7600
73,4537
73,6720
73,1131
73,9248
73,2680
73,9441
73,7180
73,7238
74,1215
74,4277
73,6721
74,1720
73,2958
73,7813
73,5645
73,8900
73,2317
73,6747
73,8181
74,8710
74,4260
73,8489
73,7582
73,3828
73,9042
73,4825
74,0254
74,1746
73,9013
74,1269
73,9050
74,0348
74,0579
73,9562
73,5569
73,5478
73,6226
74,5124
73,3164
74,2809
74,0631
73,9954
73,9749
73,9711
73,5135
73,6872
74,4660
74,0789
73,9585
73,3888
73,6795
74,7624
73,4308
74,5298
74,3005
73,5702
73,6098
74,0515
73,5811
74,0565
73,5949
74,2577
74,1516
73,8255
73,5902
74,2785
74,3390
74,4374
73,7090
73,3035
73,5424
74,3170
74,1394
73,7666
73,8671
74,2331
73,7512
73,4892
73,5813
74,0524
74,0348
73,9081
74,2313
73,7411
73,3446
74,0738
74,0666
74,4250
74,1320
73,5755
74,1094
73,9476
73,9779
73,8312
73,1691
73,4536
74,5689
74,0152
73,7506
73,9582
74,7986
73,9432
73,5791
74,0852
73,6238
73,1300
74,2635
73,7268
74,1308
73,8967
73,8897
73,8483
73,4365
74,0226
73,9867
73,7398
74,1377
73,4419
73,8380
73,9127
74,2931
74,0116
73,9997
73,2865
73,5993
74,2465
74,1428
73,6737
74,2636
74,3380
73,7656
73,2109
74,8491
73,9605
74,4314
73,4835
73,6929
73,5258
74,1825
74,1171
73,6085
74,5496
73,8993
74,2136
74,3779
73,5877
73,9741
74,0569
73,9841
73,8412
73,7115
73,7004
73,9416
73,5001
73,4721
74,2352
73,4364
73,7077
74,0591
74,2917
74,1675
73,8195
73,6898
74,2541
73,7590
73,2306
73,9516
73,3550
73,4532
74,0912
73,9591
74,3468
73,3061
73,5536
74,3101
73,3403
73,2256
73,5267
74,7144
73,1412
73,9748
73,9934
73,7010
73,7497
74,5325
73,5396
73,9434
74,5154
73,8534
73,5482
73,9009
73,9095
73,8045
73,7949
74,1177
73,7716
74,5224
74,5424
74,7977
74,7534
73,4657
73,1319
74,1808
73,8306
74,2106
73,8636
73,3750
74,3894
73,8217
73,6607
74,1482
73,6237
74,4116
73,5591
73,9560
73,6822
73,7089
74,2197
73,8563
73,8134
73,4612
74,4273
73,7411
74,4390
74,1493
74,1517
74,2085
73,8140
73,8902
74,7225
73,9323
73,3239
73,9340
74,0126
73,1039
73,8744
73,6901
73,6623
73,6839
74,4952
73,7718
74,3922
74,1046
73,6455
74,0250
75,0091
74,1792
73,9665
74,6235
73,5861
73,1464
73,8030
73,6405
73,2532
74,1962
74,5813
74,3800
73,9171
73,9764
73,6953
73,5735
73,9972
73,9799
73,3583
73,6228
73,5843
74,1597
73,8734
73,8966
74,2907
74,5683
73,5699
74,2352
73,6394
73,6092
74,3381
73,9044
73,5949
74,1271
73,6176
73,7613
73,6964
74,0937
74,2897
73,3364
73,3914
74,6415
74,2386
74,5166
73,9770
73,6776
74,1246
73,7922
73,7681
73,6338
73,4708
74,0234
74,4718
73,8558
74,1112
74,3296
74,3039
74,6948
74,0917
74,9831
74,1619
73,2926
74,0252
73,8726
73,8169
73,8140
73,9279
73,8391
74,2771
73,7555
73,5492
74,2657
73,8790
74,2901
74,2130
73,7675
73,9684
73,8451
74,6393
73,4163
74,1661
73,5505
73,6774
73,5501
73,7859
74,2325
74,2973
73,8030
73,9259
73,7012
74,6024
74,1921
74,2652
73,5260
73,6593
74,1331
74,0486
73,8373
73,6405
73,6059
73,7679
74,0482
73,7395
73,7452
73,7999
74,2946
74,4880
73,9527
73,7597
73,9247
74,0952
73,6189
73,6905
72,9759
73,6906
73,5983
74,2363
73,7224
73,7424
74,0636
74,4353
74,0165
73,8408
73,8544
74,3507
73,5111
74,2080
74,6925
73,6908
74,1635
73,5648
74,1093
73,6404
73,6168
74,4321
73,8933
73,6508
73,5933
73,6174
73,7852
73,2337
73,5113
72,9941
73,3629
74,0686
74,2836
74,0695
74,1658
73,9410
73,8189
73,6248
73,4926
73,6023
74,1211
73,6066
74,2412
73,7821
74,2436
73,9882
73,5971
74,2484
74,3140
74,4857
73,2643
74,1767
73,8793
73,7381
73,9349
74,1926
73,6342
74,4847
74,0899
73,4416
74,1342
73,7462
73,7083
73,6724
73,6008
73,9562
73,5640
73,5231
73,8649
74,1267
73,8606
74,6454
74,0407
73,4061
73,8960
74,0703
74,7483
73,8826
74,2040
74,1991
73,6706
73,7521
74,3815
73,7210
73,5359
73,0576
73,8758
73,7205
74,0454
73,1794
74,0237
74,2610
73,4920
74,0301
74,2524
74,3177
74,3655
73,9595
73,6785
73,6069
74,1443
74,1111
74,2862
73,8523
73,8859
73,6550
73,6221
74,0852
74,1471
73,8495
73,9000
74,1839
73,9373
74,3131
73,7487
73,7605
73,1216
73,9634
74,5848
74,1007
73,5674
74,0819
73,9114
73,5802
74,2911
74,2677
74,1229
73,6299
73,6630
74,3978
74,1436
73,6063
73,9149
74,1436
74,6403
73,3527
74,6028
73,4286
73,6956
74,0157
74,2117
73,3998
74,0659
74,2739
73,8094
74,1246
73,3783
73,6238
73,6768
74,2161
74,1518
74,2070
73,4344
74,3178
73,3059
74,6834
73,6253
74,0880
73,7997
74,2290
74,1665
73,6202
73,7993
73,7032
73,2577
73,7420
74,5531
74,1755
73,6776
73,3485
73,7352
74,4329
73,9515
73,4689
73,8086
73,5744
74,4474
73,4400
73,7043
74,0242
73,9086
74,3743
74,2237
73,9771
74,4118
74,1332
73,5325
74,1098
73,3955
73,7154
74,3120
73,7144
73,4946
74,3484
74,6471
74,4819
73,8884
73,1756
73,4508
74,1361
73,8584
73,7348
74,0892
73,6988
73,5415
74,2286
73,6912
73,7553
74,0197
73,4600
73,7563
73,7961
73,7510
73,7948
73,9515
73,4287
74,3077
73,6410
74,2615
73,6733
73,9508
73,5341
74,0612
74,1122
74,0222
73,9056
74,0334
74,0835
74,3189
73,2816
73,5500
73,8012
73,8911
74,3558
73,3722
73,6346
73,7031
74,2173
73,9914
73,7160
74,1548
73,3741
73,5644
74,2313
73,7048
73,7390
74,1143
74,4158
74,0564
73,8151
73,8902
73,5455
73,8591
73,1400
74,1088
74,1340
73,6681
72,8857
74,1637
73,5475
73,9467
73,4269
74,4510
73,7934
73,7741
73,4795
74,0695
74,3526
74,5407
74,4727
73,5554
72,7909
74,2467
74,3891
73,7633
73,4198
74,3727
74,1174
74,2006
73,9403
73,7191
74,3045
73,9656
73,4429
74,4976
73,7779
74,1908
73,2128
74,3481
73,9359
74,1288
74,3767
74,0521
73,6547
74,5015
74,3993
73,7029
73,6087
73,4922
73,8954
74,0645
73,6680
74,4877
73,7691
72,8701
73,6653
73,8454
73,8103
73,6928
74,0357
73,7338
73,7958
74,4473
74,5269
74,0675
73,5909
74,5714
74,3063
73,6123
73,9579
74,0869
74,3671
73,8059
73,6720
73,9882
74,0763
74,5169
74,0864
73,9967
73,4733
74,5599
74,2667
73,8523
74,2364
73,8531
73,7530
73,6099
73,6790
74,2620
74,1629
74,0006
74,3328
74,1987
73,6452
74,0934
74,2423
73,9943
73,7880
74,4175
73,7168
73,8273
73,6979
73,5736
74,0567
74,6570
74,0146
73,3496
73,9105
73,0565
74,4021
73,3559
73,5637
73,9279
73,5498
74,3144
73,4018
74,0111
73,6208
74,3164
73,4287
74,3956
73,2857
74,1504
73,6924
73,7290
73,5734
73,1879
73,7609
74,4743
74,5401
74,0190
73,8579
73,8554
73,5241
73,9622
73,4949
73,9949
74,3560
73,2738
74,2269
73,4981
74,0666
74,0839
73,9851
74,0831
74,4516
73,7035
74,4457
73,9187
74,3371
73,5118
74,0761
73,4320
74,0995
73,5065
73,6990
73,3988
73,6875
73,9714
74,2912
73,2656
73,7046
74,1433
73,9078
74,8917
73,6073
73,5906
74,1005
73,5572
73,9134
73,8647
73,6247
73,9008
74,4024
73,8037
74,1357
73,6844
73,7334
73,9150
74,0458
73,5826
74,1365
74,0120
73,8298
74,2077
73,7708
73,7455
73,6238
73,7948
73,7251
74,0592
74,0002
73,9650
73,6593
73,8354
74,1635
73,4707
74,3085
73,9647
73,6699
74,0164
74,2342
74,1026
74,4063
73,7756
74,1904
74,0606
74,3333
74,0666
74,1165
73,7659
73,5024
73,5617
74,1466
73,5374
73,3994
73,6135
73,6497
73,5220
73,4290
74,4820
73,9390
73,7121
74,1480
74,2780
73,5576
73,5881
73,5487
74,1120
73,1086
73,6048
74,3451
74,2655
73,4018
74,0076
72,7770
73,4647
73,7900
73,8213
73,5386
73,8646
74,0940
74,3473
73,9457
74,7206
73,6476
73,9946
74,2829
73,9416
73,8559
73,9974
73,9003
73,4192
74,0373
73,8271
74,0696
73,8699
73,5629
73,8755
74,4090
73,4899
73,9441
73,4885
73,1180
74,0700
74,0350
73,8065
74,5491
73,9737
74,0773
74,3809
74,0522
74,1035
73,2641
73,7278
74,3465
73,7178
73,9341
73,2195
73,8343
74,3088
74,0102
74,0574
74,6095
74,2068
74,2507
74,9170
73,7535
74,0772
73,9914
73,6646
73,7644
73,7071
74,2754
74,1198
73,4803
73,7134
73,2873
74,4042
73,4867
73,7713
73,5411
74,6422
74,1224
73,9771
73,9751
74,7811
74,4718
74,0546
74,1953
73,5130
73,5595
73,8549
73,9606
73,9515
74,1433
74,1843
73,6698
73,4605
74,3126
74,2477
73,5953
74,2179
73,6238
74,5150
73,6049
73,8608
74,0406
74,5176
73,5566
73,8379
73,9397
73,6522
73,4303
73,6080
73,8849
73,6917
73,1586
73,3231
74,0245
74,3243
72,7561
74,3037
74,3711
74,4022
73,5745
73,7568
74,0355
73,6099
73,4012
73,3042
73,4047
74,2576
73,6010
73,8520
74,5203
73,6783
73,8572
74,4287
73,9784
73,7106
73,6285
73,8888
74,0252
73,9634
73,6562
73,9033
73,6785
73,6448
74,4666
73,8770
73,8653
74,1402
73,9302
73,7043
73,9339
74,0687
74,4169
73,9073
73,4941
74,0718
74,0724
73,6500
74,2255
73,0505
73,4407
73,9649
73,4044
74,1697
73,8916
73,3902
73,7993
73,5059
73,5222
73,8734
73,1293
74,0496
73,7208
73,9316
74,3940
73,9222
73,8524
73,5741
73,3576
73,2131
73,6471
74,1632
73,3948
74,1367
74,0400
74,1268
73,7144
73,9478
74,5182
73,9883
74,4001
73,2388
74,4463
73,6593
74,1634
73,5217
73,4987
74,4993
74,1952
73,9997
74,2587
74,2547
74,8542
73,7311
73,7081
73,6693
74,6935
73,3321
74,0884
73,3698
73,7405
74,1138
74,1220
74,2641
74,2207
73,2862
74,1593
74,0474
74,0602
73,5280
73,8473
74,3627
73,9351
74,4143
74,3788
74,0987
73,8505
73,9625
73,3686
73,7217
73,5157
73,9629
74,3844
73,9716
74,0765
73,8201
74,5462
73,9273
74,0239
74,0851
73,4157
73,8737
73,6079
73,8701
74,2966
73,8703
73,9750
74,3271
73,8142
74,0392
73,9325
74,0145
73,6767
74,2469
74,0364
74,3682
73,7802
73,7125
74,4954
73,8358
72,9739
74,0764
74,5669
73,9670
74,2682
73,3242
73,9728
73,6865
74,2239
74,0699
73,3833
73,8009
73,7179
74,3204
74,0990
74,2718
74,0037
74,0833
74,0617
73,7137
73,8953
74,1443
74,4789
73,4052
74,0699
74,0096
74,1244
73,5946
72,9935
74,0253
74,1578
73,4673
73,4534
73,2973
73,6143
73,8339
73,4244
73,9870
73,2022
73,7374
74,5029
73,4652
73,3286
74,2240
73,6917
73,7553
73,7751
73,4535
74,4742
73,8997
73,2926
74,4109
73,7967
74,0154
74,9664
73,5929
73,9147
74,2662
73,9458
73,6714
73,8919
73,6748
74,2684
74,7113
73,4167
74,0904
74,1705
73,3990
73,6681
74,6090
74,1828
73,9265
74,4031
74,0146
73,6436
73,4625
74,1673
73,8669
73,4174
73,2157
74,2608
74,4261
74,0657
73,7096
74,0310
74,2452
73,6238
73,7448
74,4778
73,4910
73,9777
73,4470
73,9448
73,7773
73,9797
74,0651
74,5209
73,6888
73,4239
74,2735
74,3498
73,9427
73,7310
74,2208
73,9933
73,0382
74,0758
73,5852
73,8002
74,1643
73,5984
73,1393
73,6035
74,5051
74,2693
74,3698
73,8389
73,3668
74,0379
73,7371
73,5601
74,4141
74,6286
74,1147
74,0209
73,9538
74,3041
73,5002
73,6610
73,5496
73,3424
73,8647
73,7454
74,2364
73,6693
74,4161
73,9389
73,5055
73,5723
73,6644
73,2153
74,1136
73,8378
74,3452
73,6097
73,9104
74,4176
73,9216
73,4674
73,7366
74,2271
73,7235
73,9229
74,4011
74,1759
74,0350
73,8113
74,1667
74,4374
73,4831
74,1434
73,6214
73,8714
73,2219
73,6647
74,1929
73,7601
73,4334
73,8174
73,8385
73,7757
73,7909
73,5730
73,5508
73,5797
73,7596
73,9149
73,3589
74,0987
74,0738
74,4201
73,8972
74,3922
73,3574
74,5690
73,9400
74,0212
73,2742
74,2370
73,9684
73,3504
74,0401
74,4266
74,2612
73,9454
74,2674
73,5929
73,7162
73,6330
74,2918
73,1465
73,7612
74,2204
73,8064
73,8610
74,3131
73,4793
73,6999
73,5247
73,5135
73,5686
73,7713
74,2196
73,7151
73,3107
73,4881
74,0327
73,8330
73,4773
73,7774
73,9237
73,8011
73,9065
73,6720
73,2845
73,9823
73,9890
73,2547
74,5513
73,7205
74,1456
73,6075
73,5323
73,7361
73,7243
73,4858
74,3558
73,6190
73,4166
73,1499
73,9726
74,6996
73,5352
73,6268
73,8014
73,7767
73,7885
73,4191
74,0381
73,8652
73,4852
73,4028
73,0138
74,0396
74,1492
74,1339
73,7596
73,8689
74,3217
73,8529
73,9614
74,1655
73,4808
74,5255
73,5706
73,2800
74,1158
73,6705
74,1805
74,1078
73,9172
73,8374
73,8141
73,8957
74,0606
73,9706
73,4307
73,6394
73,9493
73,7252
73,9176
74,7165
73,6013
74,2876
74,0686
74,1241
73,7792
73,5338
74,3703
73,6528
74,1189
73,5262
74,0661
73,7536
73,7286
74,8099
74,3905
74,0535
73,4492
74,4442
74,0083
73,7969
74,1087
74,0780
74,6053
74,2747
73,7444
73,7351
74,4735
73,6270
74,6983
73,6415
73,8119
74,1251
73,5926
73,8434
73,8473
73,6045
73,3792
73,9588
73,1658
74,0687
74,5473
74,0310
74,2619
73,7411
74,5271
73,9399
73,5429
73,8675
73,5787
74,3679
74,5137
73,7351
74,3648
73,3510
73,0883
73,8763
73,3595
74,4827
73,7403
73,9340
73,9872
73,7404
74,0645
74,1663
74,6649
74,6294
74,1278
74,3766
73,7676
73,8225
73,9954
73,5767
74,0123
73,5333
73,3038
73,9191
74,8425
73,6943
73,6837
73,8432
73,8767
74,0273
73,2991
73,9897
74,0264
74,3905
73,6082
74,1695
73,3822
73,6529
73,7222
74,0162
73,9981
73,6167
73,6098
74,0518
74,0048
73,9227
74,2723
73,2996
74,2479
73,7484
73,8133
74,3106
73,8715
74,0934
73,7847
74,0049
73,9721
73,7019
73,8812
74,2514
73,9511
73,7698
73,9123
74,2167
74,3434
74,2199
73,6897
73,7962
73,8739
74,0584
73,8224
73,8402
73,6089
74,1320
74,3616
73,6104
73,1411
73,2994
73,5764
73,8978
74,5575
73,7359
73,9997
73,7193
74,5539
74,0530
73,7502
73,8816
74,0036
74,3021
73,9866
73,2594
74,0639
73,5497
74,1698
73,2729
73,8409
73,8915
74,0798
74,1096
73,2264
73,5351
73,7427
73,7255
73,5520
74,2513
74,2128
73,7995
73,8968
73,9701
73,9304
73,7594
73,9089
74,3247
74,2653
73,8789
73,8862
73,8327
73,6133
73,7626
74,4255
73,8007
73,7222
73,8816
74,0640
73,6407
74,3283
73,7508
73,3746
73,3351
73,6172
73,4348
74,6089
73,2597
73,7526
74,1712
73,3324
73,6397
73,4604
73,5747
74,2989
73,4841
73,3585
73,9742
74,4088
73,6750
73,4974
74,0944
73,9422
74,1610
73,4903
73,6755
73,7258
73,0956
73,8603
74,8136
73,3681
74,0266
73,9133
73,6649
73,3261
73,3459
74,3179
73,6914
73,5879
73,4246
73,9562
73,6240
73,5948
74,2935
74,1576
73,6273
73,3987
73,4428
73,2384
73,8789
73,6830
73,4769
74,0058
73,7865
74,0275
73,8603
73,8045
74,4358
73,9909
74,0947
73,9175
73,6776
74,0052
73,9834
73,8612
73,9364
74,0282
74,0952
73,7905
73,8753
74,0462
74,4980
73,8907
73,8493
74,0034
73,6403
73,4504
73,4177
73,9292
73,5865
73,7706
74,2872
73,3391
73,6233
73,8858
74,3047
74,2192
74,0812
73,7047
73,5317
74,4682
73,6219
73,8144
73,7602
73,7732
74,1271
73,7091
74,3821
74,0886
74,0434
73,8102
73,6328
73,6486
74,3302
73,3720
74,6313
73,8377
73,9621
73,6692
73,0985
73,5160
73,9160
73,8126
73,3667
74,1666
73,5489
74,2437
74,2368
74,3122
72,9135
73,6899
74,2109
73,7192
73,7575
73,5794
74,4317
74,1694
74,1001
74,0337
73,5400
73,9811
74,8162
73,6774
74,5805
74,2167
73,7498
74,1068
74,4450
73,5514
73,9501
73,8679
74,0785
74,2840
73,9526
73,8153
73,6972
73,7315
73,5795
73,7758
74,1797
74,4446
73,7147
74,6752
74,0786
74,0281
74,4380
73,8593
74,0075
74,0721
73,4011
74,0224
74,0692
73,4961
73,9628
73,5453
73,4833
73,9113
74,4733
73,7000
73,7633
74,3701
74,4359
73,4023
74,1477
73,8658
74,0310
73,9020
74,1939
73,5326
73,6684
73,2838
73,8733
74,3832
74,2025
73,7741
73,6353
73,6828
73,9066
74,1624
74,1669
73,8559
74,0535
73,6399
73,4709
74,5119
74,2886
74,1015
73,8528
73,7165
73,6336
73,2953
73,5004
73,5902
74,3040
74,0862
74,0054
73,5182
74,0909
74,4639
74,3424
74,2192
74,0345
73,9035
73,5013
74,1673
73,7695
74,2582
74,0073
73,7788
74,3103
73,9143
73,5807
73,9099
73,9310
73,8308
74,1097
74,3168
73,7824
73,8705
73,4824
73,6162
73,9970
74,3367
73,5790
73,6314
73,6479
73,8565
74,3337
73,8998
73,5165
74,1045
73,7885
73,9852
73,8481
74,9246
73,6402
73,5433
73,7689
74,5456
73,5210
73,5325
73,7168
74,2716
73,5108
74,1927
74,3782
74,0826
73,5767
74,1133
73,8988
74,2801
74,0053
73,5076
74,0052
73,4703
73,1902
74,4859
73,7977
73,7180
73,3194
73,3621
73,4278
74,8856
74,4389
73,7113
74,0328
73,9572
73,6428
74,3695
74,5783
73,2257
74,0611
74,2856
73,5879
74,3237
74,0286
73,1897
73,7284
73,7884
74,1791
73,8794
73,2985
73,7695
73,3497
74,0345
73,9822
74,2102
74,2316
74,3691
73,3070
73,9725
74,0259
73,6825
73,0964
74,2294
73,5459
73,7532
74,2859
73,9632
73,0610
73,8139
73,9455
73,7418
73,9032
73,3742
74,4973
73,5524
74,2485
73,8965
74,3925
74,1943
73,9761
74,1521
73,3521
73,9882
73,5524
73,8086
73,6637
73,9721
74,2768
74,5583
74,3294
73,8224
73,9694
74,3337
73,3839
73,4778
74,3657
73,9302
74,1460
74,2006
74,0836
73,6070
74,5569
73,5573
74,4253
74,0252
74,7444
74,0865
73,8580
74,2294
73,7951
73,2169
74,2911
74,6199
73,7494
74,1430
73,6235
74,0467
74,2444
74,2370
74,0762
73,9287
73,7275
74,4965
74,0161
73,5913
73,5231
73,8997
74,8794
74,0408
73,7680
73,7608
74,2209
73,5321
74,2381
74,8028
73,9453
74,4592
73,9182
73,3585
74,0593
73,7969
73,7502
73,0788
73,6873
73,6730
73,7087
73,9775
73,9851
73,2293
74,1251
74,1380
73,9325
74,2475
73,8864
73,6199
74,0172
74,2020
73,8129
73,7347
73,9781
74,0477
73,6972
74,0921
73,8292
73,7250
73,5968
74,3148
74,3933
73,8640
74,4747
73,8457
73,8767
73,8137
73,3240
73,3635
74,2375
74,0875
73,9404
73,7213
73,6568
73,4057
73,6063
74,7367
73,7732
73,5665
74,2439
73,4372
73,4534
74,1975
73,4541
74,2245
73,3855
73,3976
73,9141
73,5298
73,9891
74,0593
74,0876
73,9167
73,4880
73,8681
73,9707
73,9029
73,7047
73,5247
73,7785
74,3204
74,4793
73,7213
74,2599
74,1315
73,8466
74,7222
73,9451
73,8970
74,3385
74,2492
74,2256
73,8247
73,3921
73,3949
74,3669
73,8234
74,1377
73,9659
73,4572
74,4813
75,1139
74,2474
73,5387
73,6127
73,9722
74,0350
74,7265
73,7643
74,5844
73,9051
73,4220
74,1484
73,7359
73,5420
74,0961
74,2706
74,6298
73,4975
73,9119
74,2204
73,9162
73,6605
73,9909
74,3879
74,0949
73,2882
73,4889
74,4783
74,0804
74,0413
74,1723
74,2801
74,3728
74,7961
73,7910
73,9225
73,2714
73,8913
74,0194
73,4205
73,8397
73,9475
73,5609
73,1243
74,0210
73,5983
73,7446
74,0533
73,3084
74,1562
74,1652
74,1009
74,7422
73,8150
74,0478
73,7723
73,9259
74,2273
74,3188
73,9762
73,3743
74,1483
73,6024
73,9131
73,6787
74,0962
73,7947
73,7569
74,0475
73,9994
73,9156
74,9889
73,4728
74,1126
73,1613
74,0559
73,6882
73,9717
73,8768
73,4535
74,0081
74,5807
73,8160
74,1256
74,4463
73,3829
74,3638
73,3904
73,8122
75,1287
73,4842
74,3462
74,1362
74,0869
74,7377
74,1898
74,2037
74,0578
73,4160
73,4765
74,0310
73,9877
74,0629
73,3748
73,3622
74,2705
73,7609
73,5706
73,7485
74,5407
74,2031
74,1713
73,3877
73,8936
73,9664
73,5127
73,0820
73,9666
73,2938
73,4899
73,9358
73,8103
74,1507
73,9975
73,0457
73,6199
73,8148
74,0093
74,2052
74,1069
73,5861
73,8100
73,5397
73,8542
73,3261
74,3508
73,8451
73,7819
73,9922
74,0708
73,8196
74,3397
74,0257
74,8540
74,2940
73,9702
73,8444
73,4081
73,9637
73,5736
73,5607
74,4483
74,3645
74,0744
73,0422
73,6706
74,0579
73,4068
73,4501
74,2406
73,8932
74,2081
74,0826
74,1022
73,7817
73,7975
74,0919
74,1487
74,1172
73,2795
73,8818
74,0764
72,8830
73,8048
74,3219
73,8997
74,2034
73,7570
73,8932
74,8445
74,1246
73,5143
73,5216
73,5519
74,1763
73,7608
74,7548
73,5551
74,3100
73,2660
74,4228
73,8836
73,9156
73,2135
74,0688
73,9619
73,4054
73,9979
74,8629
73,4325
74,6996
74,2110
74,0462
74,3209
74,1815
74,0482
73,7743
73,4569
73,8155
73,8018
74,0925
74,4462
73,5722
73,4901
73,2757
73,5732
73,8820
74,1206
73,8096
73,9552
74,4837
73,9549
73,4972
73,8680
74,0714
74,4212
73,9795
73,8197
73,8657
73,5189
74,3752
73,5519
73,5724
74,4533
74,3307
73,6173
74,5538
73,7538
74,0127
74,0937
74,2310
73,9475
74,0754
73,3731
75,0681
73,4331
73,4182
73,9640
73,8333
74,2308
74,3442
73,8642
74,0154
74,1148
73,5536
73,5421
73,8036
73,8884
73,3703
73,6239
73,6074
73,4420
73,4760
73,3820
74,7015
73,8313
73,5987
73,6882
73,4882
73,6706
73,9918
73,3935
74,0988
74,3283
72,8612
73,1955
73,9824
73,4717
74,3783
73,6163
74,0266
74,5348
73,3705
73,6515
74,6178
74,0013
73,4668
73,6688
74,1756
74,0076
73,9988
74,0295
75,2966
73,8389
74,4069
74,5452
73,8978
73,8311
73,8747
74,0056
73,9773
74,4702
73,7546
74,5469
73,4274
73,7661
74,2635
72,5901
74,5541
74,2566
73,6684
73,2414
73,8255
73,6430
73,7319
74,5343
72,9823
73,6425
73,8627
73,6827
74,2510
73,5010
74,1182
74,3968
74,1674
74,2399
73,8947
74,0044
74,2992
73,9082
73,8226
74,8758
74,2532
74,2491
73,7789
73,9122
73,5946
73,3908
74,3789
73,3660
74,2926
74,0065
74,1334
74,1261
73,5605
73,8996
73,6051
73,7043
73,5050
74,3150
73,5913
73,9842
73,7197
74,4687
73,9108
74,2929
74,1161
74,3923
73,7005
73,0735
73,8873
73,8764
73,7802
74,1829
73,7738
73,7847
73,9811
74,0474
73,9335
73,7481
74,2668
73,9813
74,1169
74,1566
73,4656
73,3666
73,5309
73,6087
73,1359
74,5858
73,5569
74,4016
73,7854
74,1560
73,6491
73,7112
73,8501
73,9266
74,6435
73,8829
73,8386
74,1980
73,5876
73,8200
74,0724
73,6538
73,4595
73,3826
74,1293
73,7258
73,6865
73,4562
74,1127
73,3607
73,7079
74,4075
73,5990
73,8966
73,7899
73,5660
73,8758
73,9351
73,4832
74,7455
74,3107
74,2301
73,9897
74,2832
74,0079
73,5595
73,0044
74,0743
73,7200
73,1097
73,6904
73,6424
74,5308
74,0543
73,8426
73,6173
74,0460
74,0402
73,8984
73,7666
73,7950
74,8236
73,6461
74,5117
73,4188
74,1811
73,8874
73,2851
74,4186
74,1202
74,1782
73,5740
73,5925
73,9752
73,6187
74,5710
74,0618
73,6106
74,2289
74,0810
73,4294
74,0394
73,7437
74,0631
74,4408
73,5560
73,8176
73,8612
74,3269
73,9170
74,1570
74,1018
73,4681
73,7827
73,9045
73,6467
73,3839
73,6197
74,0345
73,6656
74,7666
73,5051
73,1534
74,1301
74,7964
74,2609
73,6636
73,6814
73,9324
74,4489
74,1114
74,2143
74,3008
73,7851
74,1374
74,2525
73,5238
73,7241
74,2483
74,2786
73,8185
74,5486
73,7436
73,6472
73,6659
74,2041
74,6076
74,1853
74,0912
73,6535
73,7093
73,7142
73,9200
73,5642
74,2844
74,0595
74,2258
74,2020
73,9805
74,0537
74,0590
73,5502
73,7848
73,4661
73,6312
74,3349
74,8087
73,3623
74,3114
74,1019
73,9840
73,7101
74,3417
73,6373
73,8203
73,6982
73,8161
73,8526
73,3797
74,1971
73,7788
73,5441
73,5991
74,0752
73,2303
73,0229
73,2527
74,6598
74,1397
74,0981
74,0962
73,9130
73,8273
74,0373
73,9881
73,3987
73,7338
73,8636
73,6403
73,8685
73,9279
73,9714
73,5679
74,1216
74,1444
74,4785
74,0438
74,2061
74,2708
73,6919
73,7713
73,9351
72,9581
74,1718
73,3640
73,6688
73,5388
73,6188
73,9462
73,7778
74,0358
73,7124
73,2247
73,8711
73,8405
73,9706
74,7705
73,7444
74,3445
73,3988
73,1667
73,6890
73,6768
74,9651
74,3299
73,4183
74,1345
74,0173
72,9999
73,7254
74,7173
73,5990
73,9054
74,2885
73,6635
74,5798
73,9961
74,2996
73,3865
74,1137
73,8968
73,3463
74,2158
74,6679
73,6970
74,3282
73,5189
73,8536
73,9711
73,1194
73,4197
73,7075
73,3157
74,3711
73,7925
74,1245
73,8659
74,1561
73,6368
74,2523
73,7179
74,1397
73,8920
73,8582
73,7071
74,0881
74,0013
73,6231
73,9056
74,0521
73,7940
74,1123
74,1288
73,1960
74,0775
73,9590
73,2320
73,7406
73,9246
73,5807
74,2932
73,4553
74,2811
73,7296
74,1228
73,7492
73,6310
73,2732
73,7575
74,5063
74,3025
74,0164
74,1461
74,4807
73,9659
73,9711
73,5480
74,2138
73,3643
73,5629
74,3373
73,9797
74,2957
74,0779
74,0246
74,0066
74,2745
73,4376
74,5415
74,2350
73,2341
73,9916
74,3201
74,3543
73,5060
73,8568
73,8434
74,1366
73,8838
73,9565
73,6393
73,9435
73,4396
73,4832
73,7271
73,8427
73,8693
73,7679
73,6735
74,2905
73,8882
73,4869
74,8978
74,1587
74,2031
74,0510
73,8377
74,2156
73,7471
74,1180
73,9813
73,5033
73,9400
74,1751
73,1695
73,6006
73,2957
74,0780
73,7737
73,6772
73,4794
73,6552
73,7709
74,7230
73,7298
74,0490
74,0592
73,9277
73,8990
73,7053
73,8151
73,8677
74,0512
73,8735
74,2334
74,1139
73,6822
73,5910
73,7438
74,0446
73,4200
74,0802
73,5918
73,6072
73,9169
74,2705
74,1001
74,1746
74,6710
73,6887
74,4202
74,7756
73,6887
72,8482
73,1794
74,4090
73,6834
74,2807
73,5053
73,7122
73,5986
73,8686
74,1300
73,9172
74,1127
73,8130
74,1346
73,3503
73,8335
73,9622
73,6476
74,4607
73,9218
73,4721
74,2108
73,9294
74,2943
74,8767
73,9936
73,6977
73,8718
73,8811
73,9561
73,9101
73,4799
74,3096
73,1346
74,1595
73,7983
73,6012
73,9558
74,0419
73,6309
74,2588
74,0179
73,1141
73,7589
73,6926
73,7490
74,0042
74,3276
74,3691
73,7953
73,6941
74,2091
73,9068
73,5886
74,4079
73,8649
74,1695
73,8081
73,7654
73,5677
73,7760
73,9362
74,4862
72,9912
73,3447
73,6557
73,8944
73,9794
73,6096
74,2587
73,8607
73,8874
74,4026
74,1369
73,9349
74,5069
73,6890
73,6761
74,4270
73,8328
73,6874
74,0385
73,2624
74,0889
74,3096
73,5621
73,9040
73,7816
73,4328
73,5942
72,9831
73,4058
73,9531
74,3256
73,7815
72,8948
73,4758
73,7861
73,5536
73,5293
73,5875
74,6563
74,0401
73,9189
74,0775
74,5165
73,5442
74,0599
74,1948
74,0806
73,4748
74,2239
73,9550
73,9460
73,4560
73,8960
73,9467
73,6010
73,4842
73,9104
74,2836
74,1237
73,6754
73,9619
74,7493
73,6415
73,6044
73,7973
73,6675
74,2668
74,6378
73,9243
74,0037
73,7641
74,0721
73,6741
73,8039
73,6368
73,5559
74,1453
73,5625
74,2217
73,9961
73,3523
74,2338
74,2731
74,2684
73,9036
73,8979
74,2320
73,7340
74,5230
73,4207
73,6581
73,6597
73,7166
73,4397
73,4140
74,1876
73,7424
74,1033
74,0680
73,6500
73,2168
73,4638
73,1635
73,7239
74,3648
73,4144
73,9927
73,9851
74,1515
73,4869
73,3590
74,2111
74,0690
73,7468
74,3898
73,9258
73,6930
74,0489
73,8504
74,1081
73,6347
73,7429
74,1689
73,8761
74,0897
74,3573
74,0410
74,4560
73,9698
74,0713
73,7042
72,9055
73,8294
74,0470
74,0024
73,8200
73,3940
74,1605
73,7382
74,4464
73,4850
74,0113
74,1371
73,9567
73,2936
74,1987
74,0887
74,3008
74,1111
73,3749
74,1309
74,3368
74,4760
74,0591
74,4259
73,6275
74,0184
74,2099
73,9760
73,5301
73,4654
74,0392
73,2690
74,2364
73,9134
73,7496
73,7298
74,0576
74,0895
73,8405
74,2176
74,2113
73,6873
74,6827
74,2502
74,5630
74,5639
73,8478
74,3041
73,5293
74,2044
73,3995
73,9032
74,3616
74,1909
73,4099
73,6832
74,2641
73,8120
73,9202
73,7405
73,4078
73,8569
73,2339
73,6403
73,7255
74,5972
73,9722
73,9771
74,1633
73,7079
74,1798
73,4101
73,7320
73,9834
74,5612
73,8537
73,3014
74,1716
74,3169
74,8758
74,5910
73,2064
73,7996
74,0123
73,7306
73,6559
74,5229
73,7160
72,8291
72,8812
74,0915
74,2317
73,7964
74,0583
73,0884
73,2235
73,9120
74,1690
73,6748
73,4526
74,4573
74,5446
74,0263
74,0168
74,1083
74,0375
73,8172
74,1590
73,8703
72,9554
73,6696
73,1848
73,8637
73,6999
73,6637
74,4976
73,7477
74,2786
74,1261
73,3939
73,3749
73,0988
74,0257
73,5491
74,4029
73,7410
73,5285
74,4710
73,8586
73,8154
74,0881
73,8767
73,7467
74,0981
73,8744
73,3293
73,3069
73,9559
73,8620
74,2202
74,3620
74,5370
74,9297
73,0778
74,1640
73,4701
74,7804
73,6351
73,0030
74,1810
74,1271
74,3347
73,5815
74,1232
73,7015
74,3333
73,3885
75,0521
73,3485
74,0210
74,4448
74,2752
74,1918
74,0509
73,1015
74,4117
73,9064
73,5148
73,9314
74,4333
74,0159
73,3690
73,6678
73,7801
73,9606
73,5964
74,0482
74,2460
73,4947
73,8256
74,2710
73,6024
73,2804
74,2290
74,2039
73,8863
73,6873
74,0994
73,8180
74,4948
73,7423
73,8689
74,9392
73,3420
74,2445
74,6323
73,9251
73,7128
74,5730
74,2106
74,0763
73,7011
74,0390
73,2985
74,5761
73,3257
73,7369
73,8647
73,5661
73,5607
74,5926
74,1886
73,6075
73,5724
73,7289
73,9227
74,1978
73,8412
74,1506
73,6616
73,7446
73,9308
74,2407
73,5669
74,1278
74,3178
74,0271
73,7702
73,4025
73,8065
74,5297
73,9024
73,8532
74,4632
73,1431
73,5167
72,7019
73,4836
73,2954
73,9708
73,7376
73,8661
74,2530
74,0120
73,6185
73,9125
74,0437
73,7372
74,1867
73,8464
73,5078
73,8812
73,9116
73,2868
73,5785
73,6542
74,0563
73,4337
73,5930
73,6023
73,5883
74,8787
74,3500
72,9155
74,3538
74,1793
73,9484
73,9986
73,7901
73,6254
74,1657
73,8434
74,2140
73,9760
73,9263
73,6666
74,0083
73,6388
73,7156
74,0067
73,5126
73,9534
73,8289
74,4769
72,8175
73,4016
73,7986
73,4780
74,1233
73,6784
73,4455
74,1822
74,3673
73,9528
73,9185
73,4346
74,5225
74,0187
73,7511
74,1443
74,4341
73,7831
73,5520
74,2006
73,8916
73,2259
74,6721
73,6786
73,8610
73,8695
73,5961
74,0088
74,1271
73,9060
73,9291
73,8400
73,8106
73,8041
74,1641
74,0772
72,9306
73,6566
74,2666
74,1441
73,8775
74,2088
73,7453
74,5011
73,5568
74,0008
73,7346
74,3473
73,8991
74,4973
73,9202
73,6583
73,6913
73,9590
73,7931
73,8467
73,4709
73,4569
73,9127
74,2301
73,5745
73,9854
73,8462
73,6785
74,0313
73,6492
73,7657
73,4800
73,1136
73,6741
73,7053
74,1760
73,9597
73,8425
73,5341
73,4821
73,9977
74,0327
73,7404
73,7346
74,4079
73,5213
74,1825
73,7436
74,2633
73,8126
73,7347
74,0105
74,1476
73,9480
74,1304
74,2247
74,1006
73,9617
73,2592
73,9748
73,7142
73,4447
74,2486
73,6150
73,0975
73,8087
73,4449
73,7520
73,4616
74,4944
74,7094
73,8242
74,5879
73,1195
73,7943
73,6722
73,3260
74,0229
73,3055
74,3839
73,8006
73,9093
73,2439
73,6443
74,0302
73,8358
73,7499
73,7831
74,0987
73,9903
74,6514
74,3984
74,3123
73,7890
74,0958
74,0638
73,7094
73,7904
73,9662
74,0719
74,6222
73,8287
73,4847
74,3733
74,2062
73,2521
74,2308
74,0959
73,4614
74,2467
74,1907
74,1267
74,2323
73,9731
73,9722
73,2107
73,7892
74,0746
73,7377
74,5778
74,8974
74,1272
74,3565
74,2989
74,1374
74,0342
73,4872
74,5735
74,2044
73,8875
73,4076
73,9757
74,1748
73,3287
73,5708
74,2231
73,2399
73,6627
73,7083
74,3162
73,7655
73,5087
73,9442
73,4866
73,9009
73,9037
73,9106
73,8502
73,4026
73,6822
73,8538
73,7832
74,0827
74,2437
73,9260
74,1179
73,6919
74,7563
73,6906
73,8749
73,5725
73,7935
73,8207
73,6095
73,6164
74,5735
73,3268
73,6400
73,4018
74,2142
74,1621
74,0152
73,5285
73,8160
74,3310
74,4584
72,8835
74,3165
73,7300
73,3227
73,5604
73,7805
74,1024
74,1117
74,0732
73,5950
74,3430
73,9894
73,1178
73,7670
73,8745
74,1855
73,4760
74,3145
74,1125
73,8378
74,0130
73,8680
74,7538
74,0926
74,1694
73,5808
74,1491
73,8811
73,5373
73,1686
74,7986
74,3304
73,9243
72,6185
73,4410
73,6202
74,3170
73,6860
73,3378
72,8358
73,2004
74,2481
73,7124
74,4502
73,7755
74,1428
74,1603
74,0124
73,2579
74,3657
73,7661
73,7159
73,9370
74,4732
74,3611
74,3682
73,5585
73,8153
73,5953
74,5093
73,5678
73,7924
73,9684
73,8793
74,4157
74,0366
73,1268
73,5654
73,1274
73,0392
74,0275
73,8100
74,0116
73,9050
73,3084
73,8459
73,4468
74,0704
73,9867
73,6547
73,8963
74,7722
73,2093
74,0359
74,1487
73,7323
74,2351
74,2199
74,4503
74,1342
73,6589
73,7948
73,7968
73,7264
74,5462
73,5482
73,2020
74,5381
74,0275
73,7766
74,2927
73,6786
74,5945
74,8053
74,6777
74,0409
73,4896
73,6301
74,2894
74,0413
73,5574
73,5791
74,3405
73,5196
73,4183
73,4216
73,7934
74,3191
73,9565
73,3240
74,1039
73,9416
73,7298
74,2662
73,4282
74,1754
73,4733
74,3723
73,9325
73,9151
73,8324
74,6851
74,4687
74,2974
73,9763
74,1140
74,0166
73,7357
73,5792
74,0974
73,7576
74,1307
73,7651
74,1611
74,0531
73,7997
73,4404
74,0541
73,9286
73,5931
73,8275
73,7421
73,4568
73,7273
74,5082
73,8698
73,9027
74,0699
74,1002
74,0418
74,0992
74,1251
73,5138
73,8430
74,0919
73,7439
73,8232
74,0653
74,0878
72,9420
74,0293
74,2738
73,2418
73,9574
73,8397
73,1930
74,2146
72,8014
73,7701
73,6033
73,8832
73,9224
73,9321
74,2360
74,0169
73,7261
74,4499
74,2017
73,6976
74,2908
74,0851
73,4587
73,5629
74,0824
74,0396
73,6245
73,3839
73,7380
73,8410
74,4298
73,6240
74,0602
73,8627
73,8871
73,0473
73,7453
74,6052
74,3019
75,1660
74,0409
74,8509
74,1657
74,2278
74,1782
73,7052
74,5651
74,2773
73,9475
74,5000
74,1404
73,8544
74,1427
73,4498
73,5610
74,0014
73,8316
74,2761
73,9695
74,3915
73,6436
73,5708
73,1187
74,2539
73,8071
74,0187
73,5914
74,4334
73,7374
74,6389
74,3946
73,4178
74,0147
73,7134
73,6250
73,7275
73,2827
73,9560
74,3255
74,4973
74,3734
73,9214
73,5960
73,2284
73,4180
74,0087
73,8731
73,9600
73,6258
73,5782
74,1775
73,9244
73,3605
73,1480
74,0710
73,4920
73,6841
73,8609
73,8317
72,9121
73,5468
74,2749
73,7469
73,5904
73,5572
73,5086
73,8066
73,9264
74,1455
74,2541
74,1179
74,1344
73,7440
73,4233
73,5079
73,8138
73,7617
74,6767
74,8012
73,4216
73,3752
73,7769
74,4525
73,3788
74,0699
74,4093
73,7055
74,2954
74,2903
74,3087
74,2302
73,8846
74,2436
73,8527
74,2338
74,3595
72,7702
73,5001
73,5594
73,4801
73,4769
73,9325
74,4859
74,4130
73,2812
73,9008
73,9412
74,5598
73,9350
74,4700
74,1747
74,8305
74,1441
73,5988
74,1779
73,3990
73,2412
74,1270
74,6717
73,3395
74,2204
73,3586
73,8156
73,9992
74,5991
73,6667
73,4707
73,3428
74,3787
73,7601
73,5225
74,0930
73,5840
73,9606
74,2108
74,3361
73,7619
73,3430
74,3322
74,4864
73,8005
73,8163
73,9567
74,2414
74,3854
73,9990
73,6958
73,5295
73,8219
73,9182
73,8335
73,5336
73,8203
73,9750
73,8873
74,4614
73,7967
73,5694
74,2597
73,5217
73,3417
74,1249
73,6627
73,8727
74,4404
73,1371
74,6036
73,4481
73,3633
74,5484
73,3536
73,5611
73,9532
73,9559
73,9334
73,8770
73,7223
74,2466
73,7882
73,5547
74,0972
73,7679
74,0701
74,2094
74,1390
73,6797
74,4543
74,3576
74,6606
73,5734
73,3337
73,9172
73,8812
73,4031
74,2392
74,1614
74,3040
74,1735
73,6142
74,5091
73,9469
73,8768
74,2569
73,7061
73,6488
73,7330
74,1467
74,1784
73,4829
73,7300
73,4566
74,1453
73,4807
73,9993
74,1327
74,2071
74,1380
73,6699
74,2740
74,0148
73,7016
73,8059
74,1321
74,0431
74,2642
74,2820
73,9455
73,8272
74,0603
74,7727
74,2709
73,6823
74,0079
74,0234
73,6407
74,2285
73,4488
73,8283
74,3480
74,0650
74,3181
73,2938
74,0981
73,7317
73,8293
74,0582
74,2178
74,0655
73,6696
74,0508
74,3618
74,4089
74,0444
73,5382
74,0065
73,6813
73,5956
74,1753
74,1418
74,2329
73,5269
74,0130
73,9334
74,4157
74,0369
74,1317
74,0024
73,8386
73,5542
74,2578
73,7052
74,4127
74,2781
73,7176
74,2838
73,3439
73,4962
73,5511
73,9956
74,0474
73,8906
74,1461
74,1503
74,6368
74,1030
73,5672
73,8811
73,9854
74,1501
74,0179
74,4942
74,1341
73,7290
74,1395
73,5758
73,5198
74,3424
73,5706
73,7865
74,1608
73,8945
73,5825
74,3577
74,5714
73,5675
74,2624
74,0485
73,4728
73,8628
73,8049
74,3507
73,7799
74,0475
74,1794
73,7134
73,5718
74,0939
73,7491
73,4600
73,9002
73,2881
74,1303
74,1167
73,9593
74,1727
73,1564
74,0198
74,0933
73,2059
73,3615
74,1222
74,0929
73,9029
73,6549
74,6790
74,4507
73,6196
73,8253
73,4406
74,3208
73,7670
73,7500
73,4384
74,0815
73,6784
74,4638
74,6069
73,7056
73,9460
74,0116
73,7490
74,4884
74,5954
74,2140
73,7726
74,0141
74,0748
74,5136
73,8584
73,7503
73,7438
73,4824
74,3254
73,8617
74,0873
74,6424
73,5299
73,7287
74,2800
73,6027
73,3461
73,3719
73,8169
74,3692
74,4669
74,1591
73,5468
73,5624
73,3982
73,8484
73,8240
73,9249
73,6182
73,5656
73,6068
74,1540
74,2401
74,6815
73,9420
73,7099
73,5713
73,4929
73,4322
73,5903
73,7144
73,6606
74,2362
73,9473
73,5607
73,7330
73,7727
74,5384
72,9022
73,9744
74,0121
74,0632
74,5425
73,8758
74,1208
73,6247
74,1954
74,0691
74,4217
74,0957
74,1261
73,6613
73,7253
74,3390
73,8004
73,7277
73,2967
74,2012
73,3912
73,9094
73,4533
73,8363
74,3400
74,0053
73,5558
73,4943
74,1135
74,2080
74,0120
73,6631
73,5601
73,6860
73,7516
73,5348
73,7973
74,4666
73,9113
74,2317
73,4304
74,2531
74,6647
74,0197
74,2573
73,9719
73,7209
74,0856
73,6525
73,7800
74,3692
74,5300
73,4005
73,6783
73,4176
73,5839
74,4735
73,4809
74,4967
73,4997
74,4449
73,7560
74,2065
74,2259
74,2778
74,2642
74,6170
74,2063
74,2992
74,2822
74,4046
73,7268
73,5900
73,8211
73,8372
74,0804
73,8450
74,3461
73,9616
74,2165
74,0365
73,8622
73,6851
74,1729
74,2694
73,8759
73,8208
73,6354
73,5677
74,1462
73,5491
74,0244
73,9171
73,8029
73,4334
74,2313
74,4407
73,1456
73,1716
73,8376
74,2392
73,9591
73,8484
73,8670
73,7966
74,0347
73,4710
74,1191
74,1146
73,8003
74,0857
74,2249
73,7419
74,0601
73,6385
73,4930
74,1623
73,8030
73,7773
74,4346
74,4070
74,0508
73,6176
74,1745
73,6906
74,4106
74,2548
74,2568
74,6043
73,6047
73,6332
73,4296
74,3267
74,4172
73,9936
74,1148
73,7409
73,7969
73,7009
73,4218
74,6015
74,3557
74,0189
73,2778
73,7064
73,7640
74,1590
73,9601
74,1071
74,2257
73,3584
73,8505
73,3829
73,7342
73,4508
74,2189
74,4496
73,8240
74,2121
73,9996
74,1263
73,6112
74,1261
73,6614
74,0153
74,5631
73,9840
73,8991
74,5923
73,4544
74,1073
73,9977
74,1875
73,7110
73,7926
73,6519
74,0056
73,8964
74,2025
73,7078
73,9026
73,8130
73,5858
73,8541
73,8060
73,8227
73,4495
73,6886
74,2012
73,5625
73,5479
73,7375
74,0530
73,8585
74,2484
74,2298
73,6626
74,9452
74,3711
73,4691
73,6673
73,5972
73,3327
74,3099
73,7619
73,6924
74,0221
73,7648
73,8360
73,7223
73,7547
73,4143
73,7149
74,1637
73,8848
73,6367
73,2671
73,4349
74,0967
73,1790
73,7619
74,1570
74,2907
73,4234
73,9744
73,6117
73,7967
73,7677
73,8132
73,7202
74,2466
73,3393
73,7632
73,8958
73,9454
73,9035
73,5390
73,5589
74,6289
73,2778
73,9572
73,8677
74,1735
73,3340
74,0510
73,7747
73,2964
73,5740
73,8049
74,1672
74,6482
73,7578
74,5977
74,0411
73,9209
74,0265
74,1305
74,4487
74,1731
73,7943
73,9081
74,3000
73,9240
74,0555
74,5185
74,0614
74,3125
74,3686
73,5507
75,1424
73,1251
73,4420
74,4711
73,6784
74,1768
74,1387
73,8166
74,4699
73,9689
73,9017
73,9579
73,7608
73,7056
74,8100
73,6375
73,9369
74,2486
74,3229
73,5285
73,9285
73,9771
74,0516
74,1982
73,9879
73,9845
73,5566
73,8214
73,7718
74,3012
74,3087
73,8176
73,1996
73,6678
73,5823
73,9938
73,9551
73,9676
73,8853
74,3157
73,7230
74,4835
74,2321
73,3030
73,8560
74,1359
74,2249
73,7424
73,2419
73,4806
73,8936
73,5147
73,6795
73,7483
73,8280
73,1113
73,4638
74,2692
73,9729
73,3188
73,1595
74,1720
73,2776
73,8346
73,9858
73,7563
73,4616
73,4237
73,7131
73,3765
73,5231
73,2394
73,8849
74,3559
73,8519
73,8494
74,4275
73,9737
73,7538
74,2770
74,0192
73,9661
73,5282
74,2314
74,1302
73,4014
74,2356
73,3103
73,8245
73,2179
74,2345
74,1798
74,3627
74,7592
73,9459
73,9717
73,4180
73,8055
73,8123
73,6602
73,7242
73,0638
73,7324
74,4536
74,1668
73,9160
74,4732
74,3712
73,9746
73,3798
74,0330
74,7684
73,8849
74,2400
73,9365
74,0937
74,6328
74,3610
74,1953
74,3313
73,5170
74,1771
73,4286
73,6053
74,4761
74,0432
74,1507
74,2182
74,5243
74,2852
74,0848
73,4430
72,8301
73,5534
73,8854
74,2496
73,9252
74,4369
73,8774
74,0122
74,4824
74,2703
73,3257
73,8524
73,8135
73,6423
74,4132
74,2393
74,0861
73,9195
73,4199
73,5377
73,7785
73,4864
72,9661
73,3531
73,3621
73,7745
74,0405
73,7814
73,5540
74,1780
74,3034
73,6133
74,2127
73,9967
73,9804
73,9852
73,3012
74,6170
73,7364
74,1560
73,2537
74,5395
73,7541
74,5194
73,9084
74,7290
74,1169
73,7533
73,7769
73,8049
73,7527
74,3570
74,0974
74,4604
73,8085
73,9775
73,6767
73,5626
73,9966
73,3701
73,5128
74,2929
74,2528
73,9072
74,2650
74,2411
74,2608
73,7490
74,2361
73,7357
74,5401
73,8573
73,6554
74,2437
74,3999
74,3420
73,5704
73,8653
74,2790
73,5133
74,3863
73,6691
74,0949
74,1413
74,2665
73,7108
73,7346
74,1160
73,9876
73,7049
73,9277
73,8627
74,1608
73,6025
74,3807
73,8170
73,7500
73,6095
73,3904
74,2357
73,8249
73,2362
74,0949
73,7421
73,8624
74,8420
74,0582
74,0804
73,9772
74,2219
73,8666
73,5695
73,7759
73,9291
73,8609
73,7313
74,0513
74,1372
74,1544
73,4225
73,8108
74,4643
73,7458
73,7812
74,4126
73,1187
73,7147
73,4987
74,0764
74,5005
73,9138
73,7259
74,0802
74,2891
74,1580
73,8974
74,5664
74,1937
74,6539
73,7963
73,8388
73,4324
74,1264
73,6977
73,7062
74,1199
73,2981
73,8894
73,4369
74,7508
73,8279
73,5859
74,2276
74,0643
73,6694
73,6189
73,7897
73,6394
74,1623
73,8294
73,7271
73,7689
73,8919
73,7106
73,7910
74,2876
73,8029
74,1364
74,9160
73,3547
73,4099
73,8126
74,3383
74,2639
74,0737
73,7997
73,6707
74,0853
73,7807
73,7817
74,0874
74,1955
73,5642
73,9848
73,6205
73,7499
74,2401
73,4587
73,7997
73,5687
74,3397
73,7187
73,8135
74,1813
73,5695
74,0007
74,0229
73,9520
73,8617
73,8841
73,9291
73,8440
73,5555
73,7769
73,8535
74,4271
73,3278
73,8711
73,4055
74,3213
73,4379
73,6719
74,1209
73,6783
73,8868
74,1939
74,2200
73,5438
74,1110
73,7635
74,2200
73,8633
73,5295
73,8427
73,5387
73,5634
74,0583
73,4743
74,3373
74,1669
73,8856
73,6080
73,9784
74,4029
73,1808
75,0188
74,6092
74,1241
73,6999
73,9580
74,1653
74,3921
74,0574
73,5741
73,5926
74,0501
73,5198
74,2703
74,5211
73,9795
73,2857
73,9551
73,5898
74,3477
74,1719
73,7636
74,0418
74,0002
74,0463
74,4129
73,8360
73,8829
73,9471
73,8774
73,8372
74,3443
74,1842
74,1544
74,5448
74,0440
73,4554
74,3244
73,2673
74,1841
74,1498
74,0690
73,7628
74,1975
74,2748
73,8128
73,9496
74,4391
73,1973
74,4039
73,4476
73,3689
74,2133
74,6177
73,2594
73,9078
73,9077
74,2434
73,7045
73,3934
73,1574
73,5577
74,5268
73,8931
73,1030
73,7666
73,9326
73,8586
74,0447
73,9703
74,0433
74,0378
74,0750
74,7231
73,8673
73,4609
73,7466
73,9577
73,9859
73,6104
74,0509
73,7646
73,9330
74,3402
73,8670
74,4896
73,8084
74,4087
73,3926
73,5063
74,0728
73,5828
73,5742
74,2634
74,4043
74,6349
74,4897
74,3669
74,0125
73,8759
73,1531
73,9323
73,7850
73,9059
74,4409
73,9837
74,2632
74,2855
73,3297
74,4443
74,0002
73,3825
73,5729
74,0987
74,3325
73,8823
73,9444
73,9024
74,1367
73,7199
73,8323
74,1986
74,4285
73,8890
74,3084
73,4876
74,0432
74,3648
73,7618
73,6884
73,9776
73,5407
73,9571
74,3512
73,8312
73,5509
73,7071
73,7044
73,4387
73,8315
73,7953
73,4035
73,8124
74,4794
74,0402
73,7200
73,9462
74,0520
73,8816
74,5576
74,4828
73,9379
74,1032
73,6329
73,8320
73,8132
73,5561
74,9522
73,4224
73,5941
73,7191
73,9984
73,9139
73,3521
73,8437
74,3336
74,0243
74,3428
73,8618
73,9097
73,5636
74,7487
74,2989
73,5481
73,7913
73,7688
73,7743
73,8022
73,3771
74,1218
73,6573
73,5591
73,5898
73,7696
73,0785
73,4184
74,1945
73,3932
74,0770
74,1804
73,9031
73,8949
74,0092
74,3478
73,7809
73,4927
73,6191
73,9945
73,3905
74,4904
74,4180
73,8424
74,5593
74,1631
73,8113
73,4677
73,9821
73,9165
73,9063
73,8389
73,6724
73,7659
74,0051
73,9781
73,6396
74,4823
73,9126
73,7374
73,8650
74,2426
73,6492
74,1688
73,4800
74,0223
73,7349
73,7637
73,7055
74,5775
73,7793
73,8135
74,1677
74,0358
74,1129
73,9366
73,7261
74,2798
73,9209
73,5299
73,9736
74,0918
73,5313
73,6631
73,9220
74,2691
74,5091
74,2981
74,3216
73,2750
73,9442
74,4551
74,1171
73,6642
74,5625
73,6227
73,9648
73,6263
73,8361
73,9481
73,5365
73,9928
74,4110
74,4506
73,3974
74,6536
74,2120
73,6164
74,2162
74,0054
73,7295
73,7944
74,2520
73,7767
74,8496
74,1255
74,0351
74,2565
73,8977
73,3765
73,8231
74,1504
74,9654
74,1632
73,3498
73,9656
74,0178
73,9940
73,6103
73,9864
74,1065
74,2235
73,8440
73,5951
73,8937
74,9132
73,3618
73,8179
74,1592
73,9037
73,6238
73,4884
74,2660
73,9329
73,6996
74,1194
73,3647
74,3702
73,6741
73,9814
73,8408
74,1329
74,6663
73,7024
73,9540
73,2756
74,0856
74,5880
73,5807
73,5034
73,0597
73,9737
74,2027
73,9257
74,0521
74,3004
73,9169
74,0647
74,0832
73,8098
74,2000
73,6875
74,0758
73,5824
74,1619
74,5132
74,1405
74,6301
73,0497
74,4266
73,4937
74,3100
73,4350
73,5554
73,8099
74,1676
73,1305
73,9496
74,5501
73,7311
74,3865
73,3798
74,0874
73,9834
74,7450
74,3428
73,2110
73,9044
73,9911
73,6069
73,8775
73,8018
73,2698
73,6727
73,5422
73,2301
73,9899
74,0189
73,4171
73,6188
74,0212
74,0929
74,1200
73,5038
74,5797
73,8740
74,1359
73,7961
74,5447
73,8345
74,1178
73,6486
73,5563
73,5872
74,3729
73,3933
73,6151
73,6780
73,6827
73,9690
74,3994
73,8757
74,4151
74,9880
73,8837
73,5464
73,7405
73,9117
73,7791
74,2831
73,5295
74,0387
73,4212
73,8908
74,2958
74,6340
73,5810
73,9014
75,2721
73,8627
73,4248
73,8867
74,2389
73,2466
74,3773
74,4008
74,0325
74,2534
73,8714
74,1071
74,1063
75,3864
74,4986
73,9121
73,1296
74,3861
74,2710
73,8700
74,5696
73,7735
73,6771
73,5550
74,4886
74,1507
73,6521
73,5321
73,7847
73,7686
73,5494
73,5832
74,2362
74,2906
74,0073
73,9953
73,6477
74,3703
74,1499
73,7471
73,8384
74,2621
73,8843
73,7885
73,4809
74,0269
74,2653
74,3612
73,9355
73,6671
73,2006
73,9655
74,4129
74,5642
73,5497
73,2299
73,4762
74,4022
73,7378
74,1218
73,9479
73,7889
74,3568
74,1399
73,9485
73,5750
73,7382
73,4746
73,2799
74,0505
73,6961
73,9275
73,8907
73,4351
73,6663
73,5724
73,6093
74,0710
74,1742
73,5028
73,8284
73,5172
73,5680
74,7692
73,8797
73,7163
74,2006
73,4687
74,4660
73,9048
73,8217
73,9170
73,2188
74,0962
73,6475
73,7481
73,3349
74,2749
72,8349
73,2717
74,2560
73,8546
73,8280
74,5399
73,4062
73,9138
73,3320
74,2417
73,4094
74,1607
74,1588
74,6182
73,9792
73,8656
73,9001
73,5977
73,9302
73,6173
73,8611
74,0857
73,5835
73,7014
73,6461
73,9136
73,6752
74,1068
73,1781
74,1145
74,7865
74,1871
73,8699
74,0280
73,9387
73,7739
73,7935
73,6824
73,5810
73,6445
73,9832
73,4933
74,0103
73,9605
74,0700
73,6516
73,9834
73,7438
73,9674
74,1344
74,1158
73,4448
73,7731
73,2724
73,6213
74,0081
73,6466
73,2293
74,3655
73,6742
74,4169
74,0564
74,4329
73,4553
73,7947
74,4662
73,8852
73,6434
73,7181
73,8587
74,1818
73,5291
73,7586
74,4172
73,5824
74,4551
73,4070
73,8973
73,4041
74,2780
73,5682
74,2927
73,6481
74,4312
74,2706
73,9385
74,0922
73,9670
73,7358
73,8851
73,9550
74,0989
73,2890
73,7707
74,1399
73,6107
73,7719
74,0005
73,6035
74,6262
73,0897
73,9844
74,0270
73,4816
73,8851
74,1404
73,8085
73,7276
73,8670
73,6817
73,9849
74,0905
73,6592
73,4650
74,4980
74,5195
74,3551
73,9218
73,9051
73,7758
73,5425
74,2475
73,8229
73,4805
74,1384
73,7014
73,8325
73,5345
74,2358
73,7644
74,4538
74,5619
74,3773
73,6163
74,1087
73,5380
74,3227
73,9994
73,7133
74,1784
74,3704
73,7222
74,3031
73,1222
73,8911
74,1694
73,9326
73,2500
74,0549
74,1480
74,0180
73,7985
73,7908
74,6266
73,8670
73,9496
73,5535
73,5784
72,8175
73,3638
73,5699
73,5687
73,5246
73,8320
74,0444
74,1925
74,0402
73,7743
74,2949
73,8772
73,5706
73,5242
73,7156
74,4030
73,4451
73,8675
73,5469
74,1611
73,9713
74,3362
74,1408
74,5199
74,6497
73,9860
74,2975
74,6305
73,4091
73,7682
73,9898
73,6062
73,5137
74,1186
74,4050
73,8919
74,6401
73,3614
73,9459
73,3808
73,6999
73,9627
74,7419
74,1888
73,9466
73,9476
74,3046
73,5354
74,1330
74,2834
74,3051
73,5183
74,2134
73,6422
74,2687
74,4804
74,2080
74,1996
72,9283
74,1053
73,1304
74,1248
73,6962
73,5653
73,3997
73,5347
74,5117
74,5759
73,5323
73,6474
74,0696
74,0288
73,7243
73,9325
74,0811
74,4870
74,3590
74,1363
73,6003
73,9023
74,4236
74,3199
74,2270
73,6959
73,3389
73,4179
74,2390
73,4815
74,7143
73,9006
74,0365
74,4544
74,3266
74,0233
74,3357
74,2550
73,2938
73,8380
73,8415
73,9107
73,8140
73,8984
74,8965
74,1427
73,8275
73,4905
73,9082
73,9949
74,4024
74,3549
73,8796
74,3899
73,7042
74,2019
74,1195
74,1424
72,9137
74,0097
73,3478
74,4908
74,1898
74,3742
73,9878
74,0217
74,2929
74,3326
74,0322
72,9910
73,5773
73,2903
74,1857
73,9985
74,2002
73,5404
74,2171
73,9006
73,9848
74,3338
73,7452
73,8042
73,5545
74,0311
73,6406
74,2264
74,3386
74,2139
74,3086
74,0620
73,4554
73,9765
74,3313
73,4431
74,0211
74,0360
74,0944
73,6225
74,0116
73,8920
74,2171
74,6793
74,1724
74,2437
73,4806
74,0307
73,0873
73,3128
74,4509
73,7003
73,6729
73,7010
74,1359
74,1168
74,5131
74,1645
74,2440
74,2238
74,1829
74,6524
74,1576
73,6025
73,1258
73,8169
74,6984
74,2497
74,3151
73,8727
73,5849
73,2572
74,6473
73,7643
73,3206
73,7883
73,5321
73,5262
74,3192
73,7402
73,7749
74,0430
73,5598
74,0650
74,3931
74,1284
74,6283
73,1965
73,4332
74,1189
73,7700
74,1407
73,5269
74,6328
74,1751
73,9024
74,4731
73,9803
73,9427
74,7475
73,5062
73,7354
73,1691
73,4057
74,0060
74,0106
74,0779
73,9276
74,1812
73,7182
73,8383
73,4169
73,6480
72,8961
73,6375
74,1795
74,3718
74,1667
74,0455
74,2487
74,1455
74,1947
74,1943
73,9252
73,5559
73,9420
74,2004
73,1992
73,9369
73,2357
74,2436
73,5656
74,0166
73,6299
73,6051
73,8266
74,1658
74,5625
73,9110
74,1484
73,1605
73,7790
74,2346
74,3181
74,1839
74,4192
73,7621
74,0395
73,9774
73,9354
74,1334
74,5036
73,8217
73,6909
73,4525
73,8856
73,8586
74,9580
74,6743
73,8212
73,7933
74,1564
73,4495
74,0524
73,6525
73,5292
73,6599
73,6732
74,3234
73,6773
74,0492
73,4073
73,0483
74,7557
74,1300
74,0728
74,2291
72,9811
73,8650
74,4718
73,6535
74,2906
73,5070
73,4146
74,0435
73,8882
74,5914
74,4123
73,8385
74,1030
74,1065
74,3472
73,7466
73,3240
73,6856
73,7050
73,6101
73,5908
74,6001
73,8464
73,9292
74,1975
74,3998
74,2043
73,4463
72,8721
73,6753
74,4907
73,8374
75,0407
74,2917
73,3898
73,5074
73,6579
74,1786
73,2408
73,9312
74,2843
73,8231
73,9429
73,9976
74,2668
73,6854
73,5148
73,9380
74,2785
74,4199
74,1621
74,2374
73,2371
73,6772
73,8966
74,0507
73,7125
73,6600
73,8053
73,5907
73,6759
73,7289
73,8657
74,0766
73,2636
73,5071
73,5871
74,2062
73,8440
73,2193
73,4712
73,4364
74,6621
74,8789
73,9184
73,8875
74,5834
74,7824
72,6492
73,9323
73,4883
73,8419
74,3032
74,2308
73,8679
73,4576
74,2010
74,0200
74,7490
73,4666
73,6024
74,1025
74,1128
73,8056
74,1012
74,7282
73,4422
73,9406
74,2579
74,2749
73,5197
74,6612
73,6101
74,6364
73,2797
74,1012
73,9684
74,3322
74,0137
73,3327
74,3346
75,0427
73,3772
74,1646
73,6229
73,6428
73,7490
73,3454
74,0559
73,7953
73,9093
73,5740
74,4209
73,9796
73,8488
73,6546
73,7604
73,5519
73,6818
73,7771
73,1246
74,0498
74,2482
73,9250
74,1217
72,9665
73,5349
73,5177
73,6094
74,0750
73,4203
73,7565
74,1940
73,9989
73,1878
73,7476
74,0375
73,8359
73,7330
74,6698
73,6622
73,8541
73,4893
73,5778
73,9680
73,7015
73,7536
73,6359
74,7436
74,4791
74,1610
73,1614
74,3833
73,7843
73,8458
74,2922
74,2307
73,5418
74,4742
73,7595
74,3298
73,2608
73,4460
73,7780
73,6139
73,2254
74,1383
74,3044
74,3774
73,9656
73,7940
73,7339
73,9899
73,5748
73,6284
74,1416
74,1583
73,7532
73,3553
74,4120
74,1305
73,2831
73,1343
74,1964
73,2071
73,7220
73,8417
74,6152
73,6488
73,6267
73,8933
73,3341
73,9924
73,8768
73,1917
73,9673
73,3669
73,9526
73,4239
74,4460
73,9850
73,8405
74,4012
74,5365
74,1050
73,9383
73,1810
73,2853
73,7985
73,5981
74,1331
74,2478
74,6741
73,2167
73,3312
74,2292
74,1191
73,9560
73,8594
73,5524
73,3949
74,4183
73,5718
73,9444
73,4503
74,1019
74,5778
74,3425
73,2202
73,3697
73,8128
73,9584
73,4932
74,1945
73,8374
74,0789
73,9717
73,7869
74,1685
73,6879
73,9267
73,9572
74,2371
72,9654
73,7389
73,7953
74,1713
73,6110
73,2898
74,2796
73,7492
74,1829
73,8328
74,1873
73,5863
73,9262
73,5067
74,2175
73,9770
73,4377
73,5719
73,4168
74,2033
74,6843
73,9701
73,7453
74,4222
74,3594
74,1073
74,2697
73,6379
74,3471
73,3469
73,9642
73,0780
74,0724
73,6363
73,9666
73,6669
74,0706
74,1518
73,7961
73,6953
73,4569
73,2236
73,6249
74,0211
73,7233
73,7223
73,8839
74,4232
73,8392
73,8913
73,2689
73,4787
73,7990
73,6339
73,8476
73,6413
74,3742
74,0524
73,4817
73,9898
73,5170
74,7541
73,1956
74,2040
74,2695
73,2973
74,1600
73,5036
73,8161
73,8936
72,9331
74,4568
73,8861
73,8300
74,0313
73,6941
73,6682
74,4165
73,7804
73,4666
73,9625
73,8890
73,6136
74,5379
73,4241
74,0662
74,4267
73,5057
73,7541
73,4516
73,1261
73,5267
73,5202
73,9637
73,9351
73,8578
73,4952
74,2915
74,2808
74,1314
73,7639
74,0713
74,0206
74,1674
73,7471
74,1525
73,9205
74,2555
73,8520
73,5464
73,7230
74,6067
73,9908
74,0673
74,3699
73,9050
74,1622
73,9825
73,4130
74,0286
74,6738
74,0360
73,9781
73,6094
73,2298
74,0123
73,8833
73,5564
73,5108
74,8308
73,6705
73,8110
73,5197
73,8399
73,6906
73,9556
74,2807
73,8906
74,0386
73,6396
74,1952
73,6490
74,4136
73,2638
73,8844
74,1463
73,6186
73,8792
74,5669
73,4054
74,1962
73,8171
73,4699
73,7411
74,3178
73,9805
73,8924
73,7611
73,6249
74,1958
73,6768
74,2599
73,7070
73,2236
73,6625
74,0677
74,0966
73,9469
73,7777
74,0546
74,1048
74,4113
73,7704
73,8169
74,5724
73,8873
73,5671
73,8988
74,2245
73,9534
74,1031
73,9054
73,8387
74,0161
74,0462
74,1468
73,5660
73,8223
73,1457
73,7575
73,8181
73,9923
73,8274
73,1630
74,0957
74,1346
73,7803
73,9524
73,8105
74,5474
73,8676
73,8989
73,9223
74,2016
74,0826
73,6990
73,1872
73,8560
74,0993
74,0350
73,4840
73,7946
74,0062
73,7934
74,4023
73,8453
74,3382
73,7746
73,9339
73,9070
74,5833
73,9626
73,5921
73,7093
73,8063
74,0919
73,9200
74,3234
73,7503
74,2334
73,5122
74,0884
73,9164
73,6817
73,4404
73,7327
74,6741
74,8031
73,7776
73,1290
74,3727
74,3048
73,4413
74,8675
73,8619
73,7983
74,3040
73,7500
73,8259
74,6883
74,2481
73,2212
73,8693
73,7331
73,6462
74,2265
74,5386
73,8498
73,9556
74,3097
74,0099
74,1563
73,7878
74,0931
73,2434
74,3282
73,7662
73,4959
73,7199
74,0333
73,7629
73,1336
74,3616
73,6438
74,1262
73,8511
74,0329
73,7234
73,9148
74,0989
74,0199
74,1751
73,6732
73,8120
74,5697
74,3949
74,4651
73,8163
73,7233
74,1405
73,8303
73,6150
74,0728
74,4840
73,5474
73,3663
74,5056
73,9904
73,6528
74,0204
73,9315
73,9077
73,9264
73,7777
73,7501
73,7104
74,0991
74,3258
73,3562
74,3636
73,7988
73,5101
73,5378
73,7358
73,1912
73,2038
73,8688
73,4558
73,6623
73,9189
74,4377
74,1514
74,2914
73,3822
73,8101
73,6709
73,5904
73,5363
73,9829
73,8821
74,2913
73,9960
73,5293
74,2510
74,2152
73,7162
74,3127
73,4487
73,3429
73,9977
74,7219
73,5816
73,6005
73,9332
74,4774
73,2283
73,8069
73,6879
74,0460
74,3001
74,1639
74,1291
75,0214
74,0469
74,0494
73,8999
74,0358
74,1156
74,0216
73,8304
74,6142
73,8116
73,7526
73,4949
73,9207
74,7040
73,9835
73,9149
73,8778
73,7986
74,3281
74,1027
73,4720
74,0593
73,9312
73,7665
74,5781
73,7751
73,5100
74,2089
73,5795
74,0133
74,0273
73,4418
73,8987
73,7584
73,9692
74,1668
73,7493
73,9967
73,7834
73,8596
73,4903
73,6779
74,3857
73,9799
74,0171
73,1992
73,7297
74,0566
74,0370
73,7528
73,7440
73,5297
73,5385
74,0312
74,0948
74,3020
73,7903
74,0748
74,4200
74,1705
74,3891
73,4338
73,6406
73,7407
74,5618
74,1060
74,4092
73,7598
73,6954
73,4549
73,4344
74,1316
73,8968
74,1550
73,7182
73,9621
74,0069
73,7675
73,6445
74,0233
73,8131
74,1524
74,2946
74,2752
74,0236
74,4651
73,7897
74,0147
73,2452
73,8153
74,2627
74,2554
73,7623
74,3854
73,9907
73,9733
74,5054
74,2606
74,3106
73,7265
73,7475
73,3400
73,1688
73,2888
73,6400
73,7487
73,8942
73,5389
73,9427
73,8271
74,2177
73,7696
73,1927
74,1682
73,4765
74,0221
73,8547
74,4276
73,9997
73,7122
74,9363
74,1538
73,8049
74,4942
73,3978
73,6629
73,6914
74,0857
73,9676
74,0883
74,3709
73,1810
73,0908
73,8646
74,1829
74,0414
74,1361
73,9314
73,2771
73,1228
74,0266
73,6794
73,6227
73,7494
73,7331
73,6727
73,3328
73,7192
73,6158
74,4687
73,4456
73,4894
73,4944
73,9832
73,6155
74,1464
73,9188
74,5982
74,4714
73,5058
73,7084
73,5576
74,2484
73,5519
73,7596
74,0943
73,6520
73,8431
73,8074
73,7906
73,8872
73,7544
73,9061
73,6687
74,5625
73,6120
73,2908
74,3539
74,1614
74,1178
73,9665
73,6355
74,0017
74,4570
74,2373
73,6411
74,2801
73,4000
73,7261
73,6305
74,6041
74,2267
74,5044
73,6109
73,7656
73,8625
73,8693
73,8965
74,6456
73,4015
73,9014
73,7257
74,8057
73,7786
74,1144
73,9625
73,6630
74,6569
74,1391
74,1004
73,8304
73,8023
74,1776
73,1357
73,7377
74,4687
73,8382
74,3912
73,1479
73,3086
73,1893
74,5672
74,0345
74,0759
73,9374
73,8963
75,0207
74,1596
74,2572
73,6942
73,9584
74,6459
73,3414
73,9824
73,9620
74,0039
73,6854
74,0440
73,7420
73,6386
73,9281
73,9322
74,4624
73,1016
74,3137
73,7614
73,8192
74,0717
73,8591
74,2463
73,8360
74,0575
74,5510
74,0463
73,3895
73,8344
74,0618
74,3316
74,4490
73,9437
74,0592
73,8382
74,1943
73,4711
73,8906
73,4282
73,7440
73,4812
73,7718
73,6233
73,7066
74,0200
73,9822
74,0119
73,6905
73,7691
74,3438
74,2051
73,6080
74,4687
73,4542
73,7192
74,0131
73,6593
74,0829
74,5024
73,7962
73,6289
73,7324
73,9915
74,0615
73,9478
74,3717
73,5551
73,3092
73,6596
73,5195
74,0016
73,5894
74,0334
74,0118
74,1062
73,7220
73,6335
74,0011
73,8861
73,4143
73,6393
73,6794
73,3408
73,8123
74,5124
74,5816
72,8796
73,7672
73,4348
73,6172
73,2502
74,8767
73,7342
74,0495
73,7592
74,2912
74,1699
74,4972
73,9285
73,5154
74,0023
74,1594
73,5264
73,5242
73,3098
74,3188
74,2783
73,5368
74,2007
73,8473
73,3266
73,8643
73,5677
73,7261
73,7393
74,5653
73,8261
74,1494
73,9832
73,8984
73,7653
73,7281
73,5898
74,5110
73,7565
74,3035
74,0067
73,8757
73,2862
73,8083
73,9290
73,7680
73,5853
74,2942
73,5362
73,6696
74,1390
73,2323
73,7415
73,7730
74,4084
73,0148
73,4863
74,3264
73,7308
73,9335
74,0358
73,8972
74,0326
74,0447
73,5572
73,9972
74,2801
74,3755
74,3780
73,5002
74,5712
73,9712
73,8010
74,2437
73,9379
73,7923
73,9484
74,4996
73,8302
73,7172
73,9660
74,1583
73,4194
73,8885
73,4552
73,8664
73,9651
74,0527
73,2967
73,1732
73,9235
74,1545
73,9584
74,1088
73,5505
74,4679
73,2175
73,9943
74,1435
74,3102
74,2676
73,9877
74,2412
73,9051
74,0785
74,2418
73,6161
73,8263
74,6500
73,5787
73,1122
73,7592
74,4346
73,7118
74,2093
73,5651
73,9570
73,6707
74,0073
74,0028
74,3117
73,9527
74,1856
74,2558
73,7463
73,8632
73,6612
73,7890
73,7292
74,3287
73,9107
74,2479
74,0228
73,8779
73,5533
73,9072
74,0096
73,6548
73,7010
73,8610
74,3084
72,8076
74,4740
73,6569
74,1572
73,6782
73,9120
74,2682
73,7503
73,6590
73,4946
73,7977
74,4589
73,5264
73,3963
73,5624
73,4599
74,0290
74,0268
74,4393
74,6601
74,1244
74,2891
73,5625
74,2438
74,2641
74,2934
73,3416
73,9196
74,4070
73,5969
73,4140
74,1772
73,6260
73,1834
74,0781
73,4824
73,8923
73,7658
73,7114
73,8399
73,9348
74,3054
73,6958
73,5062
73,3029
74,0742
74,0964
73,9743
74,3142
74,2499
74,1551
73,9933
74,3989
73,4189
74,2095
73,7207
73,4472
74,2104
74,1136
73,8599
74,1228
74,5293
74,5024
73,6014
74,1599
73,3467
73,2487
73,8132
73,6304
73,5436
74,2075
74,1535
74,0819
74,0851
73,4591
73,7489
73,5465
74,0840
73,7055
73,9000
74,0867
74,3379
74,1029
74,5403
73,9113
73,5298
73,7010
73,2589
74,2151
73,1048
73,8627
73,9580
74,4445
74,3990
74,0079
73,3429
73,4804
74,6150
73,8972
73,5269
73,7829
73,7196
73,5834
74,1373
74,4237
73,8641
73,1891
74,1388
73,7598
74,1381
73,4639
74,6128
73,7740
73,1623
73,5954
73,5867
73,3022
74,0003
74,0179
73,5727
73,8113
73,8084
73,9696
74,1987
73,6166
73,5436
74,1745
73,7959
73,8034
73,7665
74,3621
73,7698
73,8949
73,9902
74,1041
74,0381
74,0088
74,5947
74,0904
73,2720
73,9357
73,8015
74,5302
73,9147
74,1656
73,9391
73,9269
73,9146
74,0305
74,3358
74,1783
74,3520
72,9960
74,5189
74,2601
73,9993
73,2688
74,5157
74,0300
74,1758
73,5475
73,3992
74,1238
74,2019
73,6755
73,3135
73,5829
73,6699
73,5320
73,7195
73,7421
74,2782
73,8829
73,4035
73,7884
73,4050
73,7476
73,4876
73,9213
73,6837
74,1738
73,8424
74,1375
73,5855
74,4088
73,9210
74,4729
73,7718
74,2807
74,0278
74,1597
74,0352
73,9777
73,7730
73,6781
74,2947
73,6936
74,5704
74,1499
74,3583
74,2302
73,4458
73,3418
74,0676
74,1869
74,6544
73,3842
74,0463
73,9339
73,4678
73,5981
74,2138
73,7321
73,9706
73,9718
73,7736
73,3059
74,1813
73,6418
73,6542
73,5925
74,4143
73,4824
73,3680
74,1308
74,2786
73,6648
73,2056
74,5910
74,7344
73,8868
74,2584
74,3644
73,4506
73,6019
73,7890
73,9235
74,0264
73,8212
73,4830
73,5391
74,2301
74,8937
75,0075
73,7504
73,8490
74,6387
73,5401
74,2858
74,7299
73,4588
74,0289
74,1779
73,8219
73,1762
74,3188
73,3586
73,7127
73,4962
73,5181
73,7870
74,3358
74,3797
73,5905
73,6845
74,1281
72,9643
73,0175
72,9844
74,1792
73,8021
73,4061
74,0308
74,4312
73,8599
74,1374
74,1074
73,3394
74,2277
73,4854
74,4060
73,8052
73,8653
73,4412
74,6009
73,9849
74,3753
73,8741
73,2722
73,2112
73,7597
73,5941
74,6796
73,9138
74,1864
73,3571
74,2745
73,0217
73,8187
74,1554
74,3283
73,5874
74,2479
73,5862
74,2659
74,0530
73,9280
73,9232
73,5933
74,4184
73,6323
73,6264
74,1363
73,7292
74,3859
73,9611
73,9966
74,4959
73,5357
74,1372
74,0351
73,9531
74,3195
73,6436
73,5541
74,0331
73,4569
74,0917
73,9840
73,0444
74,3424
74,5886
73,7081
74,1191
74,1395
74,0781
74,4050
74,0039
74,2903
74,4156
74,1543
73,7621
73,0481
73,4077
73,7843
74,8722
73,8139
74,4548
73,4798
74,6424
74,5154
73,7469
74,0655
73,3863
74,1330
74,4661
73,7267
74,0819
73,9424
73,9691
74,4072
73,6946
74,0230
73,7016
73,9639
74,3709
74,3836
74,2300
73,6050
74,2113
74,0148
75,0258
74,2220
74,4408
73,7534
73,9862
73,6450
73,7372
74,1347
74,0168
74,3208
73,8109
73,6484
74,8424
73,9852
74,4005
73,7636
73,9481
74,0981
74,3954
73,8961
74,0208
74,1467
73,7481
73,9474
73,9084
74,0915
73,7360
74,2296
74,0490
74,3607
73,7996
74,1405
73,5469
73,0119
74,2322
73,8410
74,0293
73,7293
73,0339
73,9619
74,5408
73,4138
73,4300
74,2208
73,3070
74,2651
73,9108
73,5565
74,3100
74,1558
73,6795
74,2983
73,9592
73,9986
73,6592
73,8278
74,1356
74,1278
73,8888
73,3270
73,8893
73,9239
73,3588
74,0960
74,1051
74,3136
72,9625
73,4861
73,8232
73,9679
73,9283
74,5983
73,8117
73,9076
73,4678
73,8117
73,9175
74,0234
74,1871
73,7333
73,6682
74,2807
74,1226
73,9350
73,8792
73,5382
74,5514
73,8121
74,2007
73,4759
74,0713
73,4697
74,0564
74,4761
74,3398
74,0230
74,1798
73,6314
73,4757
74,0400
74,2711
74,0228
73,9436
74,1448
73,9144
74,0600
73,6483
73,8151
74,5331
73,6703
74,2684
73,4005
73,6874
73,5787
73,4510
73,6773
73,4230
73,9768
72,8319
73,3659
73,5626
73,9404
73,5650
74,2933
73,8065
74,2423
74,5943
73,9059
73,7617
74,5075
74,1997
74,0878
73,9211
73,3556
73,5060
73,8045
74,0586
73,8308
73,8582
73,6860
74,1704
74,3673
73,8528
74,8270
73,8046
73,9396
73,9466
74,4601
74,1034
73,9986
74,2695
74,0630
74,2116
73,5841
73,8142
73,3946
73,5987
73,9884
74,2735
74,0371
73,7616
73,7883
73,1674
74,2746
74,0197
73,8288
74,1816
73,7044
73,6723
74,1671
73,3033
73,9949
73,5125
73,8145
74,0524
74,1691
73,8157
73,0878
74,2076
73,9965
74,1916
73,6869
73,8426
74,0947
74,0058
74,4460
74,0288
73,2573
74,1313
73,4526
73,1763
73,7714
74,4771
74,4487
73,9229
73,4884
74,1079
74,0006
74,2505
73,8672
73,8934
73,1415
73,8730
73,6520
74,7329
73,6501
73,4383
73,8505
73,9107
73,8859
73,7371
73,1652
74,0514
73,8736
73,9388
73,8572
73,9898
74,0812
73,9990
73,5605
73,9211
73,9950
73,4554
74,1286
73,9837
73,8403
74,5172
73,1629
74,0782
74,1290
73,7776
73,8909
73,7281
73,6351
73,9419
73,8839
74,0331
73,7128
74,3576
74,3622
74,4544
73,4581
73,5954
73,6097
74,0695
73,5760
73,6333
73,8081
73,4264
74,4821
73,5593
73,9000
73,8200
73,2914
73,4145
74,2512
73,5355
73,9925
74,3476
73,5709
74,2058
74,0164
73,5590
74,1389
74,3880
73,7832
73,9768
74,2079
73,9616
73,8526
74,3255
73,6926
73,8046
73,9453
74,1310
74,4827
73,5495
73,1208
74,0092
74,0106
72,9793
74,4925
74,3665
73,9238
74,1591
73,2400
74,0793
74,0659
74,2461
73,9542
73,8528
73,9083
73,8892
73,0910
74,0861
73,4460
74,2399
74,5889
74,6746
74,1836
73,6411
73,5965
73,5753
73,8061
74,2806
73,7112
74,4137
73,4923
74,0117
73,4926
74,1285
73,5054
73,6884
73,9774
74,1236
74,1837
73,9201
73,8034
73,5200
73,7764
73,1849
73,8824
74,6419
73,6064
73,8051
73,7800
73,5124
74,1179
73,6305
73,8952
74,0508
73,8527
73,9521
74,3059
73,8361
73,7229
74,6525
73,3241
74,1530
73,7718
73,8018
74,1478
73,8972
74,0944
74,1650
73,3956
73,7876
73,9339
73,6487
73,8916
73,6961
73,6817
74,5093
73,9639
74,5573
73,8042
73,8737
74,0254
73,8529
74,3397
73,4159
74,6223
74,2005
74,0335
73,6359
73,8428
73,9614
73,4642
73,7866
73,6569
74,1267
74,3559
73,3295
74,0342
73,1767
73,5423
74,3433
73,4023
74,0537
73,8830
73,5942
73,9860
73,4158
73,8305
73,3792
73,5786
73,8152
73,2401
74,2282
74,0978
73,8465
74,2892
73,7577
74,0775
73,9558
73,7319
74,1436
73,6895
73,6843
73,3963
74,3080
73,8362
74,2617
74,2832
73,6490
73,5717
73,6077
73,7161
73,7341
73,9385
73,3902
74,3916
74,1595
73,5210
73,4610
74,4765
73,8985
73,4367
74,2413
73,2416
74,0608
73,1258
73,6890
73,9953
74,4758
74,4781
74,1622
73,6171
73,8188
73,9559
74,0171
73,9717
74,0242
74,1078
73,8222
72,8327
73,5535
74,1163
73,1342
73,9934
74,3897
74,4199
73,8658
73,4652
73,8483
73,5402
73,7546
73,9202
73,6092
74,2065
74,2778
74,5645
73,7814
74,0156
74,0892
73,1116
73,8970
74,3309
73,6745
74,2547
73,2590
74,1750
73,7022
73,6512
73,8888
73,5782
73,9604
74,2835
73,1563
73,7323
74,1971
74,3406
73,7726
74,0961
74,0266
73,9216
74,2613
74,3048
73,9014
74,3896
73,3127
73,1467
73,5256
74,1032
74,3036
74,3447
74,2883
73,2747
73,0098
74,0561
73,5166
73,9857
73,9745
74,7415
73,7992
74,5621
73,8361
74,0640
73,8824
73,7838
74,0582
73,3318
73,4983
73,9273
74,3780
74,2025
73,3295
74,1243
73,8057
73,4441
73,9008
73,9435
73,9506
74,2043
73,9157
73,9300
73,2806
73,3481
74,3794
74,3513
73,6033
73,7757
73,9483
73,9029
73,6087
74,5207
73,8110
73,3629
73,5642
73,7284
73,8140
73,4465
73,9438
73,9854
74,3323
73,6763
74,0460
73,8194
74,1761
73,3242
74,1894
74,0683
74,3323
74,0884
74,2044
73,6567
73,6487
74,6141
73,9954
73,9829
74,5062
74,4132
74,2852
74,1206
74,0466
73,6754
74,2738
74,3326
74,0960
74,1525
73,8564
73,6862
74,2783
73,7661
73,4252
73,9727
73,7078
73,6590
74,0175
73,4647
74,3241
74,0534
74,0933
73,2224
74,0118
74,2134
73,1436
73,4228
74,2673
73,9334
74,3909
74,0399
73,0234
73,6274
73,8798
74,2403
73,5591
74,1646
73,9436
73,4516
73,8076
73,5626
74,3404
73,7503
74,5750
74,3999
73,5752
74,0440
74,3607
73,7062
74,0871
73,5252
74,3577
74,1614
73,4583
73,7356
73,9156
74,3284
74,1992
74,3999
73,5107
73,7616
74,0836
73,9130
73,8817
73,8785
74,4290
74,2121
73,3025
74,0345
73,8033
74,4426
74,3242
73,6963
73,4350
73,5048
74,6414
74,0639
73,7272
73,2529
73,8358
74,4255
73,9845
74,6241
74,6744
74,1082
73,2745
73,7680
73,7061
73,3272
73,6123
73,7650
74,2282
73,4557
73,7781
74,6351
73,5983
73,5905
73,4074
73,4972
73,3293
73,8405
73,7802
74,1240
73,6221
73,8541
73,8637
73,7766
74,3205
73,8483
74,3909
74,0830
73,8511
74,1330
73,5396
73,5411
73,9407
73,9886
74,2747
73,0838
73,7369
73,8096
74,2553
73,3628
73,9704
74,3805
73,5636
73,6981
74,1151
73,5897
73,7125
73,9109
74,5647
73,9606
74,0599
73,8537
73,6121
73,7699
73,8556
73,2899
74,7862
74,1008
74,3027
73,5577
74,1881
73,3031
73,9622
73,6549
73,2240
73,5668
73,4276
73,7353
73,9678
73,3417
73,6728
74,3603
74,0289
73,9808
74,3767
73,8891
74,0603
74,4282
74,5460
74,4258
73,2008
73,6115
73,7129
73,8145
73,2112
73,2652
73,8665
73,7832
74,1857
73,7376
74,1440
73,8773
73,7529
74,0559
73,6234
73,0611
73,6984
74,2938
74,3034
73,7224
74,5180
73,4521
74,2057
74,2961
73,6218
74,1834
74,1192
73,3629
73,8740
73,9666
73,8098
73,4938
73,5548
74,3112
73,2770
74,1327
73,6134
74,0880
74,4695
74,4985
74,0944
73,4327
74,6665
74,1674
73,9033
74,1281
74,0687
73,7028
74,9485
73,8678
73,8942
74,2341
74,0896
74,1607
74,3420
73,6601
73,5964
73,9444
74,1248
73,9308
73,6029
73,4334
73,8823
73,8108
73,6466
73,8330
74,0680
74,4254
73,3984
73,6369
74,0761
73,7338
74,2485
74,5548
74,0687
74,0594
73,9812
73,4334
74,2729
74,6939
74,3103
73,7906
74,3811
73,6903
73,5677
74,3104
73,7206
73,5596
74,7625
74,2876
73,5897
74,1696
74,1147
73,1898
74,1556
74,2743
73,7943
73,7285
73,3306
74,0299
73,6702
73,9356
73,9151
74,5173
73,6784
74,3250
74,8672
73,9516
73,6635
73,4689
73,5626
74,3868
73,8555
73,2631
74,1412
73,8390
73,3654
73,1385
73,7701
74,1481
74,1317
74,3930
74,1137
73,6159
73,4518
74,0530
73,8141
73,6724
73,8906
74,4217
73,6453
73,0178
74,1702
72,8950
73,9064
73,6369
73,5976
73,8410
74,1322
74,1393
74,0237
73,7436
74,3774
74,1136
74,4205
73,1883
74,1898
73,8218
73,6582
73,4771
73,5166
73,7978
73,6993
73,9422
73,7982
74,2047
73,8024
73,9037
74,4130
73,2154
74,1754
74,7829
74,0493
74,4141
74,0078
73,4736
74,0732
73,9252
73,9520
74,1523
74,3345
73,9956
73,4891
73,8645
74,3623
74,3901
73,9602
73,4871
73,4381
74,2976
73,6357
73,7018
73,8309
73,7659
73,8694
74,3227
74,6168
74,1812
73,6328
73,7274
73,7466
73,7408
73,9027
74,3091
74,3276
73,2895
73,8828
74,2411
74,5068
74,2281
73,5407
73,3250
74,1292
73,7489
74,0374
73,4506
73,3971
73,1892
73,2868
73,9792
73,6556
73,9488
73,6733
73,8492
73,4093
73,4529
73,8557
73,9794
73,7941
73,2844
74,3678
74,1835
73,8710
74,5631
73,7468
74,6156
73,9829
73,5541
73,8761
73,9102
73,4396
73,8389
74,2556
73,6364
73,5265
74,2036
73,6580
74,1059
73,9402
73,6574
74,0719
74,2688
74,2344
73,7985
74,0887
74,0942
74,1199
73,9573
72,9334
73,5470
73,8284
74,0244
73,5351
73,3075
73,2481
73,4601
73,8845
72,8154
74,0645
73,0881
74,1936
73,8434
73,7004
74,5320
74,8186
74,3339
74,0025
73,8434
73,5648
74,4186
74,1031
74,3702
73,9799
74,0908
74,0156
73,3028
73,7173
73,4127
74,0199
74,5035
73,9056
74,1282
74,2319
73,8260
74,1348
74,1331
74,0248
73,7806
74,1425
73,9542
73,3438
73,8394
73,9235
73,3244
74,0037
74,5133
73,2795
73,5067
74,0353
73,7498
73,6847
73,1891
73,7942
73,8320
73,1394
74,3246
74,2099
73,6046
74,2023
73,5816
74,1439
73,5767
74,9703
73,7207
74,2545
73,7921
73,9532
73,2109
74,0529
73,9811
73,9589
73,7836
73,8769
73,9475
73,3361
73,8816
74,1702
73,7235
74,2204
73,4948
73,6974
73,5172
74,0047
74,0206
74,0119
74,1363
73,8197
73,6758
73,9721
73,8271
73,2978
73,6988
73,9823
74,2937
73,5871
73,4908
73,8454
73,3180
74,2260
73,6710
74,1053
73,5180
73,6037
73,6217
73,3471
73,7133
73,6336
74,0030
73,7535
73,5088
73,6110
73,7707
73,7516
73,7831
73,7106
73,8660
73,9505
73,3716
73,7067
73,9518
73,9061
73,9431
73,4221
73,7821
72,6491
73,1619
73,2019
73,4611
73,9029
73,8261
73,5246
74,3895
74,0005
74,1594
74,2568
74,3906
74,0112
73,6760
74,2587
74,0166
74,0085
74,1856
74,1865
73,8286
73,9337
73,9409
73,8920
74,0022
74,5314
73,8430
73,7977
73,9527
74,0297
73,6229
74,1330
73,1107
73,1511
73,7652
73,4524
74,0346
74,6907
73,9243
74,2458
74,1159
73,2404
73,9309
74,1514
73,8778
73,8752
74,5153
73,4718
74,0187
74,0151
73,1966
74,3797
73,5197
74,2719
73,4612
74,3649
74,1743
73,3780
74,2069
74,0629
74,0601
73,6889
73,7257
73,5927
74,4370
74,0874
74,2292
74,4048
73,8336
74,0625
73,8763
74,1750
74,2484
74,5475
73,8214
73,4942
74,3434
73,9051
74,5811
74,0413
73,9619
73,6992
74,2476
73,1785
74,3885
74,1541
74,0303
74,1249
73,9251
73,8548
74,1290
74,0569
73,7903
74,0461
74,0193
74,4625
74,0748
74,0307
73,6323
73,1211
74,0233
73,6442
73,6128
74,5121
73,4123
73,6736
73,9147
73,8927
74,1512
73,5663
74,3402
73,6426
74,1653
74,0048
73,8993
74,2412
73,9089
74,0297
73,9312
72,8728
74,0951
73,9248
74,1092
73,5526
74,0913
74,6310
73,4814
73,7503
74,2181
74,2940
73,5744
74,2944
73,7577
73,7335
73,7791
73,9246
73,9040
74,2155
74,1178
73,9417
73,7666
73,4751
73,6873
73,8818
74,0626
73,8448
73,8965
73,4842
74,2442
73,5592
73,1405
73,8327
74,2612
73,7534
74,4596
73,8292
74,0608
73,9015
74,1528
74,0933
73,5297
73,4715
74,1120
74,0914
74,0232
73,4678
73,7711
74,0169
74,7994
73,7507
73,8549
74,0105
73,7546
74,1060
73,9740
73,4713
74,1689
74,0728
73,1452
73,8125
73,8708
73,7652
73,8865
73,9256
74,1832
74,4201
74,0352
74,7602
73,5272
73,9095
73,9296
74,1217
74,3880
74,3100
73,1963
74,0642
74,2954
73,5857
73,7992
73,9099
74,0042
74,8044
74,7700
73,0584
73,8934
74,0546
73,7255
74,1893
74,3671
74,0392
73,6936
73,6766
74,1194
73,7891
73,3416
74,5244
73,8869
73,6408
73,4593
73,5421
74,0804
73,4725
73,6193
73,8966
73,4039
74,5037
74,0858
74,4810
73,6231
74,1184
72,9901
73,8989
73,9872
73,3275
74,4731
74,1753
73,8725
74,1173
73,9710
74,1511
74,0644
73,7880
73,4037
74,4425
73,2275
72,9582
74,0549
73,7218
73,6654
74,4604
73,5930
73,4602
73,9820
74,3987
73,8274
73,5490
74,2214
73,8225
74,0010
73,7580
74,1692
74,4201
74,2114
74,0048
74,0428
74,0181
74,2347
73,7900
74,0593
73,7175
74,1691
73,9607
73,5768
73,6170
73,7434
74,0162
73,6529
74,5042
74,2070
73,9133
73,8326
73,8439
73,0554
73,8191
73,4732
73,6346
74,7331
73,5151
74,1697
73,8721
74,3927
74,1634
73,8558
74,6411
73,6063
73,7548
73,6655
74,4619
73,2255
73,7385
73,9065
74,3402
73,1358
73,7063
74,1101
73,3136
73,9229
74,2856
74,1894
73,6975
74,2214
73,7190
74,4982
73,7259
73,7021
73,9198
74,5010
73,9359
74,3959
73,5477
73,4575
73,5087
74,1565
74,2372
74,3966
73,0691
73,2647
73,6797
74,0094
73,9283
73,4846
73,5649
74,0347
73,4613
74,1527
74,4405
73,9038
74,3519
73,2347
73,7765
73,9347
72,8254
74,2622
74,6382
74,1547
74,5297
74,6271
73,7183
73,4106
73,8051
73,6680
74,2601
74,5545
73,7013
74,0334
73,8041
73,8282
74,7810
73,6503
73,1645
74,2167
74,1927
73,8258
73,5482
73,9434
73,8600
73,8995
73,9137
74,5200
74,5427
73,9770
74,3237
74,0950
73,6734
74,0882
74,3516
73,5004
74,2196
74,4200
74,1567
74,2888
74,4890
73,5220
73,9939
74,7214
73,4924
73,1556
73,7855
74,2755
73,9043
73,8161
74,0687
73,8442
73,1729
73,7389
73,7793
73,3149
73,6210
74,1616
73,9705
74,1257
73,7770
73,2326
74,1322
73,3669
74,7726
73,6995
73,7574
73,9422
74,0119
73,9277
73,5500
74,2314
74,0298
74,1055
74,4878
73,9579
73,8638
74,1856
73,8240
73,7162
73,9284
74,1913
74,3811
73,9838
73,3938
74,0477
73,8134
74,4499
73,0131
73,6802
73,2774
73,5064
73,5711
74,0594
74,6464
74,1295
73,4357
73,8304
74,2955
73,9848
74,4431
73,8444
74,4691
74,1375
73,7935
74,7532
73,9217
73,9524
73,8708
73,4684
74,0576
73,6852
73,7446
73,8634
74,3888
73,4777
73,7309
73,6044
73,5725
73,4763
74,2126
73,7826
73,9307
74,3562
73,9563
74,3561
73,9625
73,5479
73,6049
73,6944
73,9973
74,1436
74,3046
74,0714
74,0414
74,0753
73,5472
74,4894
73,6329
73,6362
74,0318
74,1565
74,0503
74,0204
73,8542
73,8701
73,1809
73,7178
73,8918
74,4496
73,6500
73,7355
73,3819
73,9371
73,7570
73,9009
73,5571
73,1479
74,3703
74,7747
73,7866
74,0976
73,3661
73,7284
73,2543
73,9723
74,0100
74,2505
74,2792
73,7464
74,3743
74,0686
74,0611
74,1548
74,6494
73,5311
73,8631
73,6571
73,8704
73,9640
73,7354
73,4562
74,4588
73,4709
74,4951
74,0629
73,5146
73,8365
74,1862
73,8603
73,3673
74,4445
73,5776
73,6074
74,3304
73,3275
74,4367
73,6433
74,6094
74,2423
74,0179
74,5230
74,2090
74,1987
74,6508
73,7014
74,0628
73,8147
73,7293
73,7860
74,0809
74,5321
74,7953
74,5260
74,3528
73,6375
73,8496
73,0244
74,8758
73,8910
73,9762
74,3017
73,9414
73,6099
73,5801
73,8296
73,9307
73,1752
73,5954
73,6318
74,3385
74,1213
73,8553
73,8251
73,2669
74,2666
73,6502
74,7058
73,8108
73,8643
74,0957
73,4702
73,7311
74,9020
74,2952
74,2953
74,1493
73,6564
74,2746
74,0808
73,9327
73,4811
73,7641
73,7029
74,0363
74,4132
73,8807
73,3528
73,8379
74,4821
74,0004
73,8482
74,7516
73,9813
73,6683
73,3580
74,0179
73,5882
74,3257
73,7661
73,7787
73,6506
74,0982
74,0387
73,5572
73,8582
74,4737
73,4465
73,6510
73,7495
73,7546
73,6957
74,4648
74,0339
74,3156
73,7938
73,7417
73,9377
73,8074
74,0674
74,1028
73,9204
73,7123
73,7577
74,5921
74,4574
74,0736
73,7054
74,0601
73,4982
74,2707
73,9266
73,9223
73,8715
73,6967
74,2669
74,2697
74,0719
73,6832
73,9667
74,5254
73,5535
74,7007
73,2998
73,5627
74,5383
74,0124
73,8264
74,0090
74,2176
73,8406
73,7538
74,3344
73,7954
73,9876
73,9608
74,2398
73,5889
73,4468
73,7656
73,7063
73,2349
73,2699
74,6155
74,0562
73,8469
73,3823
74,5280
74,2397
73,9511
74,2632
74,0233
73,6447
73,9381
73,9277
73,2533
73,6026
73,7125
74,7109
73,6608
74,2066
74,0423
75,0734
73,8348
74,7587
73,6411
73,7444
74,1987
74,0228
73,7008
73,7887
73,8866
73,8295
74,1203
74,0006
73,2160
74,2782
73,6634
73,7985
73,4842
74,4029
74,1412
73,9757
73,9292
73,4464
73,7462
74,0962
73,6788
73,4929
73,9862
74,2466
73,8234
74,2663
74,1897
73,8921
74,3154
73,8720
74,4515
73,3233
74,6745
74,2487
74,3141
74,7917
74,2133
74,1596
73,4857
73,5115
73,6610
73,2808
74,3684
74,5050
74,0288
73,9365
74,3899
73,9612
73,9532
73,5360
73,5809
73,5616
74,2366
73,8340
73,3816
73,9591
73,7487
73,1435
73,7191
73,6842
73,6348
74,4163
73,6196
73,7610
74,0634
73,9163
73,9913
73,8174
73,4702
74,1730
73,8690
74,3597
73,6841
73,9900
74,2751
74,2037
73,9819
74,3217
74,2242
74,2187
74,0955
73,5892
73,5986
74,0033
73,7263
74,1945
73,9883
73,8550
73,9605
73,7474
73,9856
73,3028
74,2160
74,5132
73,7151
74,1513
74,4846
73,4541
73,9156
73,5103
73,4624
72,8759
73,9757
73,9572
73,7799
73,9194
73,5647
73,8068
73,8100
73,3845
74,0579
73,8719
74,3382
73,9605
73,6813
74,0420
73,9309
74,1366
74,0362
73,9154
73,5246
74,1116
74,2582
73,5085
73,1050
73,7449
73,4649
73,9406
74,0419
73,6600
74,3232
74,3403
73,8022
74,2272
73,5736
73,7216
74,1569
73,6008
73,7959
73,3226
74,5912
74,2588
74,2812
73,8228
74,2492
73,6340
73,6787
73,9147
73,4063
74,1611
74,0715
73,3755
74,1053
74,0838
74,5592
73,6399
73,6387
73,8988
74,0757
73,5982
74,3319
73,3839
73,7781
73,3220
74,1336
74,6152
73,8874
73,6502
73,7914
73,9615
73,4610
74,2944
74,0628
73,7471
74,5248
74,2361
74,1931
74,0584
73,7058
74,0069
74,0443
74,1200
74,0767
73,9053
74,4219
74,3959
73,3364
73,6092
73,8326
74,8583
74,4841
73,9634
74,2729
73,7465
74,1460
73,9955
73,7120
73,3644
73,8893
74,6960
73,2987
74,2115
73,6850
73,4279
74,2307
73,8036
73,6404
73,1624
74,1391
73,9958
73,3896
73,0325
73,9557
73,7725
74,1876
74,0358
74,4237
73,8686
74,0320
73,7792
73,5349
73,9579
73,5987
74,2170
73,7380
74,1784
73,8393
74,4038
73,9253
74,0297
72,9678
73,8697
73,9957
73,5279
73,6025
74,3815
74,0273
73,6088
73,6761
73,7357
73,2834
73,9093
74,5570
73,4595
73,8441
73,8204
73,5439
74,0469
73,6208
74,2980
73,7916
73,7357
73,7859
74,6239
73,9539
73,9636
73,8459
74,4556
74,8369
73,7103
74,2058
73,9806
74,0323
73,4595
73,1114
73,9695
73,8225
74,4047
73,6284
74,4166
73,7038
73,8069
74,0302
73,7292
74,4767
73,4857
74,0733
74,5455
73,4945
73,9351
73,7015
73,7045
74,2296
73,6480
74,1944
73,9957
73,5481
74,2067
73,9228
73,5120
74,4666
74,5423
73,6547
73,7657
73,6788
74,1863
73,7535
73,8064
73,7322
74,2213
74,3713
74,1765
74,1685
74,5953
73,9976
73,9834
74,2740
73,3231
73,7521
73,8707
73,4530
73,6919
72,9829
73,8072
73,8434
73,0989
74,1891
73,8103
73,1424
73,5943
74,2609
73,7430
73,2395
73,7416
73,8769
74,3406
73,3436
74,1401
74,0329
74,2612
74,2873
73,6630
73,9655
73,7768
73,7818
73,5309
73,7243
73,9004
73,8019
74,1103
74,1702
73,6193
73,5496
73,4938
73,5092
73,6341
73,3613
74,3242
72,7481
73,7856
74,1441
73,6477
74,0954
74,4703
74,1726
73,5874
73,7611
74,0469
73,4945
74,1260
73,9572
73,0816
73,7963
74,3303
74,1083
73,5418
74,0644
74,3724
74,4230
73,5720
73,7604
73,7525
74,1762
73,4006
74,2989
73,8654
73,7827
73,8003
74,1911
73,8807
73,1538
73,5382
74,2361
73,6182
73,9706
73,3583
73,6940
73,5067
74,0667
74,2491
73,3010
74,0241
74,0810
74,4820
74,1234
74,0187
73,6237
73,7702
73,0717
73,9232
74,0335
73,9799
73,8720
73,5878
74,0928
73,3225
74,1584
73,4932
74,2931
74,4105
73,0894
73,8719
73,9365
74,5604
73,9934
73,5141
73,4737
73,4548
73,6606
73,7592
74,2529
74,0020
73,6568
73,9263
74,1637
74,5781
73,3391
74,1719
73,7981
73,5320
73,7320
74,0364
73,1834
73,5454
73,6245
73,8653
74,0154
73,6309
73,5056
73,9955
74,2113
74,0955
73,7180
73,2239
73,1205
73,8616
74,7159
73,9651
73,5863
73,9790
73,7960
74,4270
73,5205
73,9114
73,5851
74,0976
73,5733
74,0917
73,9780
73,8326
73,6342
73,8874
73,6547
73,8350
74,1600
74,0215
73,9391
74,1898
74,0195
73,8919
73,9792
73,5411
73,5276
74,0408
73,9020
74,6476
73,7046
73,4906
74,2516
73,8065
74,6286
74,2076
73,7073
74,1049
73,5799
73,9658
72,9935
73,8499
74,2926
73,8507
73,7328
74,2457
73,8273
73,4921
73,8596
73,8481
74,1749
73,7345
74,0968
73,7773
73,5484
73,6613
73,9854
73,8560
74,2337
73,8870
74,1162
73,6057
74,1489
74,6637
73,3320
73,1247
74,1472
73,9714
74,3644
73,9255
74,2226
73,9597
73,8650
73,4045
73,4866
73,2107
73,6255
73,7509
74,0296
74,3427
73,6493
73,5516
73,5718
73,1878
74,5037
73,9475
74,3633
73,9807
73,6121
73,7641
74,2586
74,4989
74,4509
73,6434
74,5459
74,2233
74,0239
73,8301
73,6629
74,3817
74,0388
73,3140
73,8390
74,1890
73,7867
74,1738
73,8707
73,2804
73,8152
74,1279
73,6646
73,6423
74,3704
74,2244
73,9871
73,7768
73,2829
73,9297
73,6502
73,4418
74,0048
74,0598
73,8311
73,4841
72,9814
73,8867
73,7380
73,9763
73,5757
73,5820
73,5523
73,3781
74,5200
74,8114
73,5090
73,5605
74,1964
73,9576
73,9637
73,9518
73,8625
73,3366
74,3565
73,9139
74,3062
73,6056
74,0470
74,4817
74,0758
74,0431
73,7946
74,1702
73,8852
73,5773
73,7163
73,4800
74,1988
73,7156
73,6981
73,5260
73,2820
73,0916
73,5593
73,8183
74,0205
73,5081
73,9102
73,6833
73,6086
74,0884
74,7101
73,9230
73,7426
74,2836
73,9168
74,6303
74,4342
74,0282
73,9338
73,9252
73,8412
73,8276
73,9436
73,2957
73,4120
74,2189
73,7643
73,6200
73,9745
73,6804
74,3705
73,8071
73,5898
74,5057
73,9339
73,9771
73,7960
73,7326
73,1777
73,7561
73,5041
73,3424
73,9919
73,1685
73,4575
73,7981
73,8396
73,8503
73,9186
73,5250
73,3168
73,6183
74,1684
73,5774
73,5522
73,5355
73,8458
73,8251
73,8823
74,3225
73,4953
74,2257
74,0316
73,8291
74,0828
74,3847
73,6430
74,0314
73,5886
73,9212
73,8735
74,2353
73,5366
74,3103
74,1649
74,4629
74,5242
74,2282
73,5988
73,4830
74,1767
73,8910
74,0438
73,5211
74,2252
74,0249
73,8725
74,0060
74,0131
74,3088
73,7469
74,1105
74,0252
73,6183
73,9292
73,6040
73,5703
73,7050
73,9852
74,8809
74,3220
74,0549
74,0840
74,3948
73,4938
73,8762
73,5591
74,3135
74,7951
73,9275
73,3848
74,0697
73,2599
73,7253
74,1413
73,8963
74,0490
73,6681
73,7494
74,1234
74,3988
73,3801
74,1476
73,7980
73,6372
73,4704
74,2747
73,9046
73,6398
73,1895
73,9442
74,1719
74,2151
74,5713
73,7597
73,3508
74,0861
73,9647
73,5818
74,1814
73,4715
74,1879
73,4900
74,3284
73,3495
73,9406
73,7310
73,5696
74,0109
74,1743
73,7994
74,2472
74,2150
74,3521
74,0711
74,0206
74,2393
73,6953
74,4596
73,6965
74,3762
73,9323
74,3899
74,2283
73,3796
73,8665
74,0207
74,0983
73,9451
73,3175
73,7574
73,9703
73,7446
74,5557
73,8998
73,6595
73,8807
74,2613
73,3304
74,0424
73,8171
73,6565
73,5774
74,1285
74,1471
74,0200
74,1386
74,8023
74,1182
74,1058
73,7103
73,8991
73,6858
73,4114
74,0137
74,2567
74,0027
73,5470
74,0874
73,8390
73,6569
73,5372
74,2423
73,7098
73,6438
73,7642
73,6765
73,8481
74,0398
74,4590
73,9291
73,8960
73,5040
73,9240
73,6246
73,2443
73,7521
73,4015
73,5751
73,4115
73,6946
73,8029
73,4273
73,3090
73,9929
73,1377
73,5327
73,8403
73,7463
74,3634
74,0854
74,3888
73,2651
74,2643
73,5121
73,4061
73,7901
73,6647
74,2175
73,4886
74,2724
73,5385
73,7408
73,4782
74,2011
73,2651
73,6145
73,9800
74,1040
73,1295
73,6795
73,4767
74,3256
73,7995
73,3776
74,3396
74,2863
73,8998
74,3831
73,9822
73,3535
74,3924
73,7061
73,6890
73,6617
74,0447
73,5436
74,0383
73,9138
74,1246
73,9527
73,4883
74,1233
73,9306
74,5857
73,7496
74,1123
73,3616
73,8887
73,8910
74,3325
74,1901
73,3668
74,3459
73,8821
73,4960
73,7780
73,7326
73,9690
73,4436
73,5541
74,3366
74,0924
73,9099
74,4408
73,2906
74,3789
73,5986
73,3690
74,1276
74,0646
73,7865
73,3312
73,7579
73,9647
74,6514
73,8162
74,3103
74,2928
73,5218
74,1197
74,2540
73,3869
73,6747
73,8542
74,3993
74,4088
72,9142
74,0234
74,0873
72,6914
74,3408
74,2404
73,6563
73,8439
73,7823
73,9345
73,7567
73,7319
73,6632
74,0051
74,1154
74,1484
73,8679
73,5528
73,3070
74,1104
73,8144
73,7809
74,3637
73,8684
74,0597
74,7870
74,2525
73,8563
73,7876
74,1745
73,9538
73,0744
74,0627
74,0578
73,5296
74,0445
73,6176
74,2498
73,7747
73,6021
73,4472
73,4196
74,2296
73,3177
73,6678
73,9029
73,3438
74,7470
73,4308
73,8405
73,8375
73,6168
74,3304
74,6662
73,6387
73,4598
73,9414
74,2460
73,7869
73,7421
74,2781
73,5247
73,5601
73,7466
74,3504
74,0819
74,1570
74,0284
73,9175
73,5975
73,9331
73,8410
73,7585
73,4004
74,4558
73,7770
73,5839
74,3388
74,1940
73,8629
73,6791
74,2455
74,4064
73,9959
73,5075
74,2753
73,6495
73,2950
74,0495
74,2328
73,7892
74,4947
73,1473
73,7272
74,0657
74,0255
74,3876
72,8321
73,9228
73,7560
73,6428
73,7497
73,8013
73,8158
74,1098
73,7057
74,2427
73,8404
73,8871
73,8330
73,4062
73,5832
73,5130
74,1809
73,4746
73,7596
74,2895
73,5972
73,9751
73,5340
73,8370
73,8621
74,4055
73,5256
73,5352
74,0282
74,5912
74,2947
73,9640
73,3997
73,7019
73,5732
73,5002
74,0833
73,4826
73,7180
74,2642
73,7321
73,1580
73,6579
74,4437
73,2895
73,7201
74,1217
73,9029
73,9059
74,0439
73,9065
73,8257
73,8360
73,5876
73,6763
73,7219
74,6173
74,2129
73,8677
73,7991
74,0514
74,5280
74,1470
73,9093
74,0155
73,7780
73,5245
72,9414
74,4150
73,6928
74,0140
73,5743
73,9785
74,4755
74,5599
73,9169
73,6445
74,1762
74,0941
73,5907
74,1578
73,4892
73,6394
74,0440
73,7158
73,3938
74,0332
73,4953
74,2507
73,5045
74,3614
74,3398
74,0543
73,1810
73,6237
74,5141
74,0543
74,5224
74,0478
73,9493
73,1152
73,8485
72,9370
73,9599
74,1221
73,9212
73,8149
74,2346
74,2195
74,0214
74,0421
73,8350
74,8894
73,9343
73,7952
73,2488
74,0771
73,6998
73,6667
73,9123
74,3858
74,1841
74,0058
73,0508
74,0068
74,1506
73,3918
73,9201
73,9902
74,0319
73,6068
73,5709
73,4453
74,5207
74,3211
73,7150
73,6085
73,7333
73,5239
73,9500
74,1713
73,9475
74,1444
73,6867
73,9789
73,8686
73,4065
74,5430
73,4557
73,9221
73,8283
73,8052
74,0298
73,5974
73,9463
73,3303
73,9005
73,7564
74,2867
74,1985
73,8600
73,8454
74,0921
73,8199
74,1478
74,1189
73,5431
74,0654
73,8275
74,2128
74,1414
73,8969
73,6885
73,0777
74,1721
74,0405
73,8817
74,2954
73,9096
74,0793
73,5618
73,8642
73,9752
73,9362
73,8784
73,9993
74,0216
74,7618
73,7830
74,4035
73,8265
73,6598
73,9588
73,6989
74,7637
74,1007
73,8391
74,3587
73,8936
74,2815
74,2283
73,8673
74,0030
73,9059
73,4443
73,5334
73,6944
73,8535
74,1425
74,0166
73,5224
72,8103
73,7863
74,0553
73,9049
74,6259
73,8375
74,0398
74,2334
74,0053
73,5871
73,7775
73,3527
73,5412
74,1841
73,9500
74,4088
73,3175
74,0939
74,1363
73,8793
73,9858
74,1555
73,7374
74,2807
74,1374
73,6623
72,8258
73,7226
73,7545
73,4143
74,0524
73,9253
74,4141
74,0744
73,6756
73,2912
73,7609
73,9987
74,0886
73,7710
73,2485
73,7558
73,7842
74,0378
74,1813
73,2783
73,4755
74,3431
74,0318
74,2981
74,1041
73,6217
73,5960
74,1702
73,7239
73,8011
74,3007
73,8432
74,1881
74,5787
73,8474
73,8790
74,0765
73,5759
74,1619
73,8740
73,6666
74,3072
73,8659
73,1590
74,0997
73,8156
73,7265
74,2573
74,1677
73,7164
73,5699
73,6792
74,2644
73,7718
74,7014
73,5609
73,7836
74,4346
74,2672
74,1904
73,3361
73,8966
73,7631
73,7805
74,2572
73,6353
73,4415
74,0176
73,6403
74,1383
74,0370
74,3104
74,4576
74,3417
73,9518
74,2291
73,8652
73,9790
73,5643
73,5321
73,9724
73,9724
73,1970
73,5447
73,4779
74,0309
74,3880
74,1453
73,5774
74,3946
73,9730
73,7492
73,9011
73,7593
73,1834
73,7084
73,9027
74,3427
74,2458
73,9460
73,6436
73,6478
74,2285
73,7942
73,7470
73,8551
73,9692
74,4140
73,4193
73,9525
73,5532
73,7157
73,8209
73,6199
73,3499
74,0404
73,4094
74,4105
74,1214
73,8906
74,1091
73,7968
74,2795
73,6882
73,6591
73,9713
73,1989
74,2088
74,0000
74,0310
74,7232
73,5638
73,4186
74,0648
73,6608
73,8409
73,7304
73,9481
73,8379
72,7250
73,5898
73,9718
74,3160
73,4668
73,9817
74,8079
74,4080
74,3687
74,6858
73,6339
73,8957
74,2084
73,1188
74,3253
73,4069
74,1429
72,8434
74,2400
74,2435
74,1614
73,8783
74,5229
73,7354
74,2070
73,9852
73,9221
73,8899
74,2963
73,5260
74,1980
73,5369
74,2423
74,0866
74,3743
74,0012
73,9476
74,1362
74,4407
73,8984
72,9203
73,7611
74,1919
73,8010
73,7271
73,8010
73,7772
73,7942
74,2567
73,1402
73,9495
73,9139
74,0142
73,7729
73,8301
73,8886
73,9971
73,3894
73,7935
73,3243
73,5034
73,7857
73,7449
73,5286
74,3304
74,1293
74,1417
74,2656
73,9478
73,6938
74,5013
73,7299
73,5474
73,7057
73,5181
74,1116
74,0448
73,9313
74,1208
74,0658
73,7146
73,7284
73,7924
74,9257
74,0218
73,3034
74,0223
73,4952
73,7550
73,9210
74,1939
74,0468
73,5445
74,5330
73,9304
73,7707
74,3591
73,8960
74,0414
72,8426
73,9837
73,9464
73,9757
74,3532
74,0070
74,1054
74,4328
73,2199
73,6694
74,0097
74,0723
73,9460
73,9571
73,8468
73,7233
74,0236
74,1545
73,4812
73,9515
73,9901
73,9383
74,1841
73,9520
73,8115
73,5533
74,5310
73,2091
74,5184
73,7085
74,1046
73,6034
74,1909
74,3367
74,1188
73,9822
73,9802
74,3518
74,0350
73,3791
74,1130
73,5195
73,8422
74,2745
74,2113
74,1438
73,5081
73,9600
72,9382
73,1707
73,8886
73,9180
73,9251
74,4566
74,0264
73,4992
73,1398
74,6707
73,4787
74,1309
73,4771
73,3183
73,3074
74,0167
73,4738
74,1992
73,6882
73,6870
72,9834
74,6926
74,4156
73,7542
73,3821
74,2532
74,6231
73,7070
73,3713
74,3867
73,8872
74,2743
73,9281
74,1072
73,6791
74,1811
74,1356
74,1783
73,3737
72,9738
73,7284
73,7889
73,3604
74,0486
73,2081
74,0427
73,7933
73,4602
73,8313
73,4093
73,1542
73,7427
73,9130
74,0951
73,0654
73,7958
73,7878
74,3308
74,4703
73,9324
73,7545
73,7792
73,8069
73,6828
73,4307
73,9348
74,1432
74,4266
73,2954
73,2308
73,4077
73,7477
74,1086
74,2824
74,1901
73,9631
73,8970
73,7521
74,6529
73,0253
73,8791
73,9760
73,3724
74,2831
74,1735
73,4327
74,0822
73,4020
74,4080
74,0580
73,8510
73,9096
74,0120
73,5965
74,8881
73,8491
73,5686
74,0223
73,4650
73,8026
73,6590
73,9092
73,9980
74,5380
74,5619
74,1037
74,9958
73,6786
74,0328
73,6166
74,2306
74,1792
73,7133
74,0744
73,3226
73,6640
73,6780
74,4409
73,9262
74,1391
73,6671
74,2840
73,5888
73,6341
74,2437
73,7471
73,9696
74,0924
74,5406
73,3325
73,9404
73,5342
73,9345
73,9590
73,2085
74,6486
73,9815
74,1064
73,6682
74,2140
73,9450
73,7507
73,7272
74,6473
74,3784
74,1916
73,6046
74,1584
73,9437
73,6060
73,9672
75,1122
73,7688
74,1655
74,3726
73,7838
73,1203
74,5206
74,2260
73,4813
74,3069
74,8050
73,5761
73,7876
73,5987
73,6188
74,1030
73,5682
73,8074
74,1731
73,7551
73,6849
73,2679
73,4860
74,1173
74,1031
73,4751
73,4577
73,6853
74,2606
73,6544
74,2864
74,0576
74,0072
74,3245
74,0961
74,1506
74,0352
73,6612
74,1860
74,4453
74,3869
74,2318
74,4844
73,7834
73,6568
73,9209
73,9498
72,9230
74,1934
73,8355
73,4050
73,6321
74,2741
74,0062
73,6989
73,7010
74,0508
73,9986
74,0023
73,7318
73,4300
74,3772
73,9505
73,9383
73,8952
74,5760
74,1637
74,1800
74,6477
73,4420
74,1503
73,5999
74,4670
74,1920
73,7189
73,8558
74,2670
74,5116
74,2724
73,2787
73,5646
73,4141
73,9747
74,2383
73,4915
73,6928
74,0610
73,8436
73,8390
73,2687
73,4492
74,2613
73,3984
73,7805
73,2595
74,4463
73,5066
74,1945
74,4183
73,6727
73,5305
73,6255
74,0881
73,6873
73,7801
73,8161
73,6597
73,8321
74,0189
73,2801
74,3683
73,6947
73,6729
74,1415
73,6552
74,3255
74,0101
73,9333
74,0468
73,6055
73,9650
74,1870
74,1367
73,2572
73,2742
73,9369
73,7635
74,8038
73,7902
74,0353
73,9396
74,4850
74,4431
73,2093
73,6081
73,8379
73,6469
73,8533
74,1393
74,1971
73,8482
73,7545
73,5213
73,4702
73,9984
74,0086
74,1889
73,6073
73,7823
73,3095
73,9443
73,4847
74,4831
73,6190
73,9475
74,4360
74,5520
74,0827
73,7685
73,5112
74,3527
73,4739
73,7753
73,3528
73,3893
74,0515
74,2523
74,0337
73,5203
74,6003
73,6477
73,2957
73,9743
74,2255
73,7686
73,9023
74,1530
73,7839
74,2216
73,3770
73,1335
73,8774
73,8465
73,1686
74,1006
73,1336
73,4333
73,4163
73,2858
73,3061
73,3936
74,0462
73,7630
74,0538
74,6519
73,8832
73,7977
73,9287
73,7785
74,0483
73,7005
73,9594
74,2393
74,0741
73,7238
74,2149
74,0245
73,8265
73,8354
73,6137
74,0525
73,4628
73,9787
74,0332
74,3358
73,5395
73,8478
74,0988
73,1128
73,4466
73,5643
73,5957
73,9437
72,9460
73,5773
73,9382
74,2464
73,9349
73,1189
74,2524
73,4575
73,9449
73,4910
73,5460
74,4688
73,8818
73,4489
73,6146
73,5414
74,1473
74,3865
73,7732
74,6506
74,3974
74,0133
73,5072
73,8567
73,8971
73,9096
73,9386
74,2616
73,9275
73,8928
73,2155
73,8916
73,5487
73,4243
73,6434
73,6358
74,3057
73,4860
73,3596
73,9639
73,4011
73,7270
73,5845
73,5452
73,3519
73,7511
73,4333
73,8130
74,2886
74,0198
74,1005
73,4855
74,3366
73,2777
73,9704
73,7152
73,5312
73,7806
74,7674
73,7316
74,0174
74,4183
73,7148
73,6988
74,6934
74,1448
74,1114
74,7924
75,1836
74,1372
74,1296
73,6558
73,7788
73,9670
74,1457
73,5113
73,5675
73,3419
73,1349
73,3373
74,1062
74,2115
73,7289
73,8282
73,7788
73,8946
73,4621
73,5427
74,2780
74,1296
73,1747
74,7248
74,1708
73,6214
73,9449
74,3410
73,7452
74,1491
74,3123
73,3573
73,7555
73,5718
73,5446
73,8485
73,9812
74,2515
74,0621
74,0355
73,3312
73,3415
74,1924
73,7859
74,2539
73,7647
73,1875
73,7613
73,8989
74,1584
74,2006
74,4621
74,4237
73,6108
74,1100
73,8601
73,7326
73,9111
73,7759
74,2973
73,9538
73,4165
73,9105
73,6918
74,3574
74,2540
74,0787
73,9005
74,0253
74,5254
73,9785
73,5606
73,9451
73,2433
74,2854
73,7897
74,0226
73,5265
74,0201
74,3584
73,1103
72,9348
74,1919
73,8150
73,7416
73,6413
73,1692
73,7527
73,9382
74,2358
73,7412
74,2664
73,5213
73,5805
73,3793
73,3443
74,3365
73,3259
74,5184
74,1797
74,2026
74,2910
73,9642
73,8644
73,9275
74,1952
73,3574
73,8040
74,6762
73,7239
73,8992
73,5905
74,1192
73,9767
74,1236
73,7083
73,9075
73,4233
74,5601
74,1975
74,3022
74,3281
73,5418
73,2963
73,6974
74,2066
73,3194
73,8193
73,5201
74,1742
74,0899
74,0786
73,2938
73,9855
73,8808
74,9103
73,0810
74,3351
73,6777
74,2469
74,6162
73,5686
73,9521
73,3638
73,2754
74,0312
74,2555
74,1030
74,2873
74,3997
72,6552
73,4275
73,9413
73,7688
73,9149
73,1262
74,0990
74,0509
73,9982
73,7005
74,2301
74,4565
74,9769
74,0524
74,5410
73,9938
73,9091
74,1362
73,4738
73,4518
74,5909
74,0447
74,0281
74,2174
73,6681
73,2248
73,8881
73,3735
73,7701
73,8362
73,5350
73,6491
73,6185
74,1941
73,5614
74,1723
74,5399
73,9281
74,0264
74,1867
73,6811
73,6168
73,2668
73,6412
74,2331
73,9092
74,0383
73,6511
74,4483
74,3498
74,0970
73,4546
73,9380
73,9760
73,8018
74,1457
74,3262
73,5756
73,1990
74,2253
74,3661
73,4279
74,0297
73,2379
74,1277
73,7780
74,4429
73,8478
73,8305
74,0816
73,9610
74,7259
72,9431
74,2772
73,4516
73,4650
73,6348
73,2486
73,4560
73,2034
73,8550
74,2545
74,3137
74,2580
73,4751
74,1791
73,7511
73,8041
73,7882
73,7049
73,3050
73,6359
73,9934
73,8372
74,3333
73,4588
73,8594
73,7364
73,4597
74,4385
74,1495
73,9330
73,8206
73,9344
73,2753
74,0559
73,7070
73,9014
73,9214
73,6028
74,3809
73,6760
74,4770
73,7076
74,1344
73,6240
73,6133
73,7642
73,3183
73,6651
74,2099
74,8593
74,0808
74,1404
74,0093
74,0391
73,9088
73,8862
73,5772
74,2810
73,7990
73,5954
74,3532
73,6235
73,9770
74,3330
73,7860
73,8034
73,6723
74,1368
73,5972
73,3384
74,6309
74,2070
74,1683
73,6042
74,2556
74,1099
73,1459
73,1641
73,8612
74,0421
73,7914
74,3153
74,2887
73,7677
73,7441
73,1527
74,4032
73,8291
74,6455
74,2960
73,4760
74,3372
74,0436
74,1760
73,7719
73,7404
74,3504
73,9002
73,0096
73,8064
74,3515
73,6201
73,8566
74,4743
74,1241
73,6655
74,3096
73,7746
74,5676
73,9532
73,3850
73,6208
73,5534
74,2467
73,5819
74,0919
74,3730
74,0707
74,1311
73,7465
73,9683
73,8800
74,1126
73,9702
73,7886
74,4519
73,7856
73,9089
74,1337
73,7616
73,9901
73,9067
73,6166
74,1076
73,5421
73,4473
74,3846
73,8057
73,6796
73,6912
73,6475
74,2670
72,9375
73,7801
74,2414
73,9260
74,0275
73,6641
74,4157
73,6150
73,7502
73,4582
74,3049
74,8247
73,5571
73,2920
74,0932
73,7740
73,8162
73,1003
73,4165
73,5858
73,9603
73,9974
73,6118
73,6714
73,7419
73,7098
73,7255
74,1942
74,2895
74,2387
73,5299
73,6871
74,2763
73,2706
73,8832
74,5400
73,9322
74,0328
74,2822
74,2100
74,3240
73,5352
73,7858
74,3419
74,7572
73,7451
73,4669
74,1339
74,3257
74,3235
73,2213
73,9418
73,9336
74,1712
74,8653
74,1110
73,6722
73,4381
74,4944
74,1085
73,6730
73,8566
74,1795
73,9693
73,7561
73,4812
73,8597
73,3917
74,1771
73,5514
73,6810
73,5044
74,3329
74,0613
74,1723
74,4656
73,9160
73,8623
73,5922
73,9294
73,5868
73,5324
74,4094
73,8644
73,6985
73,6342
73,4569
73,8330
73,7167
75,0026
74,0749
73,6664
74,0444
74,4753
74,1930
73,5919
74,0669
74,1898
73,7682
73,9899
73,9987
74,0869
74,1416
73,1650
73,4225
73,7752
74,8599
74,8865
73,9224
73,6766
74,1849
74,6944
73,7426
73,7035
74,1182
73,7945
73,8325
73,3241
73,5779
74,7861
74,2669
74,3733
74,4234
74,3058
73,8361
74,0122
73,5584
72,5556
74,0554
73,9726
73,3882
73,6726
74,4164
73,8580
73,3065
74,0105
74,2611
73,8694
74,8349
73,4250
74,2892
73,6658
73,7371
73,6368
74,8285
74,2327
74,5712
74,3500
74,2892
73,7404
73,5325
73,7068
74,2736
73,2629
74,0017
74,2368
73,4787
73,7835
73,6846
74,2962
73,1759
74,5124
74,3550
73,7658
73,8346
74,6431
74,0940
74,1364
74,2664
73,5364
73,1575
73,5495
74,0957
74,1964
74,0597
74,1755
73,5746
73,7710
74,4001
74,2627
74,0268
74,6164
73,4531
74,2334
74,1827
73,8844
73,6507
73,6216
73,7546
73,4890
73,9249
73,3060
73,6694
73,6800
73,6936
73,8594
73,7578
73,7153
73,3547
73,8380
74,2682
73,7716
74,2510
73,9823
73,7017
73,8627
74,0950
74,5534
74,4644
74,2000
73,9957
74,4232
73,5775
73,7952
73,8490
73,9050
74,2538
73,7805
73,7929
74,2662
73,3145
74,5462
73,3537
73,3227
74,1686
73,5133
73,7559
73,9419
73,7472
73,5140
74,0598
74,0488
73,7245
74,1374
74,0249
73,7283
74,1228
74,3274
74,5624
74,3257
73,9398
74,2494
73,6211
74,4479
73,6326
73,7438
73,5947
73,1438
73,9499
74,1557
73,9798
74,1662
73,6469
73,0245
73,5214
73,8561
74,5165
74,0677
73,9205
73,9043
73,8331
73,5594
74,3374
73,0614
73,4910
73,9506
74,1419
73,9292
73,4153
72,9195
72,4446
74,8434
74,2257
73,7166
74,3382
73,8515
74,8211
74,5095
74,2067
74,2635
73,7234
74,0188
73,8402
73,9885
74,2163
73,8274
73,8527
73,8569
73,9730
74,4290
73,9058
74,0590
74,4534
73,8477
73,3328
74,1346
73,6177
73,8742
74,0015
74,1571
74,0194
73,7595
73,4795
74,0947
73,8947
73,8194
73,2639
74,3187
73,9215
73,9356
73,6989
73,6505
74,2168
73,4863
73,5637
73,4538
74,0734
73,5965
73,9184
73,6142
73,7319
74,1051
74,0489
74,0160
73,4906
73,2390
73,3554
74,0320
73,6952
73,6907
73,5150
73,6543
74,1724
73,8459
73,8479
73,7310
74,3311
73,3812
73,6668
73,6089
74,4222
73,4303
73,5076
73,7725
73,8579
74,4529
73,9323
74,4475
74,0484
74,0169
74,2225
73,8678
73,8302
73,2907
74,0873
73,8689
74,4774
73,7624
73,7680
74,1463
74,5893
73,6612
73,9493
73,1806
73,7749
74,1275
74,1569
73,6368
74,6156
74,0057
74,0955
74,2583
74,0918
74,1628
73,0679
74,2851
74,2289
73,9903
73,7974
74,6253
73,6091
73,5991
73,9669
74,2435
73,7887
74,0056
74,1900
73,8468
74,5729
74,2322
73,4671
74,1034
73,2274
73,9444
73,8115
73,4214
74,4394
73,9771
73,9970
73,5190
73,5214
73,9553
73,4112
74,4653
73,9926
73,6835
74,3454
73,9112
74,4216
73,1576
73,8816
73,4996
73,3246
73,8476
74,0926
74,0245
73,3938
73,4553
73,6036
73,6630
73,6250
74,2035
73,8635
74,0776
73,7049
74,1395
74,0116
74,5378
74,1404
73,1765
74,1028
73,6776
73,5242
73,7602
73,7305
73,2276
73,8805
73,8452
73,8424
74,0527
73,9583
73,7784
73,4172
73,7812
73,7351
74,2719
73,6433
73,9426
74,2468
73,7598
73,9880
74,3172
73,6147
74,4247
74,4522
73,7235
74,4699
73,6855
73,7386
74,3059
73,7117
73,6080
74,2227
73,6086
73,6198
74,3698
73,5416
73,5784
73,7711
73,4199
73,8135
73,7941
73,6721
73,4703
73,4278
74,0294
74,3295
73,6940
73,5004
73,5533
73,4074
73,7152
74,1322
74,2050
74,0432
73,9809
73,7899
73,5187
73,8361
74,0838
74,1535
74,2338
74,4896
73,6378
73,1763
74,2401
74,1017
74,0331
74,0140
74,2319
74,0677
74,3377
73,9802
74,4182
73,9814
74,0802
73,4776
73,4972
73,3482
74,1395
74,3017
74,3048
72,8881
74,0709
74,2462
73,7593
74,2098
73,9173
73,9354
74,5664
73,8836
73,4465
74,1575
73,7577
74,0454
74,1592
74,3022
74,0842
73,8763
73,4408
73,2914
73,9366
73,0652
74,3764
73,5265
74,3625
73,9862
73,8897
74,3428
73,7343
74,2766
74,3139
74,2912
73,4625
73,9147
74,1143
74,2280
73,4552
74,9054
74,0742
73,9903
73,8500
74,6206
73,8105
74,0929
73,6727
73,5119
74,1416
73,8704
73,7512
73,8766
74,1063
73,8052
74,3225
73,8969
74,3866
73,1177
74,2275
73,9263
73,9446
73,7818
73,6955
73,7375
73,3835
73,5420
74,1634
74,0315
73,4403
73,9643
73,8362
73,8479
74,0361
73,3835
73,4226
73,4726
73,2380
75,0732
74,2423
73,5960
73,3618
73,6742
73,5836
74,4256
73,8816
73,8675
74,0737
74,4172
73,7137
73,5111
74,0997
74,1379
73,5665
73,8144
74,0632
74,2923
74,3868
73,6086
74,1400
73,3775
73,7254
73,5185
73,9358
73,6787
73,3409
74,4254
73,6801
73,9849
74,8720
73,8839
74,0994
73,7109
73,9954
73,7523
73,6126
74,0388
73,9221
74,3676
74,2304
73,7933
74,4281
74,4984
73,6851
73,8514
74,2081
74,0123
73,2906
73,8246
73,9290
74,0270
74,1793
73,8610
74,4680
74,1817
73,3723
73,7495
73,9075
73,1241
73,7802
74,2269
74,0627
73,8040
73,5075
73,9650
73,7204
73,8774
74,0615
74,1329
73,9220
73,7743
73,7239
73,6410
73,5483
73,6456
73,9549
73,8869
73,6956
73,7145
74,3081
73,8676
74,5440
74,0034
73,3617
73,1651
73,7837
73,7756
73,8720
74,1804
74,1828
73,5736
73,6518
73,8833
74,1187
73,6566
73,7758
74,6434
73,8410
73,8739
73,8254
74,0172
73,5730
74,1159
73,7291
73,6562
74,1582
73,9150
73,8399
73,7405
74,3649
74,2476
73,6304
73,6497
73,6958
73,2974
73,2839
73,9348
74,1474
74,1702
73,9547
73,8543
74,6282
74,0924
73,4878
73,5241
74,0155
73,6244
73,7317
74,0155
73,4741
73,9762
73,1856
74,5103
73,5321
74,0705
74,2930
74,0777
73,4144
73,4495
73,9010
73,6158
73,9269
73,8806
74,2321
74,4097
73,7106
73,9592
73,5309
73,4299
73,6553
73,9533
73,8810
74,3921
73,9817
74,1728
74,0566
73,8643
73,9562
73,8450
73,7041
73,9942
74,2693
73,5103
74,0779
74,3970
73,7676
74,2164
74,7388
74,2839
73,5374
74,1259
74,0605
74,0958
73,8118
73,9702
73,6007
74,7505
74,4833
74,0293
73,9077
73,7440
73,6254
73,8076
73,4231
73,5571
73,3344
74,3378
73,5887
74,4143
73,9135
73,8463
73,8183
74,0200
73,7044
74,7756
73,8601
73,9576
73,9338
74,2796
73,3222
74,4361
74,0119
73,5635
74,0941
73,3226
74,1339
74,1261
74,6885
73,9693
74,0374
73,7122
74,3306
73,4470
73,2903
73,9391
73,5231
75,1504
74,0828
73,6524
72,9766
74,0653
74,3172
74,1070
74,7261
73,8668
73,1804
74,6226
73,9273
73,2924
74,1894
74,2945
74,1212
73,6745
74,1710
73,5586
73,7030
73,9608
74,4510
73,5215
74,1512
73,5182
74,0380
74,3019
74,1976
73,7011
73,7079
74,7100
73,7463
73,0879
74,2883
72,9512
73,7035
74,2175
74,7715
74,2062
74,3614
73,5928
74,0152
73,7537
74,1915
73,9980
73,5312
73,1958
74,7021
73,9256
73,7544
73,5838
73,5467
74,0830
73,4468
73,7644
73,3595
73,3856
73,8479
73,8448
74,5338
73,6181
73,9448
74,5827
74,0087
73,3829
72,9296
73,4263
74,0371
73,6450
73,6799
73,3953
74,3629
73,7694
74,1469
74,0075
73,8589
74,4527
74,4678
73,5326
73,7546
73,5760
73,7823
73,7831
74,3672
74,5552
73,5614
73,9284
73,6844
74,1679
73,3928
73,4447
73,4793
74,3425
73,3656
73,5715
74,6112
74,3004
73,5568
73,9481
74,9431
74,2365
74,0775
74,0552
73,5793
73,8982
74,0465
73,9255
74,2033
73,3549
74,1437
74,4654
73,5884
73,8359
74,3462
74,1631
74,0958
73,7600
73,7872
73,4465
74,3275
73,7077
74,1738
74,3103
74,7498
74,7672
73,9823
74,2072
73,5135
73,2527
73,6515
73,5162
73,9998
73,6809
73,9131
74,1026
73,6233
74,4958
74,1981
74,5896
74,2717
74,8215
74,2099
73,8380
74,0607
73,8745
73,6427
74,5157
73,8418
74,4715
74,5721
74,1122
73,7272
73,5196
73,7764
74,3471
73,6251
73,5988
73,8392
73,9828
73,5799
73,4144
73,8532
73,4581
73,3447
73,8281
73,9845
73,4815
73,9115
74,0639
74,5674
73,8652
73,3782
73,2563
74,3482
73,9002
73,2966
74,1056
73,9782
74,0069
73,7867
73,6391
73,9871
74,2575
74,0887
74,2865
73,2622
73,8902
73,6507
73,5438
73,4453
73,7167
73,8165
73,6690
73,6501
73,7985
73,9335
74,0151
73,7803
73,6582
73,4129
74,0941
73,3625
73,8183
74,0882
74,6372
74,0395
73,7948
73,9159
74,0304
74,1887
74,4007
74,0981
73,3751
74,0679
74,5238
74,2276
74,3708
73,7670
73,6832
73,8427
74,0645
74,0946
74,7639
74,3844
73,6425
73,4812
73,4088
73,3442
73,8131
73,8366
74,0423
73,7611
73,8774
73,4042
74,1925
73,9074
74,1908
74,1453
74,6016
74,1564
74,3144
74,0676
73,6582
73,9668
74,0896
74,4880
74,5099
73,2155
74,0666
74,0556
74,3046
73,1716
73,9966
73,8958
74,7617
74,1074
74,2673
73,9275
73,7196
74,2612
74,2319
74,2234
74,5253
73,9735
73,9582
73,6408
73,7750
73,8880
73,9174
74,5311
72,6893
73,8348
73,8896
74,1397
73,5999
74,1270
73,5753
73,9761
74,3895
74,5146
74,1593
73,9269
74,0408
74,6483
73,5447
74,1997
73,5516
74,6823
73,9359
74,1289
73,2515
74,0341
73,9596
73,5860
74,1729
73,9452
74,1263
73,8176
74,1537
73,9391
73,0304
74,3993
73,4083
73,3589
74,4697
73,4547
74,2538
73,6566
73,3363
73,6648
73,7451
74,1025
74,4634
74,2453
73,7624
74,3961
74,6317
74,0256
73,4418
73,8261
73,8351
73,1745
73,9723
74,0552
74,1336
73,7781
73,4871
73,9176
73,8978
73,3523
73,4569
73,6750
73,8670
72,8959
74,1380
73,8554
73,0886
74,2065
73,9632
74,9309
73,7665
74,1557
74,0541
73,4862
74,1178
73,9418
73,7473
74,4742
74,4374
74,2859
73,6560
73,7710
74,0249
74,0344
74,0342
74,2031
73,4694
73,6142
73,6216
74,3605
74,2375
73,8746
74,1022
74,1533
73,9148
74,3233
74,0114
73,8383
74,4963
74,2017
73,6181
74,4156
73,6833
74,2598
73,3936
73,3982
74,7809
73,5327
74,6436
73,4961
73,4104
73,4890
74,0340
74,5030
73,4276
73,2901
73,2686
73,2351
73,9219
74,7796
73,8323
74,2516
73,1585
74,0089
73,7741
73,8126
73,7651
74,3453
74,0035
73,2708
74,3334
73,6377
73,7904
74,5537
73,5415
73,4039
74,0781
73,3345
73,6053
73,9184
74,0805
73,7015
73,7802
73,6513
73,4682
73,9718
73,8263
73,6932
73,3574
74,2978
74,0049
74,0002
74,3281
74,3726
73,7307
74,4474
73,9491
74,0954
73,7008
73,6561
74,3253
74,2583
73,7884
73,5426
73,7427
73,6112
73,5122
74,3554
73,8891
73,4230
73,4831
74,0711
74,3014
73,9768
73,6087
73,1026
73,7540
74,0530
74,5723
74,3620
74,2510
73,7507
73,7322
74,1582
73,2764
73,5428
74,0388
73,9646
73,5252
74,1050
74,0447
73,7227
74,0099
73,1408
74,1160
74,2330
73,4451
73,8378
73,9140
74,3520
74,0542
73,5067
73,2273
73,2152
73,2345
73,7785
74,4941
73,6231
73,9988
74,4087
74,0173
73,8944
74,1884
73,6627
73,7496
74,0628
74,6971
74,4444
73,7088
74,0362
74,1692
72,8964
73,7464
74,6988
74,1725
74,1504
74,2586
73,9367
73,7842
73,5639
73,5475
74,8199
74,0182
73,7858
73,5870
73,9459
73,7789
74,4559
73,8888
74,1304
73,5394
74,0332
74,5246
74,2267
73,6745
73,9892
73,6833
74,1684
73,6406
74,3808
73,8000
73,5420
73,7494
73,7981
74,1326
73,2320
73,4400
73,8935
74,2099
73,9282
74,0178
73,9207
73,8874
74,2113
73,3945
74,0546
72,9269
73,5126
73,6675
74,3381
74,0663
73,7515
73,9486
74,1571
74,8738
73,5686
73,9012
73,3665
74,4681
73,8932
73,9849
74,0764
74,8018
74,2643
73,7988
74,3478
74,1812
74,1787
73,6044
74,5199
74,1652
74,1640
73,9202
74,0802
73,5624
73,3637
73,9584
73,5943
73,1450
74,0908
73,5599
73,7817
73,8736
73,5784
73,7414
73,6535
73,2810
73,6685
73,9808
73,5991
73,1972
74,0885
73,7474
74,0736
74,3799
74,2070
74,2989
73,8259
74,0516
74,3765
73,7385
73,5343
73,5805
72,9402
74,0837
73,7927
73,2858
73,9275
73,3118
74,4212
73,9162
73,8505
74,1721
74,2404
73,8325
74,3154
73,5839
74,0262
74,3647
74,3593
74,1315
74,0269
73,5194
73,6592
74,5163
74,0925
74,3580
73,5530
73,5287
73,6394
72,9252
74,2467
74,5256
73,3459
73,8967
73,3887
73,6916
73,9009
74,1864
74,1245
73,3197
73,3966
73,7875
74,0600
73,8594
73,8503
73,6238
74,1198
73,6734
73,7792
73,5913
73,8040
74,0709
73,3675
74,1068
74,0185
74,8470
74,2417
73,9692
73,4198
73,3623
74,2153
74,4537
73,7303
73,9409
74,3249
74,1774
73,7389
73,7499
73,7124
74,0075
74,1467
73,6100
73,2440
74,1865
73,7046
74,2268
73,6456
73,6853
73,4762
73,7863
73,7646
74,1954
74,3256
73,7260
73,3376
74,0639
73,6731
73,9924
73,6236
73,8454
73,9769
73,3431
73,4978
73,8462
73,7396
73,7479
74,0267
73,4483
73,6342
74,5883
73,6167
74,1787
74,2746
74,0017
74,1282
73,7523
74,3014
73,7848
73,4470
74,2674
73,4971
73,6964
74,1668
73,5160
74,5474
73,7429
74,2956
73,6122
74,2415
73,5980
73,7842
74,4722
74,3022
73,8053
72,6706
74,3597
74,5281
74,2304
74,0201
73,7427
74,0598
73,5748
73,4905
74,0091
73,7448
73,2709
74,1136
73,4323
73,9886
74,1686
73,1075
73,7078
74,1520
72,9637
74,0432
74,0900
73,9454
74,3673
73,7670
73,4865
73,5612
73,5725
73,3451
73,6667
73,1819
74,3142
73,5584
74,0422
74,1036
73,4391
74,4866
73,5522
74,2007
73,3166
73,6198
74,4182
73,8812
74,0947
74,3364
74,0367
74,0185
73,2942
74,1074
74,0612
73,3841
74,5508
73,6992
73,7083
73,5399
73,2061
73,6054
73,8022
73,5489
73,8105
74,2060
74,2000
74,0599
73,8882
74,5565
73,8643
74,0323
74,6277
74,0316
73,7190
73,3659
74,0485
73,4240
74,3670
73,8217
74,1582
74,2604
73,5334
73,4552
74,6519
73,7808
73,7358
73,6972
73,5506
74,4684
74,0026
73,3162
74,1187
73,5830
73,7137
74,3892
73,7347
74,3436
73,5778
74,5075
74,0812
74,1616
74,5365
74,0798
74,2919
73,9138
74,4664
73,5432
73,4528
74,1988
74,4992
73,6125
73,9828
74,1686
74,3831
73,3062
73,0840
73,9652
74,4516
74,2101
74,0600
73,2915
73,9993
73,1003
74,3154
74,1538
74,2555
74,1167
74,3554
74,1453
73,8870
74,2439
73,3350
74,1780
74,1708
73,5349
74,4458
73,8482
74,1389
73,9616
73,6284
73,9265
73,4593
73,6046
74,2622
72,9275
72,8902
74,6000
74,1574
73,8021
73,9873
73,8802
73,7043
73,8042
73,8745
73,7561
73,6697
73,7990
74,1087
74,1424
73,6850
73,6824
74,2106
74,3689
74,0001
73,6941
73,7819
73,2221
74,2587
73,5529
74,2962
74,2624
73,6643
73,6070
74,2058
73,5920
73,3817
73,6250
73,6746
74,6973
73,5264
73,5632
73,7013
73,2856
73,4373
73,8660
73,8197
73,7950
74,0970
73,8651
73,9798
74,0114
73,8873
73,8349
74,4173
73,2851
73,9000
74,1075
73,1841
74,6750
73,8877
73,6739
73,8283
73,7066
73,8251
74,3934
74,1403
73,4214
74,3449
74,3842
73,4587
74,1501
74,6614
74,1251
74,1409
73,9860
73,9592
73,9060
73,7692
73,7687
73,4839
73,4984
73,6178
74,0800
73,8147
74,0464
74,2761
72,8712
73,8800
73,9776
74,1371
74,2657
73,9133
73,2250
73,4295
73,0108
73,8558
74,0447
73,6013
74,0461
74,2071
74,0302
73,6671
74,0001
73,3737
74,2736
73,8309
73,4713
74,3589
74,6452
74,2447
73,4934
74,1445
74,0681
75,0366
73,2806
74,2333
73,0183
74,6393
73,7050
73,3676
74,0732
74,2387
73,9487
73,8369
73,8881
75,1146
74,1181
74,3525
73,9259
74,3843
74,0038
73,9941
73,7040
73,9507
73,8375
73,8151
74,1480
73,4834
74,3078
73,7206
74,4280
74,3010
73,5849
73,8170
73,6815
74,0679
73,6534
73,8283
73,3342
73,8348
73,5734
73,8112
73,7479
73,1250
74,0710
73,3497
73,1193
73,5596
73,7990
74,6402
74,2230
74,3496
73,3170
73,4443
73,8090
73,9960
73,3693
74,5003
73,8016
73,9321
73,9104
73,8044
74,4064
73,8631
74,0503
73,5910
74,4397
74,0768
74,6303
73,3675
74,3704
73,6109
73,9026
73,9095
73,1530
73,9433
73,9577
73,8240
73,9288
73,2653
73,5378
73,5919
73,7463
73,4803
73,5336
72,8640
73,1786
73,4114
73,6801
74,6115
73,2179
73,1772
73,9864
73,5771
74,5700
73,6757
73,7961
74,4459
73,7088
74,3019
74,0406
74,4525
73,8824
74,1766
73,8825
74,2901
72,7094
73,8683
74,2610
73,7314
74,3380
74,1300
73,2679
73,6366
74,1399
73,6125
74,2017
74,4645
73,6658
73,4231
74,0174
73,2996
73,1661
73,7722
73,8207
74,1555
73,7286
74,2479
73,7595
73,7727
74,1747
73,4435
73,8141
73,8203
73,1031
74,0584
74,1875
73,9014
74,0808
74,5931
73,7776
74,2618
73,4718
74,2455
73,5341
73,7792
73,8583
73,5717
73,6874
74,1718
73,8746
74,3661
73,8318
74,2913
73,0241
74,3248
74,1965
73,8596
73,2164
74,2672
73,3539
74,9203
73,9865
74,4733
73,1607
74,1799
74,1688
74,2170
73,9739
74,3541
73,7599
74,7927
74,2524
74,0070
74,7109
74,1098
73,8483
73,7273
73,7355
74,5796
73,8736
73,7007
73,8281
73,6359
73,5634
73,4916
73,8885
73,3784
74,2905
73,7344
74,6089
73,7612
73,5850
74,0148
73,6965
73,1244
74,0426
73,9200
74,0742
73,9183
74,2923
73,7621
73,7555
74,6285
73,5014
73,6886
74,1549
73,4345
74,1599
73,1541
73,7748
73,9144
74,5111
73,6536
74,3367
73,4305
74,2691
73,5943
73,7875
73,3960
73,9232
73,9620
73,4292
74,5404
74,6881
73,5500
73,7836
74,5634
73,9677
73,7367
74,1772
73,9151
74,3033
73,6047
74,1065
73,9384
73,6006
73,7258
73,7282
73,8853
74,4275
73,2240
73,3083
74,0892
74,0163
73,5031
74,6585
72,7338
73,8811
73,2030
74,5089
73,9687
74,2969
73,7333
73,5681
73,7612
73,9087
73,5024
73,6027
74,2430
73,3752
74,2141
74,1209
74,2017
73,9288
74,0152
73,7229
74,0798
73,9450
73,6753
73,5024
74,0749
73,3122
73,3383
74,0012
74,7983
73,6116
73,4193
74,0058
74,8024
74,1112
73,9699
74,4136
73,5363
74,1709
73,9954
73,8825
73,8711
73,3709
73,8238
73,8792
74,1014
73,0428
73,8492
73,3964
73,8189
73,7237
73,9546
74,3461
74,1362
73,9975
73,8436
74,3703
74,0620
73,8488
73,6710
74,0059
73,8552
73,4782
73,5954
73,5823
73,8206
74,1414
73,5268
73,6723
74,1195
73,9558
74,1070
73,7175
73,8603
73,7401
74,0598
73,5137
73,2119
73,7432
73,4206
74,1517
73,4575
73,5368
73,6529
73,7415
74,0234
74,1411
74,1626
73,5886
74,0245
74,3645
73,1794
74,0834
74,5558
74,3513
74,2193
73,1080
74,2246
73,8767
74,3843
74,0125
73,8889
73,5743
73,8962
73,5184
73,4528
73,8063
74,5681
73,3176
74,0564
74,0097
73,8771
74,4256
74,3402
73,5219
73,8395
73,6530
74,4588
73,8380
73,8532
73,9103
74,2461
73,7813
74,4678
74,0741
74,0489
73,9428
73,4289
73,7720
73,1814
73,9585
73,5343
73,5329
73,3752
73,5957
74,0291
73,6941
73,8825
73,6649
74,0250
73,8765
73,9286
74,0895
73,8291
73,8224
73,5165
74,3581
74,1092
74,1546
74,5907
73,4956
73,9947
73,8155
74,2602
73,6214
73,3783
73,3988
72,9361
73,6535
73,4522
74,1420
74,4991
74,1927
74,3047
73,8765
73,7502
74,0930
73,6950
74,0324
73,7682
73,7527
73,6220
73,7888
74,1250
74,0024
74,0178
74,0851
74,2245
73,6534
73,9174
73,6987
73,8439
73,2320
73,9191
73,4186
73,5838
74,0897
73,9453
74,1860
73,6976
73,7576
73,8443
73,8725
73,5301
73,8303
73,9021
73,8319
73,4556
73,8330
73,7991
73,8481
74,0985
73,9392
73,3550
73,9231
73,7305
73,5050
73,6492
73,8354
74,2519
74,0956
73,0940
73,8325
73,7532
73,6740
74,4625
73,9885
74,1179
73,5362
73,3567
73,2189
73,9353
73,7444
73,7603
73,9898
74,6506
73,8373
73,8582
74,1050
74,4576
74,3844
73,6301
74,4981
73,8296
73,6188
73,6881
73,8144
74,5794
73,3790
74,1640
74,2171
73,9629
73,8995
73,8820
73,2054
74,3865
73,9201
74,0865
73,3844
74,4279
74,5522
74,1406
74,6145
73,7831
74,1071
74,0090
73,1834
73,7541
74,2163
73,3061
74,0365
73,6160
74,4893
74,0413
74,1592
73,9568
74,2523
73,7055
73,9678
74,0319
73,6464
74,0209
73,9630
73,8796
73,9832
74,5981
73,4688
74,2520
74,5252
73,9594
73,8077
73,8839
73,4208
73,6087
73,2938
73,9164
74,6279
73,3812
74,0325
73,7075
74,1202
74,6422
74,0614
73,9149
74,1199
74,1146
73,4119
73,7343
74,4054
73,8154
73,5684
73,5352
73,8915
73,8850
73,9809
74,0769
73,7908
73,5825
74,5694
73,9982
73,7035
74,0339
74,4801
73,7458
73,7277
73,7225
73,7269
73,5831
74,9626
73,8447
73,6125
73,7035
73,7781
74,1365
74,4817
74,1316
74,1578
73,7882
74,1185
73,7943
74,1285
74,3512
73,7564
73,7252
74,1800
74,8382
73,9303
73,3051
73,6542
73,8267
74,2498
73,6527
73,3974
73,6870
74,2476
73,8460
73,8638
74,1679
73,7356
73,3869
73,3037
74,1681
73,5383
73,7845
74,0471
73,8524
73,9546
74,5219
73,6242
74,1188
74,1339
73,9859
74,0087
72,9042
73,6840
74,1808
73,7579
73,3866
74,0254
73,8126
73,9721
73,2626
73,7684
73,4125
74,0243
73,5345
73,8939
74,3652
73,9351
73,7001
73,7268
74,1365
73,7545
73,9626
74,1449
73,5635
74,2787
74,0831
74,5403
73,7903
73,9851
73,4772
73,5914
74,2137
74,1087
74,0332
73,8157
73,6973
74,1256
74,3075
74,1780
74,0015
73,8678
74,2169
73,8098
74,4508
73,9934
73,6730
73,8585
73,9395
73,2786
74,1623
73,8143
73,6893
73,7047
73,8159
73,7507
74,0479
73,9485
73,7898
73,6022
73,7294
73,9476
74,2425
73,9503
73,8532
73,7315
74,3043
74,1243
74,2661
73,8689
73,1525
74,0307
74,2464
74,1862
74,0434
74,3522
74,4754
73,4897
73,8658
74,0035
74,3878
73,8149
73,3443
73,6398
73,8521
73,6517
74,2737
73,8911
73,3856
74,1037
74,3072
73,2772
73,6915
73,8122
73,7662
74,0836
73,7441
74,3630
73,5696
73,4721
73,2887
73,2214
73,5525
74,1814
73,5868
73,4809
73,6901
73,6313
73,9018
74,4414
73,5557
74,1798
73,6340
73,9292
74,4195
73,4043
74,2897
74,1366
74,2077
73,5835
73,7473
73,3001
73,8020
74,2067
74,2291
74,8924
73,3535
73,9451
74,6207
74,3743
74,1739
73,4101
73,7167
74,2575
73,4338
74,1148
74,7260
73,5010
73,8236
73,6402
74,0742
73,7526
74,0944
73,8466
74,0288
73,1677
74,4070
73,9529
73,9378
73,6172
74,5128
73,5314
74,0228
73,6011
73,5189
73,8392
74,0777
73,9479
73,6047
73,7048
73,6261
73,8990
73,7668
73,7230
73,9545
73,4033
74,2486
73,5104
73,8085
74,0813
73,7291
74,7009
73,7269
73,7997
73,3218
73,3965
73,7059
73,2093
73,4929
74,6379
73,9202
73,9032
73,3943
74,8946
73,7937
74,3930
74,4061
74,3780
73,6161
73,7203
74,4067
73,8376
74,9180
73,5828
73,6190
74,0738
73,1835
73,8025
73,9493
73,7761
74,4070
73,7535
73,3397
73,6522
73,3474
73,4008
74,0366
74,1054
73,4458
74,2703
74,2986
73,9900
73,5337
73,0999
74,4224
73,5282
73,6012
74,0169
73,7469
73,1876
73,8085
74,2816
73,6382
74,2639
73,9785
74,2783
74,3238
73,9992
73,9772
74,3364
73,6929
73,4357
73,9911
73,6106
74,5935
73,7131
74,2048
74,5208
73,8660
73,4566
74,1381
74,2594
74,3635
73,4052
73,8755
74,1547
73,5999
73,5503
73,7510
74,2353
74,2379
73,1583
73,4634
73,5258
74,5203
73,5926
74,2938
74,0228
74,0472
74,5231
74,2014
73,8604
73,8391
73,3526
73,9873
74,1992
73,8196
73,1616
73,1765
73,5706
73,9305
74,1605
74,1640
73,9084
74,4311
74,2193
73,7850
74,2991
73,8219
73,9255
74,1757
73,5024
74,1777
74,0037
73,7011
73,5897
74,5990
74,0669
74,1557
73,4443
73,5064
73,9720
74,4165
74,2366
74,2287
73,8922
73,8125
74,3956
74,4100
73,7181
73,6212
73,6763
74,1671
74,1057
74,0647
74,0148
73,2293
73,5754
74,2538
74,1987
73,7447
74,0832
73,3285
73,8330
74,1251
74,2198
73,7334
74,0028
73,7808
73,4898
74,7456
73,0583
73,5859
73,4487
74,1338
74,6284
74,0242
73,5718
74,2810
73,1004
73,9213
74,3420
73,7099
73,4958
74,2968
74,8853
73,8898
73,9947
73,7182
73,3928
73,5379
74,0280
73,3364
73,7079
73,8179
73,8952
74,0431
74,6077
74,0298
74,2364
73,6655
74,2155
73,2385
73,1694
74,0328
74,1601
74,2863
73,9422
73,5707
73,3205
73,4839
74,4966
73,7109
73,3895
74,2798
74,2278
73,8953
73,7294
73,3865
73,8603
74,1746
73,9333
73,9846
73,4340
73,1016
74,4013
73,8433
74,2062
73,5358
73,7092
74,0108
73,8274
73,4436
74,2995
73,6369
74,6780
73,4548
73,6428
74,1182
74,5128
73,9564
74,2994
74,0319
73,4026
74,5829
74,0485
73,3057
73,6584
73,0570
73,9127
73,7656
73,5294
73,7693
73,8796
73,8179
73,5695
73,1788
73,4462
73,8156
73,5201
73,6129
74,3204
73,7600
73,9008
73,7401
74,1965
74,0877
73,3605
73,2251
74,2602
74,4209
73,6097
74,3641
73,9504
74,0821
73,6851
73,9486
73,7558
73,9378
73,3899
74,7820
73,8803
73,8309
73,7223
73,9530
74,3543
73,8415
73,0967
74,2939
73,9707
73,9778
73,2950
73,8135
74,2320
73,5293
74,4108
73,9298
73,7330
73,4179
73,8993
73,6753
73,8250
74,1353
73,7921
73,9763
74,4556
74,3126
73,9367
74,5879
74,2670
74,0765
73,6424
74,4050
73,7931
74,7659
73,9176
74,0969
73,7830
74,5638
73,3743
74,3412
74,0847
73,9792
73,7817
74,3152
73,4043
74,7725
73,1569
73,7299
73,6965
73,8725
74,2204
73,8877
74,1224
73,9465
74,0206
73,9320
73,7871
73,9890
73,6862
74,3070
73,9704
73,5796
73,4497
74,1948
74,1800
74,1621
73,9008
74,0950
74,0554
73,5591
74,1128
73,3183
74,2496
74,1222
73,7990
73,5256
74,6719
74,2594
73,7029
73,9011
73,6598
74,4562
73,6156
74,1505
72,8773
73,9905
74,4921
73,6798
73,4911
74,1894
74,1969
75,0173
73,7259
73,6025
73,5416
74,5817
74,2055
74,5801
74,3901
73,8205
73,9088
74,0615
73,9613
73,6810
73,8665
74,0788
73,6620
74,2056
73,9225
74,0078
73,4079
73,5394
73,7801
74,1826
73,9959
73,4083
74,0725
74,0584
73,8974
73,7222
73,8283
74,1272
73,8629
73,4105
74,1486
74,2277
73,5549
73,7853
72,9632
74,4657
73,6369
73,7073
74,8291
74,0879
74,5224
73,2172
73,6458
73,5755
73,3178
74,6416
73,7434
73,9501
73,7184
74,3785
73,8231
74,3929
73,6762
73,7697
73,7290
73,4660
74,1825
73,7816
73,7780
74,1839
73,9663
73,6031
74,3696
73,9954
73,9519
74,2823
74,0755
74,0397
74,0162
74,2809
74,2514
73,9544
73,6292
73,8002
74,0190
74,1519
73,6603
73,5114
73,3963
73,1765
74,0573
73,9732
74,2860
74,2235
74,0503
73,3393
74,0189
73,9445
73,9552
73,8973
74,0639
74,1389
74,1254
74,2219
74,1160
73,7437
74,3923
74,4745
73,5581
74,0046
73,9117
73,9267
73,9575
73,9763
73,7774
74,2700
73,7075
73,5551
73,6313
74,1585
74,0094
73,6961
73,4208
74,0190
74,1242
73,8209
74,3456
74,4848
73,4062
73,7883
73,5262
73,5470
73,7658
74,1583
73,9838
73,4667
74,3148
73,8928
74,6428
74,1330
73,8832
74,0124
74,3896
73,5338
73,1068
74,8492
74,1742
73,8782
73,7203
73,6484
73,8727
74,5087
74,0904
73,7095
73,3377
74,5323
73,8584
73,6270
74,3648
73,2284
73,5568
73,9599
73,7178
74,1197
74,0648
74,0796
74,0138
74,0160
73,8705
72,8143
73,2506
74,5665
73,8786
74,0461
74,6534
74,3240
73,2900
73,9256
73,7260
74,3118
73,4812
73,2423
74,0518
73,2205
73,8240
73,8287
74,2267
73,4672
73,8824
73,5404
73,2246
74,6570
73,5892
74,0549
73,9881
73,3590
73,9485
73,5545
74,1441
74,4846
73,8179
73,6313
74,3052
73,5155
73,9608
74,1072
74,2375
74,0789
73,8160
74,2353
74,3119
73,7981
74,2573
74,4837
74,2442
74,2477
73,5903
74,0649
73,7699
74,0480
73,9042
74,6319
74,2016
74,0825
74,1539
74,1461
73,1959
74,1558
74,0385
73,9856
73,6865
73,5752
73,7051
74,1205
74,3368
73,6740
73,6026
74,5286
74,7980
73,8882
73,6338
73,8854
74,1656
74,4954
73,4864
74,0056
74,1939
74,2675
73,8662
73,5647
74,4533
73,2739
74,2343
74,2318
73,5691
73,6899
73,3868
74,0000
73,8705
74,2620
74,0341
73,8763
73,7034
73,9190
74,0361
74,3918
73,4449
73,9691
74,3983
73,6429
73,8300
73,6879
73,8146
73,7252
73,7977
73,0981
73,9131
74,1305
74,0157
73,4399
74,1129
73,6745
74,0332
74,1716
74,2909
74,0664
74,4780
73,5203
73,7276
74,0905
74,3298
74,5227
73,4418
74,0872
73,8214
73,7168
73,7591
73,3438
73,6561
73,5841
73,9016
74,6729
73,9412
74,2087
73,9514
73,9515
74,1847
74,2295
73,8351
73,8298
73,4705
73,9079
73,8300
73,9707
74,1828
73,8804
74,1149
73,5910
73,6710
73,3493
74,4280
73,7975
73,9632
73,4891
73,4851
73,8813
73,5200
73,9538
74,2717
74,0459
74,0623
74,6394
73,5441
74,1083
73,5821
74,6936
73,6112
74,5099
73,5508
73,2898
74,7021
74,2365
74,0498
74,2235
73,8998
73,8405
73,2882
74,7005
74,1112
73,6087
73,8811
73,6398
73,6728
73,6525
74,0788
73,9587
73,4796
73,3546
73,8004
73,3103
73,7770
74,1541
74,1637
74,4865
73,9244
74,1951
74,0170
73,8526
73,9513
74,5621
73,8743
73,8338
73,7666
73,7557
73,7575
74,4033
74,0682
73,4905
73,3541
73,7724
74,2627
73,6815
74,2372
74,1771
73,1347
73,2456
74,6265
73,6397
73,2816
73,9902
73,7450
73,8526
73,9865
73,9340
74,5447
73,8104
73,6676
74,0022
74,1625
73,4790
73,8851
74,0638
73,5126
74,2669
73,9765
73,2518
73,8626
73,8553
73,7672
73,7284
73,8840
74,6118
73,8502
73,9375
73,7675
73,8028
73,6783
74,3188
74,2568
74,7733
73,6714
73,8582
74,5303
73,8378
73,6052
73,4101
74,4216
73,4196
74,3084
73,6858
74,0813
73,7561
74,4709
73,5568
73,7439
74,8118
73,4736
73,7076
73,4173
73,5358
73,7653
74,0909
73,5874
74,6462
74,1009
73,5820
73,7016
73,9837
74,1523
74,2659
73,6005
73,9732
73,4455
73,6877
74,0683
73,6107
74,0974
74,4314
73,8896
73,9101
73,8164
73,4044
74,3822
73,8173
74,7281
73,5871
73,4184
74,2116
73,7409
74,0667
73,9281
73,9818
73,8615
74,5018
73,8046
73,7466
73,4266
73,2148
73,7123
74,1076
73,8875
73,9486
73,8196
73,6222
73,4958
73,8474
73,9297
74,4244
73,7656
74,3428
74,0939
73,2872
73,7807
72,9010
74,0653
74,0572
73,8101
73,6255
73,7278
73,2785
72,8911
73,7813
74,1285
73,8240
73,7489
73,6053
74,7823
74,2764
73,6849
74,1753
73,8675
74,9511
74,3037
74,3344
74,0653
73,9592
74,2772
74,1312
73,9907
74,2306
74,0908
74,3097
73,6130
74,2041
74,0835
73,4972
73,6481
74,0482
73,3865
74,1916
73,9566
73,5760
73,6248
74,5003
73,4129
73,7039
74,5071
73,6764
74,5963
73,8106
73,7152
73,8878
73,5254
74,0013
73,9008
73,4430
74,0137
73,5429
74,0462
74,2360
73,6203
74,0699
74,3522
73,8011
73,0818
73,8968
73,6701
73,3198
73,8163
73,8001
73,9652
73,6400
73,1795
74,0818
74,1991
74,5384
73,6281
74,1132
74,2723
73,8120
73,8529
73,6898
73,9767
74,0527
73,5637
73,7194
73,4798
73,8871
73,7766
74,0117
73,5830
73,4261
73,7916
73,7528
74,7041
74,4625
73,3692
74,3123
73,7270
73,7799
73,6308
74,2762
74,1373
73,2385
74,8494
74,6399
74,1027
73,8499
74,5456
74,3522
73,9467
74,0511
74,0153
74,0071
73,9270
73,9812
74,0070
74,4118
74,0101
74,1459
74,3970
73,7004
73,7199
74,4287
73,6853
74,4573
73,3591
73,4874
74,2225
73,6878
74,2529
73,9069
73,9290
73,8059
73,3712
73,7442
72,9737
73,7209
73,8154
73,4563
73,4103
73,9067
74,4515
73,3853
73,5340
73,8932
73,4805
73,5826
73,6714
73,9784
74,1279
73,6273
72,6906
73,7588
73,6770
73,7504
73,9528
73,7612
73,8129
73,8171
73,8608
74,1658
74,2240
73,6744
73,9351
73,7168
74,4291
73,2864
74,2839
74,1227
73,7593
73,9746
73,4933
73,4454
73,8968
73,8793
73,9959
73,3363
73,3906
74,1936
73,6614
73,7611
73,9126
74,1597
73,6050
74,1252
73,9333
73,7780
73,5235
74,3973
73,7078
73,7688
73,3922
74,3937
74,2415
73,9571
73,9556
73,7126
74,1988
73,3621
72,8601
73,5324
74,0151
73,9118
73,9961
73,5356
73,6888
73,5821
74,3656
73,4334
73,8073
74,1128
73,4908
73,7983
73,6467
74,0783
73,6012
74,7777
73,7910
74,6127
73,6122
74,0766
73,4501
74,3252
73,7358
74,4278
73,6028
73,6260
73,6672
72,9540
73,2840
73,9680
73,7342
73,7018
73,3745
74,3446
73,7365
73,5297
74,3739
73,9620
74,2619
73,5662
74,2154
74,0922
73,4768
73,7001
73,7579
74,3734
73,1434
74,0034
73,4552
73,7798
73,6141
73,3212
74,1937
73,6647
73,4108
75,0085
73,5868
73,6155
73,9041
73,8866
73,2549
74,0994
74,1880
73,4234
73,2282
73,2510
74,4069
73,8324
74,3821
73,8998
73,7888
74,0058
74,0159
74,5025
74,1923
73,0231
74,1799
73,6883
74,2391
74,1101
73,4808
73,3349
74,4291
73,7871
73,5001
74,0611
73,8181
73,8804
74,0975
73,9657
74,0871
74,2610
73,7049
74,3552
73,7873
73,9758
74,2838
73,2730
73,7068
73,1850
73,6681
73,9333
74,1682
74,3547
74,5207
73,2906
74,4258
74,1380
74,0760
74,2930
73,9045
73,4685
74,0823
73,9511
74,1002
74,0499
73,5200
73,5097
73,5556
73,8740
73,4768
74,3838
74,0196
73,8726
73,3803
73,6743
74,1610
73,0522
73,6839
73,6814
74,2028
73,8692
74,0405
73,7478
74,1204
74,1217
73,8259
73,9629
73,9536
73,5648
73,2174
73,4468
73,7180
73,2390
73,0818
73,7090
74,1093
73,8982
73,9066
74,1467
73,7434
74,1762
73,6930
74,1584
73,5730
74,4454
74,5075
73,5552
73,9067
74,0266
73,5900
73,6614
73,9859
73,4208
74,0115
73,5374
73,6303
74,5076
73,8661
74,6563
73,9234
73,8387
74,1883
74,0372
73,9152
73,5573
73,6816
73,6463
74,5322
74,0937
73,7767
74,0250
74,0223
74,3169
74,6887
73,8056
73,6862
73,9464
73,8599
74,1887
74,5447
74,4470
74,1121
73,3832
73,6811
74,1892
73,9435
73,5348
73,6220
74,1718
74,5093
74,0515
73,4023
73,7845
73,4853
74,2728
74,1594
73,5982
74,2251
73,7313
73,9764
73,6531
74,5259
73,6603
74,2758
74,2326
74,0526
74,1690
73,8470
74,5769
73,4629
73,5301
73,6153
73,9834
73,6358
74,0257
73,9307
74,2024
74,0667
73,2959
73,6781
74,3829
73,9445
73,7898
74,1805
74,1233
73,4933
73,9521
73,9150
74,0759
74,4117
73,5438
73,7213
73,3146
73,6584
74,4663
73,9359
73,8852
74,4084
73,7823
73,3380
73,9027
73,8503
74,0540
73,2726
73,5832
74,4619
74,2932
73,6935
73,8033
73,3116
73,4821
73,5110
73,3413
74,2956
73,6556
74,0945
73,7342
74,1409
73,8119
73,4329
73,7836
74,2791
74,1309
74,2447
74,0832
73,5799
74,1153
74,1640
74,6904
74,4324
73,7180
73,9581
73,4839
73,7169
73,7524
74,1529
73,6313
74,0006
74,2731
73,8921
74,1162
73,5519
73,6014
73,7331
73,9204
74,7308
73,8808
73,7284
73,4462
73,6760
74,1063
73,9251
73,2498
73,8157
74,1648
74,0953
73,1824
73,9733
73,4606
74,2544
73,4632
74,0299
73,7741
73,9522
74,4469
74,0901
74,1451
73,4644
73,7255
73,6156
74,1586
73,7916
73,4441
73,3585
74,1547
74,2360
73,5582
74,1677
73,6811
73,6719
73,9744
73,9825
74,4285
74,0684
73,8638
73,4869
73,5884
73,7789
73,7736
74,0712
73,8119
74,2003
74,2958
73,4062
73,9309
74,2296
73,7317
74,1408
73,5980
74,1003
74,1531
74,1958
73,4880
73,1726
74,2744
73,9952
74,3267
74,1448
74,1363
74,1871
73,9902
73,9605
74,0493
74,7335
74,1961
74,1890
73,4879
74,3539
73,3404
74,0511
74,2395
73,4356
74,3632
73,5872
73,7616
73,8926
73,9602
73,6973
72,8620
73,8639
73,6979
73,2886
73,4155
73,8855
73,5844
72,9791
74,3883
73,9034
73,5509
73,5026
74,1604
74,5239
74,4259
73,6172
74,1299
73,3592
74,4359
73,8585
74,1801
73,7238
73,7286
73,7226
73,1770
73,5545
73,2770
73,6808
74,2454
73,5508
73,6431
73,7499
73,5986
74,2069
73,7685
73,5153
74,0895
73,9169
73,9619
73,9374
74,0439
73,5171
73,9508
73,8727
73,7371
73,5195
74,3889
74,0260
74,0554
73,6810
74,6058
73,5150
74,1625
74,1468
73,5639
73,7763
73,6858
74,0064
73,4514
73,8560
74,1547
74,0762
73,2994
74,1060
74,1821
74,8256
74,0369
73,6137
73,7676
73,7637
74,4220
73,2435
73,4837
73,5804
74,2674
73,9252
73,7213
73,5222
73,8216
73,8406
74,3559
73,4515
74,7086
73,9864
74,1747
74,3663
73,8055
73,8226
73,8897
73,7490
73,5706
73,8384
74,1685
73,8577
73,7305
74,3032
74,1239
73,6580
73,7514
73,7541
73,8316
73,6968
74,2422
73,5655
73,6373
74,3390
73,1984
73,4823
74,0561
74,0407
74,1505
73,7341
73,9085
74,0926
73,7339
73,4272
74,0510
74,2413
73,9228
73,7905
73,9919
74,5795
73,7354
73,2237
73,7834
74,1892
73,2888
73,6797
73,8343
74,1766
73,5023
73,9879
73,9352
74,2442
73,8726
73,3721
73,5793
73,6082
73,2403
73,6724
74,1941
73,4978
73,7466
73,5613
74,3209
73,6464
73,4793
74,1511
73,5168
74,2559
73,0970
74,2039
74,1709
73,9605
73,4159
73,8230
73,8996
73,2965
73,5224
73,3079
74,1725
74,0660
73,8690
73,9089
73,7135
72,9608
74,0028
74,1054
74,2292
74,0938
73,5304
73,6858
74,4313
73,5809
74,2662
73,6450
74,1046
73,1958
74,5287
73,9898
73,6317
74,1854
74,3581
73,5007
74,0814
73,9449
73,4261
73,8293
74,2272
73,7272
73,4770
73,9004
73,3365
74,0233
74,1115
73,9356
73,7720
73,6306
73,6047
73,2222
74,1905
73,7524
73,7651
73,5586
73,0297
73,5959
74,0370
73,4687
74,1365
73,7990
74,1890
72,9120
73,7700
74,1383
74,0263
74,3584
73,7555
74,5902
74,1836
73,5974
73,5019
73,4254
74,3196
73,3622
73,8063
73,6808
73,7309
74,0977
74,0777
74,2425
74,2710
74,0639
73,5026
73,1690
73,8329
74,3081
73,5087
74,3922
74,1785
73,2634
73,9940
73,8471
73,4664
73,2737
74,0015
74,1028
73,7348
74,6038
73,8661
74,0952
73,6445
73,7073
74,2973
73,6648
73,7792
73,2961
74,1297
74,2879
73,0284
74,2901
74,5341
74,2411
74,2752
74,1356
73,6814
73,2711
74,6868
74,0513
73,9090
73,3981
73,5740
73,8558
73,8030
73,7735
73,8991
73,5254
73,8166
74,2893
74,1550
73,3943
74,4296
73,4985
73,9622
73,7193
73,7155
74,0289
73,7768
74,1927
74,4487
73,9320
73,6518
73,7195
73,7646
73,7720
73,6280
74,1926
73,2520
74,5952
73,9141
74,2768
73,3492
73,8708
74,0521
73,9191
74,0521
73,9466
74,0797
73,6140
73,8160
73,8793
74,0871
73,8176
73,7349
73,3212
74,0782
74,0828
74,4368
73,9340
74,2041
73,1277
74,1376
74,9213
73,6922
73,8846
73,3824
73,8902
73,1357
73,3082
73,8600
74,3781
73,7708
73,7313
73,8981
74,3744
73,5019
73,5180
74,1142
74,2719
73,6974
74,0931
74,2499
73,7906
73,8876
74,0054
73,9063
74,4821
73,6825
73,4416
73,5745
74,5831
74,3289
73,9375
73,7764
73,6056
73,8186
73,7287
74,2057
74,1246
74,3852
74,3174
73,9181
74,0583
73,6824
74,0136
74,0732
74,0216
74,4583
73,7705
73,7491
74,0619
73,0701
73,9064
73,7742
74,5907
73,8169
73,4584
73,4695
73,7452
73,9788
74,5114
73,2368
73,8938
74,2598
74,2720
74,5369
73,7438
73,2238
74,0589
74,2510
74,2142
74,1096
74,4003
74,3496
73,9982
74,0939
73,8775
74,1915
74,0463
73,3071
73,5182
73,8061
73,7669
74,1205
73,8650
74,1074
73,8297
74,4212
73,0305
73,8338
74,0517
73,1069
73,4427
73,9612
73,7826
73,3888
73,8291
73,9620
74,5743
74,2893
74,0478
74,4813
73,8780
74,0108
73,8156
73,8737
74,1866
73,8791
74,4020
74,6522
73,9127
74,0856
73,9019
74,3536
73,2938
74,5546
73,6343
73,8749
74,5148
74,0514
73,4785
73,9779
73,8005
74,1791
74,1640
73,9604
73,6092
73,6467
73,3681
74,2688
73,9921
74,1620
73,7628
74,3739
73,4794
74,3919
73,9922
73,1248
73,9590
73,9018
74,0266
74,2889
73,3915
73,6384
74,1393
74,3288
73,6963
74,2185
74,1905
74,0397
73,2774
73,6006
73,8977
73,7109
74,2990
73,5674
74,2183
73,8739
74,7365
74,1960
73,3327
73,3240
73,6226
73,3445
74,2964
74,0541
74,8081
73,0179
74,5094
73,3330
74,4962
73,8758
73,7514
74,5341
73,5952
74,2524
74,7208
73,4057
73,8593
73,6403
73,4161
73,6769
74,4609
73,5008
73,2126
73,6881
74,0799
73,6056
73,3021
73,3604
74,1124
74,1646
74,3876
73,7310
73,9959
73,9042
73,7243
73,9829
74,0068
73,8185
74,1631
73,9913
74,4508
72,9146
73,6287
74,3457
74,0714
74,6090
73,6989
74,2525
73,8604
73,8830
73,9457
73,9589
73,6480
73,7038
74,4337
74,2985
74,5141
74,1825
73,9314
73,5252
73,3370
73,5547
73,6607
73,3495
73,7853
74,0171
73,7976
74,2280
73,8191
73,8783
74,0258
73,8086
73,8107
73,6485
74,5948
74,2913
73,7963
73,1168
74,0050
73,4806
74,4040
73,8439
74,0658
74,7234
74,3608
74,2133
73,1134
74,0199
73,2418
73,6454
73,6564
74,4102
74,8457
74,3396
73,6628
74,2096
74,5184
73,9174
73,9863
73,4478
74,0871
73,7347
73,7662
73,1669
72,8688
74,3803
73,7633
73,9410
73,9890
74,1239
73,7752
73,8958
74,3104
74,5143
74,2218
73,5608
74,0282
74,1384
74,0167
74,3119
73,8924
74,5241
73,9913
74,0942
73,7618
73,4960
74,0721
74,2326
74,3872
74,2420
73,6034
74,1389
74,2257
74,3564
73,9013
73,5618
74,1143
74,0801
74,0606
74,0246
74,2777
73,6743
74,3353
73,8489
74,4623
74,2978
74,4210
73,5924
73,9649
73,5971
74,2437
74,3546
73,6160
73,9939
74,0651
74,0746
74,5761
73,7464
74,5574
74,5022
73,8819
74,0271
74,3713
73,6722
74,8067
74,2510
73,4512
74,1693
73,4601
73,5784
73,7346
73,6281
73,9073
73,7205
73,5821
74,1879
73,8474
74,2206
74,1398
73,7997
74,7380
74,5385
74,2059
73,7608
73,5107
74,2159
73,7544
73,8273
73,8813
73,8301
74,3568
74,0528
74,2319
73,9745
73,8883
74,0555
73,8542
73,9551
73,6845
73,5675
73,5872
73,6888
73,7750
72,9444
73,4523
74,6941
73,5013
74,1766
74,1599
74,4506
73,6688
74,1461
73,9273
73,5915
74,0188
74,1194
72,9336
74,1167
74,4461
73,3615
73,8565
73,6636
73,9501
74,1928
74,0615
74,2060
73,5204
73,3453
74,1924
73,9011
74,1628
74,0687
73,5957
74,2815
74,8379
74,1772
73,9960
73,7969
73,4017
73,5636
74,0894
73,6208
73,6278
73,9748
73,7338
73,4105
74,0652
73,9223
73,9830
73,9547
73,7598
74,2361
74,0509
74,2710
73,9547
73,5424
74,3802
73,8278
73,6884
73,7699
74,3686
73,6523
74,0014
74,1469
74,7915
73,5527
74,6429
73,7170
73,8262
73,8214
73,4741
74,3009
73,3701
74,4128
74,6388
73,5539
74,6234
74,0541
73,7694
74,2119
73,1741
73,2124
73,5990
74,0345
74,2346
74,2514
73,6669
73,5982
74,1364
73,9802
74,1425
73,8384
72,9986
73,9111
74,3646
74,2211
74,0678
73,9191
73,9571
73,5118
74,3995
73,9308
73,7141
73,6983
73,4721
73,3378
73,4420
74,0048
73,5827
73,3701
73,2740
74,2317
73,7026
73,9591
74,0942
73,5370
73,4990
74,6817
74,1543
73,7067
73,9850
74,2816
73,7388
74,6307
73,9150
74,5744
74,3534
74,2972
73,6174
73,9396
74,1669
73,8825
74,4394
74,2270
73,7663
73,5794
73,8029
73,5582
73,2831
74,2927
73,4941
74,5343
74,5950
73,7591
74,3183
74,4847
73,7714
74,0761
74,2009
74,5680
73,7113
74,6361
73,3585
74,0526
73,8940
73,6224
73,9217
74,3579
73,3940
74,2251
73,8566
73,4376
74,2312
73,2364
74,0744
73,9181
73,8897
74,1558
73,3646
74,5704
74,0748
74,0917
74,0031
73,9328
74,7246
74,2863
74,2042
74,0805
73,7203
74,7409
74,0673
74,2128
74,3580
74,1310
73,7004
74,0714
74,0557
74,3121
73,6091
73,7904
73,8196
74,1554
73,6237
74,1322
73,7693
73,2897
74,1093
73,4000
74,4676
74,1519
73,5679
74,0397
73,7996
74,3747
74,5249
73,8320
74,5456
73,8260
73,9756
73,9261
74,0437
74,3808
74,5113
73,9915
73,3758
73,9710
74,1261
74,1358
73,6430
73,3565
73,5560
74,2728
73,7133
74,2063
73,6230
74,0403
73,6404
73,6078
74,0417
73,2627
74,1478
73,7858
73,6574
73,7593
73,9074
74,3825
73,4136
74,1130
73,8930
73,6163
73,4857
74,1654
74,2223
73,3370
73,8674
74,0947
74,2802
73,2869
74,0763
74,2984
73,9281
73,7605
73,6614
74,7531
74,0781
73,8864
73,6724
73,9461
74,3997
73,5143
74,1574
73,8610
74,0711
74,1929
73,8877
73,6865
73,8293
74,4045
73,7913
74,3380
73,5459
74,0160
74,0181
74,2271
74,2753
73,5488
74,0031
73,9429
73,9424
74,2080
74,2232
74,0060
74,3114
73,1179
73,7775
74,2044
73,9115
73,9255
73,5087
73,7206
72,9588
73,8451
74,0689
73,5825
73,7188
73,9422
73,5438
73,8022
73,8312
73,5124
74,2855
74,1829
74,0046
73,6465
73,7972
73,6769
73,6198
73,8898
73,7303
73,6898
74,1903
74,1158
74,0743
73,7223
73,4936
73,9165
73,8751
74,4627
74,1631
73,5907
74,2257
73,5699
73,7601
74,0415
73,8104
73,9224
73,8081
73,6235
73,5794
74,5323
74,4993
74,1909
73,7514
73,9965
74,2983
73,9225
74,2658
73,8355
73,1577
74,3277
73,3272
73,6341
73,5221
74,0739
73,6736
73,3812
74,2444
73,8234
73,1839
74,5106
73,1862
73,9274
74,6260
74,3839
73,5492
73,4113
73,9368
74,1090
73,0970
74,0609
73,9152
73,4828
74,3628
74,1240
73,0255
73,7120
73,8205
74,0605
73,8025
74,2620
73,7398
73,8568
73,6590
73,9949
73,6250
74,5601
74,2523
74,1116
73,6951
73,9203
73,8970
73,5492
74,0389
73,6918
73,7977
74,2082
74,0396
73,4437
74,0864
73,6040
73,9284
74,7764
73,3775
73,9694
74,3736
73,4117
74,2882
74,1593
73,9256
72,4153
73,8800
73,3675
74,4095
73,9402
73,8543
73,5215
73,9000
73,7739
74,0747
73,6452
74,1756
73,2988
74,1844
74,0595
74,0463
74,1568
73,9776
74,5357
75,0829
73,4384
73,6690
74,2379
74,1224
74,4076
73,9694
73,5918
73,5284
73,9847
73,4790
73,8679
74,0162
74,0498
73,3339
74,1012
74,1690
74,4191
74,0459
73,4823
74,3884
74,3366
73,3548
73,4651
73,5924
74,4359
74,0565
73,9697
73,9783
73,2392
73,5199
74,1756
73,3330
74,1696
73,6953
74,3161
74,1649
73,5827
73,6813
74,0416
73,6108
73,5464
73,6062
74,0467
73,6038
74,0187
73,7918
73,7956
73,7428
73,8744
74,7976
74,0407
74,0808
73,4541
73,8032
74,0339
74,0200
73,9275
73,6019
73,6255
73,6056
73,7451
73,9262
73,5406
73,7044
74,2703
73,6934
73,9039
73,7993
74,4885
74,4127
74,5586
74,1196
74,0661
73,7696
73,2428
73,8368
73,5116
73,9117
74,0116
72,9338
73,6658
72,9724
74,0461
73,9970
74,5314
73,7962
74,2170
73,5590
73,8899
73,6852
73,7445
73,9726
74,5573
73,4415
74,2335
74,0449
74,1098
74,1533
74,0910
73,9553
73,9013
73,3756
73,8245
74,0869
73,5164
73,8408
74,5827
73,7395
73,7369
73,8991
73,2731
74,2508
73,6636
73,0162
74,3558
74,6463
73,5350
74,6231
73,2873
73,8447
74,3274
72,9624
74,1008
74,0960
73,4941
73,5310
74,0749
73,6164
73,1015
74,1346
74,0884
73,9119
73,5483
74,6736
72,9393
74,1446
73,5584
73,4421
73,9250
74,1471
74,2787
73,6515
73,3928
74,5043
73,4194
74,6273
74,0088
73,4359
73,1299
73,7973
73,8644
74,3149
73,7629
73,8105
73,3389
73,8135
73,9593
74,4084
74,7481
73,9890
74,7286
74,1541
74,1622
73,9047
73,8533
73,4602
74,3444
73,4158
74,1231
73,3064
73,7295
73,9302
74,6827
74,2437
73,5789
73,8399
73,5648
73,2185
73,8093
73,8086
74,2397
74,0483
73,4648
73,7871
74,0965
73,4387
73,2736
73,9740
74,2718
73,9524
73,6873
74,4921
72,7073
74,1437
73,4772
73,3359
74,0750
73,6077
73,6427
74,1363
74,5982
73,9950
73,4833
73,8372
73,5568
73,8767
74,3318
73,3278
74,4820
73,8061
73,8077
73,6671
73,6202
74,1628
73,4431
74,2104
73,7541
73,5627
73,7279
73,8410
74,3581
73,9725
74,1168
74,6940
73,4994
73,4459
74,4651
73,8113
73,0483
74,4437
73,2252
73,7981
73,9709
73,3723
73,6501
73,8145
73,6389
73,5552
74,2646
73,5417
74,3830
73,7153
73,7218
74,4732
72,9830
74,5032
74,1422
74,3237
73,7549
73,4659
73,2259
73,8100
72,9712
74,3453
73,3021
74,0502
74,1356
74,1193
73,7981
72,9008
73,4159
73,8439
73,6434
74,1485
74,2238
73,7521
74,5170
74,3636
74,0963
74,2507
73,6422
73,8948
73,4829
73,5868
73,9669
74,1943
74,1457
74,8525
73,8752
73,6704
73,7049
73,9464
73,8440
73,6906
74,2176
73,9944
73,7443
73,6422
74,3239
73,5082
74,4490
73,7970
74,1291
73,5983
74,1959
73,8766
74,5696
74,0458
73,5923
73,7418
74,2753
74,2583
74,0817
73,7773
73,4633
73,3182
74,2867
73,7902
73,6198
74,0525
74,0116
74,0110
73,9642
73,5491
74,4664
74,1683
73,9060
73,1702
73,2437
73,3751
74,0429
73,6535
74,3754
73,7345
73,8891
74,1317
73,4832
73,9052
73,7798
74,0658
74,0175
73,8441
73,6560
74,9465
74,2750
73,2630
73,6351
73,9019
73,5859
73,5237
72,9681
73,5860
73,1966
73,9811
74,3068
74,0748
74,2845
73,7622
74,1280
74,7268
73,5190
73,7078
73,7735
74,5583
73,9836
74,6853
74,0909
73,5836
74,3027
74,2432
73,9684
74,1728
74,0613
74,3050
73,6384
73,5527
74,0902
74,3832
73,2832
74,0041
73,8676
73,1534
74,2322
73,4637
73,6668
74,2684
73,5701
73,7373
73,9163
73,7456
73,9469
73,7036
73,5701
73,7747
73,8207
73,4268
73,6952
74,2808
74,4709
74,4524
74,2532
73,3237
74,1729
74,3680
73,4142
74,2616
73,4347
74,0614
74,2379
73,1880
73,7990
73,4996
73,5482
74,3439
73,9542
73,8855
73,5692
73,9439
74,3158
74,0176
73,7512
74,5612
73,5181
74,1877
74,5128
73,4852
74,1418
74,1077
73,9930
74,1272
73,7955
73,7093
74,4687
74,5502
73,6660
73,9489
74,1445
73,4620
73,3952
73,8647
73,3125
73,0277
73,8565
74,4378
74,1320
74,1221
73,9453
73,4251
74,1838
73,3318
74,4252
74,5001
73,9268
73,9650
74,2759
74,2891
73,4550
73,8234
73,4590
74,2225
74,5146
74,6295
74,0119
74,3914
74,1598
74,3757
73,6313
73,7591
73,6662
74,4498
73,7093
73,8600
73,0698
73,3815
74,6496
73,8598
74,2284
74,5197
74,0598
73,5156
73,7879
73,9835
73,9386
73,8907
74,0076
73,2274
73,9731
73,7935
73,8068
74,0176
73,7037
73,8956
74,3351
74,2585
73,6173
73,7754
73,4505
73,8021
73,5766
73,7380
73,5828
74,1779
74,2531
73,6181
74,5314
74,3258
73,4726
73,7681
73,8031
74,1255
74,5759
73,8393
73,5759
73,5325
74,2546
74,4013
73,3301
73,2665
74,0162
73,7468
73,9901
74,3673
73,7984
73,8665
73,4967
74,2491
75,0664
73,7124
73,9652
74,4659
73,6519
74,3522
73,9913
73,6543
73,3530
74,0917
73,4742
73,6635
74,0359
73,3633
73,5570
73,9915
73,8726
74,5617
74,0884
73,9808
73,9091
74,3028
74,5599
73,7419
73,7275
74,1035
73,7068
73,6051
73,3241
73,8758
74,0727
73,6424
74,9074
73,9820
74,2241
74,6735
73,4215
73,3282
74,0888
73,5022
73,3365
73,1536
74,0876
73,7526
73,5703
73,8956
73,3737
74,0416
74,8000
73,8398
73,7009
74,4939
73,6414
74,1575
73,7285
74,4508
73,6961
74,1645
74,4125
74,0523
73,2932
74,0071
73,4303
73,9386
74,3497
73,9706
74,0035
73,4891
73,7250
74,0942
73,6385
73,8830
73,9136
73,8314
73,6217
74,4730
74,4483
73,2290
73,5911
73,6157
73,5801
74,7865
73,6436
74,3160
73,9874
73,3548
74,5446
73,8848
73,9611
73,9212
73,8071
74,3361
74,2442
73,8497
73,7529
73,2812
73,2103
74,0455
74,3869
73,7549
73,5621
72,8943
74,4956
74,0786
73,7995
74,2763
73,5803
73,8790
74,5257
73,6166
73,4345
74,6034
73,3125
73,9928
73,7376
74,1628
74,4610
74,3789
73,6300
73,4983
74,2715
74,3046
74,0714
74,3483
73,6810
74,2796
73,8257
73,2173
74,3396
73,0723
73,1548
74,5209
74,2971
73,9158
73,5480
73,4781
74,3359
73,7854
74,7406
73,5684
73,4753
74,0776
74,0916
74,2089
74,2134
74,0837
73,7771
73,6143
73,4020
73,5296
74,0923
73,2647
73,1042
73,8587
73,8050
73,8005
73,9207
74,1142
74,1938
74,7085
73,9406
73,7822
74,2325
74,4285
73,9212
74,1968
73,2384
74,0151
73,9864
73,8058
73,9758
73,3503
73,2937
74,3313
73,8451
73,8974
74,1938
73,3959
73,9347
73,0068
74,1955
73,9819
73,9702
73,6633
73,7755
73,7596
73,6067
73,9558
73,5204
74,2076
74,1981
73,9867
73,9132
74,0798
74,1586
74,0439
74,4071
73,5489
73,3927
74,0452
73,5529
73,4410
74,5699
74,0023
73,9035
74,1368
73,3185
73,9234
73,6153
73,9496
74,1163
73,6933
73,6117
73,9378
73,8002
74,1037
73,4750
74,2859
73,5791
73,9024
73,3739
74,3534
73,5314
74,4174
74,0508
74,5621
74,2144
74,1646
73,0232
73,5566
73,2982
73,7736
74,2069
73,9530
74,0262
74,0409
74,1501
73,3977
74,3116
73,6584
73,9459
73,8575
74,2220
74,1530
73,9339
73,9340
73,2255
74,1713
73,8983
74,3197
73,3298
73,7951
74,1100
74,6621
74,0033
73,9334
74,0702
73,6887
74,2249
73,6490
73,9684
74,4193
73,8406
73,6518
73,6047
74,4808
73,9622
73,9204
74,2201
74,1013
73,3840
73,8128
74,2380
74,6356
74,1947
73,8380
74,0477
73,2649
73,7209
73,8061
74,2610
73,5380
73,8293
73,3375
73,8267
74,1756
73,0736
74,1691
74,0352
73,1870
74,2236
73,6821
74,9368
74,2842
74,4671
74,0562
73,5175
73,0793
74,4705
74,1997
74,6499
74,0698
74,0997
74,0720
73,7576
73,6904
73,4468
73,5121
73,9408
73,7791
74,0571
74,3283
73,3701
73,7827
74,3411
73,9215
73,6868
73,0479
74,1288
73,1228
74,0256
74,5080
74,4879
73,3787
73,6147
73,6723
73,9279
73,5787
74,1836
74,0164
73,5308
73,8018
73,6716
73,4934
73,9462
73,4022
73,5611
73,8343
74,2130
73,6746
74,0304
74,1387
74,4357
74,1243
73,8214
74,1779
73,6485
74,3820
73,9439
73,2618
73,8348
73,7832
73,8984
74,2284
73,5565
73,8452
73,8347
73,9464
73,8190
73,9387
73,6781
73,8176
73,8939
73,7545
73,9808
73,9350
73,7319
73,9879
74,4636
73,8949
74,2536
74,4015
73,7649
73,7171
73,8191
74,0799
73,8560
74,4267
73,7586
74,4101
74,2188
74,0677
72,8395
73,9770
74,2005
73,9929
73,7057
74,1394
73,6211
73,3905
73,7196
73,5747
74,7160
74,3202
73,9356
73,6607
73,8838
73,9182
74,1336
73,7004
74,4105
73,9275
74,5434
73,6557
73,3945
73,8966
74,3903
74,6150
74,2070
74,0668
73,2918
73,8463
73,2430
73,7002
74,3343
73,6876
74,1932
74,0144
73,6577
73,7432
73,5007
73,3818
73,6482
74,2054
74,1040
73,6707
73,6483
73,6129
73,9732
73,7495
74,1937
73,7049
74,0173
74,3832
74,1002
73,7690
74,0728
74,1696
74,2155
74,3199
74,1865
73,8916
74,1440
74,3981
73,9248
73,7938
74,1579
73,5954
73,5922
74,3109
73,6175
73,6792
73,8102
73,6296
73,4747
74,2355
73,7948
74,5309
74,2641
73,9335
74,3749
74,4521
73,9060
74,0204
74,1517
74,2191
73,9694
73,6527
73,9149
73,7211
74,6093
74,2872
72,7313
73,5537
74,7157
73,8631
74,0216
73,8910
73,5232
73,5246
73,6980
74,2623
73,9822
74,3321
74,4402
73,6608
73,9600
74,0719
73,9573
74,0195
73,6015
73,3991
73,8743
73,9445
74,2288
74,0834
74,2972
73,6576
74,3298
74,4516
73,4237
73,6153
73,6420
73,8880
74,4350
74,2378
73,6527
73,9886
73,9062
73,8344
74,5413
73,3821
73,9312
73,8653
73,6715
73,9085
73,6397
73,9687
73,3796
74,3852
73,9708
74,2772
73,4516
74,0312
73,7219
73,7200
73,8563
73,6424
74,1554
73,7096
73,2431
73,5913
74,1691
73,4406
73,9613
73,7886
74,3123
73,8959
73,9496
74,1577
74,3004
73,3560
73,9704
73,9221
73,6478
74,4673
73,8493
74,1569
73,6753
74,3227
74,0369
73,7717
74,2316
73,5983
74,2977
73,6892
73,5673
73,5798
74,3737
73,7393
73,9056
73,4799
74,2075
73,7517
74,1780
73,6926
73,6033
73,9524
73,9596
74,4960
73,7425
73,5874
73,2911
74,3000
74,0659
74,0875
74,2900
73,3264
73,9671
73,3863
73,6574
73,7608
73,7421
74,1576
73,8287
73,4548
74,0497
74,7797
74,3813
73,7140
73,9229
73,4967
74,2793
74,0468
73,3350
73,4791
72,7413
73,2539
73,6269
73,9967
74,1045
73,8959
73,5508
73,8627
74,3175
73,8180
73,8733
73,9606
73,5365
73,0409
73,5950
73,3483
74,1445
73,1326
73,1930
74,0579
73,4112
73,6156
73,8043
73,1729
73,6975
73,4925
74,0665
73,5979
74,2529
73,2386
73,9401
72,9262
73,3989
73,7819
74,8025
74,9673
74,1896
73,9272
74,3945
73,4329
73,3800
74,5283
73,4480
73,7842
74,1912
73,5991
73,8025
73,9440
74,0331
74,3031
73,9093
73,7174
73,6477
74,0690
74,5122
74,0492
74,4400
74,1735
73,9812
73,9234
73,8150
74,1785
74,0790
74,2410
74,1962
74,0833
73,7611
73,7620
74,2779
74,1378
73,9415
74,2501
73,5956
73,6441
73,4459
73,7852
73,6280
74,3905
73,0555
73,7437
74,0833
74,2174
73,3655
74,0193
74,3152
73,3235
73,8263
74,0646
73,6968
73,6444
73,9378
74,1361
74,2771
73,9069
73,7553
73,9770
74,1651
73,3764
73,7314
74,1265
73,4387
73,5669
74,3485
73,2657
73,3049
74,3059
74,6163
73,7643
73,5391
73,7537
74,3184
73,9076
73,8126
73,5950
73,6849
74,0303
74,0700
74,1309
73,8258
74,1387
73,3624
74,5567
73,8069
73,9227
73,0282
74,3183
73,8927
74,2937
73,1505
73,8651
73,7467
74,3148
73,9122
73,5652
74,0842
73,6696
73,5112
73,8861
74,6531
73,9083
74,1225
73,6003
74,2214
73,6039
74,5628
73,1167
74,0921
74,0868
74,2002
73,7737
74,1249
74,3354
74,0383
73,7124
73,8615
73,3941
73,5887
73,3477
73,8690
73,6186
74,3401
73,4196
73,9443
74,0856
73,8956
73,9445
73,7754
74,4987
74,0346
73,3201
73,5732
73,4227
73,7416
73,7697
73,9266
73,8734
73,8969
73,4799
73,8149
73,8608
74,5046
73,8819
73,7102
73,8232
74,0650
73,7921
74,5318
73,1364
74,1206
74,0479
74,7741
73,2569
73,8661
73,8762
74,5268
74,3046
73,9259
73,7174
75,0403
73,4308
73,7382
74,4016
74,2984
74,3520
74,3255
74,1770
74,1216
74,3616
73,9286
73,1439
74,1531
74,0134
74,2907
74,0147
73,6987
74,2661
73,3729
73,5277
73,5514
72,5236
74,3027
74,0206
73,9353
73,7467
73,9235
73,6574
73,6527
74,6073
73,8022
73,6636
74,4044
73,7775
73,1533
73,8735
74,3132
73,4310
73,9893
73,9141
73,5874
73,7368
73,7530
73,9702
73,6648
73,7418
73,7634
73,5634
73,6935
73,9681
73,4773
73,7874
74,4616
73,5184
73,5742
73,8646
74,2592
73,4933
74,8574
73,5929
73,6134
74,2658
73,8253
73,7669
74,1179
74,1563
73,3775
73,7344
73,3629
72,5591
73,8018
74,0371
73,9213
73,7932
74,1778
73,5545
74,1032
74,0344
74,3899
73,9340
73,9562
74,4096
73,4119
73,0974
74,2943
74,0273
74,4407
73,9463
73,5767
74,5473
73,4609
74,1033
74,3936
73,6422
74,1576
73,8935
73,8565
73,8739
73,8892
73,8455
73,8159
73,6779
74,0314
73,6812
74,2503
73,4522
74,7501
73,9684
74,2968
73,7125
73,8955
73,9457
73,8072
73,5719
74,1022
73,7455
73,9435
73,8365
73,2849
73,8497
73,9249
73,4271
74,0337
73,2992
73,8216
73,6218
73,7057
73,5904
74,1494
73,7721
74,5292
73,9611
73,5055
73,9913
74,1065
73,8690
73,9960
74,0740
74,5238
73,5452
73,7099
73,8187
73,5967
74,2639
74,1051
74,0856
74,1351
73,3549
74,2183
73,4603
73,8397
74,3904
73,6905
73,7916
73,9541
74,0039
73,8381
73,5005
74,2226
73,2568
73,6653
73,4228
73,7587
73,1924
73,8384
73,6106
73,6880
73,4170
73,1989
73,6993
73,7213
73,6354
74,4460
73,7440
73,8085
74,2831
74,0298
74,3256
73,6715
74,3463
74,1104
74,2201
74,0983
73,3588
74,7790
73,9993
74,0973
74,4263
74,5190
74,3011
74,1279
74,5089
74,2176
74,1170
74,1311
73,7721
74,7883
74,3744
73,3144
73,5908
74,0170
73,7341
73,8745
74,0661
74,0421
73,9349
74,4227
74,4947
74,1295
74,6214
74,2192
73,8797
74,3257
73,6825
73,5144
73,5631
73,4298
73,9951
74,1906
73,7988
73,6636
74,3085
73,6126
73,5125
73,7139
73,7367
74,0630
73,2520
74,0991
73,0682
73,4408
73,4982
74,3617
74,2632
74,4610
74,0175
74,5681
73,6428
74,0611
74,4347
73,6806
74,4052
73,2575
73,9925
74,1603
73,9954
73,4407
73,4220
73,8431
74,6516
74,5926
73,1822
73,4106
74,0712
73,3410
73,7770
73,5169
74,0073
73,8627
73,1954
74,3545
73,6370
74,0149
74,3828
73,7922
73,3369
74,1146
73,1388
73,6992
74,5426
73,5368
74,4483
74,0004
73,6686
73,5005
74,0324
73,7277
73,9410
73,1595
73,5526
73,6353
74,1973
74,6285
73,6930
73,5811
73,3943
72,8979
73,6205
73,4474
73,9019
74,1813
73,7966
73,9162
73,7458
73,8730
73,4296
74,4915
73,5695
74,7397
74,5942
74,3529
73,4581
73,9733
74,5661
74,4581
74,3169
74,2107
73,5380
74,4472
74,3109
73,3843
73,7342
73,7402
73,9134
74,8036
74,1652
73,5009
73,9309
74,2277
74,0745
74,1246
73,9019
73,5088
74,2794
74,1022
74,2218
74,2068
73,9218
74,3076
73,6248
73,8534
73,7164
73,6328
73,9224
73,4717
74,1055
73,9274
73,5844
73,1166
74,0991
73,9295
73,8427
74,2457
73,5524
74,4850
74,5728
73,7287
73,2047
73,9265
74,0715
73,8249
73,7160
73,1598
73,0298
74,4320
73,8102
73,4355
73,2939
73,8970
73,6494
74,0402
73,9430
73,6194
74,1668
73,5821
74,4860
73,8714
73,8181
73,7645
73,5260
73,7202
73,7124
73,4670
73,7471
74,1596
73,4464
73,9990
73,7797
73,4090
74,5253
73,6426
73,5732
74,4990
74,4290
74,4199
73,2681
73,3758
73,6053
73,3105
73,6564
74,0075
74,1638
73,5874
74,3467
73,6409
73,7048
73,7115
73,7877
73,7826
73,6566
74,1817
74,2314
73,5871
74,0815
73,7691
73,6202
73,2876
73,7460
74,1595
73,5094
73,6543
73,8182
73,6142
74,2164
73,5721
73,6881
73,3861
74,0979
73,4853
73,6074
73,6948
73,4379
74,2414
74,4966
74,3943
73,9201
74,4134
74,4915
74,4849
74,1928
74,1778
73,6324
74,0876
74,2323
73,3781
73,3281
73,3611
74,0020
74,3703
74,2141
73,9679
73,6321
74,5165
74,0135
73,9588
74,0426
74,0942
73,4288
73,6897
72,9735
74,3025
73,4011
73,4900
73,6020
74,5218
73,4389
73,8997
73,6225
73,6715
73,1188
73,8528
73,8751
74,3658
74,3844
73,4634
74,0150
73,7361
74,0235
74,1466
73,6265
73,9925
73,6308
73,9806
74,3209
74,3339
74,3552
73,4948
73,4317
74,0591
73,9108
73,2407
74,1193
73,4082
73,8695
74,1256
74,5152
74,1868
73,8443
73,8132
73,9644
73,5294
74,1498
73,1378
73,9675
74,1874
73,7490
74,1434
74,4098
74,4364
74,0725
73,9018
73,8413
74,4125
74,2309
74,1725
73,8525
73,7783
74,3702
73,6926
73,2915
74,5047
74,1738
74,4193
73,5939
73,8704
73,3311
74,1587
73,9950
74,1522
73,1160
74,1121
73,9120
73,8564
73,5869
74,1086
73,3937
74,3868
73,7893
73,7839
73,6212
74,0518
74,3447
74,4744
73,1955
73,8107
74,4087
73,4711
74,0109
74,0174
74,3965
74,1288
73,5458
74,2549
73,8622
73,8140
73,5983
73,9907
73,7306
74,1172
73,5621
73,9472
73,9824
74,2087
74,2161
74,0953
74,0123
74,1085
73,1183
73,8886
74,2869
74,6456
74,7316
74,6139
73,6440
74,3988
74,0565
73,5842
74,6693
73,9166
73,6359
73,5939
74,3880
74,0280
73,8849
74,2933
73,9223
74,1208
74,1397
73,8198
73,3859
74,1666
73,4478
73,8009
73,7872
74,0370
73,8269
73,8992
73,7895
73,5170
74,1358
73,7401
74,2805
73,7314
74,0517
73,1407
74,1761
73,9588
73,9225
73,6872
74,2605
73,6619
73,9060
73,5681
73,7063
73,7783
73,7481
73,7198
73,9640
73,2345
74,2360
73,4506
74,1258
73,5964
73,4476
74,0318
74,2384
73,4084
73,5970
74,1192
74,3191
74,3825
73,8096
73,7545
73,9929
73,7308
74,3101
73,9811
74,0254
73,4356
73,8710
73,7531
74,1302
73,7626
73,5375
73,7958
74,0368
73,3745
73,8265
73,0642
74,4446
73,3210
73,8801
73,5191
74,2566
73,4717
74,3263
74,4366
73,1787
73,6556
73,7446
73,4959
74,0892
74,1520
74,2840
74,6656
74,3403
74,0008
74,2207
74,0290
73,9329
74,6056
74,3373
74,1772
73,6205
74,1863
74,2104
73,4961
73,3912
73,6418
73,4698
73,8139
74,2597
73,8164
73,7522
74,1981
74,2965
74,3168
73,6381
74,7175
74,4570
73,4000
73,5980
73,2469
73,7406
73,4092
74,6890
73,9766
73,8826
74,1759
73,5057
74,0716
74,0027
74,1390
73,9176
73,6490
73,4394
73,7626
74,0246
74,1179
73,2090
74,3411
74,1311
74,5728
74,1648
73,8726
73,7211
73,7351
74,1955
73,8712
74,2117
73,2215
73,6597
73,3279
73,9912
73,7714
74,4045
73,8699
73,6003
73,9108
74,0456
73,3812
74,0277
74,2627
73,5375
73,8566
73,5918
74,4831
73,8459
74,1389
73,9703
73,7074
73,8618
73,1062
73,9113
74,3134
73,8208
74,3851
74,4324
74,4977
73,5442
73,5870
73,6686
73,9569
74,4572
73,3288
73,5265
74,3704
74,9225
73,7892
73,5880
73,7625
73,7295
74,1336
74,0310
74,3134
74,1239
73,8180
74,3150
74,0720
74,5143
73,6126
74,0788
73,7001
73,5860
74,3848
74,2049
74,1528
73,7771
74,2168
73,9237
73,5505
73,9848
74,3829
73,4115
73,5526
74,6217
73,1196
74,3896
74,1476
74,1133
73,5103
74,0189
74,1970
73,6000
73,8550
73,7516
73,6801
74,2046
73,4426
73,3194
73,7856
73,5510
74,1301
73,3939
73,9431
73,4318
74,7371
74,1122
74,0926
73,6912
73,1223
73,6270
74,3325
74,0678
73,7362
74,8027
74,3786
73,8211
74,2024
73,8908
73,9680
73,8481
73,5623
73,4472
73,9074
74,0341
74,2466
74,0615
74,2405
74,2049
74,0042
74,5089
73,8904
73,9184
73,7584
73,9764
73,6905
73,4469
74,5010
74,0935
73,7687
73,9187
73,7843
73,4443
74,0854
73,9643
73,8115
74,3159
73,6484
73,2767
73,5605
73,7061
73,6556
73,4826
74,1067
73,9903
73,3898
73,5868
74,1034
74,1669
73,5397
73,8598
73,4310
74,0246
74,2410
73,8626
73,6539
73,7252
73,9538
74,1194
74,5042
73,4150
73,4278
74,2523
74,0312
73,7960
73,6823
74,1461
73,8300
73,5803
72,9809
73,4854
73,8606
74,0712
73,1789
74,0736
74,7891
74,2541
73,9889
74,1974
74,3127
74,7224
73,7480
74,2284
74,4452
74,2333
74,6351
73,7962
73,9724
73,7525
74,3849
74,1464
73,3141
74,1980
73,4179
72,9890
73,9217
73,9004
73,9006
73,9816
73,5910
74,0701
74,0865
73,7088
73,6317
73,7034
73,6016
73,7590
73,9070
73,7111
73,8722
73,5246
73,7140
74,0607
74,3051
73,7632
74,1536
73,1380
73,1694
74,1756
74,1504
74,2358
73,8983
74,0119
74,0421
74,0762
74,1860
74,2711
73,7090
74,1817
73,6523
73,4380
74,0396
74,3573
74,1837
74,2593
73,8011
73,7599
73,6453
73,6230
73,6558
73,6237
74,6015
74,3568
73,9168
74,2114
73,6456
73,9091
74,0057
74,0574
73,5431
73,7133
73,4969
74,0105
73,4865
74,3332
73,4322
73,3744
73,6121
73,8366
73,8545
74,5073
73,8837
73,9971
74,1031
73,8135
73,2801
73,6417
73,8204
73,5955
73,7306
74,1992
73,6875
73,3507
74,2371
73,9782
74,2802
73,7689
74,3534
74,1579
74,5984
73,7799
74,1322
73,5216
74,4428
73,1450
74,3237
73,8531
73,4896
73,3433
73,7369
72,9885
73,6912
73,5640
73,5279
73,5743
73,7336
73,7460
74,3614
74,4074
73,8370
73,5217
73,9155
74,0442
73,2826
74,1357
74,2107
74,5079
73,8514
74,2235
73,7045
73,1547
73,2003
74,3225
73,7990
73,5491
73,7894
74,0174
74,5845
73,5302
74,1106
73,7303
73,7347
73,7770
73,9462
73,9134
74,6287
73,5898
74,1726
73,4897
73,6318
74,7201
73,7198
73,4958
74,4170
72,8924
73,5060
74,0927
74,1415
74,0705
74,0545
73,9336
74,1059
73,8609
73,4457
74,6946
73,7234
74,0140
74,2083
74,0392
74,1675
73,9237
74,1383
73,6222
74,0079
73,5921
73,9895
74,1799
73,9262
73,8683
74,5509
73,5047
74,5359
73,4228
74,1151
74,0875
73,7440
73,8277
74,2379
73,6465
74,5745
73,5359
74,4282
73,4907
74,2654
74,0361
73,7694
74,1241
74,0948
74,8168
73,6801
74,8957
74,5926
74,1190
73,9598
73,9985
74,8618
73,4584
74,3605
74,0131
73,5587
73,7880
73,8778
74,4347
73,8941
74,0126
73,4410
74,2218
73,6053
73,6480
74,1755
73,9670
74,6482
73,1857
74,2729
74,0678
74,4946
73,5530
73,7964
73,8047
73,3940
73,9334
73,9151
74,0745
74,3825
73,6771
74,4576
73,6248
73,8154
73,8044
74,3599
74,3674
73,6681
74,4356
73,3863
74,3929
74,6807
73,8381
74,0188
73,8692
73,2434
74,3817
74,2073
74,1113
74,0426
74,5023
73,6536
73,9502
73,9484
73,9172
74,1767
73,4810
74,2067
73,8492
74,1091
73,6351
73,9420
74,0684
73,8088
73,4988
74,1713
73,5214
73,5585
74,1208
74,1018
73,4948
74,1766
73,5567
73,9880
73,6199
74,2907
73,7764
74,1555
73,8200
73,5219
73,7699
73,8242
73,4978
74,3197
74,4399
73,4228
74,1987
74,5392
73,5561
73,4442
73,7800
74,0566
74,4113
74,3207
73,9966
73,8014
73,5766
73,6792
73,8700
73,1101
74,5320
74,1994
73,9022
73,5209
73,2595
74,2793
73,5730
73,5821
74,0510
73,8984
73,8026
74,1054
73,3777
74,0614
74,0076
74,3415
73,7355
73,9051
73,8526
73,8126
73,3557
73,8499
73,4828
74,1843
74,0451
74,3092
73,5316
74,0811
74,4517
73,9489
74,0570
74,1797
73,9797
74,2429
74,5138
73,3888
73,7608
73,2173
73,7630
73,9728
74,0110
73,7437
73,7230
73,8110
74,1223
74,1790
73,5670
74,2824
73,9315
74,1210
74,3847
73,6968
73,9889
74,0035
74,0017
73,8220
73,9795
74,5408
74,2067
73,1741
73,8356
73,9851
73,8444
74,2245
73,9975
73,8335
73,9392
73,7310
73,9251
72,9648
73,8143
73,5294
73,9116
73,4912
74,0895
74,1532
74,0892
73,9375
73,6729
73,7184
74,2909
73,8471
73,9048
74,5525
74,0173
73,8165
73,1128
73,8163
73,7139
73,5986
73,8684
73,9216
74,0840
74,0805
73,9981
74,6340
73,4265
73,8315
74,1659
74,2232
74,0831
73,4600
74,8716
74,4620
73,3956
73,9307
74,2606
73,8113
74,5213
73,4797
74,2133
73,8317
73,5358
73,7572
73,2171
73,9879
74,1089
73,4233
73,5403
73,7883
73,6398
74,5406
74,2929
73,6134
74,3103
73,6804
73,9551
73,0908
74,2420
74,1062
73,8166
73,8284
73,6274
74,0174
73,0440
73,3297
74,1243
73,5946
73,9315
73,8958
73,9246
73,9468
73,5353
74,7969
74,5110
73,5239
74,2526
73,5751
73,6354
73,3452
74,0241
74,0883
74,2034
74,1009
73,8112
74,3542
74,5699
74,6496
73,5878
74,3578
73,4485
73,8592
73,5224
73,6102
73,6957
74,0115
73,5909
73,8351
73,6223
73,4231
73,0068
73,3550
73,5552
74,3973
73,8894
74,0130
73,7195
74,1615
73,5397
73,3763
73,3872
74,3961
73,9387
73,4767
74,1838
73,8223
73,9028
74,5121
74,1576
73,9924
74,0603
74,2111
73,5384
73,9389
73,8537
74,2360
74,8314
74,2007
73,6198
73,8453
74,0892
73,9411
74,5981
73,8529
73,9500
73,8018
74,4298
73,9529
74,4897
73,9418
74,9332
73,3802
74,2478
74,5385
73,8638
74,1616
73,5943
74,1200
73,9221
74,0450
73,7462
73,9166
74,3590
73,4825
73,4766
74,2465
74,3694
74,1173
73,9816
74,1316
74,1737
74,0944
73,7340
73,2637
73,7951
74,1317
74,0391
73,8150
74,3764
74,2860
74,7877
73,8558
74,0873
73,9421
73,2043
73,9249
73,2953
74,0776
74,2576
73,6512
73,8060
73,3091
73,7144
74,8079
73,9846
73,9282
73,4031
74,3155
73,3383
73,9118
73,9702
73,4255
73,9097
74,5833
73,7240
74,3110
73,5613
73,6342
73,3826
74,2811
74,4242
73,9097
73,7896
73,7607
73,5442
74,0125
73,6153
73,9087
73,9612
73,2115
74,1213
74,3430
73,8933
73,8581
73,0031
73,4952
74,0367
74,0483
73,8076
73,8425
74,2551
73,7769
73,3014
74,0704
73,7995
74,2364
73,7372
73,5651
73,8307
73,8400
73,9767
73,8144
73,8676
73,7710
73,4585
73,7719
74,3923
73,8079
74,3444
73,8595
73,8804
73,8876
74,0511
73,9002
73,4079
74,0632
73,0926
73,6585
73,7875
73,7994
73,8665
73,5079
73,6777
73,7237
73,9194
73,6340
74,1218
74,2842
73,6093
74,0105
73,4675
73,9064
73,8878
73,6211
74,0726
74,1122
73,9453
73,7968
74,8665
74,3277
74,4171
74,3962
73,4973
74,0751
73,4575
73,6159
73,9891
73,8542
74,1066
74,3594
73,8817
73,7347
74,5072
73,8770
73,5520
74,0233
73,7442
73,7551
73,9936
75,0376
74,2539
73,2735
73,9732
73,8180
74,3435
74,3636
74,2493
73,8084
74,2379
74,3611
74,5960
73,3453
74,3451
74,0163
73,3455
74,1650
73,8574
74,2354
73,7804
74,3285
73,7758
73,5900
74,4069
74,1617
72,9715
73,5468
73,7162
73,7949
73,9709
73,6815
73,9501
74,2873
73,9227
73,6597
74,3955
74,0726
73,9632
72,7878
74,0803
73,4758
73,1406
74,2479
74,1681
74,0088
73,7747
73,5877
74,0195
74,7616
74,0140
74,5505
74,3257
73,6691
73,3165
73,7169
73,4909
74,6156
73,7996
73,3997
74,0482
73,8333
74,0614
73,7477
73,7090
73,5825
73,8183
73,4612
74,3681
73,7954
73,6683
73,7903
73,6708
73,7255
73,6466
74,0842
72,9874
73,8190
74,1097
73,8677
73,9458
74,0219
73,1085
74,6472
73,5105
74,1814
73,4775
73,9945
74,0680
74,1728
73,8379
73,8619
73,7738
73,8298
73,9250
73,4626
73,4985
73,6045
74,1303
73,5148
73,2712
73,4759
73,8910
74,0507
74,0295
73,7221
73,7701
74,0240
73,8510
74,6632
73,7450
74,4068
73,7781
74,1309
74,5177
74,1505
74,2170
74,3521
73,7595
73,8113
74,4148
73,8553
74,1892
74,6635
74,2737
73,9576
73,8190
73,7096
73,3158
73,6984
73,7184
73,6731
73,9067
74,3658
73,4065
74,0953
74,2327
74,6129
73,8724
73,8280
73,6755
73,2406
74,2384
74,5283
73,4400
73,8585
73,5985
73,2869
73,1837
74,2753
73,9925
74,3171
74,2123
73,3355
74,6727
73,9932
73,5457
74,2488
74,1418
74,2599
73,8482
74,0201
73,6652
74,6248
74,5008
73,8006
73,6680
74,3361
73,2196
74,0630
74,1779
73,8029
73,1261
73,7387
74,3103
73,4710
73,5235
73,7370
74,2156
74,2186
73,7191
73,9007
74,1645
73,6939
73,6597
73,9649
74,0217
73,3952
73,9617
74,4368
74,1890
74,1002
74,3366
73,9698
74,3171
73,8074
74,5402
73,7517
73,5376
73,7405
73,9921
74,0460
73,9276
74,0743
73,6324
74,4419
73,6830
73,5166
73,4246
74,0414
73,3669
73,9673
74,1642
73,1689
73,4917
73,6815
73,8505
73,7283
73,6414
73,9063
73,7576
74,0386
73,7525
74,0921
73,4475
74,0576
74,0539
73,6074
73,9254
73,5955
73,5780
73,3674
73,9932
73,6962
73,8723
73,8037
74,1579
74,2753
74,3890
74,8025
74,0312
73,9719
73,3200
74,3520
73,6369
74,1738
73,9915
73,4512
74,2454
74,0700
74,0385
73,6500
74,7026
73,9648
74,6196
74,3038
73,9275
74,1870
74,0128
74,1299
73,2275
74,0424
73,7542
73,6140
73,7777
74,5502
74,0853
73,6816
73,5753
74,4567
73,2454
74,1031
74,6365
73,5877
74,4560
73,5363
73,7945
73,5416
73,3810
73,7211
73,7244
73,6619
73,8281
73,6344
73,8364
73,9673
73,8998
74,3137
73,6435
74,0427
74,2460
73,8787
73,4480
74,4961
73,8958
74,3234
74,0429
73,7151
73,9356
74,0619
73,6573
73,7974
74,0631
74,1231
74,2227
74,1285
73,2246
73,7819
73,7805
73,9544
74,3777
74,3913
73,9328
73,8458
74,7278
73,9485
74,5038
74,1787
74,2871
73,4113
74,1355
74,0504
74,2063
73,6358
73,5428
74,0085
73,5979
74,4605
73,5379
73,9778
74,1520
73,9018
73,8582
73,9901
73,2703
73,6976
73,5193
73,9600
74,0271
74,0114
73,6794
74,0292
73,8030
73,6895
73,7716
74,7068
74,0034
73,7907
74,4439
73,7732
74,3039
73,5559
73,2152
74,0168
75,0308
73,5959
73,8580
74,1215
73,5353
73,6675
73,9389
73,7408
74,0357
73,7804
73,9371
74,2357
73,5372
74,1571
73,6867
74,3401
74,0569
74,2265
74,4275
73,3304
73,6846
73,8018
73,7847
74,6587
73,4464
74,3001
73,5916
74,1737
73,8755
74,2707
73,8869
73,6820
74,0987
74,2493
73,8973
73,5624
74,0694
74,1799
73,3968
74,4473
74,0151
73,9152
73,9571
73,7409
74,0468
73,9427
74,3826
74,1522
73,2170
73,8970
73,8093
74,0714
74,2052
74,1290
74,3830
74,1957
74,0001
73,9113
73,7886
73,9351
74,0439
74,1347
73,1492
74,4835
73,8929
74,1810
73,7383
74,3770
73,5092
73,6518
73,5405
73,9692
73,5293
74,2586
73,1274
73,4055
73,6027
74,0747
73,8013
73,5362
73,1457
73,7598
73,1619
74,3553
74,0283
73,9276
73,1955
73,4076
73,7713
74,3927
73,9573
74,1153
74,6432
74,0844
74,0810
73,9689
73,3129
73,5040
73,8113
74,1805
73,6413
74,2573
74,0355
73,1985
74,1323
73,9428
74,0028
73,6454
73,3670
74,1264
73,4180
73,9135
73,8593
73,4146
73,6181
73,8861
73,8974
74,3586
73,5462
74,1151
73,3642
74,0096
74,4419
73,7604
74,2929
74,1861
74,4151
74,5456
73,7469
74,2920
74,2658
74,5840
73,2619
74,3865
74,1125
74,0061
73,5373
74,0337
74,6109
74,2725
73,6787
73,5496
74,0254
74,1294
73,7038
74,1659
73,9035
74,1372
74,1845
73,7541
74,4647
73,8987
74,1746
74,2875
74,5634
74,2060
73,1614
74,0376
73,6002
73,8160
74,4136
74,4831
74,3620
74,5075
73,4471
74,1276
73,9295
73,4904
74,2328
73,7714
73,8064
74,1167
74,3825
73,4364
73,3527
73,4569
73,7687
73,4210
73,5512
74,0919
74,8665
74,1376
73,1789
74,1438
74,7663
73,6517
73,9443
73,4456
74,6822
73,8867
73,8069
74,4256
73,8014
74,1638
73,8045
74,3752
74,1647
73,7331
74,0881
74,2584
73,5794
74,1129
73,7575
74,4223
73,4771
73,8125
74,0071
74,1175
73,0970
73,6923
74,1271
74,2887
73,5099
73,7998
74,4163
74,0254
73,8739
74,0353
73,4784
73,3914
74,0062
74,2098
74,3649
74,1353
73,8569
74,0623
73,9043
73,4510
74,3334
73,6008
72,5933
74,2443
73,7680
74,0418
74,2904
73,7473
74,0812
73,7808
73,4633
73,0034
74,1007
73,6682
74,0593
73,7441
74,1184
73,8554
74,1035
73,5545
73,3961
74,5417
73,9181
73,7837
74,2489
74,0343
73,9554
74,5018
74,2469
74,6705
73,3882
73,7317
73,9984
74,2986
74,5651
73,7217
73,6540
73,3794
73,3227
74,1355
74,0554
73,7917
73,7757
73,8161
74,2152
73,4770
74,3336
73,8133
73,6397
73,2877
73,9788
74,0134
73,9107
73,3954
74,4130
73,5619
73,6960
74,0597
74,4793
73,8113
73,6310
73,4581
74,3976
73,3026
73,1950
73,7506
73,3886
73,5426
74,2520
73,8583
74,0462
74,4781
73,8492
73,9677
73,9202
73,8085
73,8292
73,8711
73,8721
73,3349
74,3768
73,6885
74,4691
73,9113
74,2173
74,0144
73,6442
74,1430
73,4383
74,3018
73,4375
73,7975
74,0455
73,5043
73,6470
73,5878
74,2480
74,0227
74,5832
74,2205
74,5159
73,6141
73,7388
73,5292
74,2956
73,7875
73,1521
74,0114
74,2128
73,4382
73,7916
74,1842
74,1707
73,5532
74,1221
73,6111
74,2669
73,4514
73,6209
74,1396
73,6798
73,8791
73,4749
74,5379
73,9921
73,7712
74,0954
73,8334
73,8638
74,2035
74,1962
74,5706
73,8946
73,5718
73,4222
73,5433
73,6996
73,8583
74,6166
73,7767
74,7879
73,5883
74,0090
73,8344
73,1161
73,7931
74,5065
74,3602
73,3758
73,9807
74,1812
73,5157
73,5912
74,4460
73,3512
73,3698
73,9495
73,4520
73,8654
74,0898
74,0295
74,5253
73,7389
72,8745
73,7558
74,6681
73,8802
74,3634
73,5673
74,2065
73,9237
74,4769
73,6188
74,1293
73,8974
73,7558
73,6484
74,2557
74,2837
73,9614
73,4780
74,1079
73,7863
74,0173
74,0834
74,4252
73,4441
74,1314
73,8485
73,9142
73,8976
73,7742
73,7858
73,7213
73,8557
74,0532
74,1782
74,0528
74,0958
73,9528
74,3899
74,0734
73,6091
73,9951
74,2550
73,8824
73,6664
73,7511
73,3442
73,9271
74,2017
73,5236
73,8991
73,2654
74,4758
74,0587
74,3547
74,0527
73,8408
73,5097
73,4386
73,6882
73,7815
74,3235
74,2645
73,4866
73,6322
73,7557
74,0021
74,0437
73,9846
73,8494
74,1206
74,1223
74,0254
73,8298
74,2730
74,1143
73,6315
73,8170
73,9737
73,9084
73,2647
74,3017
73,4927
73,7283
73,8504
73,4701
73,5764
74,2445
73,3891
73,9331
74,3410
73,9043
73,8576
73,9323
73,3416
73,5328
73,7600
73,6735
73,6914
73,8197
74,0648
73,8475
74,4173
74,3303
73,4949
73,6252
73,6030
73,8648
73,8323
73,8980
73,3070
73,9114
73,8029
73,7189
74,0003
73,1086
73,9503
74,1856
74,1235
73,4184
73,7974
73,5662
73,3814
74,2124
73,5311
73,8747
73,7750
73,8076
73,7326
74,1132
73,5596
73,2527
73,4864
73,9681
73,9466
75,0635
73,6054
74,0256
74,0041
73,5531
74,0559
73,7570
73,6608
74,0639
73,9879
74,3107
74,4414
74,1057
73,1168
73,5840
73,7714
73,9812
74,5079
74,1896
73,2848
74,1588
73,7950
74,0107
74,0618
73,5729
73,6736
73,6822
73,7320
73,9914
73,8756
73,8734
73,3781
73,4245
73,7550
74,2588
73,3633
73,3848
74,3758
73,7962
73,8934
74,1870
74,0919
74,2174
73,8096
74,3421
73,4943
73,8353
73,5758
73,5883
73,9119
73,7081
73,9533
74,1966
74,4499
74,2814
73,6638
75,1031
73,6535
74,0596
73,2505
73,7270
74,0203
73,7220
73,9178
74,8767
73,8674
73,8734
73,5431
74,9616
73,6257
73,9454
73,6095
73,8832
74,2155
74,7603
73,2906
73,8896
73,5448
73,8484
74,2366
73,2857
74,4833
73,9796
73,9291
73,5812
73,4546
73,7354
73,9560
74,8353
73,9410
73,2809
74,5714
73,8139
73,8714
74,3586
73,9020
73,8244
73,5547
74,0749
73,6195
74,1589
74,3233
74,1192
73,9016
73,7154
73,1876
73,4641
74,2245
73,5426
74,3398
74,0342
73,7054
73,9052
73,4399
73,5316
73,6761
73,4620
73,9105
73,4613
74,0655
74,3573
74,1450
74,1932
74,6563
74,1971
73,9029
73,5906
74,4492
73,6366
73,7017
73,8072
73,9290
73,7520
73,9033
74,3911
73,8760
73,7319
73,5588
73,6545
74,2049
74,5743
73,5858
73,9550
73,8605
73,1998
74,2046
74,6504
73,7952
73,3074
74,0238
73,6415
73,6369
74,2518
74,0747
74,5919
73,4410
74,0650
74,4633
73,8169
73,5476
73,0396
74,3012
73,8622
74,0479
73,8874
74,4376
74,5157
74,1889
73,9637
73,9881
73,9209
74,4551
74,1827
74,2473
73,6773
73,6331
73,8771
74,1072
73,2300
73,9444
73,9063
74,3741
73,3757
74,0645
73,4521
73,5077
74,0559
73,4444
74,5764
74,0321
73,4264
73,8910
73,9671
74,3229
73,4752
73,5467
74,0907
74,4403
73,3223
73,4055
73,6245
73,5060
74,1274
73,8406
73,6629
73,4106
74,4055
74,0254
73,6683
73,5157
74,2433
74,1268
74,5656
74,1315
73,6241
74,6035
73,9324
74,0244
73,8841
73,8795
73,5950
73,5851
73,7012
73,8134
73,8378
74,3585
73,8422
73,0007
73,4609
73,3293
74,2035
74,0046
74,0367
73,6470
73,8962
73,7608
73,9689
73,6894
74,3225
74,3787
73,3917
73,7140
74,8449
73,7050
73,8301
73,9760
74,0677
73,6202
73,6325
73,0652
73,7209
73,0816
73,6235
73,9404
74,7216
73,9269
74,0145
74,0746
73,1228
73,8394
73,5222
73,5116
73,4623
73,7728
74,8188
74,2155
73,1509
74,0819
74,1246
73,9844
73,8355
74,4539
73,8942
73,5516
74,0776
73,9074
73,7430
74,1095
73,6153
73,5867
74,3021
73,7055
74,0650
73,7365
73,7692
74,2087
73,8043
73,8417
73,1851
73,8795
73,4495
74,1869
73,6718
73,6558
73,8405
74,3042
74,0525
73,2150
73,7280
73,6326
74,3428
74,0761
74,1995
74,5949
73,5873
73,9089
74,2309
74,2484
73,6350
73,9876
73,7256
74,1293
74,5069
73,9790
73,6580
73,9693
73,8349
73,9785
73,5261
74,4671
73,8283
74,1118
73,8240
74,5119
73,8036
74,4802
74,1681
73,6767
74,3122
73,4249
74,5177
73,7182
73,4931
73,8823
73,8530
73,6917
73,2774
73,7174
73,7555
73,8425
73,9177
73,5174
73,5129
74,1035
73,9017
73,4706
73,5273
72,7129
73,8377
73,9055
74,2329
74,1057
74,2064
74,6468
74,4114
74,0510
73,8631
73,4704
73,4399
74,1812
73,9416
73,7372
74,5309
74,0150
74,2741
73,8842
74,3022
73,9830
74,6358
74,7465
73,3138
73,7010
73,9291
73,8199
73,9281
73,7283
73,6324
73,7575
73,5994
74,4648
73,0452
73,6024
74,0402
74,0530
74,4100
74,2836
74,2573
73,7133
73,8804
73,9969
73,6662
74,2052
73,5154
74,2452
74,0480
73,8251
73,8085
73,6354
73,4416
73,8134
73,3656
74,3952
73,6423
73,6350
74,0490
73,3824
73,5483
74,3161
74,1782
73,8248
73,8556
74,0898
74,3764
73,7740
73,9506
73,9549
73,6880
73,3603
73,6263
74,0965
73,6515
73,9929
74,2436
74,2150
73,0705
73,9283
74,2214
73,1418
74,1235
74,2224
72,9496
74,2496
74,0310
74,4045
73,8973
74,3743
73,4281
73,9343
73,3478
73,3321
74,3610
73,9301
74,4686
73,8624
74,2340
73,6851
74,0326
73,8402
74,0181
73,8270
73,5895
73,4440
74,2336
73,7442
73,3496
74,1441
74,1766
74,2780
74,4354
73,6562
73,9411
74,0278
74,0407
73,3981
73,9441
74,2821
74,5625
73,9680
73,7908
73,1539
73,6005
73,7175
74,3398
74,2972
74,2873
73,7894
73,4243
74,0924
74,1286
74,1663
73,4682
74,1027
74,2675
73,7762
73,7235
74,1454
74,2461
73,9603
74,0441
74,0997
74,0219
73,7366
73,6324
73,6100
73,4469
73,7308
73,6622
74,5110
74,1086
73,8994
73,8037
74,0834
73,5603
74,0508
74,2458
74,0536
73,8806
74,2063
73,8539
74,1533
73,4805
73,8762
73,7856
73,5807
74,4863
74,2860
73,6668
73,5049
74,7169
73,2723
73,9533
73,9804
74,3017
74,1872
74,7412
74,1549
74,1285
74,0365
73,5577
74,1192
74,7396
74,2186
73,4849
73,8031
73,5024
74,0594
73,5390
73,7279
73,6466
74,5073
74,1936
74,0951
73,8205
73,9439
74,5956
73,5814
74,1548
73,7745
74,3502
73,6474
73,9886
73,9884
74,5893
74,1129
73,8283
73,6257
73,7226
73,1955
73,5362
73,2574
73,1698
73,8564
74,8210
74,1942
73,8585
73,9522
73,6411
73,9176
74,8501
73,2800
74,6243
74,2152
74,2267
74,0622
73,6317
73,4749
74,2201
74,3534
73,8219
73,9482
74,3590
73,9750
73,9334
74,1533
73,8652
74,6785
73,3468
73,7567
73,4039
74,2209
74,1156
73,8336
73,9750
74,0263
73,3665
74,0744
73,8951
73,7551
73,7994
74,1099
74,6023
73,4352
73,8443
74,2382
74,2472
73,2543
73,6248
74,0461
73,7177
73,5711
74,4606
73,6385
74,4995
74,2923
73,7030
73,7260
74,3612
73,9985
74,3444
74,3775
74,9149
73,9810
73,4740
73,3890
74,2840
73,6552
73,4284
73,5672
74,4646
73,9759
73,9672
73,8329
73,8535
74,0490
73,5218
73,9579
73,6905
73,9852
74,0132
73,5681
73,6509
74,1380
74,1309
73,9162
73,9752
73,5458
74,5461
73,7600
73,8163
73,0394
73,7430
73,6050
73,8758
74,0807
73,9718
73,4065
73,3333
73,7887
73,3869
74,5362
73,5571
74,4716
73,5461
74,3742
74,2161
74,0333
73,8354
74,0935
73,8675
74,6065
74,0156
73,6572
74,0396
73,8543
73,5205
74,3450
73,6914
74,3778
73,4444
73,7100
73,2109
74,2689
74,5655
73,5412
73,9318
73,8925
73,8929
73,8531
74,0005
74,1291
74,2763
74,2423
73,8575
74,4654
73,7217
73,9136
73,4715
73,9114
74,0079
74,0472
74,0585
74,2346
73,2095
74,0585
73,2696
73,7331
74,2297
74,0767
74,0106
74,1473
73,8938
74,2023
73,7905
73,5641
73,6136
73,6794
73,8326
74,1892
73,7187
74,2721
73,6466
74,9285
74,5070
74,5524
73,9077
73,5125
73,1971
73,6721
73,5532
73,6763
73,6282
73,8790
73,6299
73,6796
74,0658
73,7730
74,6630
73,8124
74,4185
74,1545
74,4599
74,2666
74,2656
73,3923
73,3520
75,0437
74,0757
73,5470
73,5677
73,5107
74,0876
74,2662
73,6897
73,4260
74,1194
74,2474
73,7432
73,8725
73,5555
73,2207
74,1302
74,2029
73,8204
73,9162
73,4096
73,8570
74,6284
73,6895
73,9486
73,5502
73,8407
74,1373
73,2301
74,5801
73,8944
73,8663
73,8986
73,8303
73,4436
73,8759
73,5763
73,8564
73,9534
74,3693
73,6637
73,7526
74,2502
73,9290
74,0623
73,4847
73,6080
73,9393
73,9489
73,6890
74,6319
73,7511
73,3881
73,5321
74,3324
74,3356
74,2314
73,8103
73,6038
73,9197
73,7883
73,8364
73,9274
74,6555
74,1526
73,6670
73,6511
73,0781
74,0471
74,4605
74,4049
74,0849
73,8763
73,9807
73,7445
74,0572
73,7606
73,1525
73,1521
73,6317
73,4139
74,2325
73,6713
73,5309
73,6139
73,4672
73,6353
73,4037
73,2537
73,3576
73,5690
74,2816
73,8015
73,4367
73,7368
73,4798
73,4465
73,6026
73,9829
73,6389
72,9793
74,2521
73,9367
73,9726
74,0482
73,7655
74,4225
73,3745
73,7976
74,3195
73,6247
73,0693
73,5113
73,7468
74,3075
73,5369
74,2220
73,8938
73,9825
74,0105
73,5743
74,1826
74,2196
72,8761
74,4683
73,6834
73,6799
73,7270
73,9765
74,3828
73,7086
74,3485
73,9240
73,8877
73,4538
73,5390
73,7638
74,0573
73,8897
73,9511
73,7023
74,0424
73,4075
73,6338
73,1728
73,6360
73,6419
73,9225
74,1193
73,9688
73,5389
73,7801
74,0754
73,7135
74,1109
73,7474
74,0903
73,9370
74,1606
74,8513
74,2724
73,4811
74,0388
74,1322
74,2091
73,5729
73,4900
73,7066
74,5160
73,6363
73,7245
73,9500
73,9512
73,1978
74,4212
74,3028
73,7709
74,3522
74,2247
73,4934
74,7006
74,4788
73,6571
74,3347
74,3704
73,9017
73,7143
73,8369
73,5133
73,6243
73,0163
74,2447
73,9519
74,1162
73,6526
73,9821
74,0630
73,5631
73,5160
73,7125
73,7709
74,2658
74,0227
74,1719
73,6754
73,8074
73,2760
73,9056
74,1437
73,3947
73,6146
73,3431
73,5935
73,3144
73,4594
73,6771
73,6126
73,8133
74,3370
73,5478
73,5326
73,5128
73,4812
74,0475
74,0982
73,7565
74,0931
73,6803
73,6544
73,5219
73,4557
74,6902
73,6874
74,7450
73,7227
73,0593
74,2896
74,2746
72,9861
73,3956
73,9666
73,9035
73,4907
74,5638
73,8532
74,2545
73,7032
73,3747
73,4182
74,3721
73,4789
74,0370
73,6681
73,6580
73,2928
73,6654
73,6156
73,9657
73,9931
73,8750
73,5826
74,5760
74,2047
74,4516
74,1773
73,4390
73,1124
74,0527
73,2278
74,1530
73,1354
74,1555
74,1814
73,5991
73,4600
74,0249
74,2635
73,5184
74,0778
73,7377
73,9039
74,0980
72,8490
74,1855
74,1877
74,0271
73,7582
74,6102
74,0327
73,7751
74,3110
73,8032
73,7930
73,4629
73,6736
73,7750
73,1759
73,7545
74,1243
74,0331
73,8625
73,9675
74,0231
73,3135
73,8579
74,2725
73,8182
74,0082
74,2174
73,4403
73,7580
73,9198
73,4675
74,0879
74,1631
73,4695
74,0583
73,9918
74,3280
74,2145
73,3402
74,7040
72,7140
74,0150
73,8543
74,2705
73,5252
73,4653
73,4814
74,1544
73,6568
74,0479
74,5118
74,2985
74,3225
73,4238
73,7763
74,0993
73,7290
74,5005
74,1947
73,3609
73,3597
73,6774
73,7256
73,8299
74,6561
74,1348
73,0022
73,5115
74,1014
73,9134
74,2808
73,7625
73,7834
73,9398
72,9893
73,9004
74,2072
74,1529
73,7037
73,5545
73,5374
74,3694
73,4892
74,0180
73,2013
74,0077
73,6892
74,1799
73,5247
73,6657
74,7065
73,6818
73,5453
73,7997
73,3620
73,7143
74,3320
73,6478
74,4606
73,7357
73,7605
73,7634
74,4109
73,2972
73,6777
74,6028
73,7198
73,8888
73,9366
73,4665
74,0203
73,2561
74,1339
74,0009
74,2342
73,4836
73,5411
74,3661
74,3923
74,3105
73,9897
73,8111
73,8134
73,4885
73,8354
73,4144
74,4451
73,8309
73,6869
73,5514
74,1748
73,5276
73,7911
74,1047
73,9222
73,5332
74,1992
73,9373
74,1406
73,9988
73,7152
74,1112
73,6909
73,4757
74,0972
73,9496
74,2168
74,3819
73,8678
73,6103
73,7116
73,4195
73,5421
74,1221
74,1903
74,5264
73,7083
74,0119
73,4842
73,7599
74,0920
74,2417
73,8918
74,8222
73,7867
74,0255
73,3638
73,3330
73,9516
73,6374
73,7794
73,6110
73,5194
73,4170
73,7146
74,6256
73,4042
73,8706
73,4780
74,2249
73,8005
73,2788
73,8079
73,2889
73,7865
74,3700
74,0963
74,0008
73,5127
73,1759
73,9486
73,2678
73,6834
74,4406
73,5784
73,5102
73,5913
73,7543
73,6243
74,1128
73,2117
74,5067
73,9688
74,2992
74,3771
73,9927
74,2377
73,9246
74,3130
73,7089
73,5079
74,3495
73,6784
73,3587
74,1115
73,6764
74,1032
74,1546
74,1823
73,7078
73,7550
73,2483
74,0178
74,8088
74,5282
73,7584
74,0493
73,6541
73,5988
73,7377
74,1254
73,6789
73,7962
73,6844
73,6893
73,5904
73,3773
73,7816
73,8861
73,7887
73,9596
73,7725
73,6662
73,9939
73,5692
74,0691
73,5138
73,7015
74,2166
73,9314
74,0906
73,7212
74,2863
73,9933
73,7128
74,3863
73,8887
74,0642
73,9102
73,2968
73,8516
74,4128
73,7532
73,8727
73,9336
74,0196
73,8606
73,5886
73,8409
73,4819
73,9256
73,9150
74,5143
73,8502
73,3253
74,1199
73,4762
73,9343
73,9873
74,6501
74,4162
73,5183
73,8147
73,3382
74,7787
73,8627
73,7639
74,1642
73,7882
73,8342
73,8559
74,2181
73,9981
74,2896
74,1895
74,1847
73,9769
74,3969
73,8654
74,1303
73,4223
74,6833
73,6519
73,8267
73,5341
74,1638
73,3221
73,8809
74,6381
73,5568
73,4124
74,2397
73,9161
73,6434
73,8315
73,9476
74,0410
73,9982
73,4871
74,0899
74,6891
74,0459
73,9853
74,5794
74,4165
73,3620
74,0142
74,0133
73,4880
74,4425
74,0973
73,8495
73,9095
73,5050
74,4767
73,6946
73,8889
73,7137
73,9093
74,5181
73,4671
73,6620
74,0970
73,7889
73,2776
74,8117
73,6296
74,4376
73,6730
73,8287
73,5689
74,0235
73,8636
73,5046
73,9929
74,8040
73,9406
74,0559
74,1301
73,9244
73,5680
74,3671
74,4782
73,3293
73,7961
73,6446
73,6068
74,0216
74,2159
73,9810
74,0179
74,3528
73,8894
73,4631
74,5348
73,5736
74,5402
74,1038
74,1559
73,9522
74,8507
74,3389
74,1646
74,2349
73,7295
73,4996
73,7818
73,6042
73,8177
73,2271
73,8510
73,2756
74,1758
73,6404
73,7322
73,7807
73,7125
74,1030
74,5021
73,6601
73,7084
74,0867
74,3404
73,2791
73,6600
74,0687
74,2350
73,9465
73,7470
73,4299
74,0131
73,5913
74,5295
73,9799
74,4117
73,7526
73,6740
73,3747
74,0091
73,8241
73,8686
73,8453
74,3707
74,0554
73,4119
74,0663
74,2384
73,7393
74,3168
73,9941
73,8957
73,9446
73,7248
74,3077
74,4811
73,9816
74,0803
73,7590
73,3112
74,1066
74,3722
74,0427
73,7526
74,0198
73,5108
73,6329
74,0580
73,6040
73,4343
73,6066
73,4598
74,5310
73,9601
74,0662
74,2411
74,0205
73,8791
73,1203
73,9647
73,5774
73,8184
73,9198
74,2185
73,7283
73,7386
73,7091
73,6842
73,3163
74,3380
73,9713
74,0941
73,7722
73,6484
73,1638
74,1318
73,5155
73,4755
73,3707
74,1380
73,8649
74,0773
73,5747
74,2030
74,0306
73,7128
73,4141
73,6373
73,7177
73,1963
73,3868
73,0837
74,0457
74,1083
74,0490
74,2113
74,2447
74,9620
73,2403
73,5183
74,2903
74,3879
73,2718
73,6345
73,2136
74,0743
73,6020
74,4372
74,0052
73,7721
74,1103
73,9692
73,8160
74,0118
74,0754
73,9637
74,2133
73,9195
74,1321
73,9580
73,7218
73,8666
73,9389
73,9755
74,1544
74,0625
73,8660
73,3647
74,4660
73,1425
74,1470
73,9418
74,0192
73,8426
74,0413
74,1271
73,4483
73,8423
73,9341
74,0449
73,6290
73,5258
73,5770
73,7271
74,0921
74,0287
74,2246
74,0680
73,5983
73,7616
74,0382
73,9633
73,6953
74,4768
73,7569
74,1634
74,0254
74,1264
73,7543
74,0830
73,4542
73,6404
73,9711
73,7321
73,9453
73,4707
74,3961
73,2379
74,0552
73,6115
73,4901
73,9916
73,7432
74,2412
74,2314
73,6475
74,1025
74,1452
74,1821
73,2334
73,8185
74,4435
73,2180
74,0563
73,9769
73,9548
74,0484
74,1267
73,6208
74,4033
73,8801
73,5722
73,2378
73,7841
73,9488
73,6230
74,0515
73,4452
74,0584
73,9548
74,0279
74,4534
73,6050
73,7787
73,7603
74,6629
73,9691
73,5996
74,4725
74,3984
74,2255
74,4117
73,7203
74,1316
73,7143
74,3974
74,0406
73,8370
74,3186
73,5879
73,8993
73,4134
74,1275
73,6401
73,4424
74,0844
73,9676
73,3449
73,7397
73,9803
73,9513
74,1798
74,0133
73,5972
73,6828
73,7801
73,9822
73,6413
74,1526
73,8977
73,9631
73,4904
73,7651
73,8575
73,9212
74,4476
73,8183
73,8103
73,1832
74,0488
74,4288
74,1383
73,4728
73,4164
74,3668
73,3109
74,2472
73,8251
73,4533
73,6852
73,4727
73,8476
74,2170
73,8240
73,2696
73,6478
73,6791
73,8365
73,8510
73,5990
73,8741
73,6105
73,6688
73,8466
73,7821
73,6410
73,9569
73,5348
73,6887
74,3527
74,0049
73,8402
74,0067
74,7000
74,1253
73,0075
74,5363
73,7847
73,4109
73,7845
73,9197
74,7065
73,8932
74,8959
73,9308
73,7995
74,3593
73,4823
74,1894
74,4711
74,0362
73,5132
73,3489
74,4868
74,1374
74,0564
74,0548
74,1639
73,7759
74,3703
74,6341
73,6105
73,9827
73,8621
73,7157
74,6140
73,4260
73,6723
73,6885
73,9515
74,5139
74,0072
74,5986
73,7137
74,4746
73,9325
73,9628
73,9182
73,7809
73,7178
73,7820
74,2276
74,6908
73,3095
74,2317
73,8685
73,7703
73,5090
72,9567
73,6691
73,8276
74,4167
74,1540
74,4111
73,5393
73,6967
73,8987
74,1420
73,8557
73,3397
74,3503
73,9458
73,6504
73,8437
74,2635
73,5118
74,5400
73,8245
73,9721
74,2021
73,9059
74,2272
74,1597
74,2265
74,1751
73,9055
73,5048
74,2044
73,7147
73,0895
74,4365
74,0415
74,3363
74,2747
74,0269
74,3635
74,3354
73,6885
74,1285
73,6526
73,5257
73,9809
73,7413
74,7224
74,6457
74,3504
74,4204
74,1015
74,1200
74,3408
73,8281
73,3312
74,2275
73,9227
73,5166
74,0950
73,6283
74,0187
73,8020
73,9368
73,6991
73,9835
73,5911
73,8098
73,8212
73,6899
73,3059
74,4009
73,6743
74,2293
73,8561
73,3193
73,6249
72,9067
73,6832
73,6409
73,9690
74,0101
74,0103
74,0574
73,8409
73,8715
73,7641
73,7318
73,7831
74,0795
73,4696
74,1126
74,0052
73,0859
74,0514
74,1677
73,2016
73,5861
73,8151
73,7224
74,6543
73,5830
73,4971
74,5165
74,4156
73,1262
73,9271
73,7126
74,0730
73,6250
74,1687
73,4778
73,6369
73,6980
73,8870
74,3233
73,3959
74,2154
73,5761
73,6967
74,2247
74,0901
74,6922
74,4076
73,9187
74,3497
73,7929
73,9831
74,6405
73,8688
74,5737
74,4308
73,3693
73,9746
73,2335
74,3398
74,0852
74,5461
73,9165
74,1383
73,7311
73,0380
73,5164
73,4629
74,3980
73,7317
73,7773
73,8263
73,5136
74,0705
74,0242
74,2994
73,9825
73,5987
73,2126
74,1363
74,3418
74,1979
73,3732
74,1439
74,7051
73,9184
73,6912
74,1530
73,6980
74,1455
73,9102
73,4651
73,8102
73,8682
73,6120
73,7188
73,8005
73,8205
73,8403
73,6623
74,1773
73,4939
74,1257
73,5902
73,2585
73,6081
73,7458
73,4746
73,5772
74,5191
74,0082
73,2907
74,5666
74,6316
74,1346
73,3612
74,5295
73,7854
73,6142
74,4304
74,6313
73,8765
74,0458
73,9869
73,9511
73,7320
73,8728
74,3057
73,9358
74,0284
73,7938
73,5516
73,2476
73,8829
73,9487
73,8881
73,6242
75,1452
74,5989
74,0250
73,9660
74,8653
73,9486
73,8667
73,8526
74,0711
73,8229
73,4599
73,4649
73,3029
74,0002
73,9317
73,8527
73,5008
74,6180
73,4282
74,3381
73,7249
73,8986
73,7859
73,9795
74,0368
74,3360
73,5900
74,4432
74,1040
74,3208
73,7173
74,3521
73,9466
74,0096
73,7343
73,9125
74,3721
73,8238
74,4136
73,8274
73,8860
74,0890
73,6131
73,9104
74,2015
73,4140
74,4705
73,2641
74,0516
73,8695
74,1851
74,5177
73,6289
74,2183
74,0443
73,5720
74,1902
74,0824
74,1179
74,1470
73,3523
73,2407
74,0765
73,3067
74,0091
73,9843
73,8106
73,1830
73,8545
73,8871
74,2626
74,6852
73,4662
74,0288
74,2477
74,8335
74,3623
74,0695
73,7871
73,6977
74,3109
73,8617
74,4049
73,7994
73,8759
74,5987
73,4630
73,8483
73,0090
74,1540
74,4411
73,7754
73,3622
73,6029
74,0038
73,7052
74,3730
73,7429
73,6743
74,0116
73,6744
73,6609
73,8716
73,5644
73,8133
74,0771
74,1514
73,4756
74,2514
74,3442
74,3290
74,2764
73,6752
73,5653
73,9080
73,2139
73,6780
74,1630
74,2493
74,0441
73,7697
73,9203
74,0699
73,6509
73,4197
73,7395
73,7472
73,8526
74,1775
73,9039
73,5052
73,9444
74,1612
73,5083
73,6765
74,0906
73,5181
74,7101
74,3364
74,5704
73,1713
74,3756
73,4418
74,1410
73,6090
73,8441
74,1715
74,0792
73,9151
72,9294
73,2586
73,6331
73,9996
73,7101
74,1838
73,8833
74,3194
73,3285
73,1827
74,8620
73,6812
73,8945
73,5783
74,3980
73,7486
74,4211
73,3010
73,9310
73,8961
74,4413
74,1361
73,9269
73,7163
73,7969
74,0086
73,5762
73,4677
73,8858
74,1032
74,0082
73,8035
73,9581
73,8316
74,4623
74,0707
73,9751
74,0629
74,1926
73,8978
73,7923
73,3273
74,3016
74,0807
73,9162
73,6161
73,5493
73,1854
73,6470
73,7598
74,1277
73,4494
73,5156
74,2847
73,4414
74,2281
73,6026
73,8650
73,8743
73,3874
73,6853
73,3449
74,3888
73,3779
73,6029
74,1295
73,4800
73,9400
73,5254
73,2150
73,6711
73,8028
74,1791
73,7980
74,0703
73,6953
74,0277
73,9603
74,3394
74,2971
73,6160
73,6279
73,7790
73,8630
74,1616
73,9735
74,5839
73,8411
73,5697
74,2483
74,1361
73,2142
74,3559
74,7556
73,4218
73,1956
73,9277
74,1031
73,5990
74,1338
74,5670
72,8697
74,6209
73,8116
74,0733
74,2759
74,1657
74,3248
73,5120
73,3769
74,0580
73,5925
73,5863
74,1775
73,7424
73,6320
73,5713
73,7303
74,0930
73,8891
73,9427
74,0996
73,8774
73,5487
73,5957
73,2844
74,2774
73,5297
73,8379
73,2979
73,8526
73,7824
73,6101
74,5964
74,2752
73,7109
73,9115
73,6485
73,6103
73,9971
73,3967
73,2833
73,4230
73,8250
73,8354
74,4669
74,0338
73,8516
74,3979
73,2481
74,2418
73,5654
74,1625
73,8561
74,0108
74,0921
73,6464
73,9685
73,2698
73,7387
73,9087
74,0914
73,6457
73,7244
74,4597
74,5367
74,6637
74,2182
73,3158
73,7419
74,0299
73,6275
73,4702
73,5452
73,4921
73,9368
74,1648
72,9531
73,7776
73,5620
74,2056
74,2393
73,9370
73,7328
74,0125
73,8310
74,0193
74,3365
74,6383
74,0912
74,0971
74,4623
74,3152
73,8828
73,2982
74,2415
73,4908
74,4906
74,1012
74,4058
73,5158
73,4762
73,6469
73,9533
74,3624
73,7889
74,1297
73,7235
74,1761
73,4400
73,7126
73,7324
73,8556
73,4977
74,5069
74,0809
74,4641
73,9042
73,6242
73,7290
74,2380
74,3078
73,8963
73,6479
73,7241
73,2855
74,4503
74,2440
73,6563
74,1320
74,4350
73,6891
73,9464
73,8022
73,7684
74,2818
73,4874
74,2917
74,5733
74,0020
73,4994
73,8190
74,1903
74,4475
73,3519
73,4669
73,6707
74,1089
73,5789
73,4257
74,2291
74,0168
73,2599
73,7636
74,0699
73,5014
74,2078
74,1229
74,1530
74,1798
73,6201
73,7383
73,8822
73,7816
73,8049
74,2313
74,6524
74,3839
74,2609
73,8223
74,6809
73,5025
74,3766
73,1676
74,2615
74,5326
73,7368
73,2884
73,5864
74,1836
73,5110
74,2327
74,6292
74,0771
74,1911
73,7567
73,9737
74,5099
73,4998
74,3678
74,3302
73,9091
74,4722
73,8912
74,1506
73,7893
73,9745
73,6506
74,1874
74,3372
73,6384
73,2041
74,2755
74,5476
73,6184
74,1890
73,9097
73,9757
74,2501
73,8059
73,2036
73,5386
73,8534
74,0282
74,0127
73,7449
74,0619
74,1857
74,1182
74,6280
73,8949
73,9259
73,9500
73,3200
73,4403
73,8720
73,6866
73,5213
73,7024
73,7434
73,4455
73,5459
73,8621
73,7579
73,3626
73,2057
74,1871
73,4215
74,3389
73,5481
73,6753
74,3074
74,0543
74,0950
74,6820
73,0450
74,0255
74,3329
73,2893
74,0450
74,3185
73,4111
73,7417
74,4094
73,7764
74,0533
74,1891
73,9727
73,2330
73,9912
73,8200
74,5772
74,0251
74,8959
73,2423
74,1229
74,3262
73,7738
74,3362
74,0330
73,8162
74,3259
74,7810
74,3582
74,7556
73,6681
73,9409
73,5027
74,2190
73,9941
73,8109
74,3995
74,4178
74,1584
74,1335
74,1496
73,9585
73,5395
74,0366
74,2703
72,9579
74,5978
73,9780
73,5495
74,0478
73,8352
74,1544
74,2064
73,9478
74,5704
73,3571
74,2151
73,7116
73,5733
73,7902
74,0183
73,7984
74,4570
74,6827
73,6435
74,3887
74,1173
73,2399
73,5380
73,9238
74,4504
73,8162
73,9473
73,8387
74,4290
74,3693
73,3464
73,7786
74,0453
73,9380
74,7054
73,7351
73,2887
73,4873
74,3243
74,5454
73,9449
74,7388
74,1528
73,5736
74,4751
74,0960
73,9556
73,6214
74,0519
73,4082
74,1403
73,1656
74,3869
74,4222
73,9200
74,1084
74,0619
74,1343
74,2681
74,6025
73,9062
74,3227
73,4641
74,0599
73,9303
74,4689
73,6186
73,4841
73,3362
73,9396
74,0127
73,7450
74,5287
73,8998
74,0198
73,9780
73,7350
73,8274
73,7268
74,2268
73,8069
73,8746
73,8019
73,4781
73,8341
74,1774
73,9347
73,2194
73,5021
73,4290
74,1659
73,7940
73,9662
73,1916
74,3522
73,7782
74,0530
73,8909
74,1291
73,2310
73,7143
73,8964
73,9837
73,5508
73,9908
73,5299
74,3973
74,1749
73,4668
72,9486
73,8311
73,8428
73,3348
73,5821
74,1164
74,1541
74,1286
73,5168
74,0844
74,1335
73,9466
74,3577
73,6701
73,8423
74,1360
73,2641
73,4416
74,1459
72,9868
73,9738
74,0510
73,9291
73,5708
73,4286
74,1487
74,1714
73,9543
73,9543
73,7823
74,2461
73,5021
73,9897
73,8864
74,2199
74,0262
74,2361
74,2072
74,2114
73,9453
74,1168
74,4411
73,3051
73,6066
74,1921
74,0819
73,6953
74,4869
74,0963
73,0040
74,2117
74,1098
73,4299
73,3721
73,7900
74,0591
73,4159
73,2562
73,8676
73,7901
73,6911
73,5656
73,7368
73,6500
73,3697
73,5488
73,9473
73,9376
73,8242
74,0586
74,3192
73,5248
74,0420
74,2248
74,1354
73,9122
73,9183
73,8753
74,1718
74,3903
73,9630
73,9248
73,5924
73,4204
74,4539
74,0235
74,2458
73,9527
73,6129
73,6500
74,1147
74,1338
73,6791
74,2536
73,7414
73,3638
73,5922
73,4868
73,3768
73,9639
73,4261
74,2050
73,6685
73,7388
74,0494
74,2436
73,7838
73,3324
74,1216
73,8153
74,0552
73,9995
73,6853
74,3161
74,6646
74,0712
74,3195
73,4589
74,1801
73,7865
73,6224
74,4059
74,4012
73,8137
74,5807
73,7291
74,0313
73,9569
73,9078
73,6197
74,1598
73,9747
73,3352
74,2385
74,1231
73,8867
74,4417
74,2179
74,3864
74,0228
73,7016
73,6983
73,3736
73,8533
73,9035
74,5698
74,1959
74,0642
74,1625
74,2904
73,9063
74,5141
73,8320
74,0735
74,6612
73,8267
73,9197
74,2757
73,6803
73,4484
73,4632
74,2016
73,9504
73,8857
74,0184
73,5498
73,0257
73,9092
73,9265
73,3908
73,8789
74,6879
73,7201
74,2255
74,1527
73,2698
74,1163
73,6607
73,7188
73,9549
73,8552
73,3675
73,6646
73,9911
74,2306
74,1295
73,2628
74,2376
73,8152
74,4860
73,6262
74,0447
73,8067
73,9463
73,9211
73,6131
74,5896
74,2597
73,3863
74,2771
73,1322
74,6215
74,2162
74,2009
74,3867
73,7022
73,5760
73,9618
73,9921
73,6652
74,2551
74,0796
74,2636
74,4813
74,1492
74,3488
74,5655
73,5860
74,0705
73,4314
73,7465
73,2668
74,5076
73,8843
73,3338
74,2016
74,5844
73,6863
74,1545
73,8969
73,8090
74,7386
73,6198
73,6237
74,0144
74,1435
73,7250
73,6963
73,7007
73,7469
73,9074
73,7791
73,7709
73,6759
73,4088
73,9396
73,6117
74,2976
73,8732
73,6149
74,2688
73,3174
73,8068
74,1384
73,8053
73,9541
73,9885
74,5194
73,8083
73,9035
73,6451
73,8714
74,0654
74,2422
73,7688
74,0869
73,6273
73,9801
74,0131
74,0691
73,9864
73,9743
74,3013
73,4195
73,9410
74,1116
74,3260
73,5144
73,4961
74,0042
73,1789
73,9242
74,0988
73,8796
73,8014
74,3383
73,8680
74,7563
73,9758
73,8703
73,6904
73,4081
74,0254
73,3090
74,1102
73,8227
73,9290
73,5007
73,9791
73,7963
74,4710
73,3990
73,8291
73,9090
73,1753
74,7231
73,7453
74,0018
73,6038
73,6823
73,8057
73,3383
73,5581
73,3716
74,0387
73,4079
74,2277
73,2538
74,0626
73,9915
73,6170
73,5153
73,7373
73,3032
74,1518
73,2803
73,7388
73,9638
74,4111
74,4982
73,9146
73,9037
73,9423
74,2921
73,9508
74,2269
73,7104
73,6353
73,5762
74,0497
74,0264
74,4686
73,4221
73,6442
74,2412
73,9476
73,7748
74,0157
73,9901
73,8605
74,6240
73,3473
74,2724
73,5207
73,4139
74,4018
74,0707
74,6147
73,6580
73,6520
73,4525
73,8014
73,6848
73,0963
74,0589
74,2647
74,4685
73,6304
74,0023
73,6817
74,0089
73,4789
73,9529
74,1571
73,7580
73,7132
74,7711
73,5870
73,6497
73,9397
73,3431
74,2946
73,3876
73,8283
73,7505
74,4579
73,2856
74,4517
73,7161
74,6103
73,6788
74,1802
73,6415
74,0070
74,3752
74,0805
73,4491
73,8555
75,0689
72,9578
73,8542
73,9354
74,0193
73,9455
74,0062
73,9378
73,8509
74,0396
73,8585
74,0594
73,1698
73,9933
73,3646
73,9872
73,2762
73,8152
74,3321
74,4656
74,4244
73,0905
74,2938
73,7574
73,8302
73,8340
74,0204
74,3662
73,7633
74,6983
73,7109
73,8051
74,3522
73,8781
73,6644
74,0569
73,6347
73,9718
73,8594
74,1458
73,9059
74,1811
73,9065
74,5574
73,7800
73,5316
73,6507
74,1375
74,1340
73,7704
74,4739
74,2423
74,3731
73,9575
73,7999
74,3270
73,3347
72,9749
74,3352
73,6654
73,3926
73,6900
74,3068
73,8637
73,6764
74,1229
74,3640
73,8116
73,2787
74,0412
73,7502
73,9404
74,2122
74,8859
73,3562
73,6684
73,8406
73,8189
73,4405
74,3976
74,0371
73,9361
74,1248
74,2497
73,6719
73,7542
73,7725
73,7335
73,7414
74,5041
73,7180
73,9037
74,4576
73,4636
74,4409
73,6692
73,8250
73,6580
74,0448
74,4544
73,5179
73,6997
73,1139
73,6699
73,3315
73,1221
74,1870
73,8664
73,9170
74,1950
73,2604
74,2680
73,7754
74,5240
73,6290
73,5633
73,7266
74,1241
73,6161
73,5631
74,2584
73,7189
73,7284
73,3812
73,7524
73,9277
73,6885
73,8080
74,1567
73,3233
74,2852
74,0890
73,8020
74,0116
74,0834
74,1763
73,7668
73,5825
73,7248
73,9685
74,5373
73,4736
74,2196
74,1937
74,4132
73,9998
73,5517
73,8314
73,9754
74,0725
73,3512
73,7179
73,6928
73,9906
73,1527
73,4598
73,9828
73,9520
74,4214
73,6358
73,0422
73,7167
74,2054
73,1958
74,1821
73,8544
74,1277
73,8270
73,6935
73,7680
73,6993
74,1385
74,2005
74,0956
74,1581
73,4069
74,1587
73,2804
73,6333
73,7028
73,8607
73,7124
73,8375
74,1252
73,8300
73,2856
73,2191
73,5879
73,8648
73,9580
73,6978
74,1480
74,9808
73,7187
73,9329
74,1601
73,9579
73,8352
73,6920
73,1565
73,5715
73,3041
74,1357
73,7696
74,4871
73,6701
73,8949
73,8037
73,7160
74,1826
73,3790
73,9759
73,0664
73,8190
74,2707
73,5982
74,3407
74,3166
73,2862
74,3071
74,2019
73,7763
73,9822
73,3823
73,8038
74,0812
73,7307
73,3105
73,8789
73,5024
73,7683
74,4077
73,8818
74,1878
73,5833
73,8873
74,5261
73,3705
73,6184
73,8549
73,8232
73,4543
74,4944
73,9344
73,2205
73,5593
74,2143
73,8510
73,2174
74,2370
74,3711
73,8125
73,5160
74,2598
73,5731
73,8052
74,4664
73,4539
74,2296
74,5020
73,6859
73,6268
73,9892
73,7191
73,8668
73,9540
73,8826
74,1738
73,3156
73,9724
74,4145
73,9713
73,9937
74,4310
73,8023
73,0872
74,1229
73,5054
73,7974
74,4132
74,4069
74,5025
74,2429
74,0721
73,8604
73,7684
73,6075
73,9024
73,7380
73,7612
74,1750
73,4628
74,4193
73,6357
73,9153
73,4258
74,3067
73,2976
73,3785
74,0281
73,3374
73,8232
73,8777
73,4840
73,7515
74,2903
73,9759
73,8694
73,6867
73,6606
73,5125
74,1736
74,2649
73,7944
74,6477
73,6013
73,8608
74,1213
73,5580
73,8103
73,9614
74,0221
73,4015
73,3978
73,6261
73,6687
73,5704
73,6479
74,1798
74,3995
73,9411
73,8948
73,5234
73,6402
73,6906
73,4285
73,7512
73,8793
74,0592
73,6360
74,5718
73,7808
73,9919
74,3092
73,9866
74,2320
73,9162
73,7119
73,4262
73,6870
73,6213
73,8530
73,9305
73,3781
73,8698
73,7069
73,9525
73,8215
73,5792
74,0310
74,2337
73,7760
74,4127
73,9552
74,0935
74,5372
74,5677
73,8311
73,7685
73,8165
73,3473
73,5351
73,9995
74,1586
73,2498
74,2093
73,9151
74,3536
73,7889
74,1055
74,0172
73,6707
73,5614
73,5752
73,9125
74,7374
73,5145
73,8569
73,8077
74,1250
74,1570
74,1177
74,4253
73,5981
73,9863
73,8555
73,7737
74,0460
73,9720
73,9393
74,1153
73,9250
74,6664
74,5909
73,3783
74,4304
74,2397
73,8164
73,9392
73,5074
74,4082
73,6005
73,9150
74,0000
73,7909
74,3071
74,1397
74,3181
73,5511
73,9666
73,8137
74,3101
73,9008
74,2589
74,3942
73,6229
73,7727
74,3412
74,3459
74,2261
73,4794
73,6108
73,5124
74,2131
73,5107
73,8971
74,0367
73,3522
73,3207
74,1157
73,6466
73,5660
73,6445
73,8073
74,3984
74,0620
73,9364
73,7076
73,9494
73,6250
74,2432
73,2632
74,0293
74,0231
74,0339
74,0608
74,2040
73,8008
74,0750
73,6294
74,2386
74,6175
73,7803
73,9022
74,0219
74,3206
73,8383
73,9471
73,6644
73,7394
73,9006
73,7790
74,0183
73,9123
74,0252
74,0957
73,7084
73,5988
73,3387
74,2283
72,9883
74,3841
73,7696
73,6218
74,4858
73,9177
73,8559
74,6358
73,2240
73,6525
74,2871
74,1357
73,7963
74,1157
74,0092
74,1477
73,5453
73,7191
73,6161
73,7365
74,0303
74,3936
73,7135
73,6303
73,6938
73,8516
74,6691
74,1551
74,4568
72,9055
73,4357
73,3550
73,4584
74,1189
73,4077
73,8700
73,7589
73,8044
73,3403
73,1436
73,5920
74,6584
74,9207
74,3299
74,3558
72,9501
73,5406
73,6744
73,9309
73,7829
74,1134
73,5866
73,6743
74,0280
73,4982
74,3225
73,7110
73,8869
73,3661
73,6232
73,4812
73,7819
75,1401
74,0093
73,8431
74,2625
72,9299
73,6236
74,1587
74,1431
73,6676
73,8435
73,6027
74,1789
74,2120
73,5292
73,4441
74,0676
73,3649
73,9354
74,1757
73,7968
74,3623
74,0464
73,6933
73,5690
74,1235
74,3708
73,2170
73,5517
73,9202
73,7503
74,1293
74,5162
74,3676
73,8899
73,5294
73,9383
73,9616
73,9403
74,0815
73,6774
74,1560
74,4057
73,7322
73,6587
74,9361
74,3299
74,1144
73,5354
74,3507
73,6822
72,9438
74,2133
73,7016
73,6278
73,7304
74,1981
73,7532
73,5097
73,6402
73,7097
74,6292
73,8109
73,8288
73,8354
73,9254
73,8723
74,1962
73,7481
73,7840
73,6351
73,5727
74,1432
73,7409
73,1908
73,1055
74,3276
73,4702
73,7665
73,9355
74,0427
73,8897
73,6273
73,6031
73,5099
73,8752
73,0528
73,9803
74,0343
73,8550
73,9257
74,1169
74,1161
73,5063
73,7064
73,4160
73,7928
74,5298
73,4616
73,8737
74,1247
74,1249
74,2823
74,0876
73,8181
73,5725
74,3338
74,4342
73,7509
73,9277
74,0976
74,0025
74,5309
73,7552
73,2900
74,3587
73,9459
73,3344
73,8476
73,7328
73,8319
74,3713
74,1616
73,8860
73,7707
74,1865
73,8426
73,8373
73,8505
73,0538
74,2845
74,5006
74,6788
73,1720
73,9031
73,5185
73,8276
73,7993
73,7397
73,3836
73,7421
74,2009
73,3991
73,3997
73,3784
74,0157
74,1423
73,6687
73,5153
73,6463
74,6235
73,9028
74,4196
73,9705
72,8896
73,6472
74,1301
73,7794
74,0026
74,0251
74,0607
73,8011
74,3803
73,9867
74,1622
74,1406
73,6551
73,9487
74,1494
73,3714
73,4914
73,5824
73,8769
74,1065
73,8196
73,8632
74,0403
73,6380
74,1450
73,7337
73,5633
73,4381
74,1870
73,9651
74,0729
73,8051
73,7268
73,7927
73,9561
74,1335
74,1992
73,6036
73,6504
73,5333
73,6840
73,1690
73,9539
74,5074
74,1694
73,8403
74,0382
73,8176
74,1426
74,1685
73,5087
73,9719
73,7309
74,2346
74,1564
73,2783
74,2081
73,8030
74,0165
73,4923
74,4881
73,9718
73,4631
74,3375
74,0645
73,8817
73,7104
73,6020
74,0715
74,0459
74,1424
73,9090
73,4656
73,4554
74,1906
74,4042
74,4689
73,9324
74,3461
74,0786
73,7221
73,7069
73,5360
74,0570
74,0520
73,9762
74,4282
73,4911
73,8395
74,5125
74,7059
73,9727
74,1939
74,1309
74,1516
73,9499
73,8053
73,7701
74,4541
74,3077
73,6993
74,0128
74,5650
73,8950
73,9715
73,8819
73,8584
74,6367
73,9998
74,1838
74,1196
74,0891
73,6736
73,9241
73,7181
73,9883
74,1676
73,5503
73,9138
74,0822
73,4157
74,8274
73,8323
73,2812
73,5663
74,1450
73,6898
74,0504
73,7328
74,5883
73,7604
73,8071
74,1513
73,5705
73,1507
74,1239
73,8018
73,1908
73,7658
73,6467
73,8539
73,6247
74,4448
73,7130
74,0634
74,5877
74,4727
74,1262
73,4751
73,4126
74,0894
74,1446
74,2129
73,8123
74,1700
74,2685
73,9852
73,9174
73,2950
73,3769
74,1845
74,1064
74,1129
74,2366
73,9485
73,3876
74,0577
73,8781
74,0954
73,8378
73,7782
74,1122
73,9106
74,6398
73,5994
73,8168
73,6747
73,1592
73,6807
73,8175
73,6283
73,5004
73,5196
73,6231
73,9078
74,0977
74,0138
74,4147
74,0189
73,6407
73,4915
73,7774
73,8773
73,6442
73,9700
74,0707
73,4174
74,0649
73,5431
74,1760
73,5926
74,2715
73,1350
74,3618
74,6496
74,2539
73,9528
73,2568
73,7068
73,9335
73,8997
74,4651
74,1026
74,5304
74,0756
73,5961
73,6496
74,0180
73,2978
74,0673
73,5176
74,0281
73,8737
74,2380
74,0708
74,2609
73,7408
73,4927
73,9004
74,2710
74,1528
73,9091
74,3710
73,9200
73,5568
74,0925
74,1354
73,7028
73,1417
74,0509
73,6886
74,3143
73,1988
73,5260
73,8461
73,9355
74,0750
73,5930
73,5728
73,9774
74,2398
74,1910
74,7196
74,5677
74,5432
73,8564
73,3283
73,6217
73,7271
73,9039
74,1719
73,6525
73,3356
74,9430
74,4131
74,1849
74,0906
73,2252
73,4049
73,9681
73,5670
74,3761
74,0981
73,8972
73,7027
73,9947
74,4235
73,9847
73,9026
73,9663
73,3486
74,2878
73,9636
73,9640
73,6568
73,8308
73,7621
74,0642
74,1560
73,9186
74,1850
73,9204
73,9904
73,2257
73,8489
74,2147
73,8079
74,1559
74,3642
73,6885
73,6579
74,3891
72,8963
73,7652
73,7902
74,2202
73,7205
73,8141
72,9454
74,1987
74,1419
73,6909
73,4825
73,4139
74,3298
73,6695
74,0532
73,4798
74,1621
74,2599
73,8377
73,6100
73,7699
73,1610
73,4552
74,1896
74,0418
73,5730
74,0326
73,5935
73,7417
74,3139
74,0475
73,9805
73,9879
73,8723
73,8888
73,5807
74,0152
74,1861
73,6701
74,2005
73,6598
73,9467
74,4795
73,5540
73,5338
73,4091
73,2827
73,0527
73,8216
74,2419
74,2072
73,8869
72,7519
74,4376
73,7156
73,7750
73,0504
74,1756
73,7876
73,9473
73,5880
73,7358
73,9500
74,0672
73,7155
73,3061
74,1462
74,1624
74,0999
73,2386
74,2020
74,6260
73,9813
74,0384
74,3706
74,3219
73,6606
73,7846
73,7243
74,2899
74,0470
73,7728
73,8171
73,7429
73,9462
73,7217
73,9743
74,3279
73,6685
73,8578
73,4229
73,8961
73,7038
73,5758
73,7058
74,2764
73,7537
73,4670
73,5526
74,4771
74,1749
74,1788
73,5219
73,6686
73,6621
73,5936
73,7680
73,9088
73,5689
73,8161
74,9247
74,3252
73,6751
73,3267
73,7447
73,7530
73,8241
73,9419
73,6784
74,1038
74,0416
74,1421
73,8696
73,1462
73,8514
73,7872
73,8785
73,7603
74,1939
73,8612
74,1603
73,7244
73,5999
73,8675
74,0859
73,7226
74,4952
73,8924
73,8627
73,7485
73,8377
74,1823
73,6446
74,5940
73,3507
74,2623
73,5708
74,0281
73,6214
74,3504
73,9290
74,2597
74,4945
74,0212
74,0405
74,2343
74,5222
73,3673
73,1120
73,8884
73,7922
73,4147
73,4688
74,6558
73,5980
74,2804
73,9914
73,3727
74,7291
74,4584
73,9485
73,5358
74,1658
73,9545
74,6533
73,4136
74,1241
74,3552
73,5586
73,9443
73,3017
73,5714
74,4215
74,7085
74,1855
74,1256
73,8281
73,7834
73,3673
74,1146
74,2334
73,9609
73,9344
73,7943
73,7801
73,8089
73,5908
73,1699
73,7171
73,0718
73,6626
74,0734
73,4519
74,0509
74,1022
73,4394
74,4160
74,6290
73,9722
74,0793
73,2029
73,7249
74,1060
73,8548
73,8295
73,9233
74,3315
73,7245
74,0442
74,0811
73,5942
74,0231
73,7750
73,6312
73,4028
74,4230
73,6224
74,0526
74,2498
74,3121
73,9060
73,7549
73,9043
73,3550
74,0780
73,5378
73,8285
74,2821
73,3593
73,6673
74,0558
74,4106
73,3638
73,7333
73,2895
74,4236
74,3495
74,4751
74,2206
73,7015
73,7513
73,9155
73,1656
73,6475
73,7436
73,8725
74,2293
74,3927
74,6776
74,6733
73,1177
74,2869
74,0113
74,3476
73,3697
73,8410
73,0189
73,7176
74,0291
73,6241
74,4436
73,8753
74,2457
73,6985
73,7033
73,7538
74,1329
73,9106
74,1981
73,9050
73,9168
73,7770
74,3016
73,9537
73,5991
74,2171
74,1659
73,8422
74,1936
73,9922
73,8856
73,7333
74,1233
73,9018
73,6458
74,4163
74,1246
73,4738
73,8159
74,0362
74,0962
74,4060
73,9844
73,3341
74,0750
73,6792
74,3694
73,9824
73,8575
73,5084
73,4433
74,1679
74,2432
73,7923
74,2134
74,5120
72,9386
73,4319
73,3771
73,7540
74,0967
73,7414
74,4335
74,0533
74,4732
74,4307
73,6048
73,1482
74,0483
73,3411
74,2178
73,8439
74,1275
74,3633
74,1441
73,5277
73,4501
74,4540
73,6909
73,8723
73,9110
73,8063
73,6808
73,5541
73,5549
73,5964
73,0061
73,5633
74,1002
73,7863
74,7138
73,4223
73,6536
73,6379
74,0880
74,1277
74,0169
73,9627
74,4416
73,6222
74,2695
73,9507
74,2036
73,1224
73,9053
73,4678
73,6390
73,8927
73,4084
73,7633
73,4605
74,5120
73,9314
73,1602
73,4306
73,6566
73,4510
74,3230
73,2686
73,5115
73,4362
73,1753
73,8171
74,7960
73,8529
74,4055
74,3826
73,7604
73,4505
73,8072
73,7992
73,9183
73,9641
73,9029
73,5527
74,2272
73,6915
73,6653
73,9260
73,5838
73,7312
73,8452
73,9432
74,6188
74,0120
74,5671
73,5871
74,4312
74,2620
73,8269
74,4064
73,7430
73,8260
73,2255
74,0197
73,3908
74,1779
74,4299
73,6815
73,9307
73,1688
74,0339
73,3927
73,6789
73,6442
73,6496
74,4172
73,3335
73,4497
74,1542
73,6073
74,0038
74,1320
74,1049
73,4244
73,6466
74,3888
73,7740
74,1044
73,5365
74,1025
73,5213
73,7053
73,7510
74,5129
73,8344
73,7616
73,9340
74,3497
73,6787
73,7623
74,2661
74,3311
73,5322
74,2851
74,2833
73,6525
73,9200
73,8316
73,8100
73,4841
74,2292
73,6067
73,1101
73,2876
74,0927
74,3026
74,3411
74,6002
74,0485
73,8407
73,6627
74,6653
74,5519
73,6499
73,8279
73,7343
73,7074
73,8487
74,4561
74,0119
73,9205
73,9508
73,7112
73,4656
74,1182
73,5166
74,4781
73,3800
73,9987
73,8306
73,7924
73,7248
74,2493
73,7542
73,5533
74,0567
74,7577
74,2185
73,2418
74,2011
73,6892
74,3197
73,9763
73,7987
74,1124
73,9460
73,6839
73,8143
73,9346
73,8451
74,2573
73,7699
73,7774
74,0909
73,8717
73,8329
74,2744
73,4886
73,4288
73,1748
74,0742
74,5058
73,5386
73,8965
74,3123
74,0427
73,9444
74,1360
73,8970
74,2709
74,1395
74,4059
73,8592
73,8458
74,0852
73,8489
73,4969
73,7794
74,2724
74,0170
74,1805
73,8659
73,8377
73,9269
74,2804
73,6813
74,2390
74,7391
73,7344
74,1337
74,0921
73,0997
73,9330
74,1847
73,5563
73,6380
73,8892
73,9113
73,6078
73,6589
74,2024
73,5135
74,0144
73,9002
74,0533
74,0075
74,5702
74,1672
73,4890
73,3454
73,7201
74,2187
74,0318
73,7318
73,5104
74,2985
73,5196
73,9940
73,3569
74,1846
73,6802
74,2822
74,2004
73,7405
74,3626
73,8226
74,1957
73,5191
73,4999
73,7177
74,5147
73,8966
73,5257
73,9883
73,6516
73,6358
73,7913
74,5445
74,0153
74,1626
74,1485
73,4732
74,1165
73,5744
74,2948
73,5201
73,9632
74,2907
73,8473
73,5848
74,0996
73,7604
74,2526
73,1133
73,2739
73,6388
73,7158
74,2717
73,4284
74,0323
73,6176
74,4727
74,4624
73,9734
74,7629
73,9716
74,7463
74,1629
73,9827
73,5131
73,5395
74,2149
74,4612
74,1282
74,1252
74,1057
74,1945
74,2800
73,8333
74,3735
73,6772
73,9537
73,3596
73,9168
73,7954
74,4180
73,3824
73,9158
73,9182
74,0611
73,9677
74,1824
73,9614
73,7262
74,3461
73,3185
73,5058
73,7886
74,7534
74,1688
73,6992
73,4053
74,4987
73,4189
73,0195
74,0992
73,8396
73,9723
74,4153
73,8587
73,7214
74,2594
74,5449
73,6251
74,2433
73,8770
73,9566
73,6182
73,4874
74,2096
74,4026
73,2270
73,8987
73,5378
73,8934
73,6506
74,0431
73,6207
73,6428
73,4151
73,8668
74,1581
74,0700
73,9949
73,3618
74,3682
74,2104
73,2945
74,2890
74,1218
73,4829
73,9684
73,7168
73,9751
74,1247
74,1527
74,2982
73,2556
73,5941
74,0251
73,5858
73,8240
73,7766
74,1594
73,9075
73,5076
74,0359
73,8634
74,8551
73,5338
74,3809
74,8862
74,0091
74,3468
73,6494
73,6275
73,4221
74,4995
73,8507
73,9814
74,0587
74,3265
73,9581
73,8842
75,0006
74,2972
73,6861
74,4426
73,0944
73,5552
73,5318
74,2571
74,3895
74,1731
74,1074
74,1879
74,2435
74,3072
73,8993
73,6593
74,1358
74,4732
73,5021
73,5278
73,8366
72,9310
73,5736
73,9115
74,4168
73,3980
73,7874
73,5308
74,3692
74,2308
73,5240
73,8430
73,8753
73,9707
73,7134
73,8576
73,3906
74,4137
73,5579
73,6195
74,4130
73,4248
74,1058
73,5480
74,0024
73,8662
73,7331
74,8294
74,2174
74,2677
73,6784
73,6733
74,1161
73,7836
73,5184
74,0197
73,4371
73,9510
73,8135
73,6850
73,3703
73,5893
73,6415
73,7839
73,6091
73,5529
74,1046
74,0082
73,3952
74,1207
73,7174
73,8000
74,4340
74,0740
73,2230
73,6045
72,6022
73,9428
74,0404
73,8656
74,0088
73,7918
73,5317
73,4617
73,8037
74,1895
74,4214
73,6958
73,8027
73,3023
73,4476
73,7561
74,0745
74,1294
73,5793
73,7892
73,5672
74,3914
73,6234
74,2042
74,3273
73,5412
73,4949
74,2383
73,5116
73,8815
74,1530
73,6014
73,5328
73,6262
74,0723
73,3200
73,6389
74,1586
73,6633
74,0661
73,7959
73,3740
73,5769
73,4652
74,2877
74,6680
73,6956
74,3204
73,4057
74,0758
73,4865
73,9968
73,5549
74,1083
74,0277
73,9528
73,5542
73,3460
73,6947
73,4716
73,2948
74,0087
73,9691
73,7807
73,9194
74,1980
74,7904
73,8715
73,6041
73,9297
74,0564
73,8518
73,4923
73,7224
73,5194
74,2391
74,9957
73,9809
74,7903
73,6993
74,0259
74,0730
73,8803
74,1132
73,2902
73,8762
73,6451
74,2982
73,6417
73,8294
73,7430
74,2587
73,3691
73,9116
73,9817
73,6950
74,2712
73,9495
73,6431
73,9393
74,6446
74,1150
73,9956
74,3876
73,5004
73,8995
74,1961
73,0557
74,4383
73,8153
73,2813
74,5845
73,6213
73,3875
73,8775
74,3238
74,2725
74,2142
74,3785
73,1525
74,6017
74,8007
74,3195
73,8976
74,8184
73,6526
73,3181
73,5132
73,3461
74,5063
73,4518
74,5971
73,6309
73,8646
74,1256
74,3399
74,0889
74,1816
74,2087
74,2400
74,2879
73,2700
73,4569
73,9178
73,9938
73,9390
73,9762
73,6063
73,5767
74,3412
73,9562
73,8976
73,1952
73,5159
74,2506
73,6956
73,5593
73,9013
73,6665
73,9057
73,7553
74,0106
74,1532
73,4894
73,5389
74,6545
73,8880
73,8078
74,5267
73,9119
74,0745
73,7225
73,3368
74,0453
73,8448
73,8300
73,2385
74,5432
74,5446
74,0986
74,1112
73,8072
74,2919
73,9353
73,6420
73,6939
74,6153
74,0820
74,1437
74,0379
73,5720
73,5877
74,0987
74,3629
74,3690
73,7599
73,6642
73,3595
74,2552
73,2384
73,7772
74,6303
73,9008
73,4578
74,2830
74,3354
74,1700
74,5357
73,6083
73,8991
73,4736
74,3534
73,5084
74,0599
74,6520
74,1581
73,8387
74,4729
74,2195
74,6939
74,4494
73,8675
73,3202
73,3637
73,5134
73,0813
74,1635
74,0690
73,7671
73,9926
73,7683
73,9555
73,3911
73,5084
73,1625
73,7847
73,9398
73,7932
73,3232
74,2006
73,9453
74,3372
74,4014
73,7338
74,2062
73,6820
73,9283
73,7805
73,7450
74,0647
73,7506
73,6258
73,9245
73,5551
74,0691
74,2531
73,3732
73,5195
74,3400
74,2931
74,2605
73,8171
74,5774
74,6157
74,5308
74,1657
74,0190
73,8245
74,6776
74,0136
74,0103
73,6109
73,8512
73,5523
74,1993
74,0897
74,0292
73,5315
73,7390
73,6493
73,5861
73,8381
73,1388
73,8943
74,1161
73,6321
73,7256
73,9162
74,2840
74,5267
73,8411
73,0172
73,7522
73,9355
74,2614
73,4482
74,6602
74,2839
73,8933
73,7598
74,0737
73,8271
74,0323
73,5640
73,7065
73,2052
73,8759
73,8996
73,7670
73,6327
73,8442
73,7192
74,3408
73,7688
73,8542
74,1854
74,1278
73,5639
74,4788
74,4660
73,9300
73,3600
73,5111
74,1622
74,0472
74,0675
74,2585
74,3034
74,2626
74,4354
73,4901
74,5007
74,0215
73,5274
73,9262
73,7759
73,7403
73,7378
74,4607
73,7498
73,9112
73,4640
74,0438
73,2731
73,4695
73,6800
73,7626
73,6004
73,4716
73,7330
74,3358
73,5719
73,9413
73,6109
74,3889
74,5271
74,0411
74,6934
73,9959
73,6615
73,7032
74,2081
73,3643
73,6384
73,8365
73,2600
73,7568
74,2803
74,2197
74,3700
74,4428
73,7971
73,4109
73,7326
73,8908
73,5521
73,8233
74,2873
73,8694
73,8966
73,6063
74,0031
73,5896
73,8458
73,7611
74,1539
73,8747
73,5490
73,9496
74,1363
74,0563
74,2886
74,0940
74,1223
73,1628
73,8241
73,8477
72,9150
74,4165
74,2766
73,8023
73,8206
72,7019
73,7937
73,6126
74,2537
74,2333
73,7415
74,0038
73,5800
73,7604
73,4396
74,3932
73,8007
73,6561
73,7240
73,9945
73,9672
73,5452
73,4119
73,7938
74,0131
73,9502
73,4710
73,0539
72,9603
73,9302
74,2683
73,7187
74,4816
73,7924
74,1690
73,3202
74,1998
74,3421
73,5637
74,0229
73,9840
73,5673
73,8770
73,7201
72,6905
74,2102
74,2658
74,1213
73,6539
73,3687
73,7761
74,2397
73,0290
73,9300
73,3416
74,0078
73,9678
74,0137
72,9639
74,1581
73,8574
74,1745
74,4526
74,3105
74,0828
73,6194
73,5495
74,2161
74,4584
73,4085
74,1383
73,4420
74,0780
74,0377
73,8399
74,2304
74,6242
74,0853
73,9835
73,4776
74,1256
73,5714
74,3541
73,4216
74,4005
73,6614
75,0372
73,6867
73,3252
73,7642
73,9649
73,8845
74,2450
74,4445
73,2501
73,5817
73,5380
73,9947
74,3770
74,0862
74,1033
73,2014
73,9131
74,0775
73,6916
74,2654
74,2380
73,8776
73,6221
73,8824
73,3535
73,7120
73,3654
73,7891
73,9121
74,1666
74,0335
73,9811
73,4882
73,6214
74,3998
73,9264
73,6015
74,0136
73,3190
73,8764
73,2788
74,0245
73,8783
74,0382
73,7221
75,1268
73,0952
74,5899
74,3221
74,0703
74,0038
74,4156
73,9605
74,1372
74,4916
73,9587
74,1301
74,0922
74,6353
73,7941
73,9003
73,9838
73,9718
73,7150
74,2969
73,5781
73,9520
74,3939
74,0856
73,8522
73,5887
74,0910
74,1016
74,0229
74,0160
73,7159
74,5203
73,0810
73,6017
73,7834
74,8562
73,7345
74,0130
73,7740
74,2855
73,4842
73,9532
74,1210
73,3928
73,6641
73,9134
74,1673
73,4786
74,1963
74,0513
73,3386
74,1102
74,0917
73,9452
73,5859
73,8192
74,3910
74,4174
73,9176
72,9693
73,6204
74,3472
73,4414
74,4056
73,8366
73,6876
73,8265
74,0515
73,5827
73,6893
73,2939
73,5502
73,8784
73,8865
73,5591
74,0412
73,5512
73,9163
73,2785
74,4178
74,0337
74,5629
74,0695
74,4261
74,0087
74,2682
73,1606
73,2713
74,2691
73,5965
74,0694
74,1058
74,1491
73,9362
73,4263
73,8468
73,7698
73,4837
73,0268
73,4999
74,2812
73,8206
73,6893
73,6942
74,4518
74,0903
73,7188
74,0338
73,8113
73,7283
74,0029
74,1643
73,6754
73,7365
74,4252
74,3460
73,7090
73,5836
73,6467
73,7459
73,6331
73,2142
73,4993
73,4121
73,3191
74,1206
74,5792
73,8189
74,0097
74,2307
74,1039
73,4456
74,0715
74,2101
74,0803
73,6024
74,2943
74,2195
73,5962
73,8667
73,9443
73,5299
73,5457
73,9281
73,4649
74,1921
73,6461
74,0230
73,4937
73,8692
73,3719
73,5267
73,6360
74,5699
73,8570
72,9247
73,9346
74,0447
73,2323
73,8916
74,2765
74,2773
73,7852
74,1542
74,1369
73,6405
74,8185
73,6976
74,0816
73,9276
74,0364
73,5672
74,2325
74,6754
73,1792
74,5464
74,4602
73,2604
73,3688
74,1094
73,0145
74,0820
73,5908
74,0999
74,0634
73,5275
73,7031
74,2208
73,6523
73,9366
73,6653
74,5207
73,6322
74,3152
73,7561
73,8828
74,4423
74,0044
73,9473
73,9883
74,0432
74,1945
73,8150
74,0233
74,3261
73,9163
74,0198
74,9663
74,3176
73,7783
73,8891
74,2381
74,2426
73,8233
73,8840
73,1631
73,8168
73,9194
73,9545
74,2146
73,6408
74,1603
74,1278
73,6750
74,0475
74,3919
73,1308
73,8847
74,0302
73,6031
74,1143
74,3022
73,6711
74,0873
74,5416
74,3499
74,2960
73,9203
73,7970
74,0557
74,2446
74,0316
74,1529
73,7827
74,1269
74,5337
74,1814
74,1130
73,9596
74,3133
73,9545
73,8822
74,0335
73,1481
73,7958
73,8765
74,2850
74,1856
74,3077
73,2179
73,6888
73,7991
73,9210
73,2013
73,7616
73,3406
74,3121
73,5752
74,2943
73,8196
73,5700
73,9790
73,9341
73,7536
73,6490
74,6156
74,0485
73,5288
73,4390
73,9176
74,0866
74,1539
73,3442
74,4064
74,2466
73,5394
73,4534
73,5802
73,4580
73,7906
73,6414
74,2566
73,1437
73,7936
74,3680
74,1183
73,3338
73,6999
74,1066
73,6926
73,7998
73,4596
73,4663
73,2431
73,8568
73,7962
74,5552
74,0499
73,9315
73,9530
73,5070
74,1471
73,5088
74,3359
73,9162
73,7441
74,0481
73,9169
73,2321
73,9160
73,9314
74,2438
74,0569
74,1105
73,7117
73,6688
74,3079
73,3792
74,1531
74,2803
73,1780
74,2606
73,9077
74,3960
73,7576
74,2426
73,4922
74,0754
74,0784
73,9787
74,6926
73,9890
74,0325
73,9173
73,4103
74,0572
73,9157
73,9689
73,1812
73,8851
73,3024
73,5608
73,7761
74,2090
73,9968
73,3052
73,6623
74,3002
74,2387
73,9837
73,5360
74,5278
73,3998
74,1191
73,8649
74,1211
74,0290
73,5540
73,3521
73,4021
74,4730
73,9006
73,8027
74,6846
73,9798
73,9997
74,4546
74,1079
74,0127
73,6811
73,8913
73,9274
74,1539
74,3879
73,8573
73,8762
73,9552
73,6934
73,7252
73,4995
74,2102
73,6444
73,9537
74,7235
74,0583
73,7568
74,0228
73,9997
74,2100
73,7687
73,5512
73,8541
74,1390
73,9429
73,9356
74,2389
73,7536
73,8432
73,3504
74,3673
74,5462
73,1256
73,2673
73,9418
73,4020
74,1903
74,5837
74,0237
73,8130
73,3870
73,5034
73,7492
73,8494
74,1182
73,7708
73,5500
74,3056
73,7131
73,2469
73,9905
73,9074
73,3129
73,9311
73,9323
73,6216
73,9657
74,5254
73,0964
73,6523
73,6698
73,9261
73,6882
73,6464
74,4248
73,4661
74,1996
74,2191
73,4859
73,7803
74,0961
73,8514
74,0358
73,2991
73,8250
73,5722
74,1728
73,4993
73,4073
72,9408
73,7643
73,3261
74,0800
73,6191
74,6717
73,6783
73,7278
74,3018
73,9018
74,3647
73,7345
74,0844
73,9912
73,3672
73,8637
74,2256
74,9963
74,0581
73,6707
73,9015
74,1547
73,8169
73,5010
73,9554
73,5604
73,8480
73,9849
74,5267
73,5911
74,3222
74,2250
73,3943
74,1204
73,1010
73,6084
73,8296
73,8417
73,5180
73,7027
74,2681
73,6823
74,4708
74,3647
73,5994
73,8566
74,2653
73,9924
73,3715
73,9265
73,2982
74,1674
74,0488
73,5151
74,1311
73,5980
73,7670
74,0576
74,0231
73,6889
74,0858
74,0308
73,7361
74,1747
74,0668
73,7144
73,7283
74,0235
73,9292
73,3984
74,0867
74,3309
74,1362
74,2519
73,3087
73,7109
73,6121
73,6131
73,3633
74,3299
73,7034
73,2949
74,1730
74,3199
73,6874
73,6941
74,1764
73,6802
74,3977
73,4931
73,8198
73,7934
73,9478
73,7762
74,5578
74,5644
73,8308
74,3142
74,3615
74,0532
73,6730
73,7717
73,5470
74,0427
74,1703
74,0791
73,9746
73,8967
73,5225
74,2007
74,1209
74,5813
73,9711
74,0433
73,3026
73,6808
74,4729
74,0175
73,9165
73,7431
74,3168
74,5945
73,4066
73,2674
73,5189
73,5411
73,9393
74,1908
73,6813
74,3461
73,9215
73,4233
74,3811
73,6417
73,8844
73,7192
74,1730
73,4103
73,7915
73,4886
74,0769
74,6271
74,1155
73,1556
73,8098
73,7020
73,4034
73,8605
74,2305
72,8881
74,2450
73,8144
74,1598
73,8885
73,9290
74,0595
73,3404
73,8837
73,8299
73,7067
73,6148
73,9239
73,9846
73,5007
74,6790
73,9131
74,4876
73,9364
74,1606
73,7443
74,2585
73,4188
74,1730
73,9105
73,8071
74,4762
73,7661
73,9074
73,9899
73,6640
74,5669
73,4088
74,6397
74,0038
73,3414
74,1043
73,9658
73,7824
73,5903
74,0046
73,8187
73,9639
74,6094
73,9171
74,2603
73,7817
73,4761
73,4714
73,4346
73,8125
74,1287
73,7562
73,6714
73,9018
74,3671
73,7937
74,6400
74,1382
74,0540
73,7011
73,7978
73,5901
74,2206
73,5476
73,7588
74,0947
74,5466
73,1560
74,2499
73,6411
74,4070
73,7328
73,7612
73,5873
74,1992
74,2432
74,2792
73,7899
73,3927
74,7215
73,7455
74,1321
74,0615
73,5818
73,7810
73,1564
73,9453
73,7496
74,0756
73,8921
73,9686
73,4526
73,8058
73,7808
73,5311
74,2026
73,5513
74,1513
73,4324
73,1072
74,1390
73,7513
74,1846
74,0821
73,9731
73,8960
74,2419
74,0342
73,9583
74,1632
73,9475
73,7277
73,5908
73,7510
73,5101
73,5293
74,0385
73,8195
74,6457
73,6378
73,5871
74,3202
74,0169
73,8173
73,8477
73,7315
74,1348
74,0738
74,2776
74,3099
73,1466
74,0941
73,4815
74,3664
73,7967
74,9429
74,1556
73,4737
73,9361
73,1101
74,1286
75,0200
74,0391
74,1850
73,3681
73,4076
73,3042
73,8523
73,6902
73,3851
73,7526
73,6606
73,3809
73,4676
74,2418
73,4317
73,7861
73,8600
73,8043
74,0496
74,3747
74,3761
73,2932
73,3209
73,9387
73,5267
73,6992
73,9925
73,9214
73,4214
73,7950
73,4869
74,3902
73,7652
74,0148
73,2306
73,7820
74,1749
73,6034
74,2642
74,2502
73,9272
73,5384
73,4208
73,4819
73,9982
73,5760
74,0395
73,0385
73,9176
73,7232
74,1397
72,9443
74,1876
72,9470
73,7782
73,1600
74,0298
73,9521
74,2224
74,4582
74,1309
74,5122
73,8890
73,8826
74,0752
74,1698
73,8572
73,9995
74,0611
73,4396
73,5489
73,8524
73,4781
74,3952
73,8562
73,3834
73,6631
74,1906
74,2987
72,8719
73,9494
73,9195
74,1818
74,2186
73,9589
73,3039
74,0788
73,9085
74,2971
73,6124
73,5012
73,8675
73,5833
73,5818
73,7112
73,8873
74,3292
74,1546
73,8890
74,1017
74,0495
74,2061
73,6253
73,9922
74,1047
73,2076
73,9054
73,3279
73,9840
74,2292
73,9155
74,2469
74,1460
73,0640
74,1912
74,2773
74,2222
74,5700
73,8382
73,6095
74,3452
74,0750
74,2632
74,0432
73,7574
74,2661
73,7773
74,1280
74,2410
74,1893
74,1153
74,0893
74,0201
73,6460
74,1040
74,4377
73,6470
73,9444
73,8379
73,8656
73,3683
73,8907
73,7208
74,1726
73,8014
73,1609
73,5411
73,7449
73,1182
73,9022
73,2719
73,7642
73,5758
74,0248
73,5398
73,4707
73,9107
74,1629
73,7541
73,8962
74,0855
74,0905
74,1200
73,1637
74,0067
73,5423
74,0637
73,9412
73,6905
73,9344
73,8408
73,5258
74,3083
73,4708
73,3280
74,1093
74,5423
74,0409
73,5384
74,3260
73,9132
74,3073
73,6071
73,8081
74,6197
74,3861
73,7122
73,5107
74,6314
73,9948
73,4475
73,8917
74,2683
74,6054
73,9235
73,7982
73,9145
74,2415
72,8416
74,1824
74,1392
73,4978
74,8237
74,1076
74,1461
74,7124
74,0347
73,0218
73,6444
73,9475
74,4219
74,4357
74,2807
73,4126
74,0638
74,3986
74,0780
73,6830
73,9184
73,5525
73,7106
74,1562
73,5918
74,2261
74,0411
74,0545
73,8990
73,7924
73,8567
73,7145
74,4663
74,1517
73,6384
74,2195
74,1355
73,9816
74,1735
73,5582
74,0844
73,7633
73,7243
74,2119
74,1710
73,4067
73,8384
73,8778
73,6733
73,4272
73,9343
73,9196
73,6232
75,0361
74,2335
73,9623
74,1608
74,4707
74,0813
73,2822
74,3853
74,6974
73,5543
73,8162
73,7451
73,9232
73,5657
73,8929
74,6181
73,9394
73,6881
73,4386
73,6880
73,8224
73,6800
73,7679
73,7224
74,0951
73,2964
73,7835
73,3015
73,5023
73,5088
73,5311
74,1254
72,7175
74,4793
74,5192
73,4278
73,7707
74,0689
74,4502
74,0119
74,0096
73,7899
73,4740
73,5007
73,8934
73,7281
73,9003
73,1892
73,5406
73,6635
73,5714
73,8749
74,0320
73,4431
74,1991
74,2059
73,9659
74,0966
73,8759
73,9619
73,6312
73,7148
73,9017
73,5103
74,0532
73,4625
73,6043
74,2632
73,9327
73,8010
73,9197
73,6965
73,4864
74,1462
72,8946
73,5889
73,5412
73,5210
73,3353
74,0404
73,8125
74,1349
74,0735
73,1437
74,7429
73,9415
73,7871
74,1209
74,2898
73,5622
73,6259
73,2774
73,7686
73,3663
73,6408
74,1382
73,4983
73,9291
73,8382
73,4019
73,0679
74,1489
74,2520
73,9339
73,9812
74,0276
74,3194
73,6766
73,8986
73,9038
74,1113
73,4954
74,1504
74,2120
74,0216
74,3593
73,8228
74,5690
74,1823
73,7266
73,5982
73,7328
74,3060
73,7520
73,7268
74,1110
73,3137
73,8496
74,4010
73,2431
73,8960
73,3969
74,0578
73,2952
74,3058
74,0567
73,7404
74,9593
73,3249
73,8331
73,2966
73,4000
74,1073
74,7657
74,2995
73,9490
73,4787
73,8438
73,4750
74,3517
74,2279
73,2474
73,6358
73,5501
74,0428
74,0628
73,8944
73,4354
73,8787
73,9360
73,8468
73,8836
73,6782
73,8195
74,4489
73,7884
73,6059
73,8768
73,8352
73,6996
74,0308
74,3489
73,9592
73,9099
73,4498
74,2298
73,9162
73,2988
74,1375
73,6537
73,2828
73,9480
73,6519
73,8364
74,0761
73,9229
73,5313
73,9523
74,6139
73,8172
73,7064
73,6456
73,5551
74,2199
74,1523
73,9777
73,6631
73,4421
73,4591
73,8157
73,7789
74,4021
74,1208
73,9323
74,2316
74,5270
73,7965
74,1898
74,6539
74,0520
73,4257
73,6392
74,3261
73,6334
73,8498
73,9985
73,7648
73,8457
74,0989
74,7795
73,9083
74,0531
74,2754
73,4115
73,7213
73,6196
73,8955
74,1896
74,0603
73,4368
73,6606
74,2104
73,6897
74,2521
73,6966
74,1595
74,3523
74,2187
74,1638
73,5640
74,0475
73,3519
73,9731
74,2126
73,8130
74,2199
73,6286
73,6323
73,6670
74,5628
73,5583
74,1638
73,3827
73,3377
74,4424
74,2775
73,9018
73,4701
73,5353
73,5835
73,5596
74,0527
73,8586
73,5497
73,3431
74,0995
73,9350
73,3908
73,8120
74,0831
73,8052
74,1900
73,2163
74,2220
73,7012
73,8903
73,3850
74,0248
74,3768
73,6594
74,4025
74,1631
73,7389
73,8679
73,9543
73,1805
73,9768
73,9588
73,3276
74,2489
73,5742
74,2340
74,2188
73,7734
73,1636
73,5792
74,5605
74,2838
74,6895
73,6176
73,8001
74,0519
73,8882
74,0760
73,6569
74,1775
74,5680
73,7999
74,7424
73,9008
73,6330
73,3809
73,5377
73,2373
73,9667
73,5445
74,3841
73,8283
73,7279
74,0688
73,4722
74,2364
73,2363
74,1363
74,4027
74,3265
73,9326
73,9481
73,7446
73,4287
73,8567
74,1906
73,5058
74,5034
73,8936
73,6789
74,1355
73,9930
74,1470
73,7504
73,5387
73,6325
74,1850
73,7329
73,8414
73,3888
74,3853
74,3890
73,7073
74,0294
73,2182
74,0549
73,8722
74,1575
74,1741
74,1465
73,8287
73,6760
73,7706
74,1276
73,8518
74,2366
74,0996
73,5063
74,9431
73,5045
74,4428
73,7495
73,6046
73,9607
73,4127
74,4492
73,7858
73,6623
74,2398
73,3899
73,3804
73,4983
73,3118
74,1921
74,2847
74,5087
73,4048
74,1434
74,2706
74,0972
72,8942
74,0182
73,5632
73,7270
73,6989
74,0129
74,2373
73,3912
73,9864
74,4724
73,7663
74,1848
73,7621
73,0834
73,8633
73,7706
74,5538
73,4135
73,9927
73,7014
74,8783
73,5421
73,5448
73,9872
73,8658
74,2147
73,8449
73,5563
73,8063
73,8499
74,2304
74,4246
73,9936
73,4857
73,6709
73,6380
74,0208
74,3125
73,6116
74,3237
74,4558
73,4883
74,4901
73,6397
74,0387
73,6001
73,8724
73,8612
73,3478
74,2309
73,2752
73,6339
74,2345
73,5636
74,1122
74,3195
73,6027
73,6359
74,0471
74,0244
73,6826
73,9374
73,8569
73,8992
73,9999
73,8892
73,9795
73,6745
74,1650
74,0730
74,3243
73,4095
74,3163
74,4090
74,2741
73,3795
73,6905
73,9824
74,2145
73,9400
74,0405
74,2298
74,0247
74,3446
74,3360
74,2738
73,6267
74,4909
73,3711
74,4681
73,8510
73,2152
73,9056
74,1938
73,8862
73,5369
73,9176
74,3099
74,0785
74,1594
74,0744
74,1582
74,3350
73,8265
73,6906
73,9805
73,8723
74,0971
73,7235
74,4254
74,1841
73,6107
74,1531
73,8568
73,8100
73,8155
73,4050
73,9518
73,6318
74,9126
73,8525
73,6962
74,2164
73,8153
73,2372
74,4722
73,7817
73,5807
73,4560
74,0659
73,6424
73,8405
73,7021
73,5206
74,0709
73,7402
73,5482
73,8543
73,8054
73,2772
74,0505
73,9439
74,3483
72,9366
73,4298
74,0544
73,6362
73,8070
74,2876
73,7101
73,8535
74,4877
74,0449
74,1738
74,1194
73,8168
73,7473
73,6218
73,9209
74,1069
74,0896
74,3885
74,0546
74,2313
74,1201
74,5620
73,7602
73,7145
73,8073
74,0719
74,0431
74,0048
73,4326
74,2784
73,5411
74,2912
73,9757
73,9721
74,1391
74,2619
73,6062
74,1430
73,7268
74,0505
73,9452
73,8751
73,7743
73,9348
73,8213
74,2609
73,7847
73,5493
74,3248
74,0419
74,0770
73,5164
73,9598
74,4492
74,3123
73,8993
73,9293
73,8542
73,2742
74,1843
73,7039
73,4812
73,5923
73,8735
74,0264
73,3850
73,7677
73,4161
73,8708
73,9130
73,9159
74,3767
74,1294
74,2574
74,1092
74,1096
74,1384
73,5423
73,6687
74,4383
74,2243
74,5420
74,2072
73,9345
74,2867
74,3335
73,4442
73,6498
74,2645
73,6028
74,1539
73,9749
73,7465
73,9000
73,9490
73,7523
73,5561
73,0775
73,8465
73,3871
73,8830
73,9116
73,8575
74,1876
73,7093
73,8076
74,1884
73,6616
73,8924
74,2598
74,0423
74,1873
73,9186
73,7129
73,8708
73,8832
74,1257
73,6105
73,8490
73,6390
74,5359
74,2246
74,9561
73,9060
74,0460
74,3205
74,0638
74,1719
73,3952
73,7993
73,5550
73,9193
73,1472
74,0756
74,0666
73,9135
74,4026
73,9351
74,1450
73,6438
73,7415
73,7915
74,2667
73,3196
74,4320
73,8419
73,7355
74,0976
73,5296
74,1208
74,2645
73,5016
73,3775
74,3674
74,0059
73,9544
74,2464
73,5913
74,0944
74,1383
73,8485
73,7112
73,6062
73,7931
73,8476
73,5092
73,5979
73,5332
74,0019
73,9335
73,9657
74,0970
73,2291
74,0118
74,4506
73,8015
74,3077
73,8582
73,4764
73,9936
74,2367
74,1834
73,4125
74,5794
74,0349
74,4929
73,7649
73,7548
74,2612
73,8950
74,0939
74,1870
73,7217
73,8233
74,2001
73,6918
73,7506
73,9818
74,3320
73,7882
73,7017
74,5599
74,5863
74,0194
73,9314
72,9771
74,1076
73,0788
74,0418
74,2704
74,3360
73,7230
74,4092
73,9007
74,1253
73,7610
73,7411
74,2710
74,1356
74,2345
73,1092
73,9453
74,2029
73,4196
73,9704
74,2425
73,3789
74,0610
74,5195
73,9733
74,7200
73,4526
74,6122
73,9816
74,0338
74,5828
74,0215
73,5548
73,7917
74,0047
74,3997
74,0905
74,0719
74,1202
74,2850
73,7999
73,8472
73,6511
74,0452
73,8306
74,0552
74,2497
73,4074
74,2651
73,1016
74,1392
74,2210
73,2950
74,0445
73,7663
73,4951
73,5717
73,6111
74,0327
73,8246
74,0323
73,7673
73,9418
74,4781
73,2397
74,0459
74,4867
73,2311
74,1915
74,3420
73,9410
74,0655
73,8586
73,5224
73,8312
73,9746
73,8716
73,8391
74,2283
73,7239
73,7186
74,0752
73,5667
73,6601
73,7028
73,6003
73,9836
74,1113
73,6004
73,8169
73,7784
74,4226
73,5284
73,5524
73,7095
74,2724
73,7759
73,2259
73,5072
73,5220
74,2329
75,0192
73,4684
73,9909
73,6656
73,3130
73,9304
73,8143
72,7865
74,3696
74,1543
74,2648
73,9482
73,7038
73,4697
73,5906
73,9209
73,4981
74,4529
73,8199
73,6598
73,9752
73,0066
74,1587
74,0258
74,6282
74,0067
73,9336
74,3948
74,3197
74,2907
74,1433
73,3418
73,3914
73,8221
74,0422
74,4450
73,6240
73,9373
73,5854
74,4912
73,6177
73,5217
73,8582
72,8309
73,3930
74,3966
73,6627
73,8016
73,5246
73,7143
74,0289
73,6807
73,9395
74,1931
74,3184
73,9947
73,9903
73,7740
73,8637
74,0559
74,1261
73,9971
74,0718
73,7604
73,8472
74,1853
73,8462
74,5260
74,0649
73,9295
73,6581
73,9938
74,4164
73,7984
74,2198
74,1587
74,0283
73,7173
74,1377
73,7426
73,1834
73,1888
73,9645
73,8059
73,6190
74,0123
73,7686
74,1714
73,7668
73,4807
73,8344
73,8417
73,4180
74,3606
74,1784
74,1155
73,7631
74,2552
74,3692
73,3825
72,7982
73,7951
74,0034
73,8492
73,7282
73,8629
73,8206
73,8651
73,8442
73,7302
74,4254
73,7465
73,9819
73,7139
72,9901
73,3874
73,1224
73,6307
73,9784
73,7297
73,8799
74,0554
73,4444
74,1208
73,6992
74,1768
73,4117
73,9918
73,8069
74,2259
73,5920
73,6620
73,8140
74,4369
73,7425
73,9186
73,4510
73,9699
73,9395
73,8758
74,0464
74,4141
73,9015
74,0432
73,7130
74,4298
74,0464
73,8539
73,7950
73,7122
73,5137
73,5204
74,2406
74,2686
74,4563
74,3531
74,0598
73,4257
73,8006
74,5260
73,8158
73,8842
73,8080
73,9958
73,6293
72,8343
73,7118
74,1510
74,1026
73,9482
74,0497
74,3813
73,8746
74,3112
73,9490
74,0323
73,7693
74,4163
74,1121
74,2123
73,6452
73,3054
73,7948
74,0281
73,0539
73,7826
74,6261
73,7454
74,1859
74,2118
74,0521
74,1074
73,2983
73,7274
74,1540
74,2230
74,4556
73,4767
74,5389
74,2219
73,9448
74,1784
73,2439
74,5898
74,3828
73,9045
74,2991
73,9946
73,9501
73,8876
74,5499
73,2983
73,7597
74,0731
73,7721
73,6688
73,7817
73,7734
73,6608
74,2982
73,9058
74,1307
74,0491
73,5771
74,2565
72,7544
73,8591
74,3043
73,5816
74,2154
73,7805
73,4455
74,1590
74,3477
73,7283
73,5193
73,4833
73,9779
73,9014
74,3536
74,1356
74,1935
73,8294
74,3657
73,8611
73,6795
73,8492
73,7620
74,2862
75,0536
73,9704
73,7806
73,9597
73,4542
73,6280
74,1097
73,9709
73,5372
73,7779
73,7148
73,6583
73,7385
74,1051
74,0027
73,6667
73,6363
74,4160
74,0388
74,3985
73,9738
73,6632
73,4439
74,2852
73,6792
73,5282
73,9814
73,8044
73,3881
74,2087
73,9081
74,1658
73,9204
74,6601
73,9096
73,7760
74,1948
73,7741
73,9442
73,5104
73,7392
73,5131
74,0831
73,5636
73,7000
73,7664
73,3799
73,5585
74,3202
74,3183
73,7338
73,6741
73,3096
73,7428
73,4011
73,3356
74,0493
74,1341
73,6796
74,3378
73,9668
73,2805
73,4439
73,7682
74,3218
73,7231
73,3007
73,7214
74,1811
73,8179
73,7046
73,7787
74,4957
73,7890
74,1683
73,7964
74,1897
73,4532
73,7617
73,8067
74,0523
74,5255
74,5003
73,9493
73,8166
74,1457
74,0461
73,2108
74,4792
73,4674
74,3734
72,9542
73,7889
74,1013
73,7280
73,9615
73,7038
74,8531
73,8033
74,0747
73,8250
73,9106
73,9159
73,5720
73,6762
73,9456
73,1843
73,5170
74,1356
74,0220
73,5484
73,6606
73,9928
74,2554
73,5186
73,6285
74,0889
73,5741
73,9014
73,6087
73,7955
74,2432
73,8514
73,6192
74,0096
74,0332
74,1190
73,2850
74,2350
73,4987
74,4662
73,8966
74,0295
73,4870
73,1887
73,6831
73,5184
74,6009
74,2786
73,8790
73,5546
73,9393
73,6437
73,3797
73,6008
74,1531
73,9075
74,7431
73,8918
73,5996
74,3817
74,1868
73,5906
73,9819
72,7315
73,8614
74,2880
73,8887
73,7715
73,3017
73,8809
73,6159
74,0867
73,9996
74,3822
74,3079
73,9216
73,6967
73,8716
73,8338
73,9183
73,8062
73,8765
73,3727
73,9548
73,9906
74,4188
73,0408
74,2752
74,1604
74,0385
73,5836
73,3441
73,6326
74,1338
73,7218
74,5690
73,4313
74,0328
73,6142
73,1203
73,5876
74,1873
73,7876
73,6815
73,4035
73,5424
73,6108
74,1844
73,3309
73,5657
74,3286
73,8559
74,3138
74,0222
73,9988
73,1546
73,4489
74,1987
73,5916
74,2336
74,1028
73,8105
73,9742
73,5518
73,8421
73,2428
73,7315
74,3892
73,7065
73,0849
73,6503
74,0728
73,4369
74,3316
73,7037
74,2365
74,1816
74,2501
73,8762
73,9483
73,6555
73,1008
74,2773
73,7516
73,7469
73,9442
74,1464
74,4746
74,0970
74,0328
74,2815
74,2276
73,6685
73,2251
73,5323
74,2031
73,9245
73,6378
74,5674
74,3761
73,5504
74,0069
74,1643
73,6702
74,3061
74,3937
74,0261
74,3590
73,5864
73,8962
73,1899
74,2393
74,2533
73,9241
73,2588
73,8534
74,4555
73,8558
74,1046
73,8579
73,5865
73,5046
74,2960
74,0549
74,1209
74,2052
74,0980
73,5130
74,6891
74,3592
73,9172
74,2935
74,2507
74,1982
73,7999
73,8769
74,0599
74,0720
73,7559
74,0031
73,8215
74,0457
73,0823
74,1067
73,9440
74,4111
73,8357
74,1471
73,8859
73,9510
73,5777
73,4379
74,1463
73,7417
74,4815
73,7918
74,0650
73,9217
74,2604
73,9138
74,3558
73,5359
74,2822
73,4122
73,8577
74,0856
73,5537
73,5625
73,8317
74,6213
74,3707
73,6268
74,1007
73,4362
74,6100
73,9321
73,5817
73,9782
73,9074
73,7494
74,6122
74,4125
74,3926
73,0981
73,9898
73,4933
73,7595
73,7216
74,2853
73,9905
74,2577
73,7763
73,6987
73,9574
74,1802
73,8396
74,4743
73,8292
73,8789
74,1723
73,4486
74,2358
73,7495
74,0157
73,3782
74,0749
74,0951
73,4829
74,4011
73,5148
73,9953
74,2492
73,4390
73,4536
73,2529
74,0479
74,7023
74,4359
73,8922
73,5270
73,4645
73,4793
73,9742
74,2213
73,9696
74,1076
74,1532
73,6869
73,9456
74,2827
74,2902
74,4613
73,8887
73,9388
73,5192
73,7247
73,9942
73,2719
73,6388
73,6796
73,6561
73,8463
73,8752
74,4204
74,1424
73,8824
74,0784
74,4049
74,2087
73,2297
73,9550
73,7866
74,0689
74,5810
74,6656
73,2706
73,4221
74,3064
74,1024
74,1418
73,6389
74,5786
74,3126
73,9007
74,1100
74,7540
74,4764
74,5605
73,9112
73,2217
74,3374
73,9984
74,0468
74,0749
73,5616
74,8802
73,5908
73,6589
74,0882
73,6740
73,5575
73,8851
74,0750
73,0987
73,5862
73,5485
74,3067
74,3683
73,8156
73,9128
73,9199
73,1974
74,1405
74,3039
74,0044
74,1393
73,4842
73,7675
73,2045
74,1164
73,7887
73,9503
74,1476
73,5196
74,8144
73,9513
74,8968
73,6276
73,3056
74,0446
74,5527
73,7092
74,1273
73,7154
74,3757
73,7656
74,2152
74,3750
74,5306
73,9805
73,7019
73,7034
73,8476
73,8429
74,4713
74,0618
73,4423
74,1571
73,5691
74,6388
74,2869
73,6730
73,6583
73,7471
73,0912
73,6562
73,9273
73,7573
73,6930
73,5055
73,3949
73,7331
73,9810
73,9979
73,2071
73,3211
73,7489
73,7473
73,6550
74,1283
73,6663
74,0280
74,0394
73,9896
74,1930
73,3915
74,3415
73,4903
73,8680
73,6463
73,4771
73,6877
73,9153
74,1213
74,4177
74,8872
73,9674
73,5818
74,0654
74,1016
74,3680
73,4678
74,1956
73,9086
74,4068
73,3225
74,4100
73,8579
74,4418
74,2591
74,5041
74,1838
73,9355
73,7656
73,9160
73,8789
73,7611
73,8395
73,6979
74,0563
74,5147
74,1753
74,4481
73,5521
74,0949
74,0320
74,2810
74,0088
74,2448
73,8600
74,4640
73,5523
73,9238
73,8842
73,8559
73,3776
73,7013
73,6560
73,8011
73,9960
74,3875
73,5038
74,0146
73,9763
74,3291
74,7258
73,7224
74,5682
73,5465
73,7087
73,6433
75,1694
73,5636
74,2793
74,0244
73,9641
74,2830
74,1868
73,9170
73,5585
73,2775
73,4672
73,2615
73,9301
74,1521
74,1645
73,5577
74,4450
73,8662
73,6530
73,8260
74,3690
74,3813
74,1603
74,0041
73,3497
74,7146
73,5420
73,7153
74,0237
74,0923
74,3019
73,2924
74,1415
73,3253
74,3104
73,5978
73,9774
73,6680
73,5994
73,6330
73,8681
73,7864
73,5636
73,9444
74,0879
74,1278
73,1892
74,5616
74,0993
73,6060
73,6032
74,4577
74,0453
73,1344
73,8570
73,6026
74,0791
75,0656
74,3927
73,7087
73,1118
73,2523
73,8971
73,9096
74,3470
73,5192
74,0785
73,4287
73,6754
74,0737
73,9625
74,4682
73,7763
74,0823
74,4060
73,7804
74,6524
73,8292
73,8534
73,9703
73,6878
74,0568
74,5881
73,6411
74,2795
74,0447
74,1739
74,2397
73,3737
74,5200
73,9401
74,0206
73,9179
74,2283
73,7415
74,6245
73,9341
74,1180
74,0907
73,4970
74,6359
73,8504
74,2701
73,4277
73,8318
73,7890
74,1704
73,9974
73,6871
74,0471
73,8064
73,7782
73,8128
73,3330
74,3216
73,3983
73,1221
73,7706
74,2241
74,0113
72,6657
74,3025
73,8512
73,8594
73,6679
73,6539
74,1471
73,7824
73,4651
74,0383
74,0304
73,5649
74,1070
73,7095
73,3787
74,3289
72,9420
73,3695
74,1935
74,0638
73,8671
73,6152
74,3453
74,0496
74,1773
73,6498
74,2655
73,8363
73,7840
73,4543
73,8264
74,6391
73,6885
73,8725
74,6370
73,4505
73,7829
74,2577
73,7207
74,1556
73,4658
73,7843
73,8511
73,8961
74,3349
73,5414
73,6886
74,2868
73,8841
73,9829
73,5895
74,4403
73,8570
73,5092
73,1410
74,5156
74,4601
74,4264
73,8320
74,0159
73,8002
74,5739
73,5371
74,0340
74,1681
74,1302
74,1031
74,0539
74,1099
73,7839
73,4812
73,6435
74,5533
73,8261
73,9711
74,3086
73,4623
73,7304
73,6677
73,1632
73,6869
73,3908
73,9228
73,9640
74,3150
73,7869
73,5646
73,7461
74,3498
74,2761
74,4261
73,3795
73,7944
72,9906
74,2272
73,8242
73,9753
74,0024
73,8894
73,7781
73,9863
73,5170
73,6283
73,8941
74,0411
73,5201
73,4903
74,3264
73,7959
73,9249
73,5575
74,1741
73,9627
73,8180
73,3919
74,1594
73,7036
73,6485
74,4144
74,2096
73,7000
74,0690
74,1416
74,1002
73,7831
73,9693
73,6454
74,2988
73,8202
74,0472
73,4140
73,9135
74,2263
73,4865
74,0594
73,8617
74,2289
73,9432
74,0335
73,6104
73,3904
74,1589
73,7686
73,8680
73,5412
73,8369
73,8592
74,4748
74,1934
73,9355
73,9890
74,0230
74,4062
73,6319
73,5110
74,0475
73,9038
74,0791
74,6738
74,2167
73,1368
74,2695
73,8886
74,1423
74,1167
74,2321
74,0593
73,8882
74,3604
74,2479
73,3594
73,7473
73,5598
73,7785
74,4730
74,1510
73,9506
73,2896
73,2885
73,9413
73,8181
73,9795
73,8326
74,3169
73,8368
73,9629
74,1573
73,7603
73,3335
73,7202
73,9772
73,7303
73,9541
73,3201
74,1657
74,5519
73,3960
73,6012
73,8810
73,6307
74,0866
73,6436
74,1840
73,8852
73,7872
73,5549
74,0027
73,9185
74,0724
74,0832
73,7780
73,7972
73,6836
73,5405
73,0590
74,1078
74,1731
74,1458
74,0382
74,0949
73,1182
73,4219
73,8496
74,2615
74,7705
73,4206
73,7018
74,2875
73,9801
73,6558
73,4370
73,7372
74,0560
73,4238
74,5782
73,8884
73,7512
73,6037
74,4268
74,2623
74,8346
73,9997
74,2475
73,3211
73,5227
73,8675
74,6094
73,3658
73,7048
74,1537
74,0865
74,1102
73,9714
73,6499
73,8231
73,6601
74,0807
73,6782
74,1663
74,2758
74,2475
73,7041
73,8896
74,5499
73,4404
74,2148
73,8473
74,4229
73,4501
73,5653
74,2027
73,9261
73,7810
73,9690
73,6636
73,8299
73,8514
74,2332
74,1496
73,6330
74,2359
73,9979
74,0051
73,8358
74,8689
73,1963
73,7498
74,0393
73,8796
73,3010
74,1975
74,6867
74,1659
74,3849
73,7805
73,6287
73,2971
74,4482
73,3991
73,8922
73,5631
73,7532
74,4401
73,6019
73,9057
73,6915
73,1369
73,0337
73,5355
73,4936
73,6694
73,6342
74,2236
73,4162
73,7770
73,7858
73,6008
74,0450
74,0800
73,7814
73,6267
73,4562
74,5136
73,3497
73,7055
73,5739
73,6928
74,3629
74,2087
74,0385
73,8799
74,0305
73,5103
73,6692
74,4568
74,1947
74,7676
74,4686
73,6929
73,6610
73,9077
74,2811
73,6603
73,6627
74,2438
73,0835
74,1063
73,9326
73,6514
74,4189
72,8456
74,3673
73,9604
73,7046
74,2838
74,4857
73,5903
73,5815
73,6447
74,7019
73,7917
73,3175
74,2271
74,1002
72,7963
73,3478
74,2510
73,3431
74,3975
74,3395
74,2787
73,8279
73,8190
73,4474
73,8100
73,7546
73,9141
74,4828
74,1088
73,7591
73,5348
73,3999
74,0575
73,6649
74,0434
74,0035
73,6140
74,4245
73,2249
73,3375
74,1348
74,2898
74,1450
74,0346
73,9023
73,6843
73,3796
74,1667
74,3015
74,0024
73,6393
74,4392
73,6165
73,3168
74,2606
74,0796
73,9715
73,9114
73,9124
73,8979
73,9366
74,4167
73,6148
73,8720
73,9731
73,6302
73,6942
73,6145
73,4825
73,7882
73,8712
74,0742
74,3834
74,4401
74,5238
73,7363
73,3237
73,6905
74,1822
74,2368
74,1003
73,9650
74,5610
74,4404
74,2759
74,7177
74,1030
73,8967
74,5129
74,3238
73,7551
73,6791
73,9802
74,1986
73,7261
73,8288
75,1726
74,1521
74,2804
73,7337
73,6570
73,5643
73,6456
74,0823
73,8922
74,1199
74,1648
73,9324
74,2851
73,6788
73,6509
74,5296
73,8740
73,4855
73,9490
74,6048
73,4742
74,2940
73,3691
74,2678
74,6566
74,3312
74,2782
73,8477
73,8893
73,9868
73,4562
73,3855
73,6766
73,5626
74,0257
74,0298
73,6825
73,7614
73,7976
73,5972
73,9187
73,9209
73,5151
74,0027
73,8193
74,0481
73,7278
74,1170
73,7590
73,4871
73,6470
73,9479
73,2823
74,0047
73,8650
74,3521
74,1281
73,5931
74,2300
74,6260
74,1051
74,0360
73,7539
73,9253
73,6224
74,2525
74,2189
74,5913
73,9399
73,5588
74,2885
73,3708
74,0602
73,9771
73,3099
73,8688
73,6278
74,4553
73,3508
73,1297
73,6025
74,3538
74,1169
74,0930
73,3399
73,5572
74,2066
74,4377
73,7603
74,2174
74,6717
73,6918
73,5260
74,5396
73,7321
73,6667
73,5933
73,2098
73,7771
73,6573
73,6669
74,2708
73,6728
73,6055
73,5124
74,2148
73,9290
74,1250
74,4519
73,4983
73,9869
73,5391
73,9875
73,8868
73,6779
73,1847
73,9809
73,8771
73,8533
73,7925
73,4979
74,3649
74,0355
73,8886
73,7358
74,4249
74,3757
73,7468
73,9921
74,1906
73,7316
73,7777
73,4047
73,6604
74,2448
74,1333
74,1018
73,8151
74,2971
74,7817
74,1441
73,2645
74,1473
73,2797
73,2635
73,3149
73,6822
74,1371
73,8941
73,8491
74,0069
73,7870
74,1997
74,0997
73,9822
73,3416
73,4148
73,7630
73,6900
73,6739
73,9878
73,1741
74,3019
73,5180
74,3756
73,9902
73,5418
73,8945
73,8327
73,5124
73,8234
73,7310
74,4229
74,1553
73,9832
74,1118
74,5717
74,0050
73,9228
73,6208
73,6860
74,6287
73,9137
73,5121
73,4614
73,3371
74,1142
74,9320
74,0867
73,8406
73,1071
73,7558
73,8138
73,7592
73,9097
73,9454
74,3089
73,7108
73,7744
74,0092
73,8421
74,3292
73,9474
73,8057
73,3386
73,9645
73,9278
74,4420
73,8818
73,4266
73,9874
73,8558
73,3977
73,6484
73,8648
74,1771
73,6829
73,8311
74,0481
74,0848
74,6975
73,3554
73,8123
73,8599
73,5646
74,4056
73,9185
74,3554
73,9046
74,3950
74,1752
73,5151
73,9156
74,2205
74,0675
73,6792
74,2768
73,6730
74,1358
74,0015
73,7552
74,0705
74,6118
74,0068
74,1079
73,9746
73,6841
73,8554
73,8253
74,0387
73,7289
74,2221
74,0192
74,1368
73,5930
74,2950
73,8294
73,6528
74,1699
74,1232
73,6087
73,6985
73,5587
73,5014
73,6406
73,2340
73,2238
73,7534
73,7512
73,8460
74,2214
74,2488
73,9959
74,5568
73,9892
74,0670
74,1643
74,3476
73,6289
73,7064
74,2613
73,7408
73,5353
73,5384
73,9442
73,7084
73,6125
73,7935
73,9655
73,6595
73,6540
73,9823
74,1432
74,1728
74,4511
73,7332
74,3301
73,4903
73,5255
73,8774
73,8320
73,9574
74,4717
73,9369
74,3425
74,4262
74,0149
73,7693
73,7912
73,7141
73,9192
73,0034
74,0014
73,8919
73,7565
73,6735
73,3958
74,1618
73,5458
74,0645
74,5297
73,9742
73,6171
73,5522
73,3133
73,8648
74,3670
74,5731
73,6086
74,0894
73,9970
74,2484
74,0784
74,0689
74,0155
74,0520
74,6196
74,4148
74,1464
73,7159
73,7750
73,7574
73,8985
72,6845
73,9204
74,1460
73,8768
74,6814
74,0954
73,2851
74,3593
74,5138
73,8065
73,6677
73,9815
74,7552
74,6972
73,6877
73,8861
73,7533
73,8142
74,4903
73,4146
73,6443
74,0199
74,0586
73,6200
73,6158
74,4215
73,3503
73,6560
74,6222
74,5208
74,5389
73,8219
73,8702
74,1732
73,7247
73,2497
74,1297
73,4184
73,7972
73,5561
73,8140
74,3102
73,7155
73,6696
73,7677
73,4877
74,0538
74,4929
74,6003
74,0323
74,0396
73,9810
73,6580
74,0291
73,4945
73,5025
74,2016
74,4403
74,1375
73,5816
73,9064
73,8128
73,9510
73,6314
73,7624
74,3041
73,7920
73,9293
74,3327
73,3356
73,8851
73,6904
73,9716
74,1479
74,3266
73,6444
73,9533
74,6479
73,9165
74,3183
73,8520
73,7629
74,1461
73,6812
74,1980
74,2026
74,4556
73,8811
73,5196
74,3063
73,9688
74,1527
73,5706
73,9292
73,7407
74,1039
73,9765
73,8440
74,3847
73,2962
73,8181
73,9369
73,7966
73,7420
73,4773
73,8741
74,2025
73,8333
74,1237
73,7362
74,1649
74,0398
73,6911
74,1078
73,3316
73,2888
73,7843
74,2818
74,2347
74,3570
73,2738
73,8475
74,0491
74,0761
74,5522
74,3411
74,3954
73,8675
74,0879
73,7542
73,5902
73,8400
73,7375
73,7012
73,4745
73,8347
73,0400
73,5348
73,5340
74,5224
73,7295
74,0261
74,2686
74,4875
73,9514
73,3042
74,3481
73,9961
73,9588
74,0769
73,7401
74,0822
74,1399
73,6267
74,3684
74,3573
74,1154
73,9982
73,5322
74,0429
74,1915
74,3840
74,1206
73,2373
73,1106
74,0443
74,4584
74,2938
73,3784
73,9372
74,2192
74,2618
73,2210
73,8939
73,8329
73,9857
73,5921
73,9442
74,3151
74,0164
73,5857
73,9488
74,1497
73,8605
74,3481
73,4815
73,2600
73,5227
74,4886
73,4902
73,9940
73,6539
73,7587
73,3273
74,0650
73,5225
73,7215
74,4299
73,7963
74,3964
74,3586
73,3459
73,8309
73,5470
73,9761
74,4274
73,3121
73,8182
73,5568
73,3361
73,9756
74,4584
74,2568
73,6484
74,3407
73,8392
73,2243
73,7501
74,1066
73,1256
73,6625
73,3955
74,3350
73,8145
73,7893
73,6653
73,9135
73,7357
74,0292
74,0501
73,7421
74,1412
73,7866
73,4210
74,7296
73,9523
73,6377
73,7988
73,7216
73,6977
73,2637
73,7926
73,8124
73,1651
73,6824
73,7962
73,7405
74,1079
73,5486
74,0798
73,6819
73,5100
73,3492
73,7656
73,6790
73,8412
73,9794
74,4215
73,9742
73,6677
74,2165
73,7409
74,5277
73,5090
73,3569
73,7308
74,0487
73,7904
73,8986
74,1025
73,6982
74,0598
73,1163
74,2325
73,6828
73,8992
74,1500
74,1400
73,9536
73,5345
73,6846
73,7942
73,3925
73,8809
74,5320
74,4189
73,1552
73,6896
74,0035
73,5898
74,1944
73,9082
73,9191
73,9944
73,6878
73,7227
73,5349
74,4671
73,9847
74,1441
73,9100
73,8150
74,0390
73,5382
73,9038
74,0799
73,7993
73,3260
73,7828
74,5258
74,1902
73,7600
73,6294
73,6707
73,4882
73,8467
74,4361
73,9174
73,3895
73,5164
73,7996
73,8859
73,8845
74,6518
73,6125
73,4441
73,9647
74,1312
73,3344
74,3637
74,1304
73,8910
73,3878
73,6484
74,0577
73,9423
73,9668
74,0399
73,9234
73,6671
74,2452
73,3467
73,7898
74,2535
73,0020
74,2182
74,1261
73,9040
74,1804
74,2722
74,1506
74,1914
74,3068
73,3004
74,4111
72,9515
73,6112
74,2099
73,4009
73,7092
73,3600
74,4498
73,7923
73,5920
74,3549
74,6197
74,2129
74,3529
74,2563
73,5804
73,5192
74,3507
73,6301
73,7854
74,4036
74,0262
74,3478
73,5451
73,7420
73,0995
73,7432
74,2252
74,5738
74,3797
74,0551
73,7760
73,8102
74,0491
74,0954
74,4149
74,1254
74,3743
74,3034
73,8262
73,5894
74,2846
73,5669
74,0419
74,0761
74,3646
74,4377
74,0775
74,3725
73,6470
73,9950
73,3112
74,3914
73,7405
74,3533
73,9328
73,9001
74,0990
74,1290
73,6078
74,2608
73,8460
73,7427
74,2037
74,1748
73,3222
73,9022
73,9406
73,9961
73,6996
73,5383
73,8385
73,5148
73,9204
74,1364
73,8194
73,9240
73,7800
74,0983
73,3270
74,4611
73,9203
73,8706
73,8273
74,4782
73,8023
73,8427
73,6863
74,2790
74,0188
74,1558
74,4510
74,0502
73,6693
73,8061
74,2213
74,4758
73,9975
73,4853
73,6593
73,8645
73,8061
74,8201
73,5773
74,2250
74,4639
74,0855
74,1420
73,3469
73,6424
73,9271
73,6171
74,1141
74,3148
73,3676
73,0056
73,4818
74,2100
73,7588
73,9194
73,5221
74,2192
73,6461
73,8628
74,0953
73,7979
73,7891
74,1060
73,3299
73,4889
73,8745
74,2175
73,6487
74,5168
73,9766
74,5207
74,4983
74,2932
73,7525
74,2316
73,5285
73,9405
73,3512
73,4449
74,4027
73,9909
72,9566
74,1565
74,3989
74,2964
74,3040
73,7556
74,0056
73,6142
73,9395
74,4861
74,2303
74,0040
74,0869
74,4510
74,3212
74,2268
74,3519
74,1532
73,1376
74,4352
73,3570
73,4300
73,7447
73,9845
73,4329
74,0062
74,0466
73,7477
73,5319
74,0847
73,8464
73,9632
74,0720
73,9792
74,2372
74,2965
74,2963
72,7647
73,7198
73,4292
73,9014
73,9435
73,4569
73,8483
74,2300
73,9111
73,8679
73,6022
73,7002
74,0034
73,5436
74,3754
73,9213
74,0285
74,2516
74,0430
74,1702
73,8562
73,2767
73,6472
74,0199
74,1872
74,7379
73,8399
74,4183
73,3548
73,8091
74,3634
73,4799
73,4530
73,7594
74,0666
74,0585
74,4285
73,6780
73,3658
74,1699
73,4653
73,9231
73,9341
73,4981
73,7139
73,6039
74,2061
74,2418
74,2149
73,7897
74,3693
73,8747
74,0756
73,6172
74,1264
74,2666
73,1862
73,4020
74,1424
74,7143
74,3080
73,7620
73,9794
74,5825
73,6052
73,6176
73,4518
74,1489
73,4528
74,2637
73,6059
73,4238
74,3809
73,8488
73,6265
73,1260
74,1142
73,9464
74,4459
74,1223
74,0917
73,9277
73,6623
73,7441
73,9259
74,0796
73,8952
73,5787
73,9162
73,7794
73,0074
74,0255
73,8361
74,0338
73,7562
74,1178
73,8684
74,5672
73,8519
73,8796
73,5107
73,9847
73,5522
73,3912
73,8323
73,5944
73,3715
74,0678
73,3014
73,6009
73,9430
73,8433
73,5036
74,4045
73,5099
73,7075
73,7346
74,2052
73,8111
73,5436
74,3175
73,8639
73,7233
74,5854
74,1423
73,8068
73,7053
73,1983
73,4186
74,1541
73,7252
73,3179
73,5066
73,4726
74,0964
74,1947
73,9371
73,8550
74,0129
74,6261
74,2045
74,0167
73,8642
74,1785
74,0208
74,3121
74,1735
73,2593
73,8535
74,1097
73,4760
74,5675
74,2913
74,3092
74,1838
73,5598
74,2366
73,6873
73,9321
74,0134
73,7927
73,3025
73,3876
73,7432
73,9208
73,4387
73,9365
74,3330
73,3715
72,5473
73,7018
73,2996
74,3894
73,6679
74,0366
74,4333
73,8658
73,9714
73,4442
73,5558
73,7864
73,4510
73,8981
73,8294
73,6251
73,8159
74,1830
73,7948
74,2925
74,0926
73,1764
74,0149
73,5820
73,9356
73,9402
74,2252
73,8288
73,6334
73,2892
73,7757
73,3344
74,0423
73,9764
74,3231
74,0678
73,9690
73,9207
74,4412
73,5246
73,5411
73,0440
74,4810
74,5056
73,4841
73,3219
73,5245
74,4497
74,5170
73,5566
74,1958
73,8962
73,5568
74,0365
73,9412
74,4031
73,4989
74,3704
73,8724
74,3568
73,9959
73,7710
73,5984
73,9769
73,9529
74,4278
73,9787
74,2565
73,9326
74,5495
74,2947
73,9273
74,1033
73,4157
73,8446
73,6425
74,1046
74,0221
74,1518
73,0321
74,0892
73,8239
74,0486
73,9736
74,2190
73,5643
73,5515
73,4103
73,7068
73,8406
73,8572
73,9766
74,4186
74,1244
74,4869
73,7786
73,8325
73,5423
73,7580
73,1813
73,4098
73,2036
74,0919
74,1603
73,5153
73,8714
73,5640
73,8473
73,8658
73,9299
73,9074
73,6262
73,8742
73,7247
74,1998
73,6447
73,4338
73,7267
74,0652
73,8070
74,2181
73,6894
73,5588
73,5194
74,6552
73,5824
74,2174
74,0134
74,5679
74,2257
73,7413
73,6287
73,4480
73,2458
73,7946
73,5632
73,2514
74,3464
73,3887
74,0609
73,8491
74,0785
74,4931
73,5464
73,6749
74,5855
73,4525
73,8712
73,5758
73,9676
73,9585
74,8789
73,7011
73,6380
74,1366
74,4340
73,3260
73,6340
73,5762
73,5249
73,4015
74,3941
73,5933
73,8740
73,0227
73,8166
73,8135
73,7532
73,6647
74,2943
73,9245
74,7166
73,6817
74,0879
74,6107
73,6978
74,5800
74,1012
74,0065
73,4376
74,3445
73,7321
73,7068
73,3522
73,8426
73,4136
73,0692
74,0444
74,6089
74,1345
74,3511
73,8276
74,5207
74,4604
74,1557
74,1079
74,4115
73,8408
73,9478
74,1309
73,9068
74,0540
74,4445
73,8649
74,1202
73,9088
73,9465
73,8451
73,7099
73,4548
73,9421
73,4561
73,6893
74,7402
73,9600
73,5596
73,7812
73,7013
74,2818
73,4949
73,4490
73,9738
73,5797
73,6128
73,6796
73,6786
73,5811
73,7326
73,9099
74,1114
73,9166
74,2795
73,5560
73,6981
73,6422
73,6703
73,1512
73,3106
74,8596
73,9310
73,5522
74,1203
73,7196
73,8249
73,8848
73,7725
73,4284
73,8754
74,0747
74,4322
74,7374
73,2929
74,2612
74,4852
73,9081
73,6894
73,8242
74,2303
74,0272
73,7893
74,3207
73,9530
73,3888
74,0453
73,9613
73,5749
73,1682
74,4525
74,4512
73,9961
73,5107
73,7767
73,6732
72,8274
73,9668
73,7075
73,3552
73,6941
73,8211
73,8953
73,8858
74,0339
74,3380
73,9659
72,9759
73,4679
74,3969
73,8807
74,0728
73,4278
73,4537
73,8645
74,0016
73,8598
73,8817
73,4578
74,1173
74,1696
74,5620
73,8908
73,3382
73,8367
74,5355
74,2931
73,3656
73,7926
73,5502
74,5047
74,1536
73,9842
73,8715
73,4675
74,4672
74,1696
74,2545
73,4207
73,2694
73,7217
74,2447
73,2966
74,1320
73,6954
73,9297
73,7412
74,0888
74,0069
73,9644
74,0561
73,7804
74,6355
73,1752
74,1391
74,3253
74,1278
74,1861
73,4675
74,7030
74,2340
74,0844
74,5365
73,3194
75,0965
73,9823
73,4913
74,2683
74,2538
73,8019
74,2549
74,0743
73,8914
74,0038
74,3574
73,9147
73,7236
73,8967
74,2169
73,3370
73,9796
73,0271
74,4477
74,3179
73,5622
74,4312
74,3734
74,0529
74,2566
73,8806
74,2532
73,7418
74,0116
73,9256
74,2488
73,6720
74,0927
73,3046
74,2272
73,2626
73,0691
74,1455
74,3365
73,5459
74,0491
74,2353
74,3236
73,4021
73,7990
74,1385
74,1759
73,9901
74,3836
73,6649
73,2819
74,8599
73,6878
74,1892
73,9588
74,2011
74,0752
74,4324
73,6178
73,9423
73,9136
73,6020
74,1253
73,8373
74,3444
74,0511
73,8694
73,9985
74,1344
73,7854
74,1544
73,0767
73,6910
73,8768
74,2464
73,7602
73,9368
74,0226
74,6134
74,0991
73,5503
74,5696
74,1055
73,6548
74,5008
74,2978
74,4465
74,2118
73,4398
73,9214
73,8089
73,6473
73,5060
73,5675
73,9099
73,7059
74,4360
74,3077
73,9951
74,3083
73,6272
73,7200
73,8753
73,4866
74,0474
74,4063
73,6882
74,7844
74,2084
74,2634
74,4422
73,8528
74,0500
74,5452
74,5168
73,7780
73,5465
73,8869
73,6379
73,1489
74,2133
73,9367
74,1649
74,1625
73,7441
73,8627
74,2469
73,8094
74,3263
73,6019
74,0096
73,5307
73,8736
73,6407
73,9729
73,6331
74,0430
73,9353
73,8247
74,1015
74,1444
74,1668
74,3447
73,1716
73,6147
74,0333
73,8509
74,1934
74,0787
73,7888
73,6058
73,3812
73,3505
74,2676
73,9498
73,9989
73,7217
74,0577
74,1380
74,2155
73,9822
73,3877
74,3054
74,0949
73,8403
74,0151
73,5101
73,3080
74,4223
74,1269
73,8555
74,0206
73,7649
73,6123
74,1114
73,5720
74,1758
74,3506
74,4925
73,8115
73,5165
74,0310
73,5382
73,8811
73,8523
74,0279
73,4703
74,4101
73,9312
73,3750
73,8691
74,3959
74,6535
74,3259
73,7953
74,2980
73,7339
74,0094
73,8771
73,6683
73,9763
74,0052
74,6694
73,7367
73,7640
74,0843
74,0648
73,6381
73,6840
73,4343
73,1600
74,0343
73,8746
73,8065
73,5206
73,9447
73,4554
73,7437
74,1220
74,5893
73,9272
74,1236
74,1689
73,7478
74,3828
73,4303
73,9039
73,1773
74,4821
73,6379
74,4767
73,7818
73,5811
74,1090
74,2765
73,7155
73,6501
74,6051
74,0921
73,2499
74,7285
73,8428
74,4606
74,0919
73,9695
73,8508
74,4596
73,3090
74,1479
74,2054
74,0781
73,5056
73,8380
74,0700
73,3946
74,1908
73,9300
74,8827
74,2074
74,6819
73,8926
74,0996
73,8414
74,1540
73,7337
74,1331
73,6291
73,7270
74,6872
73,6285
73,7795
73,7070
73,5278
73,9770
73,9252
73,4687
73,4944
73,7520
74,1117
73,7302
74,5075
73,2995
73,6638
73,8360
74,1234
73,4511
73,9873
73,9621
73,8902
74,2760
73,9951
73,9821
73,2926
73,4602
74,0768
73,7768
74,1383
74,2369
73,9281
74,0044
73,8304
73,6728
73,9704
74,1847
73,6929
74,1262
74,4749
74,1336
74,5189
73,4495
73,7511
74,0462
73,8036
73,8863
74,6990
74,3449
73,5857
73,9083
73,7634
74,2404
73,8026
74,7584
73,6278
73,9018
73,4954
73,8832
73,9983
74,1545
73,8468
73,6109
73,4676
73,9542
73,3284
74,7652
73,4465
74,0555
74,1464
72,9310
74,2009
74,3957
73,4491
74,2592
74,0420
73,7740
74,4372
73,7834
74,3731
73,3432
74,1048
74,0684
73,7319
73,4239
73,8010
73,9624
74,1117
73,6015
73,9477
73,4419
74,5311
73,1161
74,2081
74,4572
73,4631
73,9604
73,5482
73,5670
73,9200
73,8529
73,7662
74,3855
73,6847
74,0601
74,2439
73,3067
73,8783
74,0362
73,7983
73,4645
74,0168
73,6938
73,6127
73,9401
73,9308
73,8969
73,2665
73,6806
73,9046
73,3341
73,3259
74,2062
74,5656
75,3869
73,3457
73,4527
73,6466
74,8835
73,4903
73,9604
74,2914
73,8297
73,9815
74,4459
73,8514
73,6936
72,7886
74,2622
73,5518
73,6242
73,5478
73,8373
73,7664
74,8210
73,8158
74,2325
74,0366
73,6199
73,5241
73,6234
73,9955
74,2655
73,8537
73,4564
73,9790
73,5062
74,3392
73,4031
74,0050
73,8285
73,5978
73,4229
73,5522
73,8737
73,6439
74,0398
74,2945
74,8178
73,8767
74,1877
73,7648
73,7385
74,0346
73,8456
73,9165
73,6214
74,5854
73,9718
73,7577
74,0089
73,4270
73,7272
73,4701
74,0649
74,2149
73,7846
74,1423
73,6630
74,2560
74,1867
73,3763
73,8464
73,2643
74,2175
73,2370
74,1400
73,5234
73,9104
73,6304
73,6675
74,2552
74,3143
74,0824
73,7950
74,3834
73,8998
73,9419
73,0379
73,5932
74,1370
73,0753
74,3085
73,7432
73,8812
74,5037
73,7431
74,0398
74,1511
73,3951
74,3381
73,7721
73,6366
74,0863
74,2282
73,2188
73,4271
74,3670
73,0533
73,9181
73,7730
73,5543
74,2505
73,7399
73,3876
74,3541
73,4237
73,7949
74,5638
74,4503
73,6884
74,0883
73,6165
74,4661
74,1033
73,8008
73,9379
74,1142
73,6326
73,9817
73,3121
73,6573
73,0090
73,8218
73,7987
74,1071
74,0164
74,5305
73,8294
73,6743
74,6747
73,4458
73,9476
73,9626
73,8612
74,0760
74,3824
73,4935
74,0507
73,3262
74,1931
73,4792
74,3560
74,0468
74,5325
73,1103
73,5328
73,4071
73,4548
74,2022
74,0929
73,4858
73,7044
74,2389
73,8731
74,5700
73,8095
74,2034
73,9123
73,8004
74,1549
74,5750
73,9516
74,4890
73,8101
73,5148
74,0472
74,1635
73,5302
73,6448
73,6928
73,6678
73,8111
74,1119
74,3419
74,3397
74,0114
73,4262
73,7109
74,4135
73,7207
74,3540
74,1096
73,4274
74,5765
74,3358
73,9458
73,8372
73,8065
73,7988
75,0747
73,8779
73,6334
73,9947
73,9982
74,6620
73,6171
73,6522
73,8624
73,8197
74,2106
73,8959
73,7472
73,7377
73,7441
73,9209
73,6136
73,6280
74,1838
73,8347
73,5549
73,4599
74,0884
74,3413
74,1094
73,5777
73,9817
74,1913
73,4279
74,1261
73,7332
73,6330
73,3843
73,2652
74,2340
74,0929
74,0973
73,6514
74,7295
73,9506
73,6438
74,0125
74,4824
73,6068
73,8619
73,6713
73,8648
73,6362
73,7724
74,3348
73,5634
73,4765
73,9389
73,1126
74,3041
73,6597
74,1209
73,4960
74,2060
73,5643
74,1214
73,2070
74,2425
74,1205
73,6604
74,4581
73,6598
73,6535
73,6009
73,9113
74,2442
73,5125
73,8722
74,0405
74,0438
73,8093
74,4022
73,8983
73,6963
74,4203
74,3731
73,8976
73,6641
74,2564
74,7041
73,5310
73,8857
74,8760
73,8981
73,7795
73,2181
74,1104
73,3273
73,7766
73,8018
73,7757
73,7599
73,4055
74,4441
74,5371
74,5374
74,0645
74,6882
73,5058
73,4072
73,7280
73,1922
73,5734
73,8170
73,0972
74,4444
73,6939
73,8638
73,8564
74,5693
74,5468
74,0975
73,4711
73,9639
74,1543
74,5541
73,8546
73,5795
73,6365
74,3693
74,4559
73,8525
73,6331
74,0407
73,7840
73,5957
73,9891
74,0367
73,9473
74,1089
73,3415
73,8909
74,0851
73,4135
73,5122
74,2664
73,1037
73,3371
74,2212
73,7238
73,6644
73,8857
73,6491
74,3483
74,7384
74,3405
73,4966
73,4301
74,1346
73,7914
74,4021
73,4838
74,1789
73,8958
73,5983
73,7839
74,5642
74,0383
74,0664
73,9046
74,1587
74,2260
74,3155
74,4680
73,4811
73,5436
74,2680
74,5425
74,8138
74,4478
73,8356
73,9409
73,6231
73,5732
74,0847
73,4306
74,4616
73,8581
74,2279
73,2544
73,9988
74,1693
73,3821
73,8881
73,8424
74,1880
73,4323
73,2295
74,1613
74,2211
73,7106
74,3162
73,6884
74,2915
73,7052
74,6060
73,1599
74,0618
73,5715
73,6413
73,5668
74,3075
74,6282
74,2848
73,2709
74,3840
73,3537
74,4281
74,1160
74,4661
74,1461
73,9881
74,5079
74,4054
73,5448
73,7129
73,7447
74,0772
74,7191
73,8532
74,3259
74,5140
73,2797
73,3162
74,3592
73,1686
74,2413
73,8893
73,8306
74,0199
74,4232
73,8989
73,8987
73,2964
74,3786
73,9640
73,3378
73,6804
74,1468
73,6379
74,5673
73,9551
73,5730
73,6378
74,4949
73,3527
73,5416
74,4522
73,6895
74,5722
73,4462
74,4305
73,9431
73,3468
74,2349
73,8914
73,2093
73,6055
74,4945
74,2538
73,7827
74,1703
73,9155
73,8032
74,4988
73,8645
74,4727
73,6843
73,8186
74,6936
73,4657
73,2002
74,2295
73,7158
74,2831
73,8319
74,0359
74,0582
73,2467
74,2708
73,7157
74,0643
74,7546
74,0343
73,8944
74,0080
73,0414
74,1220
74,5635
74,3421
74,2514
74,2072
73,8172
73,6923
74,0990
73,7895
74,6886
73,8290
73,6050
73,8695
74,1702
73,8533
74,3602
73,7390
73,6966
73,5719
73,3775
73,2444
73,4200
74,6508
73,4665
73,7440
73,5078
73,8681
73,8379
73,2805
74,6336
73,8340
74,0561
73,5706
74,2216
73,3952
74,0408
74,4051
74,1941
74,0590
73,4358
74,1810
73,8757
74,1306
74,3904
74,1616
73,5716
73,9177
74,1183
73,5771
74,0621
73,7665
73,7195
73,9631
73,9163
73,9363
74,6332
74,2872
74,4348
74,0016
73,3064
73,9324
74,4337
73,5514
74,5195
74,3704
74,4024
73,1731
74,0906
73,8763
74,0344
74,5733
73,4970
74,4631
73,9551
74,1769
73,7950
73,6833
74,6462
74,1757
73,9329
74,2138
73,3868
74,1502
74,0508
73,3690
74,8689
74,8284
74,2528
73,0598
74,2921
73,8920
73,5003
73,7880
74,1403
73,5241
73,5478
73,3835
73,6464
73,7584
73,5767
74,1513
73,8388
74,1671
74,7730
73,9221
73,9176
74,1278
73,9555
73,9674
74,2550
73,9287
73,8810
72,8627
74,1649
73,6220
74,0426
74,3545
73,8737
73,6383
74,0342
73,5753
73,8325
74,1776
73,7789
73,9403
74,1863
74,7984
74,4567
73,9612
73,9405
73,3222
73,5341
73,6313
73,9453
73,5924
74,0375
73,8371
73,5646
73,8647
74,1802
73,8283
74,1892
74,1191
74,0773
74,2449
74,0621
74,1214
74,2300
74,2595
74,2645
73,2736
74,3981
73,4119
74,2202
74,2123
74,1882
74,2365
74,2964
74,2929
73,6937
73,6673
73,2082
73,8152
73,7392
73,4699
73,2942
74,0181
74,1005
73,1475
73,7844
73,6810
74,2845
73,8317
73,8177
73,8301
73,5718
73,5666
73,6153
73,7833
74,0347
74,1857
74,1239
73,6428
74,5689
73,5137
73,8955
73,5196
73,8030
73,8595
73,0464
73,7459
73,7787
74,0794
74,1273
73,5799
73,2847
74,4720
74,0146
74,4034
73,9174
74,2399
73,4098
73,4068
73,4417
74,1043
73,8660
74,1230
73,6512
73,4170
74,4001
73,3350
73,5387
74,1397
73,3476
74,4674
74,0799
73,6667
74,1559
73,8435
74,0092
74,2618
73,7673
73,9918
74,2746
73,6808
73,9187
73,7075
73,9536
74,2467
73,4360
73,8007
74,1122
73,8175
73,9689
73,3785
73,6671
74,1564
73,4914
74,0405
74,2740
73,9363
74,1698
74,1122
73,6584
73,7144
73,9915
73,5001
73,6616
73,7353
73,8387
73,7720
73,8261
73,7747
74,2177
73,5540
73,4375
74,0856
74,1789
73,8746
74,0421
73,7563
73,2820
74,4352
73,9645
73,0636
74,0527
74,0597
74,0863
73,5832
74,1110
73,3867
74,0925
73,9128
73,8029
74,6463
73,9250
74,1753
74,1606
74,6528
73,9591
74,0150
74,2623
73,7943
73,8195
73,3654
73,8989
74,1420
74,1593
73,8365
73,6428
73,9172
73,9213
74,8631
73,8222
73,9664
73,8856
74,3235
73,9050
74,1451
74,4353
74,0184
73,9271
73,9233
73,8297
73,7495
73,8808
73,4719
73,2119
74,2505
73,9742
73,7947
74,7416
73,7768
74,0317
73,9936
74,3882
73,9871
74,2546
74,4434
73,6570
74,0401
73,8641
73,2151
74,1811
73,6844
73,5769
74,6994
72,9267
73,8946
73,8027
73,1944
73,5243
74,0181
73,1718
73,5091
74,0744
74,2823
73,7870
74,2319
73,7051
74,2215
74,0867
73,5313
73,5573
73,2479
73,5813
74,5852
73,1385
73,5578
73,7266
73,4288
73,6755
74,0235
74,2094
74,6535
74,4058
74,0899
73,5716
72,5982
74,8596
74,0633
73,9688
73,1679
73,7531
73,6536
73,8818
73,9685
73,5544
73,5018
73,7388
73,2955
73,6519
74,3610
73,9537
73,2578
74,2994
74,0042
74,0364
73,7554
74,2151
73,0266
74,7582
73,5421
73,9393
74,7202
73,1673
73,5947
74,7788
74,1324
74,1032
73,7436
73,5921
73,9213
74,1710
73,8472
73,7639
74,1143
73,7878
74,1896
74,1062
74,2712
74,0506
73,6795
73,6235
73,5899
74,1565
74,0956
73,8874
73,9090
73,5130
74,1415
73,9526
73,8113
74,0017
73,6243
73,4242
73,9690
74,3576
73,8258
74,0645
73,8123
74,3185
73,8875
73,7072
74,3520
73,6430
74,0287
74,0262
74,2101
73,9580
73,5846
73,6831
73,9075
73,1875
74,1365
73,6092
74,4355
73,7652
74,1012
74,0130
74,1057
73,6851
73,7390
74,0794
73,9369
73,9955
73,8018
74,2084
74,0808
74,5084
74,0626
73,7175
74,5055
73,5050
74,2061
74,9153
74,1300
74,3130
73,7757
73,5238
73,7865
73,6376
74,0226
73,7146
73,3136
73,6924
73,5777
74,3961
73,9596
74,0341
73,7149
74,0724
73,7782
73,9746
74,2094
73,7822
74,3263
73,6397
74,5474
74,2521
74,0648
74,3719
74,0886
74,0391
74,1020
73,9682
73,5515
73,3744
74,3415
73,6495
74,0753
74,2410
73,3245
74,0466
73,0919
74,1340
73,9391
73,3474
74,3944
73,9903
74,3043
74,5417
73,8721
74,5131
73,9729
74,0198
73,8722
73,8454
74,3120
73,1446
73,9569
73,9120
73,0458
74,2117
73,3719
73,7873
74,5033
73,7562
74,0523
73,6351
73,9049
73,5405
73,6601
73,5728
74,5201
73,9324
74,2190
74,1707
74,0848
73,4335
74,3991
73,4974
74,2187
74,1110
73,4938
73,4283
74,4505
73,5959
74,0315
74,3605
73,5551
74,3005
73,8226
73,7538
73,8766
74,3552
73,5531
74,2906
74,3364
73,5988
73,4687
73,7497
74,6082
74,3507
73,7983
73,1941
73,8293
74,1323
73,6843
74,2365
74,1573
74,2023
73,7839
73,2613
73,5151
73,4581
74,2195
74,1747
74,0072
74,0385
73,6939
73,7465
73,8432
74,5104
73,3710
73,5194
73,5460
73,7994
73,1227
74,4715
73,2797
73,8011
73,9637
74,2719
73,6891
73,7839