885,7864
888,0948
884,3292
887,1620
884,4231
885,8533
881,9253
884,6974
884,8557
882,2622
884,3408
882,8823
887,3722
887,7459
886,7792
888,8600
885,9401
884,3564
886,7670
884,7261
884,5274
884,0730
885,9810
888,8251
885,5885
884,9803
887,7824
882,7752
884,1545
888,1802
886,5033
885,7558
885,4926
886,4979
882,8545
882,6337
884,7386
884,5991
886,3289
885,3036
885,2976
884,9140
882,2819
887,3058
885,3009
887,3905
884,2313
885,4655
885,0803
885,4079
888,7158
886,2421
887,2496
884,5610
886,3458
888,0197
884,3741
890,2130
882,7357
884,9190
887,5074
884,8154
883,3537
887,3194
888,0146
885,3965
887,7527
883,4381
884,6310
889,4443
887,7189
884,7748
884,7260
886,0128
887,1425
886,6410
890,9498
882,5215
883,6457
885,0266
884,4619
886,1722
887,1383
885,2185
887,8338
883,5145
886,8803
883,9426
885,4059
888,9895
884,9266
882,8648
884,9716
882,1711
885,6836
886,0074
887,8291
885,9806
889,7603
883,4384
882,5905
883,7530
884,8071
887,5335
885,6147
887,1265
887,4119
883,2207
887,5089
882,8904
883,5178
884,1730
888,5088
887,2782
889,7991
887,5578
888,9577
882,2261
884,8263
887,5639
881,1590
883,8715
888,1464
889,1343
884,4583
888,0776
884,7667
887,1555
886,6427
886,4545
887,5452
887,8902
885,7153
886,9499
882,7191
889,5530
886,1042
888,5028
886,2114
886,9641
882,8107
887,5074
885,5895
885,2612
886,7946
884,4097
884,0958
885,7238
886,6624
884,6944
885,3118
888,4351
883,2487
883,4645
887,0975
890,6126
888,9088
886,2017
886,6742
883,1897
887,2950
886,4866
884,4889
888,7025
888,0466
888,0836
883,2524
887,0798
887,8804
887,2174
885,9341
887,6916
888,0215
887,4353
887,2072
883,1187
889,1306
885,2952
887,4519
888,9436
883,0420
884,1520
886,1717
886,2399
885,8047
885,3904
888,3461
883,7392
886,1595
885,9846
888,8158
886,1035
886,2282
886,4729
887,1316
885,3890
886,5773
885,3384
887,1017
885,9629
886,5738
884,3647
888,1754
884,6882
884,8069
885,1793
882,2519
884,7839
883,9079
884,6429
883,7721
885,6420
888,0415
884,5390
885,0712
886,5366
887,6294
886,0901
887,6174
888,2446
889,1429
885,9941
884,1790
887,5162
888,0180
886,2446
887,2959
884,2046
885,3764
885,0307
882,5571
886,3679
884,0559
887,0955
884,4453
887,4508
889,1995
883,4822
886,0961
884,5490
890,0830
883,5070
887,6378
890,4591
886,4601
887,4935
887,2868
887,6695
884,1373
889,8029
887,1079
885,5723
883,0637
884,3332
886,3094
884,4514
889,6417
891,7076
886,0970
885,2745
884,6065
886,8773
886,0459
886,5098
887,9916
885,0432
886,9997
887,9399
886,5005
885,4454
886,5590
885,0577
887,1673
886,0858
886,6916
886,0358
885,3130
879,1029
885,1042
886,7481
885,3640
886,9286
886,7834
887,4453
888,9026
886,8030
888,4484
886,8820
882,7784
883,3571
885,0516
886,6496
886,2120
884,5854
889,2722
886,9898
882,7749
884,0737
884,6592
885,6092
884,9588
887,1468
884,9489
886,4191
885,2964
889,2908
888,9356
886,1220
885,7255
886,1631
885,4433
885,0987
885,7192
889,5748
884,8362
884,5723
886,6025
885,7525
884,0818
883,3561
880,9880
888,0125
888,3855
886,2146
890,6758
887,9278
885,4473
889,1620
887,0902
884,0182
887,2593
885,3936
886,4813
889,1577
886,0518
886,3334
889,9670
886,7355
887,7764
888,9076
885,4847
885,4487
886,5813
884,4632
890,3294
886,7864
885,1691
885,4700
888,0768
888,1203
884,7857
888,0051
885,9210
884,2526
886,6767
880,9801
887,3651
888,3198
889,0017
886,9571
884,1555
886,3933
887,6769
883,3709
886,2122
886,6934
884,2128
886,5852
887,2621
884,7833
885,7185
887,6714
886,1442
886,0947
880,8791
887,0607
886,3759
887,2450
885,7721
885,8095
887,3736
886,5076
882,8426
888,5233
885,3452
888,8448
886,3299
884,8147
885,7031
886,6983
885,5540
882,7111
886,9301
889,4156
881,3137
883,2900
884,1981
887,3027
884,9344
886,9957
889,3736
890,4243
886,9637
882,0939
883,6703
887,6484
885,2353
885,8005
888,2600
886,9526
883,6545
888,5936
885,1310
885,6208
887,0044
886,5610
886,5124
884,0762
885,7820
884,1327
889,9000
886,7834
887,6935
883,8180
880,8293
888,6364
881,5362
886,5672
888,5587
887,5396
887,7210
886,1328
886,8966
887,7571
884,4347
889,0205
884,4483
884,1070
884,4517
884,8502
885,2544
885,3767
884,6420
886,1358
886,0650
883,3260
887,6162
882,0657
888,2279
884,0159
885,1845
884,0268
884,8642
887,4108
886,8142
885,4573
886,4913
885,9232
890,7987
884,5122
886,8939
885,8770
884,8337
886,0796
883,4730
888,0204
883,9768
886,6567
884,9648
885,9200
882,9286
887,3992
885,9458
886,4933
882,6796
886,9924
890,7305
882,3295
884,6289
884,5307
886,6956
885,5456
886,7687
886,1390
886,2527
885,9280
885,8729
888,4389
885,3531
885,4817
883,9748
889,2008
885,4800
886,1541
885,7637
881,0164
886,9899
887,2080
887,3158
888,0794
886,0845
884,3771
883,8028
887,3076
886,2032
885,6737
890,4846
886,9562
888,1829
884,5478
885,1015
886,4915
884,6166
886,6603
885,2908
885,7881
884,8565
885,8288
886,2426
881,7859
885,5937
886,5743
882,2932
888,8855
887,6682
889,8520
883,2792
885,4316
882,9618
884,5923
886,7146
886,4717
887,8001
885,3786
885,4342
886,1454
885,7837
886,8811
889,9236
882,5419
884,3544
885,0839
886,5792
885,3996
887,6453
888,2725
888,7626
887,0053
888,7348
882,5597
888,7810
887,3167
885,8976
886,7757
891,6838
886,5608
885,8498
884,7575
882,4179
885,4219
882,7589
887,1545
886,6696
882,2926
884,7554
888,8127
885,9019
886,4173
884,4667
886,0623
886,3408
883,5049
886,6653
884,8699
888,2319
885,1375
885,6994
887,6779
885,4821
883,6377
885,0368
886,9295
888,8015
883,2538
884,4293
884,9327
886,3660
886,0374
887,1607
888,7902
884,6720
887,1447
884,1092
885,5405
884,0796
886,1380
887,1653
887,9129
883,0284
886,7988
887,9690
885,3742
887,6740
883,8026
883,6362
886,1091
882,6475
886,4039
888,0607
888,0831
886,3752
883,0014
884,1669
885,9362
888,0154
884,0242
887,2304
887,3204
891,3325
886,2143
881,8282
888,9825
885,5643
883,8062
884,7604
885,1182
889,3001
888,6802
886,4220
888,6251
888,1191
883,1936
890,1501
885,9676
885,4242
887,8242
883,4688
886,2656
883,9605
887,6134
889,9062
884,2457
885,4055
887,8850
885,2016
884,8826
884,5356
887,7300
888,0271
886,6385
885,6512
886,5127
887,8582
885,8478
883,7029
887,1701
887,6082
889,8139
890,6848
886,7791
883,8121
886,0789
884,2012
882,6180
886,0537
884,6462
885,1968
884,1861
888,9988
886,4964
884,1878
886,8597
886,5146
888,5402
887,7065
885,9212
886,4552
884,5402
886,0534
887,2708
885,4440
884,3775
884,8959
886,7888
888,1923
887,9097
885,7968
882,9040
888,8799
883,4267
886,0718
887,2874
883,8654
885,6183
883,2065
886,1516
885,7783
883,8333
882,0461
883,2043
884,4811
886,1432
882,8986
885,0456
887,7512
885,0536
885,4881
884,1124
886,1979
886,6973
885,5757
888,6312
887,4331
884,4247
888,7559
883,0111
885,3909
887,7615
884,4846
886,0464
885,1477
888,3956
885,9080
883,4375
883,9440
886,6590
888,5759
885,1190
884,7291
886,9962
889,1321
886,0263
888,3054
887,4801
885,4565
883,3608
885,3437
886,3855
886,9495
888,1015
885,2502
883,2070
885,2175
885,6823
882,5552
883,3290
884,4734
887,8811
884,1830
886,1873
887,4454
886,1408
889,3602
889,4555
886,7339
888,7972
886,6220
887,5555
885,8688
884,5391
889,3409
887,0629
887,7712
886,9717
886,4649
882,6453
885,7488
884,9309
887,4990
885,4217
883,3081
889,0586
887,2999
887,6224
886,6254
884,3951
887,6219
886,9270
883,3331
884,9183
884,7911
889,5480
886,1844
891,0062
886,7118
887,0381
887,5238
886,8486
885,1752
883,5299
882,6985
883,5240
886,7454
888,1150
887,0994
886,8752
884,9787
884,5654
885,3336
885,5724
882,0496
883,7666
886,4800
885,2534
885,2835
887,8285
888,2068
885,9408
884,0958
888,6585
885,7427
886,9810
885,0707
885,7089
885,9455
883,3648
889,0628
885,3579
884,5316
890,0123
884,8897
889,8164
883,4537
884,6423
885,7959
888,4023
890,9621
883,5771
886,9190
885,5035
886,5971
886,7916
883,7922
886,8508
886,2187
889,0597
884,9785
887,2436
882,4735
884,7299
884,9690
884,4513
884,2205
886,8101
882,5336
886,4324
883,2642
887,2810
886,6866
889,7600
883,2772
883,9102
882,8337
887,5816
890,1713
887,5752
884,1670
887,0275
885,0043
884,8120
885,8121
887,1587
888,1561
887,2372
881,0208
886,3724
888,6581
888,0335
885,4309
885,6015
886,7130
886,8516
883,4354
884,8276
887,4390
887,0827
888,0718
885,9862
885,5129
886,6079
886,7860
887,7275
886,0212
886,1630
886,5115
887,2376
883,5387
889,2703
886,1123
883,3793
890,1728
885,5480
888,3929
887,3559
887,3201
886,6421
883,9791
886,5995
888,1763
886,7294
885,4935
886,5102
884,6296
884,8885
887,0287
887,2519
886,6680
883,8315
884,4231
881,9133
882,7682
883,0558
884,7187
884,0564
886,7826
885,1740
888,6940
884,4674
888,1722
885,4127
886,8253
887,8615
885,8169
887,3878
885,1309
888,6971
883,9782
886,6274
884,2873
885,2512
886,1049
884,6703
884,0830
883,2416
888,1938
889,7780
889,3790
884,1437
888,7807
885,5988
887,4104
885,8972
887,4612
885,9377
884,4082
886,1802
886,7036
885,9024
889,3173
889,3510
882,1928
884,6521
884,1599
886,8772
885,5385
883,3064
887,7972
886,1406
886,1148
889,9058
883,5016
886,9763
890,8958
881,7488
884,6874
884,9712
888,5566
886,1091
887,3778
885,4955
887,7931
888,4869
887,1955
885,4392
887,4590
885,2318
887,4855
886,4593
887,9221
885,1446
885,0699
885,9442
888,3319
886,2154
887,8528
889,5509
886,9213
883,7101
885,8390
885,6228
886,0482
884,2956
887,7604
888,9459
882,9302
889,0807
886,3031
884,8790
887,1393
890,1065
885,5527
886,0324
885,6543
885,2582
885,4957
887,4110
886,1229
884,8992
886,8309
890,9255
888,3234
886,9739
887,4328
889,3793
884,8035
885,8948
887,3670
885,2633
884,8338
886,6883
887,2998
888,4203
885,5705
888,8497
883,7821
886,8880
884,3858
884,7732
887,5642
886,8222
884,6382
885,8898
885,3962
887,4392
887,5551
886,6840
885,3006
886,6766
885,9977
887,1723
885,5107
883,7829
885,1854
885,7902
887,8410
888,2559
885,2319
887,3841
887,5857
883,3891
883,8197
882,6823
887,7715
887,9144
887,7522
886,3102
887,0109
887,5019
885,4098
885,8442
883,4525
886,7601
888,6458
885,7519
887,7656
884,7387
886,4706
887,2160
884,7533
885,1551
887,9275
888,3370
885,9051
883,1921
884,8640
887,2338
886,9972
886,0480
887,1902
886,7114
887,4012
885,5301
885,8717
886,0454
885,7875
884,3154
886,4198
887,2212
885,6067
887,9451
884,9648
884,7007
885,1605
888,1101
885,5052
887,1057
887,0920
885,1164
884,8674
886,5695
884,8006
883,2513
887,7044
885,6716
883,6610
885,3042
885,4144
886,1081
885,7173
885,0499
883,0610
883,5336
884,2754
885,5603
889,7955
888,8054
885,8986
885,8383
885,2825
887,1656
887,5303
885,4499
883,8844
885,7033
886,5374
887,7544
887,8724
885,6383
887,8689
883,5765
885,8281
884,4235
887,7571
887,2701
885,2517
886,5105
886,6216
886,7800
885,3595
888,5991
885,8583
884,8062
885,4865
886,2542
885,4335
887,9164
883,0886
885,5967
885,6522
886,9733
883,7277
886,3343
885,3210
885,0557
887,2298
882,8592
885,1788
887,2027
886,1671
885,0790
888,7662
884,7551
882,1524
886,2313
887,7917
886,5077
888,2977
886,4686
884,8695
885,4388
886,3404
885,5219
885,5208
888,6957
884,9406
886,3973
884,5370
884,5079
885,7529
887,4636
886,7788
885,8898
884,7664
884,2457
888,1237
888,6267
884,9460
879,7140
887,8650
886,5638
886,2607
886,2416
889,6980
886,8748
887,0282
886,9466
883,7634
884,1270
887,1489
885,6050
888,2614
886,9298
885,8217
885,4660
882,5172
885,9790
886,9389
886,8917
884,3364
883,7202
888,8671
887,5597
884,0593
887,5125
886,1909
882,9138
886,5650
885,8787
888,0876
884,0449
886,2044
886,6700
883,6869
886,9284
887,1557
886,1268
889,0653
887,7268
883,6124
885,0628
886,5874
888,4748
887,0267
884,7532
887,1614
888,0158
885,4743
885,3087
887,6506
883,4512
885,2464
886,1965
888,2352
886,9102
886,4036
886,4027
884,9595
884,9810
885,8338
886,9271
885,9384
885,8101
884,1721
887,5324
884,8703
884,8748
886,6823
886,9963
883,8122
885,4300
883,7471
887,8141
887,8550
887,1093
888,7155
887,1169
889,8957
888,2269
884,9470
887,7418
888,4995
888,1084
886,2470
886,1721
885,4159
887,6113
885,2851
887,2934
887,9104
887,4499
884,6990
886,9968
886,2825
884,5860
885,0991
886,0442
882,3183
884,7013
886,5747
886,1411
885,3781
883,6564
883,2809
887,9983
884,1104
885,1618
885,4211
886,6048
886,0177
886,5565
885,9077
887,4388
881,8202
886,5514
887,6933
889,5997
884,6444
883,2945
883,4219
883,9811
882,5878
884,3762
886,7816
884,8967
883,7230
888,3407
885,4635
883,8672
887,7792
887,5416
884,5234
886,6097
888,3857
886,5443
887,7607
888,2511
888,4590
884,3768
886,7471
886,0255
883,0790
886,2592
884,2608
882,9128
887,9304
887,2059
888,1639
887,7124
886,0682
887,9823
888,9647
886,9594
886,8578
884,7160
884,1149
891,7639
884,3253
883,9972
885,0605
886,9740
886,5797
884,1570
884,4603
887,5551
882,2126
887,0751
889,4390
889,6390
886,7609
884,9151
886,0027
885,7404
886,0349
887,2435
883,6560
887,5757
886,1919
887,0713
887,2821
881,5012
885,0728
886,4678
887,3651
886,1293
884,8369
888,8674
886,6157
884,1909
885,3935
884,0612
886,3658
885,9809
889,8443
886,0965
887,6826
886,6664
888,2177
883,7950
886,0027
886,4304
884,6854
886,5903
886,0301
886,7533
885,4101
884,5085
886,1472
885,6550
885,5371
887,2172
886,5210
886,2459
889,1364
886,9289
885,5793
888,2671
884,4661
887,0401
881,8398
881,4939
886,4269
888,3209
885,0660
883,2934
888,2635
888,6029
885,9916
884,7580
886,7512
882,3997
885,2211
884,6742
882,1489
885,2188
886,9223
883,4898
885,7005
885,1960
883,9043
883,6833
886,0079
888,9911
885,2302
889,1113
885,9801
885,5043
886,6849
888,2784
883,6110
888,3414
883,9601
887,0621
884,4316
886,6243
889,5547
884,5599
887,8231
887,4024
888,8346
889,3051
889,7988
884,3664
887,3289
886,7467
885,7096
885,7763
887,3562
885,9885
885,2066
889,4498
887,8748
883,4840
883,5328
887,7857
886,2946
884,1540
887,7827
885,4975
883,0488
885,8685
884,2984
884,9604
886,0192
885,9631
887,4489
887,1028
883,6526
888,4165
885,2595
890,1363
882,8431
884,5921
890,5996
888,3682
886,6802
886,9500
888,6380
889,1157
884,2061
884,1177
888,0702
884,0357
883,4292
885,0825
886,4436
887,7941
885,9889
886,6966
884,5379
883,1024
887,8575
884,8847
886,6145
883,9271
882,8809
885,1124
883,5275
883,7905
886,3541
886,5625
884,5064
887,5647
885,9494
884,7799
886,0585
885,7373
886,7135
886,2744
888,2601
886,1502
887,6436
888,9408
886,6108
884,0518
882,8002
887,2434
882,6441
887,8633
882,9616
887,5953
887,0728
887,8019
886,4854
886,0271
886,3651
887,8783
883,3323
887,1206
886,2438
887,5733
887,9971
885,9939
887,4058
882,5406
889,4178
882,9891
886,4155
885,2785
888,0835
886,0908
888,3177
883,0154
887,3496
889,0238
884,8226
882,7831
885,6016
884,1969
889,3601
886,6520
885,4566
885,1248
889,6215
885,4265
882,3147
887,0650
886,3494
886,1522
886,1958
886,1156
887,1594
887,9236
888,1464
885,8446
884,5004
885,5050
886,5453
886,7475
884,1291
887,9435
884,8736
886,3360
884,1814
886,2935
881,5819
886,1105
888,8629
887,6872
886,5046
887,0064
885,3649
885,0067
882,1241
886,9181
887,0287
888,3488
887,0140
883,3414
887,2187
886,1192
885,6443
885,4193
885,1238
884,0151
881,5340
882,6891
885,9023
884,8791
883,9192
882,6107
885,3324
885,3519
883,5399
889,0009
885,1147
886,7705
889,3368
885,4872
882,4878
886,1769
885,0448
883,8207
885,5555
886,5610
886,4785
884,4479
886,0805
886,8629
885,5867
889,7827
887,5503
886,8201
888,3822
884,5267
886,7176
884,3222
880,9412
887,7385
884,8251
884,8927
885,6283
887,8624
883,9368
885,0310
887,8962
886,0045
885,2828
885,3997
889,1737
888,0963
888,1356
884,8857
887,5035
880,4565
885,3154
885,0269
882,7512
886,3607
886,3306
885,6048
887,6503
886,0125
886,0602
885,2704
889,3162
886,9821
887,0804
888,8766
883,5412
883,2984
887,0577
887,7044
886,9071
885,8555
886,6467
884,6576
885,0717
892,0231
889,5527
888,2850
884,6231
884,6019
887,2256
883,1883
886,9827
886,9447
887,1346
888,0052
884,3318
887,0516
885,6336
888,3195
881,5937
887,7524
885,3590
885,5169
888,0104
888,7900
885,3269
884,9110
892,4577
887,7574
886,0352
889,7288
886,0542
886,8450
887,6549
883,1023
884,0782
887,1799
887,0959
888,3044
888,3227
887,0521
883,2905
886,2288
885,0399
887,1427
886,1623
887,7672
887,2464
883,1246
886,0277
884,0524
884,1985
885,3911
883,5267
887,4938
883,9880
886,9366
884,5323
885,4112
884,7677
886,8152
885,0959
884,2185
887,4761
887,9245
886,3173
882,4687
886,4074
884,6932
887,4340
886,4476
884,0183
884,3945
887,7158
884,7022
888,8310
886,5795
886,4477
884,9496
886,5959
886,6822
886,5612
883,9408
888,3713
883,3198
888,3683
885,0916
886,9596
888,7615
888,7696
887,1907
888,8547
884,5140
887,0801
886,7139
885,4717
882,2514
885,9567
888,1856
885,7229
885,3100
886,1748
885,3410
886,9428
885,5344
887,3283
886,9627
885,8722
887,4706
885,6007
887,0243
888,0309
886,8823
887,9684
885,2770
886,7683
885,2174
883,8658
888,7038
886,9989
887,4382
885,6075
884,3513
888,0317
883,8792
886,2522
887,8908
883,6141
886,4936
884,3743
885,0824
884,0603
884,9397
885,3780
886,1154
885,2246
883,8278
884,9093
884,9992
883,5337
884,2205
883,6086
884,2375
887,0952
885,1411
884,1165
882,5625
885,1586
883,8484
887,3607
884,6916
886,2412
886,8077
889,1543
886,0244
883,4041
886,6745
884,2036
887,5940
886,2592
882,0470
883,3793
887,8828
887,9561
886,4019
886,4242
879,9958
889,5261
886,6944
889,6070
881,5869
887,5815
888,2311
886,8160
887,6226
887,0871
889,5507
886,9648
883,4615
884,8504
889,0101
887,5795
887,7438
888,0053
886,8420
886,6249
884,4319
884,5298
886,0388
884,7960
889,8174
884,4805
887,3017
886,2718
884,5171
887,4854
888,4168
888,6385
884,9463
887,4370
888,7581
884,1154
885,2226
886,3826
886,4836
883,4324
884,8678
888,3025
886,5282
885,4432
885,8421
885,5894
885,2440
887,5915
883,6180
886,9971
883,5525
885,4833
885,2706
887,4563
885,2466
885,4935
884,3734
890,1011
886,1523
883,7086
882,5272
888,1965
884,8346
886,6160
885,6561
887,6670
884,2110
885,9687
887,0441
885,8358
884,2903
884,4182
884,2681
888,5355
885,1828
887,4070
887,3001
888,4472
884,5875
887,4764
882,3719
885,2089
885,1992
884,1589
883,4760
884,8211
884,5432
887,7500
881,3831
881,7785
887,4122
883,2679
888,2208
880,5786
887,3384
888,8973
886,1259
885,6778
884,3846
888,4328
889,0283
885,4170
887,4133
888,0824
886,1515
884,4852
886,1351
886,1659
886,4972
885,0570
883,3912
885,4697
885,3753
885,7549
885,5435
887,1158
886,7653
884,8886
884,3324
887,1997
886,2394
882,6524
883,9571
879,9834
887,6458
884,2320
884,3152
883,2724
885,0305
885,5894
884,1540
887,4849
885,6978
884,9581
885,0683
889,4317
885,4737
887,0885
885,3504
882,3194
886,4642
888,0534
886,3934
887,4136
885,7365
887,8138
884,9515
884,4233
884,8099
886,2563
883,7315
885,0562
887,4573
888,3874
885,7144
886,7183
883,1588
886,5155
885,9933
886,3314
886,9361
882,9055
885,6492
886,6538
883,9566
883,0829
886,5434
887,2043
885,4746
884,2491
887,4303
883,0495
884,4120
885,2581
887,2031
883,5402
887,3903
884,3255
889,1373
887,4088
885,6022
884,4653
885,5731
884,5438
886,5096
885,5970
886,8837
887,7101
883,4835
882,2263
885,4479
888,1437
886,1537
886,0859
887,5843
887,3222
887,5576
888,2493
885,5711
883,8486
884,4080
884,9612
887,1196
882,9983
887,9866
884,5265
887,5563
886,0583
885,1571
886,2303
886,8063
888,5258
882,5638
889,3486
887,4953
884,7698
885,6958
887,1215
886,0584
886,8791
885,5202
886,8175
887,0295
885,8883
885,3233
886,6659
885,8770
883,9720
885,4514
885,7821
886,1764
889,3689
885,5668
883,1387
886,1149
887,2768
884,4368
884,6899
885,5977
884,1290
883,3367
882,2878
886,4958
886,8628
887,0996
883,2743
886,3522
887,3266
885,3952
885,7100
887,0535
883,4740
890,0453
887,1577
884,9390
885,4450
884,8767
888,0887
889,4410
886,5924
885,9573
887,5997
887,5152
885,0071
888,2728
883,7434
888,7154
886,0014
886,6628
886,1126
884,9862
889,7117
885,2501
883,3358
884,4728
885,0437
886,1725
884,8950
883,1759
880,7878
887,7144
885,7476
885,4691
884,4207
887,1285
888,9257
884,9519
885,5263
882,9555
886,4487
886,4732
880,9006
887,2270
888,0898
886,0160
883,2383
885,7925
886,9124
881,2408
888,4582
885,9531
887,6237
880,4833
884,7188
885,9738
885,6736
885,8525
886,0839
885,8356
885,9283
886,1927
885,1749
882,7788
889,0602
881,7800
884,7001
889,2914
887,2073
888,1324
887,7929
886,6487
887,2664
885,0031
887,7764
885,0329
884,9928
886,6374
887,8254
884,2809
887,6004
886,4538
885,5770
884,3827
884,4317
887,6882
885,1719
885,5142
885,5616
887,9989
883,8068
884,5869
884,2517
889,6251
884,9676
884,6298
886,0805
884,8024
889,0595
884,9958
886,3855
885,9906
882,2851
889,9172
885,6762
886,5260
887,9097
885,8250
887,5137
884,4357
886,2423
886,3104
882,0720
886,3916
888,4304
886,3106
883,0221
886,7624
887,2497
885,4010
885,5749
886,3992
886,5084
885,1502
884,8168
884,7759
886,1303
887,1288
884,9291
885,3215
889,2220
885,0793
887,4854
888,6276
885,0325
885,0068
886,6702
884,4658
888,0787
886,7688
884,3419
887,0324
886,0656
885,6761
885,5423
884,9102
885,2853
885,9976
885,6186
886,2831
881,9401
885,6928
881,5929
886,3111
884,9550
886,8978
885,4166
884,7003
885,1008
886,6204
885,9666
885,1644
889,2055
883,1528
886,4857
884,9765
887,5844
886,9489
887,8674
888,2110
884,6107
886,7323
886,7047
889,8555
884,2952
886,9811
887,4818
885,9785
884,9049
887,1836
884,7415
886,1259
886,4102
887,2967
885,7692
883,7922
884,5065
884,7864
885,3284
885,0579
886,8127
886,4706
885,7312
886,6551
884,5052
887,9021
885,2034
887,3347
884,0868
887,0076
886,9724
886,6753
887,1553
884,0250
883,8321
883,9812
886,5402
887,8962
885,5369
886,4595
886,6480
884,1852
886,2319
884,2172
888,6380
885,7878
885,6227
884,6528
884,5705
884,4234
885,3808
885,7230
882,6328
881,3347
884,5958
885,2958
886,5579
883,2993
882,4131
887,1275
885,9616
887,1164
882,6892
887,7694
887,0225
886,2900
888,2793
886,0321
885,5873
885,1664
885,2834
886,3931
884,3329
886,2642
889,7838
889,7298
890,1898
885,1390
886,5371
889,0593
887,3200
882,8708
888,2005
885,7951
886,5701
884,3557
882,8171
884,5059
884,3546
884,9409
885,3217
883,5192
887,1669
886,7363
884,5537
887,0232
884,5547
888,1144
889,4622
886,1755
884,9677
881,8499
885,4541
885,2305
884,0350
883,2480
886,9659
887,0186
881,5764
883,5407
885,7605
885,6100
888,3403
888,9501
887,9384
887,1456
883,0647
885,5232
883,8666
886,8683
889,0833
889,4980
888,3128
886,5572
887,1587
881,0074
885,2066
884,5089
886,7391
890,3437
885,8354
882,0720
887,5345
886,5892
886,5684
883,6674
890,4131
883,9902
887,5917
887,5513
886,5965
885,3127
888,1963
886,7392
883,5589
885,3781
886,7076
886,8935
890,1344
882,5303
887,0430
887,8669
886,8858
885,5157
884,3696
885,2090
887,2821
882,9856
886,7790
885,2192
884,9661
888,5317
886,5186
884,4567
881,9044
883,0471
886,2957
883,7397
883,9958
887,2185
883,1485
886,9820
886,1485
886,3816
887,6912
886,0740
885,4435
885,5504
887,6248
885,3673
888,8752
884,9516
884,3201
886,8945
885,9842
882,3983
885,6030
885,6269
888,5107
888,1610
884,1305
886,0740
886,2985
883,4804
883,6722
883,5432
884,3961
886,2004
885,1378
888,7933
883,3567
885,1791
886,3425
886,2118
888,3632
886,4227
889,8892
883,8633
887,2625
886,2953
886,0545
887,1253
890,5151
884,9153
884,6685
886,0779
888,7154
886,9162
886,3912
887,4231
887,2881
887,3704
882,5345
886,4554
885,8401
886,5010
886,0799
885,6682
885,8169
884,7268
885,6673
883,2364
884,8931
885,8105
888,2818
888,5446
886,6364
887,0048
883,2380
885,1265
883,6820
888,3193
888,6028
884,4329
884,9633
886,9391
883,2651
886,8950
890,8731
887,1320
886,9035
882,8114
886,1493
885,7840
883,9946
887,9276
885,3049
888,9080
886,4740
884,8665
882,7544
885,6474
886,9153
886,0823
887,7445
884,6825
885,4631
886,7772
886,0251
887,4546
888,8418
885,4045
887,5618
884,2113
885,2458
884,7208
882,3449
887,8629
887,6149
885,5928
884,4477
885,0103
883,9226
884,4418
886,1253
888,3678
886,3998
886,3417
886,8320
886,4979
886,8851
881,5667
887,7524
886,4724
886,1313
888,1858
884,1945
883,9591
888,2458
884,7266
886,4902
884,7516
885,3226
886,3123
890,7576
883,5841
885,4025
884,0484
886,8009
885,8013
887,8780
889,1468
885,8885
889,8335
884,6240
885,1743
887,8366
885,9836
883,8246
886,1312
885,3412
883,5624
886,9739
887,3203
881,4177
886,3936
884,2631
886,2703
886,3611
888,0711
883,7201
888,3751
887,2185
881,5799
885,4428
887,3801
889,1400
886,4994
886,8632
883,6680
885,3468
885,9327
885,3982
886,7917
885,7709
887,8955
888,0755
885,2048
886,4748
886,9664
887,9174
884,9380
884,9402
888,0377
885,6868
888,2577
889,1933
885,3418
882,4542
887,9209
887,3034
882,9393
888,4418
886,1929
885,6616
886,6810
887,8323
884,3642
885,3268
886,7053
885,2226
886,6044
885,6190
886,2397
885,6461
883,4377
885,3177
888,9772
888,8165
886,6560
881,6032
886,6483
888,7526
884,6072
889,4828
886,2166
888,0691
885,5843
886,7153
887,7401
885,6193
887,3027
887,5469
881,9408
885,6095
885,9980
885,0175
886,7607
885,3805
884,8480
885,1863
888,5188
884,8146
886,7611
883,4961
887,3529
885,5233
886,5319
885,6064
888,1313
886,1092
884,8213
884,1854
885,7468
885,2219
888,9099
883,5325
885,8976
882,5734
886,1497
886,9494
887,0308
885,3574
886,7567
888,9407
886,6874
886,5174
886,0367
887,5457
885,8286
888,0123
885,2921
884,5063
885,7032
887,0418
887,0055
887,8193
884,1110
885,8051
889,8293
885,9217
886,3706
890,0399
884,9822
884,6159
885,3402
884,3943
884,5200
888,1227
887,1776
883,4538
884,5276
886,5025
886,2294
886,8044
888,0917
885,2110
887,1736
885,3677
882,5221
886,1411
887,6056
886,2680
885,2629
882,4957
885,2148
886,5687
888,3880
886,6956
890,5641
885,6575
886,3118
884,5807
887,2968
885,8277
886,2113
888,6053
885,8335
885,7754
888,3547
885,3565
882,3847
886,4787
886,8772
884,0253
886,2183
887,1604
885,3361
881,8287
884,9323
885,4541
884,2112
886,6486
887,6021
885,5692
886,7975
887,2907
885,8098
885,7311
885,0003
883,1038
884,7319
883,4692
887,3909
884,9118
884,9321
884,3198
887,5441
882,6945
885,7164
883,1309
885,0384
885,4526
885,6969
887,3664
884,8448
887,3095
883,6264
884,0779
887,4378
884,8022
885,3484
888,4489
883,4567
887,7299
886,3282
888,2224
884,2269
887,6186
887,6938
885,1081
884,3507
886,0840
888,4901
883,8396
888,4105
885,5934
885,8976
886,6419
886,4219
885,9116
884,8827
883,9413
886,9295
885,7460
882,9382
883,7291
888,9390
884,6862
888,6123
886,3442
884,7251
885,5594
884,9064
884,9154
887,2736
888,1196
885,4221
885,4289
883,9677
888,1411
885,1300
886,1154
887,9665
889,8328
885,1508
886,4746
886,2210
888,8596
884,4827
886,1080
885,8894
887,3497
888,4660
886,9089
884,7101
888,1767
888,9371
885,4737
886,6874
885,3524
884,2837
886,4454
883,9256
883,8467
884,2842
885,1727
887,1460
887,3012
885,0522
887,0801
882,2461
889,9706
884,5565
886,1463
887,2480
881,8772
888,5882
884,8266
887,9367
880,2765
888,9951
885,4635
886,2609
887,5451
886,9366
888,0762
883,2284
884,0069
884,4918
886,9079
886,4226
885,1948
886,2407
887,6965
887,5696
885,3603
883,4456
884,9279
886,4696
887,7630
884,8576
887,9737
886,5336
886,0793
886,5459
885,9846
888,0410
888,0759
886,0446
883,3895
888,7515
885,7241
883,3114
883,3011
887,2701
886,0160
886,7604
884,3923
886,7086
886,3010
885,2743
885,6200
886,9813
886,2007
886,3418
887,9997
885,6497
885,5552
888,8260
887,5903
886,6531
883,2596
885,9625
886,6189
882,2186
886,7594
885,2557
887,0023
886,7466
884,4179
886,3855
887,0268
884,0566
884,1425
886,8828
884,3427
883,0376
885,2628
887,0221
883,8306
887,1723
885,9212
889,2145
884,5265
887,4736
883,0467
884,2567
885,8396
885,4871
889,2389
885,7751
885,1920
885,4296
887,0373
884,8598
886,1514
885,0829
885,8620
889,0881
885,0043
885,0746
888,1646
886,6828
887,1533
885,5780
884,8343
886,6960
887,4894
882,3714
885,2724
885,5040
886,6998
884,4791
884,9036
888,0715
883,7414
886,0839
889,7014
883,2087
887,2080
885,2625
885,5954
886,9402
882,8516
888,9639
884,4836
889,7050
884,9207
886,9919
885,1448
885,2536
885,9628
886,7944
883,3104
891,1086
889,3413
887,9476
886,0431
885,0049
886,6274
886,3945
884,0448
885,6799
885,2594
883,3266
883,6870
886,9560
884,9988
887,1571
883,9384
886,0531
887,2683
883,9197
885,5210
889,5241
884,1323
885,9428
886,6505
884,6257
884,3319
882,6646
884,5232
883,2575
886,1483
885,9494
885,4925
886,5474
886,0200
884,3986
887,1878
886,0338
886,9588
888,0415
886,4109
885,0889
886,2046
882,0859
888,2155
886,7952
885,8931
886,3321
888,0460
883,4468
885,9190
882,5334
881,7820
883,8426
890,8974
888,0234
885,2577
885,5153
890,3143
882,5407
885,2825
886,4522
885,8014
883,8016
884,5802
882,2663
885,0903
888,1004
886,4728
886,2236
885,8995
882,8376
885,4018
888,6369
885,0125
890,3088
883,2051
887,2780
887,6434
886,2370
884,0269
886,6295
885,9238
887,4367
889,1640
884,8667
881,7321
882,4248
889,0507
885,6047
884,4262
884,9789
882,8635
886,9760
886,4071
887,1681
887,0048
885,6386
885,4156
886,5069
885,2239
887,7257
886,6677
890,1497
887,3200
889,0244
886,5978
886,2862
887,6544
886,3715
885,8855
889,9690
886,8688
884,3146
889,6607
886,6867
887,9597
884,7981
884,5656
887,8889
885,6966
886,8035
887,1875
890,4871
886,7265
886,2714
889,1273
886,5181
885,3493
885,4730
886,7465
888,3626
886,3093
887,3646
886,3813
886,2311
884,9887
886,5471
885,1716
886,1245
884,8679
884,9613
886,7146
885,0361
887,7398
884,6676
889,0212
886,6628
887,6425
886,3311
886,9083
885,5349
882,5164
883,0074
882,8756
886,8188
887,7993
886,4173
885,7950
884,5649
884,9382
887,4908
885,6795
886,1744
886,9991
887,0038
884,2423
887,0524
884,4683
884,1347
885,7516
885,9612
886,0378
888,4273
886,1960
886,4466
884,0957
887,1183
888,2996
888,8863
882,9032
885,1909
886,3355
889,7902
886,2606
885,7591
888,1010
886,6334
884,5649
887,4100
887,2644
885,6757
884,4029
886,7154
886,0615
886,3295
885,7953
883,6280
889,0615
886,8701
886,9108
886,2603
885,1671
884,1368
889,5913
883,1331
886,0393
886,1075
886,1646
887,7325
887,6766
885,2937
887,7094
884,2605
885,8346
884,8287
889,1785
882,9859
886,0425
886,7573
888,4635
887,4290
885,4901
886,6336
884,5777
886,0376
886,8221
889,5190
888,7376
888,0434
883,4411
886,7458
889,3403
886,2312
886,0092
884,6207
886,8979
881,4328
887,3635
890,3347
887,0295
884,8491
887,5599
886,5525
887,7912
884,3088
886,3144
885,4078
887,5220
883,0146
884,5005
888,1656
885,1877
884,6501
885,9999
885,4828
884,7938
888,8296
885,8423
887,6517
887,8987
886,1803
886,9909
884,0340
888,1487
884,6504
885,7059
887,7194
886,9453
884,6962
884,7412
891,3446
882,2914
887,6839
885,0414
888,3073
887,1425
886,6702
884,1545
889,4227
885,2555
884,9092
887,9852
887,9214
886,1828
888,8898
885,2319
883,4520
884,4766
882,7708
888,8139
884,5843
886,4124
887,2719
883,9135
883,3700
887,1346
886,5797
885,4583
885,5096
886,1272
884,0985
883,6303
884,9992
885,1941
887,3221
885,3174
885,3222
887,3172
884,3105
883,6693
887,9898
885,0969
884,7512
885,8803
885,6845
886,6923
884,0114
883,8878
887,7498
885,4342
885,0737
887,3595
886,0164
888,1262
887,4110
884,7437
886,3464
885,0794
884,2977
886,2889
886,3309
887,5476
885,8326
884,2957
885,4488
886,8717
884,9741
885,8278
887,2724
884,8137
886,1068
884,3579
885,1919
884,4286
889,8628
887,5899
885,4708
886,6790
886,3762
887,4145
883,5058
886,7581
886,2224
887,5265
885,7851
883,2912
888,7990
887,3207
885,3998
884,7599
885,8812
887,3969
883,8326
886,1739
888,6134
889,2215
884,2039
885,3174
886,0542
887,6064
887,5900
886,9914
887,4288
886,7925
885,7984
888,6635
886,9544
886,3534
887,3369
885,1392
884,4151
883,3076
883,5409
889,2035
884,5501
884,3989
885,7313
886,8030
883,1977
884,0807
887,0744
884,9767
886,9939
884,9800
884,6137
885,2069
884,5606
887,6099
886,5056
887,1345
887,5857
886,4108
886,6628
888,5416
889,5053
887,6049
885,2873
886,4914
883,6719
883,3690
884,1903
886,8533
886,4283
887,4212
887,0856
888,6932
884,5968
886,9670
889,2861
885,2030
884,3937
886,5264
885,5225
889,1266
884,4658
886,4846
886,8437
884,4845
885,7860
889,1584
886,2715
884,8117
887,9317
890,3163
884,5059
886,0800
885,2731
886,0774
882,8350
888,6735
885,5309
885,1329
883,3725
884,8553
886,7664
887,1896
886,5170
886,4565
886,1106
885,6109
886,5445
884,3594
886,9222
884,8939
885,5876
885,9244
883,8792
886,4926
887,0829
884,5953
883,2286
886,5937
885,3726
887,0096
887,2715
889,3352
887,8066
884,9526
887,5530
886,0172
886,6652
886,2868
885,2235
890,0402
886,6886
882,7855
884,2607
885,1061
885,2770
885,2653
884,2412
886,5230
888,5751
886,6608
886,4265
882,6808
885,4726
884,9659
886,6851
885,3899
884,1337
886,5509
885,0306
883,4248
885,6129
887,7355
883,3252
884,0154
888,9800
887,6725
885,4246
883,5190
887,5647
884,2530
885,9891
887,3114
887,7173
883,7910
889,3909
888,6095
887,0586
888,6626
881,5357
885,5013
890,0145
886,0172
888,6510
886,9592
880,2849
885,9080
886,2972
882,4393
884,7074
890,9186
884,2472
883,9319
885,2029
885,5885
883,3895
882,7808
885,2694
881,3561
887,0609
884,8474
884,9857
887,8582
885,1407
883,2156
885,4806
886,8702
887,4255
885,8772
885,7341
886,9282
889,8700
886,7357
887,2835
891,6553
888,2901
886,3185
884,7854
885,0774
887,3172
885,6144
881,2217
886,7621
883,7112
885,0827
887,3472
885,1789
884,8186
888,3582
884,8931
886,8750
886,9218
883,7631
886,3036
886,6077
883,8815
885,9186
885,9954
888,5892
886,0364
884,4042
883,9239
889,7847
883,4385
886,4085
884,9938
886,9266
884,9058
887,0352
889,5366
886,4200
884,4057
885,6655
884,1870
885,7507
885,8558
884,6418
887,2020
887,6463
886,5550
885,5423
885,1810
885,7202
884,2014
885,4671
886,7534
887,7710
884,4852
885,6144
884,8520
886,9418
883,7332
887,3165
883,3852
886,6756
886,3894
888,1194
886,5324
884,0426
884,8872
886,7887
886,8462
884,7287
886,8649
884,3470
887,0091
884,7753
882,3434
885,3345
887,0869
887,9665
886,7295
882,9762
883,2987
884,4948
886,6278
885,3826
885,3744
884,6732
891,4823
883,8039
886,4008
889,3234
887,3247
885,0265
888,0747
891,7003
885,4741
883,8524
885,0341
884,5542
890,1092
884,9493
884,4150
885,9549
887,2662
885,1739
889,7737
887,5473
886,8483
885,3892
889,9435
887,4190
884,8529
885,7978
885,6110
886,1392
885,9894
886,2613
889,4410
886,7465
886,9938
883,9724
884,8636
883,2814
886,7078
889,6994
885,5070
884,6616
886,1082
884,8205
885,6067
881,7839
889,2409
886,3136
883,4949
883,5654
887,4985
886,0726
887,8744
888,3035
887,6905
883,7128
885,9404
885,2343
883,4322
883,7255
882,3405
885,1780
887,5018
887,8693
888,3115
885,9262
889,3010
886,1463
886,8726
884,5453
887,6087
883,5401
888,2943
885,7501
885,5247
888,8673
887,2457
884,7563
885,5537
884,2186
887,3868
881,0774
887,7627
884,6362
884,5431
884,8025
882,7096
883,8597
887,8070
887,6426
887,0958
885,0562
883,9554
886,6942
885,9440
884,7118
886,2886
889,6586
884,3552
886,0225
888,2873
884,4236
882,1439
886,4475
885,2892
885,9670
884,4011
884,9805
884,4817
881,7122
885,3002
884,4352
886,6947
887,3282
884,7149
886,1118
883,7031
888,0785
884,6800
884,3027
884,6740
881,8933
887,6751
885,4457
890,2388
886,4300
886,1294
884,4548
884,1304
885,3751
885,3141
885,9538
887,1045
886,9797
886,1164
885,5163
890,2483
885,5149
885,3174
885,3576
887,0184
889,0408
885,2873
887,1963
884,8766
883,5905
884,1600
888,8579
887,1123
888,3976
885,9180
888,3214
887,0030
884,6271
887,5481
888,6305
886,0951
887,1233
887,4205
889,5022
885,9562
885,6911
884,3738
889,4518
890,3522
887,4869
890,0506
883,4571
887,6869
881,3582
886,1536
885,0405
885,1962
884,1177
887,4243
883,5135
885,7298
885,8179
884,4162
886,1333
887,0411
886,0656
884,2997
883,3877
884,1205
886,2106
888,4663
883,7911
885,5201
888,2010
885,1679
886,1399
887,1773
884,4305
887,8502
883,6085
889,0648
886,5849
887,1866
886,7492
884,8260
885,4621
884,6943
886,6621
884,7388
882,9204
886,5027
888,7164
886,5666
886,8602
886,9960
889,4256
887,3022
885,4337
884,6127
886,0181
885,4331
885,9744
885,2632
885,4833
887,4540
889,4134
884,8791
886,5244
885,5303
888,4311
884,7541
886,8279
886,5813
886,8324
887,3136
885,4613
884,5360
884,7365
887,2990
886,0660
886,4782
887,0287
886,7924
886,2284
884,5221
890,0245
884,5382
887,0248
886,1752
887,1401
886,6807
888,0002
883,7967
885,0015
887,3498
885,3308
887,9862
884,0060
883,2366
883,5095
885,6740
885,4971
883,6458
884,8176
885,2980
883,4127
881,5251
885,0101
887,2738
887,1459
885,7472
885,7065
888,3876
885,2052
887,0714
887,4086
884,1194
884,2294
885,3433
883,3620
886,5074
886,6170
886,4450
885,4375
885,8294
887,1714
886,4881
889,9663
884,7943
886,0336
884,5078
884,5598
885,0485
886,8526
888,1203
886,6678
887,3652
885,8643
885,6787
884,9824
886,0503
887,0558
886,9245
884,9292
884,7240
888,1070
887,5264
884,6885
886,3798
885,9859
885,4991
887,3423
887,8679
885,0799
884,8322
886,9508
886,8034
885,8193
884,2083
883,6795
884,3244
886,6469
887,6517
887,8286
884,9932
884,8324
886,5184
888,2141
886,3415
883,6606
883,9536
884,5834
885,2115
886,8551
887,4648
886,9456
888,2152
887,5829
885,2680
886,4650
886,1407
888,8317
887,2512
885,0813
885,9832
886,8088
888,2559
885,4781
884,3842
887,8153
885,6673
884,2702
887,7273
882,7466
886,3075
888,2056
886,8494
884,3480
886,3019
887,6625
884,4985
885,7294
886,0275
886,0277
883,9613
886,6166
889,3482
886,0446
885,8659
888,2375
886,8743
885,4032
885,0209
885,4282
886,8634
887,1199
884,9546
885,7024
888,2299
885,0457
884,0384
885,3263
883,8270
889,8300
885,8259
889,4256
886,6046
886,4392
887,8526
887,2476
884,5801
883,1602
884,0628
885,3774
886,2947
887,0884
887,4666
885,7246
886,8510
884,8989
884,9969
887,0385
889,7026
884,7940
884,7743
887,6370
886,4125
885,9996
887,3054
883,8291
886,3561
883,4714
887,2448
886,2718
885,1799
885,9604
886,4796
884,8542
887,8816
888,1286
884,5189
883,7408
888,8234
884,7489
887,1325
879,8853
884,6731
885,8538
888,1458
885,2887
885,9470
884,2350
887,0574
887,1261
884,1919
884,3934
886,6554
879,2595
889,0838
885,7136
886,2599
885,2131
886,6526
889,6361
885,6539
886,6224
886,9389
883,6036
888,0593
885,6506
885,3985
884,2071
881,9892
887,3233
884,4150
885,9832
885,8994
881,9319
886,8025
882,7699
884,0128
887,2442
887,1326
886,3206
885,0938
887,6599
886,4222
886,0828
888,1347
884,1485
885,9701
885,4144
888,4829
884,6990
885,3951
885,6018
885,4896
883,3860
882,9648
883,5266
885,2159
885,4200
883,9667
885,4596
887,2582
883,4753
887,9041
884,4025
888,0295
889,0475
886,0800
888,8845
888,9790
886,0370
885,0883
886,7394
886,2326
887,8280
884,5977
884,7383
883,6699
885,3619
882,3193
887,5233
887,6409
885,8980
884,5547
883,9640
885,5353
885,5868
883,8876
888,3675
889,6107
887,8014
884,6679
888,5641
885,3707
885,1450
885,7126
883,5730
884,4794
887,2479
885,4115
888,3107
883,9755
886,1763
889,9584
885,8728
885,6516
883,5098
885,4605
884,1234
885,0297
886,1896
884,6677
886,4427
887,0081
887,9256
886,2660
886,2279
885,1358
887,3949
885,3367
884,3588
887,3389
887,3416
882,6246
886,2657
883,8134
885,3350
884,3370
884,5452
887,0653
884,3372
887,0696
883,7524
886,8481
884,5283
886,1509
887,1763
887,2618
883,8275
882,6027
891,4795
885,9164
884,1807
882,6337
884,8583
882,4534
884,1314
882,0618
885,6689
884,9676
887,0672
888,1583
885,7905
889,6120
885,3046
889,3905
884,6890
884,5007
886,2392
886,9750
887,2340
883,7712
886,1152
888,4682
886,1443
884,1303
883,6518
887,8984
887,5845
885,5056
883,9216
887,4067
887,2276
887,2253
886,9939
886,6490
886,3869
881,3596
886,3902
887,0850
884,4073
885,8316
888,7198
886,1820
889,0909
882,8557
887,7444
887,4749
885,8075
888,0542
884,6571
887,0863
888,7446
886,0398
885,5822
885,0297
887,4414
881,3688
887,0420
884,1491
885,4439
884,7483
885,6038
884,6391
885,7996
886,5164
884,6321
885,8756
884,9517
884,9262
886,5072
883,6192
884,4700
885,7598
889,3262
885,0731
887,8811
887,3423
880,9689
887,2654
887,9958
886,8251
883,7847
886,6131
885,2775
885,6566
886,6242
885,8505
885,1151
886,5869
885,8147
888,8598
883,8786
886,1491
886,0642
883,0011
885,1146
889,7100
891,1259
884,8128
883,2510
885,5078
888,7631
884,9004
885,3999
888,9692
886,7875
886,4206
889,5860
889,8897
883,9842
886,6265
882,3381
887,6488
887,6674
886,9657
886,5627
886,4529
888,9241
887,1046
886,3696
882,2417
886,5019
888,6343
882,4864
889,7387
887,4584
884,2346
886,7251
885,4581
885,0056
885,4392
886,8411
886,5840
886,4371
883,3153
884,6851
883,2523
888,6086
886,4452
885,6825
884,4921
884,2175
881,2753
884,6370
884,6144
888,5930
886,5699
886,9674
884,6656
884,4342
884,4326
888,6378
889,5525
887,1367
884,2542
886,4842
888,8514
888,1996
886,4873
884,2219
886,3347
885,3815
888,0759
885,5243
887,4919
888,9505
884,6041
886,9857
886,1174
886,9477
886,7548
886,4238
889,1995
884,6341
887,5169
884,1032
888,5778
888,6105
885,1552
886,8164
887,7825
883,3229
886,7032
886,7545
886,3688
883,8182
887,6275
886,0418
885,9543
884,6898
884,2085
884,2155
889,1273
886,6516
885,3012
882,1495
885,9407
885,1559
884,1665
890,9483
885,4006
884,7324
886,3649
886,5573
886,9374
887,0618
884,5778
886,2641
885,5522
882,6030
883,7807
889,6949
884,6688
884,2978
885,2873
888,3562
887,4047
888,3405
885,0842
881,7769
884,6278
885,6089
882,4758
883,3651
885,5158
886,5306
885,7288
886,1953
886,0723
888,0774
884,6286
887,1960
885,1883
884,9108
883,7669
889,2700
880,9175
886,5517
883,7188
885,7231
887,8590
884,7934
884,4795
888,7593
887,7478
884,4308
888,6989
887,8021
886,6941
885,4926
883,6816
884,7960
887,5668
882,0558
889,2136
884,9159
886,0267
885,6422
888,9176
885,5418
883,4257
885,5167
882,6790
885,8200
888,1495
886,1585
885,4197
886,5653
884,4047
886,7685
886,8719
884,2434
886,6737
885,5559
888,8094
884,4079
885,0985
886,5562
882,9146
884,8186
886,7585
884,8011
884,7088
885,1699
887,4219
880,9330
886,2272
887,3955
884,7822
884,3485
884,6284
883,3127
885,3017
885,9196
885,9196
887,1318
884,3691
888,5047
884,1518
884,0932
888,7234
887,8515
885,4567
885,1403
885,1335
887,8857
886,5027
887,7513
887,1894
888,5051
885,8682
884,1688
887,4373
886,3642
889,5868
885,4721
887,3586
885,9063
884,0419
884,3604
886,5473
885,3106
882,3574
885,8121
886,4848
887,1432
887,9078
885,1295
886,4875
886,8507
885,8240
883,7967
886,9952
883,7343
885,3175
888,3314
883,0368
886,6032
890,3620
886,0148
885,5280
884,8206
887,4402
884,3480
885,0779
887,7872
885,9825
887,7354
888,2297
884,5264
887,0052
885,1499
884,0114
887,3647
887,3602
885,7102
886,7837
888,6390
885,6847
887,4275
884,2478
887,5057
881,8676
885,9204
884,3357
886,7806
887,4893
889,8514
884,1821
886,2491
881,4783
883,6958
886,2932
883,3181
885,6044
888,4233
883,1503
886,5000
883,5725
882,7784
886,7054
884,9452
886,2410
887,7663
888,2968
888,8763
885,4903
885,9213
885,8486
888,8399
884,9518
884,3198
885,2291
884,2740
884,1018
885,6507
885,6558
887,4020
884,4744
886,8555
886,1117
884,3881
890,2360
885,4845
889,5104
886,9362
885,1819
886,1085
884,3950
885,6606
885,4868
887,4956
883,8603
886,7196
884,7554
882,3966
885,2533
885,0033
882,9170
884,8272
887,3865
882,9477
887,1498
884,8445
884,5221
883,5443
886,1257
886,4920
885,2574
888,8068
883,4740
887,0934
883,9127
883,2996
884,8786
885,0772
885,1561
886,0069
884,4628
887,8481
889,8660
888,3720
886,2422
883,9891
883,1238
885,3672
886,1591
887,3958
886,9636
885,7747
886,7247
885,4607
886,2080
884,3834
885,0259
887,3244
887,1891
887,6078
886,0128
881,1191
889,1122
888,6764
887,0614
886,0756
881,8536
885,2196
884,3299
887,4779
885,8693
883,7923
886,2334
889,0628
887,8682
887,2838
885,6466
887,3909
883,7786
885,5672
887,9475
887,7244
886,5340
886,9496
886,7448
889,6822
889,7099
886,1025
884,7734
884,5171
886,3745
884,9670
883,2311
889,0775
883,9996
884,5875
883,2707
883,4076
888,4809
885,8336
885,8458
885,9112
886,2259
886,0993
885,3506
886,9200
884,0890
888,6428
887,7610
887,2800
887,0825
885,7447
886,3496
891,5442
887,2896
887,5698
884,8168
882,1170
889,0333
882,2566
887,2441
886,7995
884,7829
886,5228
886,9832
883,4584
883,7703
884,3729
886,7692
886,3011
888,7106
882,9708
883,5422
885,8613
885,4148
883,7054
884,6895
883,9323
886,7250
884,3237
887,5261
881,9898
882,2944
885,1398
888,2385
886,8863
886,6127
887,5442
886,0463
882,3627
888,6453
884,0934
884,2473
891,8022
888,6434
884,9737
885,8979
887,5058
886,0471
886,7144
884,7425
883,5995
887,1737
886,7616
887,4854
886,7909
885,5395
885,2320
885,9433
885,6710
885,4057
889,2192
886,6683
882,9117
887,3377
888,5500
884,0400
882,8982
884,3273
885,8975
886,0867
885,0200
887,5598
886,6681
886,1800
884,7644
887,5979
882,6403
887,3710
887,0059
883,6823
888,2597
884,5319
887,3495
884,0260
885,8522
885,7877
888,7348
885,8738
882,5341
886,2132
885,5609
886,0915
887,9966
886,5146
886,8611
885,6911
883,3174
885,9115
886,3731
885,5214
883,2835
885,7032
887,8009
884,9474
885,6832
886,1734
884,8177
882,5906
885,5575
883,8576
888,7937
885,0953
888,6287
888,1054
885,7210
883,9156
887,1868
887,0341
883,8483
885,9426
886,5936
882,3486
888,1359
884,2893
885,9602
884,5207
883,5474
887,2784
887,4591
886,7586
885,5612
882,7048
883,6674
885,1508
884,6296
886,2529
887,1614
885,8307
887,1202
885,5740
886,5610
887,9987
885,8115
887,2122
887,9024
888,8610
887,8466
885,9285
887,5639
887,5538
888,9441
886,2554
886,5415
888,9362
882,7965
886,2444
888,5261
885,3145
889,6505
888,5023
887,6455
884,5325
884,8082
885,1962
887,1236
886,4308
887,4152
886,4117
885,9332
882,8087
886,3892
885,1186
887,6961
886,3612
887,1789
884,9282
883,3393
887,4540
886,3350
885,6273
887,7053
884,8883
883,2447
884,3775
885,1601
886,1061
887,9062
886,5157
885,5809
885,8530
884,2539
885,0083
887,8695
886,0502
887,0446
888,6157
884,8469
888,3227
889,3455
884,5901
887,5702
885,1377
885,9701
893,7527
886,4924
886,5422
887,2093
885,8745
887,7598
885,7233
883,4871
888,8451
887,2248
882,1382
883,9374
887,2105
886,9024
883,4837
885,9587
887,4571
881,7791
886,6235
885,4231
889,4613
885,4117
886,8821
886,2369
886,8300
885,3426
885,5974
886,4177
886,4108
887,2992
883,9061
884,9259
885,1788
889,1404
887,7789
883,4596
885,0250
888,5472
886,1479
885,1184
887,1786
883,1422
887,5771
885,5170
883,9056
884,0614
885,2944
886,5952
885,3578
885,8597
885,7784
884,4320
885,8023
885,8558
886,5340
885,4049
883,4267
885,4986
886,1414
885,6356
884,2847
885,7495
886,9757
887,1406
886,9227
886,8444
888,6524
887,8102
886,8443
885,2992
889,0542
887,2201
883,9420
885,3230
886,2731
885,1513
885,1825
886,4982
885,7728
885,8943
887,3370
887,7561
885,2119
883,2091
890,0154
888,1825
884,5888
887,9174
885,3611
887,5184
884,4724
887,0347
886,6421
885,9857
885,9563
884,4565
889,2708
886,7718
884,2300
886,6174
889,5637
886,1604
885,9941
885,4966
886,2979
887,3284
886,1322
886,0746
885,7453
883,7960
883,7989
888,8220
886,3866
883,2603
887,9481
883,5213
883,9306
887,8685
887,2850
887,0803
884,0797
886,2370
883,4246
886,6132
886,7308
882,7167
888,2271
884,8004
883,5997
886,8654
884,5105
883,3439
884,1982
882,7245
887,4366
888,7141
885,9129
885,5262
885,6303
884,9566
883,7191
884,6640
885,5470
884,7851
882,9898
886,4198
888,4278
886,4580
882,6677
887,4398
887,4944
887,2538
887,2515
884,5755
884,6015
886,6464
885,8100
887,4409
884,1920
886,4704
887,8675
887,2373
887,4561
890,6116
886,6829
888,1682
885,5122
883,9544
886,9401
884,8151
887,1056
886,1865
885,9573
887,7091
886,4463
885,3046
883,9146
887,0414
885,0440
884,2752
888,2434
886,6301
884,2933
886,0332
884,0540
885,6341
886,6649
886,6689
885,4592
887,6148
884,8691
885,8914
887,8220
888,7854
886,9989
883,0394
884,1230
887,5083
884,1807
887,9425
883,1600
885,1812
885,6014
887,2899
887,6542
885,2847
885,3271
885,6427
882,3095
885,4844
885,4377
884,9248
888,4531
886,3196
883,0204
886,3121
885,3921
888,1402
883,4474
885,1251
882,9590
885,4802
886,7116
883,9011
885,8500
886,1616
888,0159
884,3440
886,1243
886,2652
886,0791
883,8449
887,0301
885,1872
884,5452
886,6931
884,9862
885,6476
883,8514
886,3914
888,1909
887,5741
888,8608
887,5055
884,4551
888,1850
886,9952
882,3977
887,2761
888,1486
883,9296
886,4373
885,5802
888,0453
889,2714
885,3552
886,2030
886,2853
885,5950
884,5419
887,4995
888,2404
887,2893
886,9510
888,7923
885,9316
885,4432
886,7717
887,0137
889,1794
887,3439
884,6785
884,8815
886,2912
885,6185
886,3809
887,5687
885,4070
884,3709
886,2737
885,9487
886,6074
887,8782
884,2995
884,1177
886,6167
884,7357
885,8562
886,4566
886,9531
883,9524
885,4662
888,0194
887,3412
885,5823
884,6145
888,1213
884,1639
885,3351
885,5491
884,0099
885,9069
891,2654
887,3970
888,1952
885,7816
884,6498
886,1985
886,6632
885,4145
882,9611
886,4502
887,9992
885,0629
886,6290
884,4954
886,5664
888,4299
884,1362
883,0828
884,2569
885,1557
885,4047
887,7770
886,2629
886,2805
887,2286
885,3432
887,7329
886,4628
885,6476
886,0713
886,5020
886,9240
885,0646
883,7732
886,9071
884,9682
885,0265
885,9962
885,8511
887,3342
883,9726
883,2853
882,6633
885,6227
887,3199
886,9550
882,6647
884,0754
888,3530
884,1962
881,9727
887,5097
885,5032
887,3962
886,9798
886,0980
886,2083
884,7110
884,7769
887,7457
885,6399
885,7596
886,2226
886,4772
882,9152
887,7930
885,2825
886,0260
888,3560
885,8412
887,4578
885,0515
884,8954
888,5667
887,7260
887,5587
887,1028
887,2655
886,6719
883,7489
884,0928
887,3503
881,6340
886,3550
884,8518
886,1113
886,3138
884,8908
887,7063
885,3865
887,3724
884,0963
886,5891
885,5986
884,4506
887,7175
885,8216
886,9918
885,7461
883,8229
887,1153
885,3757
888,1293
888,1766
886,1023
887,4832
882,7921
886,1879
883,5933
885,5371
884,0260
886,0444
885,2692
886,7701
887,5594
887,1328
887,2885
887,0258
888,9741
886,3262
887,7726
887,7607
886,0298
886,3364
886,9443
882,3350
884,9452
884,7904
885,7744
885,3395
884,3432
883,7599
886,4936
887,9762
886,6271
885,3904
888,7513
887,1631
884,7833
886,3816
887,5133
884,4222
886,7900
888,8371
887,0577
887,1997
887,7647
882,7130
883,9783
886,1462
884,9287
885,7000
884,7160
886,6110
885,6510
886,7592
885,9906
886,8912
886,8556
885,6021
887,4757
887,1527
885,2109
884,3529
885,8139
887,0099
885,9260
886,5502
886,5792
887,8108
887,0323
885,0915
883,2546
888,5866
884,3289
885,2176
883,4721
883,9389
881,8713
887,2024
883,6594
884,6088
883,1670
884,9290
885,0676
886,5393
886,7850
883,5891
885,5513
887,6030
887,8274
884,9546
887,2242
885,0199
887,2819
885,5590
883,5771
884,2778
886,8231
889,4263
887,1425
883,6128
886,7854
883,0767
887,8227
883,9711
885,6384
884,5611
887,4245
885,3203
887,2762
887,4993
883,8979
887,4677
885,8524
888,5372
885,9746
887,4772
884,8091
887,9569
886,8035
882,9007
887,1380
887,3928
887,6807
883,5355
883,3163
884,8999
888,0465
886,9257
886,6056
886,3430
885,2376
886,3771
885,6639
883,7756
884,8578
884,7981
884,9635
886,3915
886,7960
888,5269
882,5605
886,6910
885,2870
886,3054
887,7183
883,2177
884,5843
885,1486
884,6578
884,2349
885,5054
885,3434
887,8791
886,8893
889,3775
885,3679
885,4289
885,5863
884,6770
885,2218
885,7046
885,7138
886,1415
884,8211
887,6429
888,8523
884,8940
883,0173
885,8468
885,8795
889,3634
886,2785
885,8357
887,2910
889,0626
884,3022
886,6061
883,9135
886,9435
881,9362
884,3006
885,7580
886,9480
885,2351
882,9786
883,3843
887,7592
884,2591
885,8964
887,0858
885,3261
884,8825
885,4882
887,5762
884,0572
886,2528
886,8895
884,5898
886,4569
883,5745
884,3261
886,2208
886,1451
886,7687
883,9380
885,1439
886,9432
883,5823
886,6178
885,1786
887,4541
884,2787
887,8711
887,4557
883,8646
885,9462
885,1911
885,8931
885,2567
886,8118
884,6436
884,9530
885,2001
884,4988
884,8282
882,4937
886,5040
884,9700
886,1443
884,0631
889,3697
881,6805
885,4111
886,6668
884,4957
884,3023
885,7556
885,0153
883,9465
886,1683
887,2237
884,5718
885,2800
887,0233
884,4564
889,2324
886,6351
889,7931
885,4117
883,8238
886,3311
888,5206
890,3677
885,1487
884,9324
885,4283
883,6885
885,4976
887,9012
883,7291
885,4302
882,2583
883,2412
885,3416
886,2244
886,3049
885,1011
887,8532
885,1023
888,2819
884,5933
882,9346
882,7835
887,8872
885,8779
886,1919
884,7077
881,8407
885,9675
887,7113
885,4950
886,1886
886,8894
886,3491
885,8218
888,1655
888,3402
886,6704
885,0025
890,3817
886,4725
885,4658
886,9665
887,2419
885,3569
884,0693
887,1694
887,1098
882,1558
884,5855
886,5511
882,1378
889,4861
886,8195
885,1752
886,2769
887,6793
887,1719
882,6569
887,3132
886,4168
883,5782
888,2445
888,3294
885,7503
884,9507
882,5124
886,6691
886,8633
883,1254
881,3767
886,0899
888,7412
886,0229
885,6930
885,9613
884,6472
886,3743
887,2147
884,3073
884,9971
884,9405
885,6974
883,8807
888,2567
885,7232
886,5507
886,7090
883,1026
887,0536
891,6352
886,9728
883,6837
885,5255
884,8595
883,9366
884,7702
885,5744
885,6752
886,0498
884,5001
886,7708
885,4291
886,8125
887,1725
885,2099
887,5625
887,1372
888,4691
886,5437
885,4691
883,6356
884,2883
885,9298
889,0235
888,0702
885,6730
886,0372
885,5392
885,5179
887,1092
884,6992
882,2104
885,6979
885,5406
884,9158
884,3319
889,1314
887,8493
887,0720
888,2830
884,5554
889,8255
886,5402
884,4455
883,5644
884,8095
884,1743
888,3544
885,2323
884,6179
885,2102
886,3189
887,2588
888,3318
885,2426
886,4314
883,4558
883,8832
884,4055
884,6634
886,9767
884,9766
889,4751
886,6972
886,3850
882,9437
886,3364
887,4856
887,9176
885,8360
886,8305
886,6497
882,0841
885,6654
885,2120
889,4278
886,2271
884,6594
885,0385
888,6110
887,3903
887,1812
884,7399
887,2974
886,6907
887,2031
886,4692
885,6328
887,5406
883,5947
883,4485
886,2505
881,5645
882,9132
884,8290
888,0399
884,3175
890,7997
890,6331
882,5630
886,8727
883,1294
883,5185
882,5162
887,5799
888,5713
885,5913
884,7367
887,0566
884,0720
884,6883
885,0405
888,9958
889,0958
886,0137
883,8561
885,3522
887,2582
890,5894
886,2875
885,9098
884,6913
885,3808
885,3707
884,3479
885,2968
885,9535
888,0431
886,8343
886,4780
883,6155
887,1565
884,1946
885,6650
887,9756
884,5657
885,4339
882,7343
888,1093
887,0601
887,9413
884,5747
884,0964
886,1994
885,5159
886,0174
886,7114
882,7604
886,1711
886,0991
889,9641
884,8807
887,6174
885,4483
887,5922
886,3684
883,2389
886,6722
884,5047
884,1747
887,3823
884,8627
885,9264
886,2363
886,4808
884,2303
885,1623
885,8925
888,4181
884,8588
885,8795
886,4470
885,3949
883,0335
884,9961
883,4735
885,4733
886,8977
886,7941
884,1432
886,7530
886,0436
883,0740
886,3811
886,6581
886,6188
885,7046
888,4905
886,3701
886,3983
889,4847
888,2773
885,1113
886,7088
888,7969
883,7068
883,3855
884,0988
884,4437
886,7087
886,4734
883,6931
887,7465
886,4498
887,8198
886,0495
882,7120
887,6824
884,9748
884,8530
883,2843
886,0613
887,1644
883,8187
887,8828
887,6499
885,0302
882,5929
884,9832
885,0491
883,3142
887,2460
884,2804
885,2092
886,5484
888,4046
887,9487
887,2433
887,0572
886,3532
885,3932
886,0907
887,0334
886,2370
885,7481
885,2142
888,3993
890,9480
887,1226
885,4377
885,2050
884,5449
886,2223
885,3821
882,4971
888,8420
887,7718
883,3729
887,6493
887,1442
888,9973
881,6714
885,1297
884,7485
884,6415
886,0683
886,3285
884,2649
889,2365
886,1157
885,4766
887,5806
883,1088
888,3109
885,2078
883,9417
886,3899
882,0876
887,0082
882,6357
885,5484
889,7071
887,6336
886,3068
883,7508
885,2794
885,0699
889,0054
885,7051
886,4178
884,3602
887,4871
883,8946
886,4392
886,6902
887,3852
886,4004
885,5841
885,5918
887,6682
886,0279
883,4364
889,3653
887,1325
886,9031
886,0209
883,3559
886,5041
885,6664
884,2037
886,9000
882,3620
884,5193
885,4286
885,4364
884,4182
886,0616
888,8351
884,8422
886,7287
889,3931
884,2145
886,9192
884,5309
888,7937
889,8745
885,3730
884,2786
885,2534
889,4833
887,0393
886,1133
884,6260
886,1942
885,9409
885,9724
885,6429
884,5452
885,8527
883,5093
885,4839
887,6422
886,0077
884,1616
886,6639
883,8545
888,5216
887,2818
885,9479
885,2455
886,5252
885,4705
886,6106
883,9737
886,3702
884,0361
888,9838
886,6973
887,7186
885,9345
882,0325
884,8197
885,3060
884,1964
884,2573
885,3231
888,2815
887,2206
885,0655
886,7558
886,9041
884,6075
884,6870
886,6043
886,0806
884,4349
887,4427
886,9943
887,2518
888,6098
886,1803
887,8178
885,6910
888,4420
886,1844
885,9220
885,1407
886,9219
882,1864
886,2208
885,3228
883,2439
886,0735
886,6681
887,4684
886,1557
887,7528
887,9223
888,1242
886,9654
889,9932
884,3353
884,2524
887,2295
888,0994
886,5260
880,9483
888,5537
885,3964
884,7853
887,9075
885,3603
885,9960
888,7919
882,7884
880,3172
884,0551
883,1317
884,8150
885,7239
888,2574
885,6362
885,3439
885,2475
885,5900
886,0701
887,1212
885,4712
886,4523
885,8206
885,0519
883,4021
884,9207
888,7010
885,2851
882,7694
886,5608
886,3428
882,2811
886,8646
887,8070
887,3985
888,7458
883,3057
887,7946
885,9695
886,4247
886,4212
884,4886
888,0585
882,7217
887,0571
885,5894
885,2485
887,4582
884,5394
887,1129
886,0240
885,0356
885,9968
884,5908
885,9290
887,9536
885,3105
885,1524
885,8505
884,8420
884,9141
884,3980
885,4909
888,2521
888,4668
885,7665
887,3638
884,9449
885,9647
885,8958
883,6379
884,9337
884,7577
886,8610
885,3372
887,7649
886,7367
884,7476
885,0449
887,1662
888,2034
883,8113
884,9480
883,4895
885,2208
885,8833
887,6798
886,4317
888,3578
886,5458
887,5106
884,1565
885,3222
885,1263
884,5596
886,3486
885,5650
885,8636
886,0071
888,5093
882,7008
886,0389
883,4252
884,7789
887,0105
886,7373
886,7767
883,0301
883,9845
884,3571
886,2141
883,3140
886,4932
888,5018
885,4277
888,7963
885,1321
887,0827
886,0869
884,2136
883,1615
885,9648
885,4380
888,1140
886,3634
888,0306
887,4650
889,0641
888,7774
886,0990
885,7933
886,7751
887,1904
887,1138
885,4817
887,8040
887,9052
887,7353
884,8599
881,9732
885,7152
885,4026
885,9820
887,1449
885,1966
883,6904
884,6480
881,6493
885,1299
886,6849
885,7892
885,0394
886,6423
884,9718
885,7260
883,8401
885,1549
883,6960
885,3419
888,0733
888,6022
888,6674
886,4436
884,5750
885,6522
889,2424
885,1613
885,5643
885,9677
883,5420
886,0382
889,2245
884,9872
889,8200
887,9362
884,1789
885,5452
887,0645
884,2007
886,4802
887,3421
886,1425
885,2520
887,8944
885,0353
887,5321
887,2914
887,3276
887,9059
886,8055
882,6285
886,4117
884,3756
888,9997
884,2303
885,2295
885,6489
887,3709
885,1706
886,1779
885,4439
889,7582
887,5429
888,0635
888,4747
883,2875
886,4245
885,5012
887,4166
886,2351
883,1474
886,0045
885,5494
891,1850
886,9117
885,2302
885,1628
884,7597
884,3688
886,9012
884,2590
885,6204
884,7164
889,1618
884,1276
883,2409
884,1607
886,2635
884,4137
885,6139
884,8068
885,9035
888,9178
884,7483
884,4129
887,0399
883,7847
886,4145
884,8336
888,0160
887,9650
890,5837
888,8966
885,3699
886,5779
886,3574
883,1081
885,9035
883,8860
883,8879
886,1932
888,1785
889,4672
881,6569
885,2146
884,5495
887,2053
885,5180
886,1214
886,2967
887,9768
886,1130
883,9039
884,5527
888,4411
884,4719
887,2275
886,1185
883,2628
885,4800
887,0774
886,2493
887,3087
885,7439
888,7040
888,0063
890,8870
885,7415
889,8195
887,6227
888,5089
885,3644
882,2106
885,4714
882,5930
883,5668
885,9005
885,2735
882,0671
884,9068
882,7207
887,8636
887,2423
888,3176
888,0178
887,0413
886,5661
888,0314
883,8707
884,9330
889,3441
889,4089
884,0031
888,4804
886,1063
886,4591
888,0025
887,7209
884,8260
885,7810
883,5621
884,6633
884,0174
889,0473
889,3230
887,9365
884,8676
886,7599
883,1304
884,5045
887,0360
885,7730
888,0181
885,0094
884,7747
885,2087
886,6836
886,0104
889,5504
885,9412
882,4072
886,7818
885,7028
885,1543
884,1496
884,0865
885,3176
888,3454
886,2309
885,3904
888,5579
884,5583
880,8793
883,5880
886,7282
891,3518
884,4078
884,5982
883,2684
888,4081
886,2385
884,4225
885,2118
888,4684
886,1692
888,3124
886,0656
884,8309
884,4049
887,3323
887,8757
886,4941
885,4094
884,8239
885,2119
883,7857
886,4700
883,9057
884,2043
885,6577
884,8793
885,6766
888,8640
887,2981
886,6028
888,2375
889,4451
886,0976
884,6012
884,7255
883,7386
885,6538
888,3148
886,7864
884,7299
887,3064
882,9782
886,3179
884,3126
884,5186
885,2517
887,6045
886,8168
887,8648
887,5242
886,1765
886,5954
884,4941
885,7139
886,4704
887,4881
883,3971
884,7081
885,9880
883,3626
885,9939
886,9639
884,5785
886,3801
886,1656
886,1243
882,4789
885,5980
889,3474
883,3929
886,9060
889,1161
888,0905
889,3213
887,4296
887,2882
885,6512
885,0874
886,4028
885,4254
886,1920
886,1292
886,7911
887,6180
887,2157
883,4493
885,9475
885,4663
882,7612
885,3790
886,6593
881,6387
885,1932
884,1358
883,9579
882,9623
883,7080
886,4439
884,3693
885,1230
885,0131
886,1152
887,6978
882,4670
883,8442
882,9881
887,9184
887,4220
889,2958
885,3082
884,6220
888,3642
884,5348
884,7162
887,6918
888,5145
888,0978
882,2179
887,1414
885,9614
884,1295
886,0839
885,5702
883,0392
884,2443
887,2146
885,4295
886,5313
888,0293
884,0402
883,5401
884,8607
887,6378
886,1479
886,4351
881,7154
886,3539
882,3325
885,7205
882,7791
883,0763
886,2816
886,1101
886,8330
883,3715
887,7508
886,2898
884,6263
885,9813
888,0371
883,9638
886,1695
882,1865
883,4130
887,4312
884,7906
886,3808
887,7677
888,2720
886,0655
888,2608
885,4326
882,5074
890,1134
887,5075
884,6147
885,0390
886,4378
885,5832
883,1677
886,6327
883,3536
887,3706
885,1179
887,2926
886,2024
886,4941
887,2003
883,8138
885,0134
884,9604
889,6531
883,0293
884,4119
887,8920
886,7207
883,5787
887,1300
882,3081
883,9107
885,7655
885,8495
890,1885
884,0331
886,8780
887,1542
885,8073
887,0364
886,4339
888,9937
885,8390
886,9510
884,9496
883,5134
887,6929
887,4186
885,4038
887,1417
884,7900
887,8421
886,6671
886,3130
884,1870
885,2886
885,2285
887,8294
885,5826
887,1479
887,9597
885,1163
885,8313
886,2625
886,6346
883,8712
885,5306
884,8141
883,9767
883,0797
887,9488
886,1356
886,9326
888,0335
887,9131
887,9175
884,5314
882,9668
886,3802
887,0752
883,8525
884,6877
884,5386
887,8765
887,8359
883,5561
887,5764
887,7215
887,7354
886,8049
884,1716
889,4311
884,3572
883,9977
886,9993
887,9536
886,9310
884,7342
884,8380
884,2115
886,9941
888,6458
887,1434
886,9277
885,0089
884,4414
883,5670
886,5520
888,2408
886,8393
889,7075
885,1266
887,7931
885,7143
886,6880
886,8628
885,8894
886,7986
886,2119
888,9676
885,3565
886,4261
885,3569
885,3766
885,7426
885,0051
886,6868
885,7019
885,3392
887,7064
887,4714
885,1584
888,1547
888,3804
884,7200
882,7208
885,7140
886,1087
886,2622
886,1992
886,6959
888,3527
884,7657
883,4997
886,4482
883,8340
884,9047
889,6542
887,2677
885,0551
884,7366
886,1364
889,3508
888,2168
886,7329
887,1187
887,2287
887,5468
886,1439
884,6501
886,3610
889,8737
884,5244
884,8549
885,8313
889,7174
886,4079
887,8237
886,3275
887,1450
884,4519
889,4559
882,3928
884,9039
884,9383
884,5794
886,3352
886,9310
886,6575
885,4533
885,3149
886,4022
886,4824
884,1691
885,2503
881,8838
884,3919
885,9074
886,1998
885,9155
887,2430
887,2069
884,2248
884,9090
888,7358
887,5761
886,7540
887,0029
887,2579
886,3991
887,6306
883,7055
885,2221
884,8728
888,1829
885,5650
890,1969
884,7649
887,3455
887,0818
886,8025
884,7328
886,1174
886,1358
886,1332
884,1166
884,0760
885,3080
885,4511
883,6612
887,4391
887,7924
884,4868
886,0198
884,4548
886,3623
886,0149
886,2424
882,8468
885,5844
883,5329
886,2914
890,6427
885,6718
883,6209
886,2153
891,2466
886,6434
885,0889
885,3126
884,7880
887,7455
886,5316
884,8781
889,6193
886,4310
883,9223
886,1667
886,8487
888,6891
888,2962
883,8152
883,8892
883,5830
886,6307
885,7946
886,0752
884,7373
888,7420
885,5172
887,9321
883,8544
888,3765
886,4389
883,8403
884,4061
882,1621
885,6156
886,5772
887,1897
887,6030
886,3134
885,4428
888,7778
887,2453
884,9696
886,8958
885,6325
887,4995
884,8556
884,2444
885,0545
886,7404
886,4668
885,1748
888,2106
885,1266
883,9071
885,7216
885,2270
887,2369
885,7252
885,2022
886,3356
885,0958
885,1857
887,0042
886,3289
885,7397
884,8698
887,9741
886,0505
880,1799
886,5285
886,8495
886,1340
885,2527
886,2116
888,0986
888,8811
884,6544
884,1154
886,8383
888,6568
883,6671
887,1352
889,4276
890,0385
883,2973
884,7524
883,1469
887,3399
890,3536
885,8154
888,0979
885,3622
885,0672
886,3355
889,0760
886,7397
888,7639
887,0412
886,9922
883,5383
887,7195
887,3794
885,3294
884,8440
884,8389
885,0906
886,5703
886,8519
883,5535
887,1824
884,6874
888,0202
884,0700
885,0163
884,1674
888,1343
883,0497
882,4581
884,2004
886,1638
885,2802
882,9728
886,5190
887,3727
886,1950
885,0303
888,2802
886,1414
888,4271
887,3833
885,7525
885,5982
890,4252
888,2524
883,7426
885,3628
885,0867
884,1071
884,4027
887,1057
888,1215
886,9536
884,0508
886,6365
887,2415
884,7003
885,6090
888,8475
884,4713
886,2270
885,1440
884,6571
887,3947
884,8690
884,6956
888,0712
883,9976
885,2323
884,2246
883,1030
883,7949
887,9331
888,1775
888,0959
886,8167
886,6403
886,0532
883,5674
887,0283
889,1108
886,5255
889,0898
885,8021
885,6301
883,9430
890,6587
888,2324
883,9230
883,2062
882,4953
888,4975
887,4705
888,7990
884,5050
885,3856
888,2446
885,1272
886,8080
885,7948
887,0573
885,6099
884,8840
883,3788
887,3474
886,0708
885,9034
888,4705
887,9400
886,3650
886,9686
884,5687
885,7817
883,8035
887,0800
887,0059
885,2692
887,1862
883,4106
884,8742
885,2597
884,4089
885,5832
885,3377
884,5516
885,6450
886,3413
885,2676
886,6887
886,3305
886,0727
883,8556
885,0354
888,3482
884,7113
885,9316
885,0369
887,3175
884,5635
885,8684
890,0192
887,5135
887,1624
885,4521
884,6295
886,1325
887,7800
884,0969
884,4432
883,6914
885,0541
885,6556
886,7730
886,0004
887,0136
887,7858
888,1806
886,1218
884,9157
884,7435
886,1539
888,6096
885,2759
885,9236
886,4194
882,1292
882,5756
887,9202
886,4139
888,2967
885,2449
884,7935
888,7303
887,5389
885,0951
885,6461
884,7325
884,8686
883,1697
885,6378
886,6662
886,2946
886,3483
886,0118
888,2122
885,3876
885,8999
887,2000
886,6883
886,5131
888,3367
885,7391
889,0753
884,8770
884,1280
886,4022
887,0375
887,6054
886,8298
886,8444
884,7553
887,1332
885,2494
886,0312
890,5424
883,9234
886,7275
882,8599
882,2649
884,9588
889,0397
883,0746
885,4441
886,6472
884,2540
884,3870
884,2883
887,4046
888,2873
886,1832
886,4195
886,9563
887,8655
888,3827
885,3522
887,0783
887,0467
882,1755
886,7920
885,5428
887,6059
887,2453
887,8709
883,5582
884,8543
886,5917
888,1925
885,9787
888,3766
884,6309
886,3209
884,7906
885,4907
886,7938
888,4170
884,6081
887,0978
882,9321
885,6993
885,2421
884,6501
885,2877
886,4296
886,8435
886,4832
884,6820
884,2691
885,9965
886,5599
887,4050
886,2512
885,2261
882,6235
886,9142
887,3152
886,5278
885,4200
886,9893
885,8748
886,8405
886,0432
883,8231
884,6641
886,3788
888,3858
883,2184
882,8658
885,7244
883,9743
884,7057
884,2889
888,0041
887,1671
885,1904
887,7019
885,6179
886,7212
883,3140
884,0880
885,2837
885,3006
886,2177
887,5385
889,3621
887,3837
888,1810
884,0973
885,4615
887,9239
889,0625
889,4737
883,6012
887,2248
885,6406
883,6435
882,6256
885,6912
886,4715
887,0392
887,4894
887,2295
885,8680
885,9926
884,6726
886,8573
889,4307
886,4243
886,6893
887,4254
885,4364
885,6785
888,6206
884,1363
881,4812
885,1702
885,8941
885,7453
883,6904
885,3177
885,1420
885,0692
885,0382
885,3875
886,0289
885,5375
885,8378
886,9678
885,8477
888,6149
884,1786
886,8318
885,7583
887,3822
886,2206
887,3869
884,7010
888,1194
884,7480
887,7788
886,4627
885,6049
883,4761
889,9335
883,0797
887,6023
887,9085
888,1673
885,9755
885,1599
884,7085
884,1490
884,7040
885,7868
889,7357
884,5905
888,9656
885,9110
886,8823
888,2096
884,0234
889,1659
886,6878
885,9587
887,3799
884,9674
887,9182
882,3351
886,0892
884,7123
890,3820
886,4600
890,1454
884,7619
884,3993
887,0693
882,5933
888,6401
887,2179
885,9762
885,5135
886,2244
884,7105
885,7808
882,6211
884,3195
885,7313
880,9608
887,4256
886,0963
884,3643
886,2890
886,9092
885,2099
887,7431
890,1544
885,2437
886,6781
884,7197
883,5439
886,0984
885,5170
884,4847
883,3216
884,3202
888,5329
887,0073
886,0221
885,6803
884,3346
888,6353
887,4316
888,5780
887,7295
886,2840
886,9471
886,0068
888,1231
889,8301
882,8874
885,2048
884,7175
882,7514
886,0421
886,6172
886,9503
888,2333
883,6350
883,2586
887,1997
885,0125
887,0714
885,3108
882,9543
889,4102
883,3815
888,6423
886,2811
887,4632
886,8349
884,9853
887,8330
886,4599
889,4437
882,5823
885,0402
883,9529
885,9605
885,8199
885,9095
885,5237
885,0039
883,7596
885,5994
884,4733
885,5122
885,4502
885,2407
887,0978
887,2799
881,8918
887,3057
886,8743
887,2981
885,8296
889,6142
884,4773
886,9577
886,6166
887,4291
885,6231
884,4827
886,0009
884,3969
884,7752
885,2880
887,7536
886,1765
883,0205
885,0342
883,8778
887,0805
882,2745
887,5100
887,4894
886,1581
888,5342
884,0495
887,8150
886,5243
883,4272
884,6668
887,8121
885,0684
887,7655
884,0346
883,9952
882,8672
885,7600
889,6087
887,5021
888,6599
886,3736
886,4235
886,6365
882,7940
885,8108
885,5275
887,6747
887,0434
885,4306
886,4253
885,2715
888,6237
886,2161
888,7591
886,2201
885,8120
886,6459
887,0744
889,1570
887,0472
884,0731
887,1969
886,7191
884,4330
884,5553
887,5100
885,8238
882,3833
884,5972
885,2748
887,6331
885,5440
884,4725
887,0425
889,3521
884,2562
886,4114
882,9938
886,7437
885,4828
884,7322
886,9641
886,4138
888,6817
884,8524
885,4559
887,1535
886,6335
888,3306
888,6630
886,1550
886,4921
886,6404
887,2184
885,0610
886,4160
885,5604
887,3812
890,3683
887,1421
890,5875
882,6099
888,2873
886,9352
888,6103
887,6665
886,1162
887,5173
885,7665
885,9317
883,8398
886,6768
888,4749
885,4561
885,5748
886,2734
883,3889
886,3672
884,7796
889,0178
886,5640
887,5643
885,8295
883,9094
889,9507
886,1641
885,2292
885,4803
886,5938
889,3720
888,7280
883,7637
887,6593
885,1062
885,8448
888,3020
887,3626
891,0984
886,3322
888,2869
884,9704
887,9967
885,8700
885,9164
886,0841
886,4796
887,7847
885,1378
886,5822
884,7343
888,1749
884,5582
887,2615
885,1718
885,2857
883,8119
886,6956
887,8292
886,1421
885,3975
885,6544
883,2149
884,0513
885,3587
885,3658
886,0710
888,0831
885,3545
885,3553
888,3037
883,8819
884,9770
888,1393
884,7357
886,0344
888,8724
885,3075
886,6179
886,1126
885,6654
884,9852
885,8171
882,5678
886,6414
886,2271
885,1051
881,0004
885,7574
884,5986
885,0170
883,6665
884,9493
884,9009
887,9527
886,1031
886,8219
885,1027
886,8513
884,1701
883,0362
887,5072
884,7406
883,4965
887,3950
886,9004
885,5978
888,5519
887,8272
886,6096
885,5841
884,8094
885,4577
882,7799
885,5911
885,8983
882,1876
885,2739
886,2595
889,0517
884,3551
889,8144
886,0940
888,2481
882,1353
888,8179
886,6155
885,1202
883,5298
887,3933
887,3910
885,8064
885,7108
885,6771
889,0955
883,8667
882,1771
887,0278
884,8862
883,4865
887,3290
885,9155
889,4831
884,9067
885,4980
886,6682
885,4110
886,0662
883,4130
882,4730
886,1538
886,7134
886,8330
884,1307
887,7576
888,0557
884,0658
887,4606
888,3750
889,0626
883,4041
885,7470
883,7682
884,3767
885,4971
882,5196
886,6484
884,3259
885,7315
886,0125
882,8572
884,2707
883,1517
884,2548
884,4288
885,3267
886,3070
883,9399
883,9805
884,3428
885,8204
886,1355
888,0030
887,5416
886,1381
886,0108
885,0341
885,4767
884,7125
884,6143
885,3533
888,3487
886,5978
884,4322
886,5891
885,4518
886,7108
889,0295
885,4603
888,3078
886,1290
888,2847
883,8032
889,8718
886,0380
886,3297
882,7859
885,3050
884,2122
887,0668
886,9410
885,3061
883,1659
885,2482
887,6440
886,3677
884,0317
889,8126
888,5095
891,1958
886,4104
886,8161
886,7457
882,0215
886,5685
883,5147
886,7576
886,8339
886,5917
887,4767
882,3379
887,8812
884,7557
885,9776
886,0460
887,1696
883,2874
882,9691
885,3894
887,9106
885,9698
886,0146
885,5336
884,2066
885,7734
886,0897
886,3720
885,0198
884,6468
884,3546
887,2525
884,9094
887,0510
884,6923
886,1999
888,0154
884,6164
888,9014
887,7170
883,6771
885,7707
889,3403
889,8869
881,6630
887,1756
887,5689
886,5860
888,9847
883,7477
890,3870
884,6482
882,7227
890,6113
884,5562
885,1992
885,4015
887,5495
886,1874
885,9387
888,2182
885,2499
884,7434
886,5654
883,9351
883,2113
883,2793
885,8251
887,5501
885,1652
886,0149
886,0830
885,3436
884,0420
887,8504
887,5694
887,4840
883,3339
883,7908
886,5024
884,7972
885,7955
888,0296
881,7388
887,1120
885,7429
887,6827
887,5583
886,1356
886,8890
882,4651
887,2080
884,8455
885,6634
885,7348
884,6734
886,1259
889,2773
886,8161
885,0998
885,6067
885,5474
887,8887
888,1643
886,4599
886,0546
886,5048
887,1237
888,4193
887,3356
887,3286
885,2699
885,9337
884,6688
885,1124
889,3990
886,5930
888,2919
888,3548
885,3437
886,5277
885,8068
887,5162
886,6343
886,3864
886,4855
886,5335
885,1039
888,1452
886,5433
883,0224
884,3046
883,6507
884,5818
886,1085
884,6073
886,5266
882,9780
886,8056
883,8027
885,6905
886,7437
884,5754
887,6771
888,3195
886,8298
887,1229
886,1135
884,6569
883,4812
888,2102
884,7519
888,8679
885,2375
885,3143
886,3963
883,0008
887,0795
886,6075
884,8471
887,3319
886,6889
886,9409
887,4296
884,6618
887,2022
886,9100
888,7332
886,1759
888,5259
887,5272
889,2333
884,6657
885,5531
886,5779
884,5131
889,5969
886,0209
886,1925
887,2250
884,9867
885,3205
887,0437
888,4821
886,0166
886,4256
885,0838
884,9799
885,5787
886,8203
884,8505
885,9296
883,7461
884,6853
884,5992
881,9547
883,1807
885,7553
886,7955
884,3667
888,8775
886,9972
886,2834
886,4651
886,1847
885,9169
883,9017
886,5950
884,6986
887,9018
886,7511
883,2750
886,1323
888,2867
884,9635
887,1453
885,3915
887,1402
884,5261
884,2625
888,0564
884,2800
886,4406
888,5270
884,3616
886,2678
886,2719
885,0495
886,1504
883,0673
888,2030
887,3070
887,5592
883,3594
883,5718
884,5870
885,6840
887,2885
887,9194
885,2196
883,7276
888,0751
885,9170
881,8558
883,2772
885,0009
887,0763
888,9659
886,6332
883,0033
884,9355
885,9089
885,2111
886,1889
892,4240
886,0148
885,9732
887,7866
890,9040
884,1687
883,5532
890,4620
887,6956
888,5289
884,6863
887,0259
886,6087
885,2727
887,0561
884,9000
885,9565
888,6440
887,4113
888,6957
884,9982
885,5959
886,4572
886,8610
888,5876
888,6308
889,8039
888,0290
888,2814
884,9282
884,3131
885,1120
887,7889
882,7273
888,3988
884,9157
883,2925
887,1669
886,5850
888,9972
886,2957
888,1235
887,0149
885,8806
886,4610
886,2599
887,8183
883,8415
885,6840
886,0611
885,7414
885,4999
885,9377
883,7367
887,3053
885,4565
887,9554
886,2715
882,4154
887,2270
887,9672
887,1942
886,6505
889,1962
887,2933
886,5994
887,0277
887,5291
885,3247
887,0130
881,2132
886,3512
883,5578
887,0664
888,5717
885,9628
886,5479
885,5410
884,3350
885,3116
886,4679
884,6713
886,3909
885,7687
884,8687
884,5213
884,9483
886,2034
885,3928
883,3987
885,7030
884,6925
885,0377
885,2619
886,0823
887,9487
884,9171
885,6025
883,3429
886,8000
885,5805
882,5934
883,7333
885,1316
881,0999
885,8411
888,9394
886,1565
886,2152
884,9952
885,5528
883,2217
887,3506
885,3759
885,8233
887,0827
886,8491
886,2746
886,3808
882,4436
887,1844
888,3092
889,6346
886,4949
885,3915
885,8572
886,9839
884,3411
884,9617
887,5242
887,1942
884,6905
885,5904
888,0539
884,7494
887,9748
889,5800
885,2603
883,9909
883,1331
883,1979
889,2044
886,2097
887,8787
886,9398
884,5168
887,8222
885,9243
881,2121
885,2179
883,8078
885,7456
885,5984
884,9562
890,1230
887,4922
882,5945
889,7046
885,2253
885,3012
884,6574
887,8155
883,3533
884,9595
885,7678
887,3239
887,1873
883,8684
886,1235
888,9220
887,9652
886,5087
882,5849
887,2470
888,7983
886,8144
889,0798
887,7197
884,2626
885,1276
887,7899
884,9874
888,9623
887,4867
885,5678
886,7173
886,0583
881,6765
888,1022
885,8040
886,9473
881,1584
885,5918
884,9287
890,1061
886,0596
886,7988
882,9168
885,0201
886,3831
887,0915
887,1659
886,9504
885,1377
887,4878
888,4728
888,5483
887,2371
886,9032
886,8930
889,5551
884,0417
883,9542
889,5302
883,6001
885,5174
885,0800
886,3063
887,2781
885,9252
883,6717
887,5951
883,8594
883,8621
883,2994
886,3024
886,4513
888,2667
884,0558
888,4363
885,6579
884,9717
887,5482
884,5702
884,8665
889,2459
885,2723
884,9917
886,3630
887,0443
886,7919
883,4540
883,3517
885,8096
885,1550
888,5391
884,3732
885,9187
887,3950
885,6269
887,4815
885,3012
890,5323
884,7159
884,7915
885,4629
887,8703
885,7769
886,2911
887,0744
884,9388
886,3088
888,0106
883,8322
884,7317
887,1510
881,7531
888,1579
888,2623
886,9737
887,2813
883,6917
888,4130
885,7786
887,8199
886,6434
884,6279
888,4030
888,0685
888,7852
886,4244
885,2937
885,4108
883,9811
885,9500
888,5189
887,6465
887,2975
886,8348
888,3673
888,2203
886,1834
886,8523
885,7724
889,5393
886,6621
886,1407
886,5373
884,2277
880,3333
887,2810
884,8045
882,2740
883,2809
887,1545
887,4146
886,8953
886,9757
888,2059
886,8701
886,5613
886,3243
884,3966
883,7839
888,0162
889,9813
884,5107
886,7634
884,1654
888,3131
886,5370
885,9904
886,9004
888,1441
887,7525
884,0704
887,3098
888,6526
889,1847
885,0931
885,7946
881,4472
886,9314
887,8113
886,1436
887,6197
885,9351
886,1714
888,7984
887,8197
889,1937
888,5914
882,7701
887,8570
886,4375
885,6420
886,5792
887,7301
883,6859
885,2191
885,2470
885,5710
888,2899
885,7291
883,8198
884,4343
888,4327
885,0329
886,6337
885,1205
887,4402
886,5711
888,2614
885,3007
885,1287
885,0079
886,0754
887,0292
883,2629
885,7718
885,8222
889,7131
883,8589
886,5837
888,0617
886,5895
883,5239
885,0639
885,8681
884,3026
887,1529
883,2759
883,8505
885,2198
887,0431
886,0258
889,4894
887,2706
885,0575
886,0339
886,1995
886,5066
887,3665
885,1979
888,7385
884,0433
882,9954
885,5594
888,2452
885,0779
884,5478
885,7345
884,5574
883,2639
886,3314
887,8067
886,0230
887,4852
887,1615
886,8121
884,9338
887,5598
887,1175
886,9067
887,0109
884,7295
885,3511
883,2342
884,8220
884,5308
889,5425
884,9124
885,2192
886,9320
886,4324
883,6098
885,6034
886,4126
885,8614
888,4887
886,0676
886,4843
885,8188
883,9360
887,2282
888,5410
887,5874
887,0482
889,0400
886,0422
884,8555
883,1745
884,3288
885,8347
887,0170
885,8987
883,4070
886,1686
887,4873
887,1277
885,5852
889,1169
884,0692
886,4698
884,9209
885,9956
882,1958
884,2332
885,6317
888,6840
885,1335
885,3126
883,7087
885,4844
886,4729
885,1518
884,0133
885,9401
885,4480
882,1655
887,3854
884,5746
886,0924
885,6119
885,1151
885,5141
886,9351
888,4449
886,3062
888,6608
887,5289
886,5354
883,2636
883,7243
887,5567
885,7423
885,7763
882,6997
886,8917
883,0056
887,3526
884,7101
884,0152
887,7926
883,5854
886,6300
885,4564
884,2644
887,1469
882,4282
886,6395
883,6570
885,6342
887,7278
884,4903
885,2184
889,1908
884,5726
884,1837
883,6974
884,8011
890,6296
887,7686
884,5417
888,2080
888,5983
884,5165
884,4994
884,2490
885,5674
885,4880
886,9517
883,9874
888,1642
887,3069
883,6527
883,3933
889,9693
883,9965
885,8413
884,2554
884,1777
882,0506
884,7729
887,5282
884,0539
885,8977
886,5442
888,4118
884,5646
886,2353
889,3073
888,7949
887,5276
888,6569
888,5245
886,9562
883,9158
888,2202
885,6609
885,9150
884,4351
884,9265
888,4469
880,5149
885,8546
883,9609
884,4702
887,3960
887,0299
885,7719
885,9841
884,2096
886,1774
886,9063
889,2615
887,4605
884,1562
886,0681
885,1325
885,7464
886,7674
884,3264
886,1001
883,1112
882,6713
884,8045
885,8773
885,4612
886,5939
888,1580
886,1290
886,1863
887,3906
885,8952
885,9643
887,3609
886,2772
886,0663
885,0952
888,3993
888,9383
885,6412
889,1275
887,6489
885,2650
883,5264
885,7380
884,7457
881,9576
883,7169
886,7954
888,2521
884,2733
886,3260
885,6384
887,7464
887,2754
887,3578
884,4892
887,8540
882,5590
885,3005
888,8726
888,1302
884,9357
886,4065
887,1528
884,0440
886,2215
883,4792
886,2929
885,9577
891,0295
889,7006
881,5936
885,8096
888,0117
888,3605
884,2209
884,9294
887,4627
886,4266
885,7247
883,5619
885,5684
889,1361
882,7294
885,9349
887,9379
888,2038
887,1712
885,5627
885,2796
882,1383
883,6485
887,4295
886,1553
883,7094
886,6215
885,1926
885,2158
887,0992
884,8602
885,9538
884,8673
885,7034
885,6385
885,3833
887,3410
882,9966
887,6709
888,5609
887,6537
883,3132
887,9871
883,9156
884,9402
885,9940
885,1729
889,4650
889,6060
886,4037
885,5906
887,8541
886,3039
885,4266
884,6499
887,9275
886,0640
885,7916
884,6485
887,7744
882,2756
886,3923
885,6129
885,4181
888,9301
886,2508
887,7847
884,5399
888,8957
883,7664
887,7834
885,0266
888,3401
884,9842
887,6879
885,7838
887,8577
884,5819
884,6524
886,2299
887,0222
885,5264
886,1654
883,1179
885,1469
884,8381
887,3272
884,8291
885,2411
887,4827
888,5837
888,3224
885,3023
884,4376
883,0349
886,7868
883,8634
883,3562
887,7112
884,3437
886,1374
885,1872
886,4442
886,3033
887,6554
890,6386
884,4542
884,2023
888,8602
888,6511
890,2064
884,4363
887,4685
886,4149
885,4980
886,1028
883,7506
884,1134
885,5521
883,4512
886,2606
886,0009
885,3848
884,7580
889,1234
885,6790
880,9933
885,3501
885,8131
887,8528
885,6991
886,2393
882,9159
885,5761
888,0781
884,7401
887,4303
884,6197
886,8904
882,9842
885,9396
885,5242
885,5105
886,0543
884,4828
886,1723
886,1874
888,5699
887,1783
885,3020
881,4057
889,8946
885,5430
885,4713
888,7196
887,4265
886,7705
885,9711
888,3308
885,8788
885,1368
889,0270
884,9165
887,6566
884,6466
886,7194
885,3358
886,9038
884,7452
885,1060
887,9288
888,5605
887,4058
885,1458
887,3708
884,2798
884,8897
888,2516
891,3349
887,5823
886,4853
887,2566
886,6895
885,7077
883,4796
882,7820
885,2371
888,7421
885,3167
881,8334
885,0044
886,7016
891,7693
888,2486
883,1478
887,5470
885,7657
885,7784
886,5893
887,4244
884,4669
887,3114
884,7471
887,6184
885,2450
886,3419
883,7278
886,5744
885,4242
886,2407
888,5250
886,4675
883,9257
888,3565
886,7738
884,3772
882,9642
883,0247
889,6708
886,7048
886,1821
888,6553
887,8403
885,5162
886,3230
882,9944
884,8652
886,4620
887,1342
888,6617
885,0276
882,5780
886,4121
886,5803
885,0252
888,2136
885,1268
889,2667
886,0024
890,6621
888,3381
885,9981
887,1823
885,9468
884,4722
885,6776
886,9525
886,0305
885,8430
887,9088
889,5125
885,9312
884,5110
888,8955
886,8980
885,4069
884,4757
885,2211
884,8565
883,5103
888,6967
884,1551
885,9101
883,8383
884,1289
883,9490
890,6547
888,4891
884,4422
884,6410
884,1555
883,1073
885,5006
886,6076
885,9890
886,5360
888,0635
884,0522
883,3363
888,7698
888,1042
886,0500
886,9952
885,6541
887,0844
885,3112
884,7750
886,2791
884,3318
886,3622
888,5853
887,0663
883,3598
884,7753
887,5485
882,4152
887,3124
886,1209
884,5449
882,4431
887,1667
882,4187
887,1074
887,1099
886,6354
884,5939
882,9221
885,8232
883,4091
886,4060
886,7185
889,1581
886,0862
884,2500
884,7397
885,9918
884,2937
883,8201
883,3845
882,4286
885,3164
885,0631
885,3879
889,0277
885,4880
884,4192
886,0047
883,0105
883,5370
887,4024
888,9687
884,5632
884,7102
887,0857
883,3989
884,0313
887,4692
886,1077
886,1700
883,8577
886,2865
884,2117
884,7730
886,9894
883,8820
885,7368
886,1636
886,3572
886,7305
889,1728
887,8399
885,6174
888,0713
883,8242
887,3120
886,5582
888,2160
885,2211
885,8865
885,5497
886,2075
884,9297
887,8065
889,1247
888,5407
885,0960
887,0287
889,7407
888,4800
886,7064
887,9287
887,2348
889,1870
886,0575
887,5956
886,8861
884,5978
885,6945
884,5477
886,3341
887,9377
885,9333
885,5263
884,3753
889,1534
886,5624
887,2868
884,5848
886,3834
886,8735
885,8746
889,2684
886,9739
885,1978
885,7152
888,7067
886,4674
885,0045
885,0961
886,6489
885,0323
886,2981
885,5544
884,5314
885,0338
886,7990
886,2849
888,3049
886,9067
886,2968
884,7975
884,9687
882,9968
884,3786
887,6835
887,0908
886,4336
887,1657
885,4882
883,9218
885,0091
890,4426
883,2806
885,0595
884,3564
887,0024
884,6043
884,8669
886,9165
884,5316
884,4706
887,8810
885,6388
883,4056
888,8567
884,9735
886,0569
885,2738
884,0907
886,5805
884,5109
885,9435
887,6021
881,6541
887,8981
883,8961
888,4453
885,5110
883,6960
884,3975
884,2359
887,4989
887,3213
886,1935
885,5816
886,0796
887,7424
888,5004
881,8646
885,2720
890,1877
884,2908
885,0845
884,9349
884,1906
884,6414
886,9491
889,0882
885,0014
883,0881
885,6507
888,9322
885,0894
884,0324
887,6485
885,1251
885,7826
885,2782
884,7454
888,0383
885,8558
885,4086
888,6278
888,0494
889,1378
885,8438
884,4198
886,8304
883,6326
884,7339
886,9132
887,5701
884,3335
881,5108
887,4784
884,5251
887,1611
884,4957
882,9306
885,4513
888,0065
888,3317
886,5652
884,4299
886,6381
885,0398
885,2406
885,2012
886,6520
887,1944
888,1785
884,2249
886,6648
886,4105
884,8086
884,8075
885,6703
883,2042
884,2930
888,4902
886,6483
885,5925
885,0949
888,7154
885,6091
882,5016
885,8691
884,7811
887,4732
883,1517
881,5152
884,4204
888,5090
887,3303
889,6732
887,8744
885,8550
885,8073
884,5095
883,4336
887,7412
885,6154
886,6579
887,0144
887,2306
883,8877
885,0359
887,0221
886,4076
886,6354
885,1276
884,4190
887,3320
886,7181
887,7733
884,6775
886,4194
887,6070
887,0040
887,8794
886,9460
886,2432
888,1840
886,7105
884,0386
884,7049
885,9081
888,9983
886,5363
883,7305
884,4788
886,6257
886,0341
886,6647
881,2339
892,1630
885,5901
886,4702
886,4110
885,3866
887,4338
885,2541
884,9974
887,3613
888,5244
885,6505
886,8095
887,7204
884,6336
886,4528
887,3439
884,6007
885,9855
885,3335
883,2254
885,8892
887,5840
886,9482
886,4086
886,9178
885,3454
888,3000
885,6056
885,6688
887,1918
885,3451
884,8859
885,7402
886,2995
886,7199
885,6599
884,5704
887,5485
886,0017
887,1451
887,0261
884,8088
884,3512
886,0278
885,1512
886,8374
885,0973
888,4410
887,1529
884,9919
883,5038
885,1463
886,8677
885,3127
888,3974
885,8135
887,5494
885,3713
885,4671
885,8317
882,9107
886,1913
888,2064
885,5049
886,1020
887,5199
885,4490
887,0427
886,4360
884,4595
883,3429
890,7734
885,9792
885,2946
887,5830
888,3949
888,1293
884,4041
885,6223
886,1106
887,1889
889,4353
883,7437
884,3086
884,1099
890,3611
886,8234
885,8348
883,8222
885,9638
886,7066
887,7599
887,3674
888,9784
888,0363
881,6025
884,8142
886,3580
882,5361
885,1891
886,2331
887,4901
886,7374
885,8607
883,9771
888,2762
885,8771
887,5768
887,7907
883,4682
888,1333
887,2371
888,3120
884,0975
884,8334
884,8823
885,5973
886,3806
883,9412
885,8813
883,2025
885,9958
884,2509
886,1715
888,7173
888,3064
886,0447
884,9035
882,3563
885,5441
884,1607
885,6851
886,3232
884,6963
887,3241
882,6123
883,6773
888,1162
886,3306
885,9322
882,8037
883,4921
886,2533
882,1553
886,1161
881,2174
887,8375
885,1084
883,7039
885,6590
889,4847
885,7579
883,5024
884,4503
885,5918
885,2208
886,5504
887,4384
887,0310
884,7382
887,7143
886,2597
885,1452
886,6864
888,9079
883,9368
885,5063
887,5472
885,8944
883,2831
886,7168
885,3469
886,8282
886,1413
885,4021
883,8025
886,3314
887,2419
883,6943
884,8867
887,4461
890,0186
886,8761
884,6671
887,7107
886,9067
884,7988
884,6464
887,3944
887,8405
887,4455
885,3621
886,2703
888,7901
883,4474
883,5355
887,9696
884,2859
887,7864
887,7875
886,8089
882,3553
888,7010
887,3136
885,4850
885,4344
885,5440
885,3696
885,3540
886,8002
884,5336
884,7644
887,9433
887,1811
886,1605
889,0237
883,5855
888,1414
887,5053
883,0470
885,7501
883,8424
884,0910
885,5671
886,4834
886,9187
885,3138
886,3165
885,0408
884,2464
884,0796
888,7075
885,1365
883,1792
884,0121
886,8603
886,0840
885,9053
887,2176
886,9374
887,7917
885,5412
886,1139
884,7889
888,9342
884,0336
884,2619
885,5901
884,1871
882,9356
888,8317
885,5895
886,0268
881,2511
889,7217
886,8596
884,2579
885,9027
885,7646
884,8033
884,4721
883,3292
885,0586
886,9465
890,5427
885,8433
883,5549
882,9680
884,6564
885,6953
888,5053
885,4379
882,3199
888,1849
887,3956
883,1595
886,8060
882,9249
886,5789
885,9711
886,1533
887,6961
887,2656
885,8234
884,9936
892,2494
886,6559
886,8920
887,3801
884,8221
882,4731
885,8884
884,9234
891,6954
883,6908
885,7120
884,0403
885,2331
887,6125
885,3529
885,9786
885,9171
886,8827
885,9797
883,8868
884,1416
884,9611
885,2614
885,6062
885,2478
884,6072
885,7518
886,1959
885,2840
887,5317
883,5349
884,2122
886,6933
887,3999
879,1833
888,1282
886,9538
882,5171
885,4087
886,7393
887,6712
888,4010
883,6820
883,6831
887,2008
883,1735
886,0467
887,6759
885,4394
887,0835
882,4046
885,6207
886,9897
886,8894
883,3077
886,0715
888,0211
887,0338
887,3031
883,4742
885,0864
884,1946
886,3208
888,6631
886,6932
883,2555
882,9296
884,8965
885,2052
886,5427
887,2530
887,0368
886,4433
883,9952
888,1075
888,6134
886,0318
885,1148
884,9495
887,3102
882,6126
886,2320
885,2830
887,3407
885,0270
886,7417
887,2932
884,1628
884,9707
885,6747
887,6130
888,4873
885,4101
885,2155
885,7196
883,4903
886,2927
884,2515
887,5226
883,4241
887,9155
891,8097
889,4766
886,4073
885,3855
886,3962
884,6089
883,2873
883,1881
886,2314
887,1557
884,6589
885,0903
887,4425
888,1316
888,9474
884,8487
883,6925
884,2228
886,1332
884,4692
886,3976
888,0825
888,1516
884,6214
887,1593
886,8294
886,5955
885,2780
886,9248
884,6038
886,6929
884,3806
885,3695
887,1044
882,5142
887,4151
887,7246
884,6216
887,5460
882,3913
886,0062
886,1854
885,2164
884,0856
886,2574
883,1542
890,1834
885,1160
886,6138
887,4202
885,8838
885,6569
884,3345
886,6033
885,3674
883,2392
883,7894
885,1467
884,9054
884,9738
884,0687
884,4759
886,9069
886,7575
889,3831
887,1307
884,9884
887,9183
883,3718
885,1736
884,8249
886,2404
883,0313
882,9895
888,0917
886,1989
888,2629
884,6763
887,7534
884,2140
884,5123
887,9844
884,5932
888,2339
883,0997
888,3601
885,3827
886,1000
885,1748
883,5788
884,9970
885,2497
884,6390
886,4180
888,1771
884,6803
888,8314
884,7730
887,7328
887,0103
884,8404
885,3415
884,5987
886,1189
884,6704
885,2456
885,1864
882,9566
885,2999
886,2089
885,0129
887,9729
887,4267
887,2957
887,1927
884,2411
886,8171
886,6741
887,2761
882,9441
886,3302
886,2014
885,4591
888,4300
885,6769
887,5844
886,4653
885,4800
886,3756
886,3127
882,2983
887,7811
884,0562
886,5913
887,8261
888,5473
888,2841
883,8535
884,5189
884,7665
884,1451
886,3804
885,6349
885,0591
885,7163
888,0134
889,8691
883,7334
885,8190
886,5171
884,5405
885,8105
888,2364
885,7042
884,2557
883,8585
888,6338
889,2693
885,8944
888,7672
886,8253
884,8855
887,7702
888,6583
887,3598
886,8117
886,0214
888,6966
888,1858
886,1452
883,7532
882,8830
887,0499
884,0304
886,5159
885,8806
886,7283
885,9041
886,5101
885,0683
882,2578
885,8044
886,7419
885,0584
883,5418
885,5940
886,8988
885,8595
884,0335
886,2580
885,2141
886,1120
887,1094
886,0645
885,6062
887,5667
883,8513
884,5013
884,1591
889,9582
885,7518
887,4687
886,5783
888,1768
887,6070
887,2196
888,5780
885,9713
887,3487
887,4875
885,1971
883,3817
886,0497
886,9065
887,9816
887,9271
886,9058
884,6360
884,8541
885,9656
886,7422
883,9285
887,5108
883,9788
885,7320
885,5392
884,3371
886,7772
885,6654
889,6596
887,7218
886,3774
885,8250
886,2356
886,1782
885,2262
884,0063
887,7342
888,4850
886,1436
886,2653
890,4451
887,7715
882,1945
890,8993
887,2772
889,4398
887,4343
885,2306
888,7696
887,4316
885,0622
886,0205
885,0459
885,4690
888,4928
887,9266
887,4637
887,9898
884,1757
886,3437
883,6640
890,6318
885,0268
888,6345
888,5108
885,1468
885,5340
887,0443
886,2346
884,9763
886,5733
884,9952
886,0506
884,1774
886,3612
882,3539
882,0295
886,9183
885,5107
884,3207
887,9182
888,5500
886,1389
887,0842
886,6330
885,4346
883,6217
888,1652
888,1469
883,6391
886,6012
886,5465
885,2758
886,9311
887,2203
887,0951
884,8731
883,8581
883,5793
886,6102
888,0017
884,1822
884,8558
885,7461
887,0505
883,3966
886,9236
884,7970
882,5665
885,5845
884,7126
885,9065
886,4663
886,4561
883,8941
887,4099
885,2914
884,5122
884,0826
884,6843
886,1839
884,3730
888,7335
887,8470
884,0415
885,8015
886,8789
885,1956
882,8396
888,4756
884,5761
883,4927
888,6674
888,2980
882,2281
884,8136
886,7997
883,5822
886,5893
886,9084
885,1647
885,7191
882,6394
888,5091
886,2840
886,9874
884,0276
886,1481
882,8976
886,0471
885,4932
887,9426
888,3587
884,5478
886,2632
885,9433
887,2039
886,2142
883,5689
887,0693
885,1429
887,2625
884,4177
888,2543
886,3291
887,4590
884,6261
884,7767
884,1643
890,7252
881,6868
885,0520
885,9223
886,4386
885,6328
889,1844
886,4789
888,8893
884,9796
886,7197
886,0032
885,8111
887,0570
885,6072
885,0205
886,3967
883,6153
884,4928
886,0317
881,8328
889,4662
886,4184
884,9500
886,2756
886,2195
887,8177
886,7470
884,9885
883,0776
888,2059
884,2743
881,8415
886,1884
887,5214
882,1835
886,9903
886,2453
886,5163
888,2381
887,6582
883,7687
887,3530
886,1225
888,9704
886,4389
883,5663
885,7096
887,9469
886,3903
887,4238
887,2121
881,4821
884,2233
886,3885
885,5310
885,6786
886,7074
886,4217
890,1317
890,1287
885,4723
886,1260
886,7110
884,4481
885,0368
886,7101
884,4956
884,7021
886,0765
885,4364
885,7583
886,3252
887,6875
885,2856
887,5470
888,0365
885,4583
887,1956
886,2132
887,6191
890,5169
886,7442
885,9344
886,9411
884,8283
885,9349
883,4850
886,0704
887,8840
883,2171
887,0823
884,3634
886,4672
883,6676
884,4804
885,6296
885,4781
884,9872
883,7094
884,5528
883,5628
883,8048
889,3161
885,0380
884,2694
887,8726
882,5584
889,7646
883,4625
887,8212
885,9263
883,9302
885,5206
886,8552
884,7832
885,5870
884,9586
886,3760
887,6088
890,4094
885,3101
884,9368
884,4817
886,2123
884,6481
885,1387
884,2815
886,9151
884,3070
883,6769
883,1783
885,8173
884,9671
885,8521
886,4130
887,1325
883,1870
885,7173
887,0096
886,0560
890,1767
885,7916
888,2264
885,8481
884,1332
885,3927
887,6407
886,5933
884,0086
886,9024
886,6241
887,1191
883,4350
888,3413
887,3334
884,2329
881,9558
887,2666
885,0304
885,6535
887,0387
884,0812
883,6882
887,8599
884,8658
886,0387
885,5214
886,1049
884,6749
886,9774
886,3315
886,4170
884,1132
887,9634
887,7839
884,5978
882,2903
884,4029
886,8888
887,3949
885,1041
886,1473
884,4378
885,5428
885,2466
885,8488
885,0562
884,6057
889,1928
886,7954
888,2515
886,8880
887,3675
886,7988
884,9732
887,5616
882,5741
887,5779
885,8078
887,3704
888,0247
885,1876
884,3189
884,0679
886,6080
888,1714
887,9103
886,9477
888,9466
885,9907
886,5452
884,6763
889,5968
883,2054
885,7842
885,7570
886,3339
886,8849
884,2646
887,6618
887,1467
884,3488
888,0281
888,5285
887,9079
885,6417
884,8860
888,2230
889,1993
886,7481
886,7767
882,3351
885,4768
887,9038
885,8908
888,2348
884,7138
887,4667
882,7841
885,7775
887,8927
886,4736
887,6754
887,9703
884,9114
883,8595
886,1739
885,6672
884,5037
887,0431
884,7417
885,3856
885,4431
888,9521
886,7253
885,8811
885,8924
884,9589
887,5195
886,9814
886,9721
887,2541
886,5091
885,7164
884,3586
883,2265
886,3901
888,7384
889,1457
886,0177
883,6001
885,1691
886,7121
886,6733
884,1110
887,1942
885,1240
885,3021
884,3285
886,3533
885,9002
887,7672
887,7660
886,5733
886,0531
888,2075
886,7896
884,9756
886,9526
882,7563
883,1268
886,2100
887,2784
885,6841
888,4748
885,1743
887,1170
885,8087
886,2033
884,5912
884,9835
888,3988
884,5688
886,7718
884,3450
886,4936
885,8186
884,8246
885,5600
886,6690
884,9208
884,1880
886,6944
885,6841
889,5664
887,2610
886,1238
885,9291
884,8361
886,1891
883,1396
885,2510
887,7485
883,6067
889,3612
886,0580
881,2108
886,3524
886,7845
886,7851
884,6147
887,2755
882,2386
884,5945
886,4678
886,0507
887,9792
886,9742
886,8403
891,4717
888,9678
884,1521
887,4702
884,3334
887,0742
884,7058
886,0467
882,9595
886,1957
883,3052
886,7547
885,8006
884,3882
886,0236
885,4257
885,1770
881,7101
885,2520
887,3122
886,9553
885,7129
883,5117
887,0547
884,4966
883,0540
887,7889
885,1327
887,1418
884,1284
890,1751
884,1874
888,8386
889,7984
885,2603
888,0737
884,6729
885,4581
886,2216
887,2056
883,5100
886,5653
886,7944
886,8307
886,9512
886,7348
883,9014
886,3449
885,2741
886,3752
883,0974
886,2951
886,8410
885,2537
884,3510
887,9791
889,4169
884,6289
887,6473
886,4790
882,8081
884,9351
885,8610
886,8845
886,9778
887,6303
889,1282
887,6217
887,8837
884,9993
884,3871
887,1513
885,2292
886,1946
890,4524
889,3481
885,8324
886,9376
886,1874
882,8434
884,4990
889,2767
885,0766
885,8462
886,7931
884,2091
885,6147
885,0443
885,7993
887,2998
888,3294
887,0812
886,9058
889,2999
886,1832
885,8238
887,5961
887,1840
884,9760
886,1265
889,9219
886,6524
887,9940
884,4739
886,9511
884,1290
882,7638
887,0112
887,4679
884,0996
883,6063
888,7274
888,0918
885,0972
887,9277
884,9917
882,6563
888,4234
885,4169
884,6500
883,6790
887,5506
886,5966
888,2180
885,6225
886,3965
883,5453
884,7765
886,2219
886,2735
884,7863
886,3170
888,1575
886,2138
884,2337
887,2714
886,2973
886,1730
885,2570
886,5181
884,1152
886,4601
887,3673
883,0319
885,1034
885,2470
886,0434
887,8747
882,2220
885,2652
888,6750
884,5282
887,3155
884,4494
885,4087
883,9740
886,8362
883,1776
884,8044
887,2270
884,7673
883,9718
883,1457
882,9433
888,0140
881,3749
883,9795
887,7826
885,8853
885,4420
889,5323
886,9598
886,9751
887,2872
886,2663
885,5516
886,7724
888,6627
884,4520
887,4346
884,2284
887,5329
884,4041
885,8151
885,5667
887,8835
886,8674
886,9385
884,0958
884,3105
884,2570
887,6343
882,4514
885,8981
888,5500
886,7993
888,7326
885,1833
888,4146
886,0193
883,1119
886,6445
886,3248
888,9995
882,3893
887,6159
889,2596
887,4929
885,6083
888,3782
889,3216
885,7705
886,1202
886,9347
883,6046
884,1396
885,4282
886,6523
887,3061
888,4793
883,6945
886,4967
886,6518
886,6002
884,9347
885,6560
883,6345
885,5872
886,8644
886,7498
884,0530
887,1122
887,8848
887,1092
887,5065
886,6982
884,6648
887,1548
883,2087
886,4341
887,9403
888,7542
885,5068
886,1207
887,5262
883,9011
886,4842
885,2099
886,1123
885,5105
885,3214
888,0595
888,1551
885,8204
887,6145
887,6641
890,0485
885,0628
886,8212
886,2693
884,4833
887,2176
883,3270
884,3484
884,1945
885,3677
886,0980
885,2871
888,0435
887,3924
883,0104
884,9307
885,9482
883,9512
882,6874
888,6026
884,7793
886,4439
888,4014
888,4348
882,4858
886,3251
887,5856
883,8911
887,6123
885,6018
883,9125
887,2647
888,7105
884,3331
883,1842
887,7650
883,9524
885,6810
884,9296
886,2034
888,9393
884,7366
883,4020
889,2671
885,7061
884,6777
884,9581
888,0328
886,3042
887,1296
889,5148
885,0685
883,8967
884,2363
882,8599
887,7563
887,0760
887,4018
883,4079
888,3488
885,8352
885,6576
887,8296
887,4188
884,2431
885,8722
888,8114
890,1306
884,4929
883,7278
887,0801
887,1948
885,2901
884,6110
887,3174
885,1907
885,2161
884,8269
892,0229
889,6625
886,4966
884,7897
885,6977
887,2830
884,5938
884,9849
885,0280
884,0999
883,0383
887,0261
885,4306
889,9587
885,8041
884,3322
880,8780
883,5235
885,7955
883,4389
884,8180
887,2690
885,1980
886,5807
886,3873
884,0655
884,0952
889,0835
888,3587
883,9380
887,2231
886,6855
883,3170
886,0231
885,0486
887,7706
885,8820
887,7606
887,2703
885,1096
886,4165
886,6991
884,8182
884,9395
883,2773
886,8437
886,7347
887,9508
882,4970
885,8457
885,2368
884,2611
884,8389
885,9072
888,4641
885,1158
883,5957
887,1279
886,8508
884,2914
887,5804
885,6257
886,7871
889,1023
889,2545
884,8741
888,0412
884,8882
889,5454
890,3946
884,5921
885,5687
888,0363
887,9907
886,8319
885,1645
884,6257
887,7770
888,2705
885,9183
883,9963
885,7290
883,5966
884,0757
885,6939
881,8198
886,2511
886,6981
886,2431
885,8786
884,1410
884,0154
883,3077
887,2796
884,9284
887,4232
885,5292
881,6807
885,2038
887,8707
886,8946
884,9427
886,1370
887,7205
886,0071
884,5064
883,9123
886,3633
885,9253
887,2661
888,7745
888,9485
884,9854
886,4921
888,8499
883,4592
888,0122
885,9632
890,2263
888,0863
888,7872
886,1809
880,2824
887,1610
885,7781
882,6334
886,9838
887,3684
887,1625
886,9053
883,8394
888,1513
889,7035
886,8450
886,8940
887,5013
883,3037
886,8713
887,7349
887,6539
886,6527
886,4504
885,7036
888,8314
885,5292
884,0611
887,1920
888,5751
885,5111
888,3487
886,4271
886,2096
886,7301
884,0133
884,6410
887,6666
889,0901
885,5833
889,0288
884,9256
887,4643
887,3012
888,7210
889,6950
886,8660
886,8741
888,6922
884,9034
887,2954
883,6860
887,3726
885,2354
885,5136
885,0459
890,1352
886,7030
886,7696
887,9646
885,1209
886,5144
884,8892
885,5776
886,5574
886,1574
887,5352
884,9765
886,7556
885,6061
885,6124
885,7761
885,1053
886,9996
887,3620
885,5738
885,2378
886,5573
887,6629
886,8741
888,2006
888,0482
887,2598
886,2667
886,8028
883,8216
886,6097
884,4414
889,3920
884,4320
884,2706
887,7765
886,8998
885,1144
884,5785
886,9302
883,1507
886,3682
884,3302
884,2987
884,9629
887,9581
885,3185
882,8895
885,3622
884,7987
886,8299
882,4386
888,2480
885,5788
887,9237
885,9944
890,2211
889,8679
885,2240
884,7564
885,1136
885,7037
885,4873
884,1792
887,3054
888,5348
886,1987
885,6187
888,5570
886,5726
887,9979
886,9973
885,5934
882,7550
881,9108
884,4286
887,3709
889,3928
883,6124
886,6050
884,8486
883,8270
884,3472
882,9732
886,3052
885,8224
885,7625
886,7425
885,3929
884,7585
884,5705
887,6055
886,2498
884,4811
885,3459
886,0544
886,7645
887,3059
884,6551
887,9567
886,9008
885,8836
887,4648
883,2696
887,8731
887,4925
886,8916
887,6140
890,6746
886,1740
884,2184
884,3310
886,3877
884,6025
888,5647
884,5000
886,1689
886,1615
886,7046
884,7969
884,8538
885,9959
887,8106
888,4859
888,3053
884,1873
890,9062
888,3915
887,6003
887,4191
882,6630
885,3292
884,7906
887,6807
887,1715
887,2236
885,1629
884,0242
883,4092
885,0415
886,3660
885,9862
888,0040
886,5261
885,8339
889,2270
884,4140
885,5849
888,3409
882,9398
884,3536
885,5515
884,3855
887,4488
887,7946
887,3815
883,7750
886,3014
885,7805
887,5330
885,3275
887,1665
884,4339
885,1081
886,4462
883,5848
886,2666
886,5464
886,4894
884,4945
883,9120
882,6562
888,0916
884,4200
884,6689
883,4052
886,0613
885,8005
885,7118
886,1551
887,8369
888,2943
886,5464
885,1593
884,9150
885,0867
884,3252
887,6029
885,8088
885,0206
886,8077
887,1546
884,6810
883,9221
889,7248
882,1903
884,1007
886,0844
883,1303
884,4074
888,4075
885,1766
885,3140
881,7113
889,0365
885,3822
885,9495
886,5841
886,6510
888,3047
883,4438
885,6955
886,3824
885,5077
886,0083
884,3925
883,5903
884,4227
886,0000
886,3161
884,8233
886,5031
887,8368
887,1218
886,2126
886,8257
884,4125
887,7965
889,7658
885,4512
884,7909
889,1563
883,1879
885,7295
886,5267
887,1567
883,9386
884,9367
886,9581
886,9395
886,1349
886,6374
883,0381
886,8848
887,1783
889,9583
884,0984
887,7577
885,0644
885,6046
885,8401
887,9200
885,4054
885,7493
888,3681
886,0944
887,7110
884,8943
888,6639
885,4958
885,4218
885,1782
886,0566
884,4219
885,2360
885,0771
883,7964
885,8023
884,8476
884,3683
889,1180
883,4118
885,4134
888,7981
885,5594
883,8024
884,5707
886,9858
887,8428
885,8894
885,5248
886,0508
887,5768
885,5299
887,2686
888,1194
889,5819
886,6258
883,9339
888,3285
884,5747
884,8173
886,2786
888,4217
883,1606
887,2707
886,5606
890,3103
887,7637
886,4637
887,0833
885,7630
884,8744
884,8222
886,3410
890,4328
885,1048
884,5036
891,5849
884,6251
887,3869
887,1242
884,0311
887,0559
886,9919
885,5787
888,5877
887,2820
887,2188
883,2671
887,0701
887,1999
886,3064
886,0850
887,5207
883,9699
887,1825
879,4605
884,7953
886,8696
888,9005
883,8960
888,3574
883,2990
888,0864
887,4344
885,4722
889,9263
886,7179
889,8618
885,2264
883,9913
887,6231
886,1573
885,3687
886,8168
886,7122
887,5113
889,3468
889,4468
883,0861
884,7974
884,8505
883,8648
887,2526
887,4885
886,2512
887,0798
885,0107
888,5932
885,5826
886,0873
884,1115
887,1344
887,7204
882,2223
887,5075
886,5999
887,7247
885,7558
885,0123
885,1734
886,5432
884,5062
884,9223
884,7990
884,7942
887,4077
884,5490
885,7675
885,3227
888,3320
885,1612
885,2055
889,7947
886,3568
885,3180
886,9287
885,4243
884,3756
886,2770
885,2979
886,9168
885,0188
884,4569
885,5289
885,5574
888,3479
885,2828
885,5994
887,4991
887,8784
884,2176
884,9017
889,7626
885,4082
887,3532
889,6631
884,7985
884,3022
887,8363
886,3429
883,4374
889,3203
887,7701
883,1498
882,9228
886,0382
883,0680
886,5312
883,5649
885,7229
887,1480
884,8344
885,3392
882,0206
887,3085
888,3915
884,0289
887,7100
887,2693
885,9541
887,9586
885,8530
884,1040
886,7039
883,3205
885,4901
886,6228
886,1718
889,9321
888,9638
883,0187
885,2889
885,8112
886,9587
883,6723
884,9601
884,6140
886,0906
886,2151
884,4854
886,0817
887,6309
887,2981
888,0806
890,3729
885,3488
885,1074
886,1136
886,4595
889,0505
885,9662
884,3485
886,1006
885,3752
888,8841
888,5885
882,7857
887,4792
887,9217
885,6174
887,5358
884,5348
888,4672
885,8297
885,6968
882,5292
883,8509
887,0680
885,3201
885,3182
888,4139
885,8741
887,4593
887,6518
885,5436
887,8301
886,0466
883,4760
886,0684
886,1833
889,7096
887,7170
886,5035
886,5345
887,4082
883,4174
886,3685
886,3355
884,9544
888,4949
888,0421
884,0794
886,6630
886,0236
885,6897
890,0426
890,1513
883,9547
886,1990
887,1843
887,4569
886,7135
882,9295
886,5072
888,6441
883,7677
884,6270
882,6080
887,5564
884,1950
884,2923
883,9889
888,9776
885,7373
884,5507
887,1916
886,0656
884,9106
881,8990
883,3348
887,6842
885,6100
886,9936
886,9826
886,0587
887,5535
885,5223
887,5282
887,8752
886,4418
886,8465
885,3512
884,2562
888,4195
885,5975
885,5226
885,0514
888,2997
887,5811
885,7387
886,3322
886,1450
885,3540
884,6467
884,3125
884,8834
885,4675
888,1958
886,1110
886,5107
886,2300
882,1992
884,5793
885,2859
886,8460
888,8421
886,9152
884,5243
888,1870
886,3141
889,9012
887,0742
888,0957
886,8993
887,4030
887,7233
886,9615
884,2063
889,7271
885,3593
887,9767
887,5923
886,5650
886,7395
886,0060
886,0219
886,2564
883,9482
890,3118
887,4360
886,7316
886,6086
882,4498
883,0486
884,7390
883,1302
888,2047
882,1263
887,3595
885,3413
884,4617
884,5431
882,6545
888,3877
885,7487
880,7867
884,1210
885,0297
884,8760
887,7199
887,4693
886,3272
889,2440
886,6609
885,6789
886,2974
885,8992
883,7841
882,8336
885,2681
883,6591
885,1855
884,8051
883,3370
886,8907
886,7868
884,1374
883,5344
883,2765
883,7101
884,7446
885,7315
884,8927
885,8757
886,8646
884,2510
883,6275
888,4647
886,5671
881,5177
885,0920
883,6991
888,3536
887,5934
886,5890
888,2937
884,7485
885,9832
885,2324
887,4798
885,1332
884,2073
887,5285
889,4361
887,6897
886,9145
886,2561
887,3853
886,4620
885,0683
881,0140
888,0776
889,1075
885,4179
884,4656
884,7073
885,6372
886,2458
883,8966
886,9357
887,0540
885,9665
885,3223
887,2573
887,5746
885,6282
887,4070
884,1889
883,9716
886,4593
886,5860
886,6641
887,8431
886,6946
887,5104
884,5891
885,5637
884,1421
888,0834
884,3437
884,4549
885,8329
884,7621
885,3550
887,4957
884,3913
885,1905
891,0597
887,3566
884,8681
885,4422
889,0066
885,9605
883,7163
885,9832
885,9613
884,5918
887,3454
883,3192
887,5483
887,6512
885,9011
884,7258
884,2267
886,2434
885,7233
886,7736
885,9026
882,3037
886,8184
888,1493
886,4104
884,2775
886,0863
884,8617
885,1927
886,3957
885,3647
886,1970
888,9160
886,5267
888,4981
886,3595
884,8307
884,3473
887,5541
884,4415
888,0074
884,8329
887,9766
882,1183
888,6134
889,0632
887,9871
882,8137
887,7033
885,9865
884,6530
885,7970
883,8544
885,3872
883,5813
885,4714
884,7539
884,8842
885,5454
889,9442
883,3533
886,1456
888,4733
887,2780
884,6813
885,9427
885,7875
886,4567
886,2867
884,7530
887,4922
887,7854
886,8749
888,0360
886,6843
888,2797
886,0237
888,5127
884,8412
885,8458
889,3435
888,7062
887,3182
885,6146
884,4826
882,8801
888,9445
885,3741
885,6766
885,4068
883,3386
886,5795
885,0581
883,5810
887,5194
880,9087
885,6797
883,3588
883,8877
884,9629
887,4648
884,3282
889,7411
887,9739
888,1894
885,3750
885,7455
888,1641
886,5328
883,9918
886,8136
885,2109
882,6579
886,2219
885,5114
887,7831
883,6679
887,4370
883,8840
885,7237
883,8860
882,0115
886,0565
889,6652
888,5871
883,7012
887,6713
886,6081
885,7694
885,8121
883,3307
887,8473
886,9725
887,0038
888,8063
884,9087
884,8104
887,8603
886,2263
882,6059
885,5679
882,9272
889,8342
885,4335
885,1921
888,9155
887,4591
887,2598
883,7192
888,6166
887,6664
882,8873
887,6536
885,7593
884,4956
885,2883
888,5905
887,5136
888,5038
888,3577
885,8441
886,5970
882,3306
887,7966
886,6201
885,2611
886,2952
886,9818
882,8417
888,8247
887,3255
884,1265
883,1204
885,1809
886,2636
885,4434
883,6756
886,1091
883,6190
884,3070
885,5065
883,6412
880,3503
886,1748
887,4535
887,1480
889,4771
887,1164
880,8159
886,5450
885,8065
887,8976
884,3871
883,1857
888,8812
883,0088
884,6090
881,5588
885,9564
889,0842
884,8561
884,2904
885,0318
884,0728
884,4244
883,4660
883,1136
885,0140
884,9702
887,0566
889,8824
885,6873
885,4531
887,4690
887,9360
886,6034
888,1235
886,6259
884,2059
887,4354
884,3810
886,4955
884,3672
889,9044
885,0796
881,6695
886,6599
884,9656
885,9133
887,7142
884,2939
886,2784
885,9274
887,1271
885,3301
884,1378
884,7058
887,9302
889,5402
889,2759
885,0446
886,2051
885,9450
884,9659
887,3513
881,9477
885,4989
884,0612
885,8362
885,1500
884,3634
889,6601
888,5079
885,4111
883,1678
884,5750
890,3257
886,4327
885,1673
889,7371
887,3207
885,9304
887,9700
883,4219
883,5369
885,9910
885,8590
885,4288
883,6350
886,4975
887,7520
888,8704
886,1006
888,1176
885,9705
889,1132
887,1303
885,0220
885,6043
883,3756
885,2781
887,4313
886,4098
884,9973
887,3393
888,9115
883,6223
886,0773
885,2903
887,3429
888,0260
884,7044
885,0961
887,8709
888,4022
888,1339
885,7260
886,0165
886,8268
888,1476
886,5735
886,9433
885,9197
885,3830
885,7309
883,8170
883,4857
891,4721
884,0190
884,6893
884,6203
886,4493
887,0151
886,2692
886,9165
885,9271
887,6516
885,6122
885,6281
885,8441
890,8564
885,9447
885,5447
885,7246
886,7716
884,9711
883,8638
888,5190
887,3337
886,3838
884,5813
887,2965
884,9931
886,1872
886,2037
890,0876
884,6073
886,7924
887,1451
887,4872
885,8219
884,3813
887,3873
884,0927
886,4144
882,8688
885,0280
885,2275
885,9180
885,1703
885,5065
887,6295
882,2136
885,2566
883,0234
885,4933
884,7969
882,5317
886,1638
885,5516
887,1196
885,5871
887,7591
887,9398
889,3132
886,3205
885,3146
883,6358
887,5243
886,1807
889,3219
887,2286
885,5908
883,5027
885,1048
886,3726
887,4889
884,1522
883,3160
887,6875
885,4711
887,1638
886,4812
885,7125
882,5491
884,8006
882,8356
886,8697
887,6830
884,4402
888,6113
882,7839
885,7818
885,4309
885,4339
886,1098
885,9346
886,4768
885,6909
885,0105
883,9996
888,1384
882,1096
884,1998
885,3304
886,8088
883,3230
885,9262
886,6592
884,6800
885,9489
887,9973
891,0955
881,2128
885,5993
889,9620
886,9924
882,5706
885,0777
883,4596
884,3162
887,5737
883,1223
885,3756
882,5341
885,5711
883,7004
885,5794
887,6719
887,8759
886,3955
886,5310
883,5195
884,2928
887,0909
884,1805
887,0721
887,2293
887,0007
885,6407
883,7038
886,2698
885,6549
886,6774
885,0178
886,7078
888,1511
884,7097
886,2854
889,0103
883,4672
886,1742
885,7262
888,0685
889,5119
886,6508
889,4785
888,0343
886,4162
884,2099
887,7300
886,8040
883,6170
885,9519
887,0672
885,7789
886,5415
888,7402
886,5917
887,2537
886,2849
885,3121
885,6913
886,4452
888,3006
888,2940
885,0208
884,7509
885,1581
885,4462
884,7297
888,6556
888,5695
887,4247
883,1082
887,0629
887,6767
885,5880
884,9060
887,1571
884,5776
887,5784
886,8156
885,5070
887,7278
888,2623
884,6509
885,2624
887,4090
884,6039
885,7472
887,0531
882,7050
884,0743
886,2171
884,4112
887,5632
884,0390
886,3305
887,2880
886,5359
889,0994
885,2690
887,6141
885,0295
882,1856
883,5164
884,4071
885,0564
884,6369
885,5704
886,3091
888,9260
885,7291
886,2951
885,9719
886,9027
885,5243
885,7002
886,1263
888,2063
891,0768
886,3285
884,5398
885,4950
888,0147
887,3224
886,5067
886,9467
887,5532
884,3950
881,6189
884,1683
885,7437
885,8145
888,3224
886,5590
886,4199
884,6826
887,1281
888,4336
886,0724
885,8264
885,7028
885,2701
886,6289
884,7242
887,4308
883,3196
888,7755
887,4955
886,3443
887,5949
883,6527
883,9017
887,3330
884,7721
883,4486
888,1166
885,2637
884,7291
886,3162
886,3042
886,8679
884,1508
886,2326
886,1250
885,6284
889,0879
884,9051
882,4570
884,8126
886,5034
884,5505
886,1808
884,3091
888,4760
887,1865
887,0212
891,2338
884,1857
882,4994
887,1000
884,7500
884,2494
886,3716
886,3408
886,5032
883,1893
887,8492
884,1829
882,6027
886,1100
887,5314
883,7878
887,1217
886,1003
883,7520
884,3844
883,4220
886,6553
883,5632
888,7296
888,2763
886,0984
887,9838
884,7902
887,7147
885,4850
887,9870
887,0852
886,2195
886,8442
883,1439
885,5138
885,6446
885,1089
887,3341
887,9471
880,0818
885,6132
883,4144
891,5518
888,3307
884,9400
885,8051
882,9868
887,9121
885,2710
885,0340
884,4904
884,7606
886,0208
885,1597
882,6864
886,5781
884,8195
889,0584
884,4964
890,4342
885,8033
885,1939
885,0704
885,3452
885,4806
888,0047
890,6113
885,3731
884,5471
891,0312
885,1191
886,3458
889,9210
887,2494
885,3667
889,8376
887,5203
889,7951
887,7733
887,1590
887,3971
889,5826
887,0537
882,2524
887,3082
884,4047
887,1323
887,3367
884,0042
887,1101
884,5655
885,5763
883,8433
883,3555
883,2711
885,4569
884,5070
886,0678
884,2349
887,3480
889,2506
886,8924
888,7616
887,0891
887,2066
886,6149
886,1087
885,9571
885,8951
887,1756
884,9852
886,5626
885,1191
883,9960
885,3111
879,8399
886,9294
884,2362
886,9736
887,2703
888,3652
886,2522
888,5507
885,4147
887,2638
885,3772
886,7761
887,5190
883,4337
886,8407
886,5476
889,1233
884,7906
885,6570
884,7030
888,6128
885,8324
887,4972
885,9629
885,0295
884,6296
887,7698
884,3053
887,5289
886,7428
884,0737
885,6280
885,4735
884,5692
886,7174
885,3529
888,5512
883,6440
884,3897
883,4632
885,0106
886,9571
888,7777
885,4643
886,8292
885,3819
888,1130
886,3946
885,4013
884,1821
886,4907
886,2524
885,1019
886,4631
887,8720
882,8829
883,5206
887,3336
882,2153
886,1654
888,5275
888,0756
885,1871
885,6092
885,7018
887,3599
884,0294
888,7106
886,9274
886,7912
886,9730
885,8477
886,8999
886,7469
888,4589
883,4435
884,8765
883,2979
888,3221
887,2932
887,1904
886,3671
884,4410
885,4410
889,2836
885,9766
885,6638
886,0734
888,8524
882,3009
888,0201
885,8364
887,4658
886,9209
886,3588
884,4555
884,4575
886,1855
886,1732
884,5294
884,5661
884,8796
886,7093
888,6687
886,2465
888,0669
884,4490
884,7227
886,4173
886,8715
886,0089
886,2698
884,2979
887,2668
887,7890
886,4085
886,7707
887,2690
883,4938
882,6889
885,8185
886,5907
884,9972
887,2065
887,2106
884,8473
887,6076
884,8871
886,4911
885,3329
886,3128
884,7709
887,8953
885,4129
888,7545
887,1685
890,5305
882,5482
884,8906
885,3319
883,6269
887,2805
886,4660
883,6635
884,1217
887,3588
885,5046
884,2930
885,6937
889,0387
887,1204
886,8814
884,9383
885,7774
887,2233
885,7001
887,7202
886,7090
887,6744
887,0992
886,0578
886,4959
884,2249
888,6873
884,5729
886,3120
884,4561
886,4951
886,7792
887,6051
885,1679
881,9387
888,1645
885,6288
884,6715
890,6284
885,9584
888,8311
886,5155
885,8726
886,9724
886,1886
885,4454
885,8892
890,4671
885,0672
884,7364
884,8837
886,0391
883,2836
887,0875
885,2340
885,1038
886,7715
885,1168
884,7947
886,1182
881,3258
887,6789
888,2295
884,7052
888,3667
884,7406
884,4039
885,8634
888,4681
885,3528
889,5350
884,5536
886,5092
887,7248
887,3157
885,7596
887,5043
886,7151
886,6747
883,9346
884,8925
889,0904
885,0589
888,2252
887,8228
883,2872
882,8699
884,5564
891,0401
888,3994
886,8924
885,3315
885,7936
885,9189
887,0734
890,1274
885,5366
887,6269
886,2736
886,3346
888,1065
884,4116
886,7534
885,4541
888,7599
884,9585
883,1350
889,3864
883,3919
885,2957
887,6381
890,9560
888,4402
887,9704
885,8076
886,0454
887,5733
883,9125
885,9903
886,7043
884,0132
886,6289
884,8876
888,0409
885,8437
888,0151
885,3540
888,6426
887,3166
884,8121
885,0237
888,9995
887,0214
886,7028
886,0539
883,3389
888,1909
884,9125
885,7553
884,3250
885,1516
887,8440
889,3373
886,2680
883,5875
888,6568
884,3938
887,7032
887,9764
885,0854
886,5766
887,1243
888,2767
888,1017
887,1371
886,0824
885,4329
887,6417
885,5870
887,5941
884,7565
884,7697
886,3399
887,7679
885,5592
886,7299
888,6808
885,9755
887,2001
887,8581
883,7630
883,6754
886,0783
886,1611
885,0704
885,5060
884,8689
885,3484
884,1139
886,6979
886,9329
884,2008
884,6426
884,1832
883,2835
886,0189
885,1171
888,1858
885,3710
884,0408
887,2170
888,7206
886,6194
885,4595
883,8162
885,0112
885,5062
889,2594
888,0691
886,2532
885,5444
885,0583
885,7305
886,9864
885,4865
886,6156
885,3339
889,7272
887,1498
885,6601
885,1534
885,8074
886,7355
885,2482
887,4467
883,4036
888,9362
886,4689
887,2501
884,0066
886,1679
887,6258
886,3024
886,8120
887,9545
884,4488
883,1780
883,3320
886,5270
886,0945
885,6276
886,2091
883,7318
886,5743
885,6830
885,1098
884,4560
886,4681
885,0974
884,2400
888,5468
886,8775
887,6060
888,0994
885,8746
887,7519
885,7817
884,1626
882,7393
888,3519
884,5132
885,5092
884,4194
883,3703
887,4044
885,6291
886,8161
885,2360
889,7293
888,4303
882,5699
887,5623
886,4879
889,2117
882,7428
886,1128
886,1761
885,6453
885,8377
886,2703
883,8575
888,2923
886,9404
886,1983
881,4170
888,1149
885,2154
885,3375
889,1090
885,0850
888,3591
885,4217
887,2031
884,2003
885,6450
886,2850
889,0529
884,8286
883,7039
886,1551
884,0357
885,2874
883,7957
885,3411
887,8120
884,5408
886,0128
888,4587
886,4829
883,7410
886,1582
886,2617
885,5851
883,7870
886,2517
886,0088
885,8303
885,9541
887,4669
884,6427
886,9973
888,3369
884,2349
886,0867
887,7172
885,4160
884,5949
888,2695
886,1476
886,7212
887,3134
887,0098
885,2816
888,9826
889,2420
887,1067
886,0382
886,3014
883,3729
886,0421
885,3765
885,6254
884,4682
883,7398
886,3820
885,2625
883,8926
887,3200
886,1006
886,7785
888,6758
884,3382
885,8639
882,9627
884,6164
885,0074
884,4283
887,9859
885,4529
886,6777
883,5524
885,4897
886,8557
883,6162
886,0798
885,8685
884,4070
885,0149
886,1547
885,8008
884,4938
886,7617
886,9201
886,2083
886,5924
887,3483
884,2300
889,1941
883,9549
883,2323
886,6929
886,4736
889,0929
885,0237
884,2407
886,7758
886,4315
886,9528
887,1956
887,7604
887,7409
883,6868
885,8830
888,0328
886,2729
888,1979
883,5251
887,2048
885,5156
884,9570
886,4997
888,8027
886,3945
887,7747
888,2717
887,6712
885,0039
886,5226
884,5602
885,6285
886,4639
885,7940
883,0401
885,7775
884,8093
887,5097
885,4608
879,7767
886,9401
886,5006
887,3926
885,2682
884,1975
886,0498
884,0046
886,6554
887,2259
887,9782
888,6399
884,1573
887,5474
881,7478
885,8188
887,9442
886,1829
884,6653
885,5344
886,3720
886,4869
885,0859
885,0896
889,2511
885,9694
886,9792
889,0215
886,7398
883,6407
888,7205
885,2402
888,8418
884,1088
884,2568
887,2005
885,8207
887,7396
887,4749
883,7343
885,7774
887,2334
887,1983
887,7588
886,6717
885,7636
886,7896
885,9014
885,0767
886,4177
886,9658
885,7981
887,4877
886,0260
886,1224
886,8157
884,9907
886,1590
887,2871
887,4397
886,5430
883,9888
883,2811
884,9448
885,4560
884,4417
884,1329
883,5851
886,2984
883,8829
886,6187
886,4812
884,8883
885,9052
885,9364
888,6197
886,2192
888,9201
884,6760
887,6024
885,4609
887,0531
886,2411
882,8377
887,7031
885,7024
886,4239
882,9038
886,8571
885,4793
883,4465
882,5200
886,4862
887,6137
885,2121
888,7697
886,2553
886,1963
886,7237
884,9956
887,6901
885,6078
886,8117
886,1615
884,7482
889,5917
888,8900
886,9579
884,8774
883,8290
885,8419
883,2172
886,0343
887,4860
888,0475
885,9699
888,1947
885,8467
886,7695
885,8697
887,0574
884,8560
888,8421
880,8141
885,9102
883,8474
886,2878
885,8913
883,7914
884,3638
885,1226
887,3802
883,2746
884,9746
883,1897
884,7105
883,8435
886,2613
888,3260
887,3521
887,0192
885,0637
889,4376
885,3721
885,7389
885,7351
887,9899
886,9242
884,1529
889,4027
885,7831
887,8302
886,3292
884,4185
885,3956
884,7898
884,0385
888,5162
883,0343
886,2312
884,5258
888,0071
884,8511
884,6635
886,9575
884,7077
886,8459
885,8279
886,3071
885,3814
887,9204
885,5460
884,7987
885,3191
884,0696
886,8177
883,8681
885,0422
883,2478
887,9883
886,3042
887,5913
885,1916
886,4333
887,8004
882,5547
883,7190
885,2248
882,8199
882,2136
886,0457
886,5106
886,0466
884,7243
888,0805
886,7096
883,0481
887,7737
885,3743
884,5581
886,3305
886,1421
883,9780
883,4365
889,9251
887,4463
885,2912
885,9926
886,5881
882,5389
885,4256
886,1303
886,1514
885,6811
884,2263
887,0518
887,4926
887,2773
884,8743
885,1455
886,9824
885,2297
889,9431
885,3397
883,8721
886,5610
883,6880
886,8248
885,2751
887,2848
884,6117
883,3485
885,1274
884,0587
885,2314
886,0289
885,7309
887,3858
886,6248
884,7199
885,8066
884,5049
886,6674
886,2571
884,6802
886,6706
887,7610
884,7065
886,4821
885,4260
886,8034
886,3335
886,9177
884,0026
883,4435
886,2750
889,1817
886,0079
886,0357
886,1164
887,6474
888,3321
883,2434
888,1560
886,3820
884,5709
885,2126
887,5170
887,3201
886,4116
886,7036
885,0485
885,5391
885,8491
884,8376
884,7873
886,5217
884,8405
883,7895
885,8605
886,0500
887,8599
886,3505
885,0423
887,5711
886,9188
885,2855
884,8069
888,4936
885,6336
888,8373
884,0553
884,4450
890,5115
882,1371
886,9987
886,2714
884,6952
885,3165
884,3757
886,5451
884,0479
882,6123
885,0772
884,8112
884,7739
881,4262
885,7426
885,6153
887,4085
884,8237
886,4640
886,1004
885,5173
884,1662
887,4395
883,2901
888,2813
885,4419
887,1435
886,6453
884,3185
885,1170
886,3514
885,6311
884,8894
885,2363
884,8226
886,2991
888,5064
885,4991
885,0418
888,2839
885,4672
885,6105
885,2947
888,0356
888,1489
887,6834
886,3061
885,7995
888,0708
884,6744
886,7653
884,9195
883,2288
883,1417
889,0297
888,4194
883,6904
887,8520
887,3453
885,0713
885,6761
888,3521
886,7315
886,8256
886,6188
885,0517
884,3208
886,2174
886,2457
889,0534
881,5633
889,2502
885,1841
885,1993
886,0951
887,0812
884,2126
883,9953
885,0858
885,6025
884,9234
886,1527
882,5077
882,9295
884,8929
884,6468
886,6787
888,3018
889,3959
886,7805
884,7726
886,7870
888,0447
883,2597
885,3414
886,8436
887,7145
885,6889
885,5722
885,1319
886,3253
886,4793
884,7705
885,9725
883,6590
890,0622
885,7907
886,5277
885,8963
886,0986
884,7730
887,9263
885,2396
884,4770
882,4926
884,8990
885,0043
886,1774
885,0323
886,3030
887,4618
884,4600
888,4878
888,9896
887,0539
885,2598
883,5742
887,3620
886,4028
886,3300
884,6989
886,2412
884,9479
887,4778
884,2432
884,6828
886,9778
888,3108
885,3420
883,8341
885,7946
887,8004
885,4718
886,4759
884,4717
884,9658
884,7617
887,6542
887,6834
887,0342
885,2588
883,1431
884,0875
885,2489
885,4540
884,3014
887,0395
885,9099
886,2417
886,1462
885,1441
884,1759
884,6275
885,6731
885,4645
884,7097
886,9183
884,6628
887,2770
886,7456
887,5605
884,0449
888,4927
886,2491
885,2483
886,9501
884,7631
888,3261
887,3834
886,3102
886,2014
886,9785
885,0926
887,3052
885,2148
887,7138
884,8710
884,8669
885,7634
887,1189
884,5797
885,3531
884,2269
883,0772
884,3893
887,0372
885,0041
886,9238
886,9607
885,7422
886,1767
887,0118
888,2496
887,5195
885,1266
884,2496
886,4225
884,7175
886,0138
886,3281
885,1392
886,4056
889,1320
885,8272
887,1173
890,5190
888,6052
890,5115
886,6276
887,8883
888,0053
891,0752
883,4207
883,6133
882,3767
885,5209
888,2234
885,8478
884,3312
885,0819
886,1736
885,4859
887,0696
884,5886
887,2345
883,8549
885,2482
885,7991
886,1639
884,2539
886,6210
887,7885
888,1601
888,2800
885,0143
885,5392
883,7533
886,6569
890,7566
883,6102
886,3144
886,1461
884,3819
885,2466
882,1854
883,5022
887,3579
883,8621
885,6231
886,9520
884,0356
885,9255
883,7524
884,2123
888,9670
887,3736
889,4797
885,2629
885,3781
887,1870
887,6686
884,9524
887,5709
890,1513
883,7479
888,8451
884,5723
885,5724
887,5010
885,7594
885,5093
887,4297
884,6211
883,5248
884,0403
885,6259
884,0939
888,2953
887,5077
884,8103
888,4833
883,6620
886,0481
891,6902
884,4262
884,8934
884,0097
887,7407
882,7061
885,4515
885,5467
888,8921
886,0608
885,8792
884,4935
883,4922
886,2232
884,5409
888,0573
887,9569
885,2675
883,9436
888,6704
885,9320
886,6893
887,4870
885,2554
882,5452
884,6276
888,0015
885,0352
886,7156
887,6659
885,8707
883,9986
886,6936
886,6357
883,9606
887,7440
882,9901
885,5184
884,8410
889,7547
883,2209
887,1026
885,2902
888,2687
887,2227
885,4008
887,4288
885,5519
885,4106
885,4862
886,2351
886,3244
888,0883
880,4644
883,6834
883,4657
889,3865
886,5631
886,5749
886,0483
884,8849
885,5715
886,9399
888,7190
884,4620
886,2816
884,4818
885,7196
886,4942
887,0859
884,6080
886,0753
885,4738
886,9497
889,6441
887,7320
887,6053
885,0987
884,4113
884,8343
884,7861
880,9221
889,1796
886,7137
882,6946
886,5003
885,9809
889,0141
884,8850
885,4063
887,6556
885,5775
882,4459
883,6766
884,4773
884,9237
890,0936
887,2100
884,1081
890,3448
885,2003
887,1087
887,5848
885,7184
887,0538
884,0917
887,2785
882,9043
887,6522
887,5714
886,4290
885,5919
884,2768
886,6017
886,4527
888,1452
888,5452
884,6965
883,1009
885,2798
884,9526
885,8990
886,2443
884,9730
883,0914
884,7294
886,7372
887,4212
887,4331
886,8447
884,8879
886,6353
889,5015
887,3842
884,9119
886,3359
886,0640
887,1332
887,3489
885,0402
884,1115
888,1554
883,7332
886,5111
884,7978
884,0154
882,8655
886,5516
885,8481
886,7749
884,3744
886,0654
887,8781
880,6716
883,2056
887,1409
886,2888
886,4173
885,8640
884,6642
884,3241
885,8331
888,3290
885,1603
885,3652
885,9140
886,5588
885,3143
887,8740
886,8279
885,2160
885,5172
885,8208
887,3583
888,3129
886,2987
884,6263
887,7768
885,8146
885,8967
883,9651
887,0149
882,3004
887,5563
883,1873
885,8996
885,5635
887,9499
884,6812
884,6094
884,2905
887,6344
884,0364
885,4419
885,9728
884,4473
885,4148
886,6573
885,9521
886,3838
885,8156
885,3625
887,5350
888,3152
883,9996
885,5361
886,1244
887,8989
886,3929
886,2326
885,0884
887,4792
884,7888
885,3011
883,0667
887,3789
885,2130
886,5245
885,1960
883,9602
885,4467
886,6468
886,2439
884,9045
887,8752
884,1852
886,6162
885,7905
885,4602
886,3329
888,5024
886,2226
887,5070
881,4130
882,3454
884,8933
887,8569
885,2526
885,3892
884,9816
885,2320
888,4141
885,1722
886,0993
886,2674
886,0364
888,4016
886,9824
884,9452
890,2979
888,3407
883,4846
885,6240
885,1418
886,4787
884,7082
885,6377
887,0876
884,0072
885,0137
887,2099
886,5243
886,3110
887,7938
887,8410
885,9713
886,9845
884,1961
884,5935
883,6418
887,3586
887,1594
887,1133
884,8711
887,3265
886,5928
884,0149
888,0533
885,9838
884,6974
883,9781
885,9898
888,4014
885,8619
886,3055
885,9421
886,4496
887,0175
885,2477
885,2951
886,9140
885,6538
884,0150
884,2686
888,5088
887,6005
884,7499
886,2417
884,6093
886,5743
886,4167
885,4354
882,5643
886,0472
884,1970
886,5210
888,7590
885,7546
885,2662
881,3770
887,4468
886,8234
886,0619
883,0338
886,5352
883,9658
882,9998
884,5737
886,1456
886,1387
887,8602
885,3209
886,5736
886,1253
887,7043
887,3207
885,8720
883,7555
885,5309
883,5194
883,9244
886,8929
887,8707
884,4261
886,8951
886,9421
886,6939
884,8558
887,1824
887,4628
884,7809
880,8877
884,9701
886,3891
885,0380
884,0258
886,2162
887,6276
884,4378
887,4426
886,7459
882,3102
887,7136
884,4028
881,9565
888,2481
885,8561
887,0055
885,3579
885,7298
885,3239
885,4489
885,2194
886,1534
889,2299
887,5328
886,3295
886,3428
885,5582
886,7130
885,4417
887,1230
886,4244
887,3303
885,6095
882,3674
883,5809
886,4007
886,5212
884,9346
885,8340
885,7634
888,5382
886,9597
885,3913
885,7957
885,7488
884,6054
886,6278
886,5666
890,8326
887,0149
886,2441
887,2177
887,4876
885,0790
884,2463
887,1686
887,8969
887,5134
882,9333
885,9041
884,4923
884,0431
889,2453
885,3255
887,1618
883,3829
889,1168
886,5343
886,5546
885,0681
883,0760
886,2107
883,1828
883,7198
888,8911
888,4852
885,5410
884,9166
887,4704
885,8357
884,7735
888,3821
884,8032
888,8210
885,9590
885,1297
883,8304
885,9969
884,2164
886,0711
885,1124
884,8262
888,7556
885,2845
885,8929
887,4631
887,4937
887,0729
886,8818
886,6890
886,7701
883,5730
885,5881
888,6828
885,4733
886,6295
889,3659
885,9692
887,3140
886,1995
886,3501
885,8119
883,7229
884,3319
887,3747
886,3431
884,6184
883,4593
886,2650
885,7579
887,0873
888,2825
881,9481
886,3650
887,0047
885,7581
886,3466
888,1167
887,9592
887,2822
886,1678
886,8535
886,6982
881,7570
884,7797
884,5758
886,9782
887,9091
887,4218
883,6857
884,1203
885,6146
887,2350
882,9420
884,5412
884,7491
887,2153
886,0993
889,1434
883,0953
888,1796
884,9373
886,1420
884,5041
884,2207
886,2205
887,5347
887,5880
886,0643
884,7419
885,2191
887,5140
887,8136
886,6198
883,0951
882,5668
886,6523
885,2236
883,7244
884,6907
885,9413
885,1496
887,2350
885,7646
887,8469
888,4859
887,7521
885,2411
887,6103
885,5149
887,5895
884,7458
885,4088
887,5718
884,7416
885,3202
888,1424
884,8974
886,0308
883,2190
886,0070
885,8924
886,7628
885,1727
886,7980
884,7101
885,7773
882,4520
886,0465
886,3034
882,5145
887,8593
888,3389
885,0449
882,8436
884,4293
884,4426
886,7863
886,1541
889,0232
885,9188
886,8988
884,2891
883,9642
886,5022
885,3442
884,9347
885,4211
887,3290
888,5691
884,2273
885,0423
886,6249
886,6869
887,2283
884,7705
884,7503
887,2543
884,1494
885,1906
885,0689
884,7898
883,6835
883,6044
883,2835
887,0804
886,4204
886,7187
884,5043
887,9657
885,6309
887,4071
886,1025
886,2709
884,9559
886,0461
885,1132
883,6963
886,0894
885,2399
886,4226
884,1950
883,4786
886,5971
890,3235
885,9351
883,8603
886,7402
884,9493
887,9281
883,9075
883,9865
883,2905
886,4396
886,4100
886,8142
884,5806
885,4358
888,9780
888,7986
884,2873
886,2188
887,1902
886,1186
885,8722
885,8489
887,9905
887,6117
887,2416
883,8648
887,7213
885,7464
882,7340
886,3866
886,7290
884,3152
887,6801
885,4374
889,3944
884,7564
889,7721
885,8700
885,1404
886,7729
884,9096
887,3731
883,5980
882,6733
886,1164
887,3967
884,0226
886,4074
885,8299
886,5955
886,1713
884,7241
884,5543
886,0316
889,3213
881,8247
884,3572
883,7521
884,5889
886,7249
888,2265
882,5078
889,1133
888,1329
889,0962
883,8705
887,9075
886,0584
883,5622
886,9687
887,5472
889,0149
886,9877
885,3273
887,5272
885,5322
888,7076
886,5904
885,8244
887,6303
885,9140
886,4522
886,5801
889,6165
888,7867
887,2369
888,0268
883,2986
886,8885
888,3100
884,3448
884,4164
888,3576
885,5887
882,9657
886,9723
886,0542
883,3427
885,7213
887,6096
886,7704
885,2361
882,2095
885,7988
886,7333
884,4470
882,5239
888,0092
886,3681
887,7262
884,2088
886,2486
886,1769
884,1673
886,8576
884,0537
885,4672
883,7559
885,4947
889,9678
884,8528
884,1876
886,0099
887,4815
886,2117
887,8094
884,3390
887,8799
884,5378
889,9485
887,9728
882,4221
885,2983
886,0680
884,2986
886,2667
886,4678
886,4444
887,3646
887,8764
883,0904
885,7328
888,7317
887,2478
886,1598
884,4719
885,8272
882,0943
883,8875
885,9232
886,7952
887,8005
884,4057
885,5617
888,4224
888,1756
886,2676
886,2686
889,8421
885,9139
886,4188
887,8711
884,4023
884,6835
884,3525
886,1631
883,4308
886,7645
888,3246
885,5223
887,5830
882,7119
887,9154
886,5396
885,1990
887,7368
887,4697
884,3119
882,7551
884,7516
886,2629
887,2267
884,7958
887,4502
884,4785
887,8865
885,7440
887,3640
886,0459
887,1870
883,7377
884,5683
884,3986
887,5619
884,5993
884,8690
885,4991
884,1688
885,1610
882,3822
883,6203
887,6912
885,6874
887,1611
888,4065
886,8907
884,1678
884,8253
888,4226
885,8425
885,4389
886,6624
882,6872
885,8240
885,1906
888,1298
884,3045
886,7854
890,1092
887,9166
884,4407
886,6530
883,4088
887,3466
886,8713
884,9118
885,2628
886,4252
884,0692
884,3169
887,0031
886,5346
889,9508
882,2357
885,9394
885,7027
886,7406
884,2898
886,5640
886,9771
883,3044
882,8647
886,3512
883,7272
886,2835
886,0098
883,5779
886,7613
883,1705
886,5327
886,4756
886,6395
881,5475
885,3706
888,9340
885,2214
885,0609
879,6921
885,9344
886,1375
891,5467
882,9768
887,4333
886,7508
882,6633
886,5894
887,9430
886,9423
886,8116
887,5105
887,9894
886,9529
889,4104
886,5645
884,1681
883,9770
884,4062
886,7363
887,8294
883,8326
887,0771
886,3644
885,6855
886,3117
887,6072
887,0404
887,3019
883,5787
886,4327
886,3513
888,1713
885,8651
881,5874
885,7155
889,1620
883,5157
890,3477
886,7135
884,7748
882,5973
884,4006
884,7783
887,2912
887,2788
886,2040
884,2184
883,8069
887,1565
885,2130
887,9495
883,4026
885,6285
885,8689
889,2969
885,1019
887,5854
884,7898
885,6908
886,3204
888,2346
885,8612
888,7428
885,9962
884,4046
884,7275
886,8381
887,3931
888,4406
885,4853
886,4873
885,6128
887,7708
884,2530
882,8632
887,2405
886,5905
885,4205
887,6562
887,7806
886,0894
884,1129
884,9155
886,1609
885,5184
884,0195
887,0775
882,4443
890,4334
887,2890
885,4608
883,3772
884,8022
884,0338
884,4491
887,4344
884,0284
883,3475
886,5098
883,4525
887,6002
886,7998
884,1742
886,1418
889,0627
886,4479
886,1814
884,2999
886,5420
882,7098
886,1021
888,2677
885,3132
885,5761
886,4107
884,9089
888,9567
886,0166
885,8563
886,7965
884,4408
882,6418
886,1325
884,9127
889,6981
886,3597
884,6717
884,1768
884,3378
887,2606
886,2518
885,0608
884,3900
884,0910
887,2510
884,3839
885,7407
886,6443
886,9060
887,6744
887,4142
887,3962
885,9332
888,8079
886,5094
887,5224
886,2614
884,8658
887,5723
886,5500
885,3732
886,2540
885,4770
886,3748
887,9830
887,8179
887,8229
887,8915
886,1629
886,9868
887,0594
887,5595
886,0231
886,8105
883,0485
884,8987
889,5130
885,3420
886,4441
887,0630
885,2837
884,4506
884,7071
884,7287
885,1318
886,2090
887,1685
884,9088
886,7756
886,3649
884,3247
883,8711
886,6516
886,0003
889,2558
886,3727
883,9614
884,7297
887,1571
885,3488
885,7903
888,2482
882,7402
887,1954
885,9716
888,7610
884,2698
887,9088
887,6647
885,3652
885,4432
886,5806
884,6730
886,1390
885,0481
881,4569
886,7534
889,5230
886,6368
885,3826
883,0365
888,7986
885,9751
881,9710
888,0375
884,1850
886,2591
883,8206
886,7576
885,0396
884,5746
885,9857
887,2130
885,6919
888,7320
888,1191
883,1614
887,1096
886,9617
885,4832
884,3626
882,5481
884,7138
889,7212
884,6477
886,2960
883,7225
887,8337
882,1236
887,9252
887,0388
886,5393
886,1460
883,4380
882,9441
887,6588
885,3658
889,0790
885,7649
887,1320
886,6742
882,3447
880,5463
885,9819
883,6668
885,9181
885,5809
885,6711
885,8491
885,6748
885,9922
887,8308
886,6399
885,2160
885,3609
884,7000
888,0954
886,3964
883,9519
887,6473
883,0604
888,2074
882,5235
885,5436
885,9440
884,5312
882,8201
883,4837
887,7868
886,5587
883,5473
885,7779
884,4346
883,0826
886,3369
884,6419
885,6317
885,0968
886,2265
889,7391
887,4225
886,3750
886,6442
886,0561
884,8554
888,6270
887,5359
886,8135
887,0294
888,1227
887,0114
887,4989
884,0081
886,0171
883,4941
885,5637
888,1203
885,5169
886,1744
886,5510
886,7558
882,9907
887,3732
885,8213
886,2647
887,3119
880,7825
886,9620
885,0055
887,9735
886,6313
887,3352
887,2044
885,2870
883,1986
884,9016
891,4877
885,6614
887,5283
889,0027
885,6788
886,7833
882,4059
886,3089
887,6093
884,2402
888,4291
886,7788
880,0140
886,1674
882,9630
884,0532
886,3102
886,7493
890,1465
886,9902
883,7522
885,6332
884,1000
885,9019
884,0256
885,7796
884,4579
884,9350
887,8242
885,8610
885,7263
884,3787
885,3460
885,1121
882,4328
885,4071
883,0441
888,8918
886,6031
886,9137
884,9303
885,0937
885,5096
886,1542
882,7301
888,7071
887,0026
886,4050
887,7973
883,1889
887,0666
883,2167
884,6802
887,4347
882,4521
885,6062
887,7379
887,3534
884,1429
886,6226
885,8598
887,1382
882,0070
884,9210
885,2964
888,4760
887,5135
884,4178
887,6825
886,1911
885,2635
886,6440
884,3536
883,1792
885,9766
889,6524
887,1633
885,4516
885,4295
887,1497
884,8123
885,3480
889,1928
887,3104
887,9776
884,7639
888,0145
887,7029
885,2192
887,7725
887,2972
889,6889
884,6913
884,1132
884,7210
884,3105
888,0921
884,3716
889,4502
888,1277
886,9524
885,1646
886,3395
889,5514
882,8303
887,5340
887,9090
886,0448
882,8907
885,3691
886,4255
885,6092
886,3119
885,7907
888,2467
884,3375
887,7138
883,4385
884,6226
887,5236
887,4390
884,5514
883,9920
885,3121
883,7524
883,9428
884,1682
889,5258
886,8418
886,2758
883,5630
886,9663
885,2391
887,7943
884,8142
886,6844
889,2845
882,6884
885,8200
887,4415
885,9698
885,2538
888,7716
887,5976
885,5538
887,3826
889,9207
883,2554
887,2959
882,2307
889,0101
888,7104
885,9355
887,1906
885,5462
884,5053
886,3887
884,0043
884,1109
884,2811
884,8232
885,0195
886,1473
885,8717
885,6053
888,8603
884,9734
886,4885
888,2245
885,8702
890,6507
885,7770
885,2098
884,6695
885,1535
882,2980
886,1816
883,1155
888,1804
885,0391
886,1117
887,6910
886,6790
882,0167
886,9912
885,4536
887,0239
885,0387
883,5316
883,4734
885,4681
885,6290
882,0106
885,2721
888,3325
885,7304
887,4860
884,5812
889,4812
889,5422
885,7990
885,4629
888,0548
885,6089
885,0947
887,7811
885,6887
887,1197
887,1247
884,9052
884,8044
885,4151
888,2104
887,0858
884,5154
885,4790
886,4741
884,4941
886,4381
887,3178
884,7335
885,3924
887,7312
888,3417
887,1635
887,7644
884,5428
887,9713
883,5778
884,1870
884,6409
888,1174
887,5464
886,7594
884,0387
886,0366
884,2214
884,3835
883,6546
884,1203
888,7300
890,2696
886,6873
883,7174
885,2754
884,5849
886,4081
887,5517
886,6451
886,5679
885,7214
886,3006
886,8962
885,3137
886,2041
886,2637
885,6522
887,9219
885,6721
885,2482
886,6190
882,7318
886,3336
885,2317
887,5043
881,0722
886,2242
888,4144
884,1691
885,0940
888,7362
886,2412
885,9005
887,4855
884,5903
885,7313
883,0498
886,9277
886,4446
888,3081
884,4815
886,1684
889,3823
883,5483
889,1999
886,2134
887,9109
886,2269
885,8469
889,8957
886,2378
885,1818
884,9428
886,5083
885,6518
885,0026
886,4110
885,9044
886,5489
886,6296
882,6868
883,9529
885,1790
885,3837
886,6730
884,7059
884,3140
886,3440
886,8027
884,3361
886,4149
885,4415
885,4883
884,0834
887,0100
882,9155
884,1455
887,5140
884,6355
885,8196
885,4338
886,3077
883,6626
888,8138
886,0165
885,7914
883,2023
887,0517
887,2081
886,3722
888,9194
887,8591
890,7811
886,5750
884,9261
886,0666
886,9778
887,1865
887,9051
889,3623
887,2636
888,8981
886,3160
884,2041
888,0166
885,4261
883,5208
886,1725
886,8189
884,2705
884,9761
886,8749
887,0252
885,9640
886,6332
883,6479
886,6840
885,2444
883,9551
888,4662
886,6750
889,1740
886,5368
885,4522
884,9564
888,6994
884,6672
886,4663
885,0839
886,7830
881,8032
886,1777
884,0110
885,5887
889,0244
888,4574
886,5751
887,5477
884,6467
884,8586
884,8347
886,6860
887,8893
884,6289
887,7179
886,2204
889,4149
886,9984
885,4991
883,0334
884,5886
885,7235
888,6087
886,4893
884,2577
888,5253
886,1832
886,1988
885,8113
888,7411
883,7999
885,3189
886,3778
883,4023
888,0249
888,4890
885,7227
886,3812
886,6642
885,7055
887,5042
885,4754
886,5393
885,2773
886,6601
888,0337
885,4567
886,9464
887,9325
884,3449
885,5606
883,6756
887,5408
887,1615
890,4912
887,0817
890,8355
887,9559
885,3750
884,9919
887,7532
883,5085
887,5867
889,4553
882,7643
885,3916
884,8591
885,5027
886,8393
882,9700
887,9206
886,2445
888,1111
884,5740
885,3746
883,5721
884,2840
886,2184
885,1591
882,0174
884,7962
887,5089
887,3258
884,6991
884,1266
885,9363
885,4512
885,0023
885,3236
887,4142
885,1122
885,0658
887,4766
884,4313
882,7848
885,3056
883,9419
887,2290
883,8292
885,3104
886,1116
885,0669
885,8756
885,6932
885,9899
887,1045
888,1769
887,5269
882,9256
884,5009
882,5887
885,6612
885,8841
883,9528
887,7074
885,8409
888,2199
886,5690
886,8775
885,5985
886,1830
889,1235
882,2768
881,5896
886,0526
885,8589
885,6766
885,6062
884,4598
882,6650
884,7077
885,6148
886,4907
885,9024
883,9672
884,3097
882,3213
885,8255
884,4486
886,6668
887,3474
884,6537
884,8124
887,5631
885,9121
882,3837
884,6179
886,0378
888,2612
887,6785
886,4366
884,9985
884,9885
882,5686
886,7741
886,0454
886,8507
887,1982
885,7350
884,1308
889,5224
889,4745
889,3456
886,8390
880,8907
888,0729
885,9181
884,4663
887,3636
886,9194
887,1499
889,0176
886,3940
886,9210
888,9413
888,6284
886,8174
886,3170
888,3564
888,1156
885,4533
888,1336
884,9210
882,7593
884,0831
886,8085
887,4813
885,9062
888,1535
884,8372
884,1782
886,1314
884,9265
886,2487
886,7825
885,8592
888,7356
886,2280
885,3200
886,9092
885,7982
885,2051
885,0640
887,0562
884,2229
882,6817
885,3422
880,0929
887,2105
887,6765
888,7734
885,1729
884,8436
885,8635
886,1925
885,7242
886,2767
886,3461
884,9706
887,3458
885,4384
887,1155
885,3968
890,3167
884,4484
886,5247
882,7421
885,2037
885,9139
885,2513
885,8168
887,2947
888,3496
886,1632
885,2648
883,3920
887,3657
884,9185
886,6783
884,8991
886,2178
889,1263
886,5870
884,8571
885,1268
886,6538
890,0053
888,0964
882,5212
887,0174
884,3862
882,5130
884,6253
887,1433
886,1159
886,5266
886,7328
884,3021
883,8793
888,9616
885,7678
887,7554
887,0704
886,7629
883,7314
885,7334
883,5434
886,1603
883,3287
886,2186
884,1920
884,2300
887,9643
886,8040
883,8539
889,7382
882,8715
887,6850
884,9676
889,2825
883,7689
888,9149
886,4564
883,2466
881,9434
887,2626
884,7673
886,9024
886,0372
888,7513
886,6385
883,6438
883,5999
887,1267
887,6420
888,1149
887,6590
885,0202
887,3198
886,2360
881,4089
885,1615
887,0627
885,3809
883,6887
884,6215
882,6204
889,1879
885,1346
884,3778
887,6427
888,0318
885,3141
887,4683
887,4257
884,5492
886,0917
885,7379
891,3418
886,4680
885,7983
885,7672
888,2481
886,1368
885,3067
887,0975
888,2063
887,0638
885,1264
884,9469
884,4945
886,0496
887,3894
884,4569
886,7683
883,6166
884,0340
885,1516
885,4988
888,4837
889,3613
888,0843
883,5729
886,9065
885,1937
885,4748
886,8184
883,8768
886,5460
887,4021
886,4700
884,2396
886,6876
886,7222
885,2283
885,0348
883,8424
887,1165
884,3131
886,6776
885,5202
885,4166
887,6517
884,5974
884,0437
885,2593
888,3361
886,5103
884,9935
885,4439
884,5432
888,4723
883,2051
885,6201
885,7293
888,1453
885,1265
885,9513
880,8959
885,7599
884,8784
886,6835
884,7059
889,2943
885,2991
885,4039
889,2761
886,1312
883,5742
887,5849
885,3354
888,4973
886,5237
885,5355
884,6101
885,2827
884,2911
888,3226
885,7038
883,3719
883,8441
886,6826
887,1098
888,1009
889,5102
888,8253
887,5959
885,2233
885,4434
886,5760
885,7310
885,2905
883,5176
886,9333
880,5769
888,2002
883,9392
884,7851
884,9110
890,5133
883,1253
885,2451
887,1630
889,1373
886,4864
883,8595
886,7107
885,7159
885,4531
883,8945
886,7973
885,0133
889,8788
885,8890
887,5230
886,4979
886,7847
887,8819
888,3604
886,6548
887,2275
889,1308
886,2408
885,9320
887,0173
887,9061
888,2036
887,8489
886,3535
884,1291
886,8029
885,8255
889,1061
882,8390
890,4569
888,0631
883,9476
886,5384
886,9775
883,3595
885,5039
887,4234
882,3896
887,0378
887,4650
884,2248
884,4978
884,8279
888,8998
885,8487
888,4035
887,1287
884,4506
886,7843
887,6135
884,0711
885,3730
886,9080
885,0508
886,7326
884,5123
885,6220
884,8876
885,9578
886,2161
885,7662
887,5876
886,2125
880,5653
886,2424
886,2197
887,6152
884,3125
885,5181
886,1434
886,4469
888,8248
886,6621
886,6735
888,1312
884,8821
887,3934
885,9052
882,8736
885,6947
887,9059
883,7953
885,6067
887,9537
886,9028
886,8953
887,4911
884,3250
885,9827
886,1801
885,4010
883,3961
887,3102
885,0666
888,2967
887,1904
885,8730
887,7212
885,4161
884,7141
884,3612
885,2664
887,7126
884,9437
886,3903
882,4648
886,2419
887,8509
886,5467
887,4210
885,0479
886,4968
884,9693
884,4979
886,9780
887,7994
882,4354
885,9245
884,2535
887,6723
886,0927
881,9539
886,8780
886,6813
886,2401
886,0132
882,7435
883,3744
888,1271
884,2232
885,8231
886,1229
884,3201
885,8721
886,4636
888,4929
886,5946
884,2600
886,7317
885,1589
885,7438
882,2460
885,7253
883,5410
882,8816
888,3220
885,4690
887,3397
884,4609
886,7972
885,5243
886,2024
883,5400
883,9063
886,0980
884,9191
887,3038
885,3274
884,5089
886,2750
885,8307
886,9680
883,0373
889,1552
889,1247
884,5013
887,0462
890,0092
882,0412
884,2706
886,2192
883,6999
884,0653
884,5080
886,2345
884,4661
883,9038
888,1659
882,6090
886,7191
887,4878
884,8901
885,6458
883,3711
886,9369
886,6201
888,5108
887,1126
885,6189
885,1619
886,0976
883,4698
885,3793
885,1464
881,5313
888,1303
885,6595
885,8483
884,3882
882,3599
887,1934
887,7767
888,9237
883,7722
886,0717
885,4052
885,6142
887,7580
889,3652
887,5764
885,0225
887,5270
884,8555
885,6586
883,5188
887,0947
884,3263
884,7878
885,5615
886,1621
886,7324
883,7173
886,1860
887,1829
885,3224
885,3022
885,7477
885,0793
883,9939
882,9764
886,1031
883,2810
885,6314
883,0213
881,4627
887,9314
883,4998
888,2151
887,2552
889,4879
883,0656
887,1767
884,6820
886,0779
886,7866
885,4996
884,6947
882,6337
885,3829
887,3043
887,1724
886,3856
889,4258
887,6806
884,0880
886,4306
885,4461
886,1250
888,9060
884,8560
886,5909
886,3656
886,0562
887,4225
886,6265
884,4999
886,1866
889,5290
886,5659
887,7824
888,7016
883,5116
885,8028
888,3883
886,8180
886,3401
886,0814
888,7351
886,8430
885,9192
884,4852
884,4729
889,5971
886,2638
886,1587
886,6734
885,7450
887,6467
887,1845
884,5005
889,1287
886,3806
886,4319
885,1785
886,9753
889,0561
886,6273
886,6349
885,8043
886,3461
885,6199
887,5977
884,7789
887,6866
887,3978
888,5470
888,4963
887,4494
884,2062
885,4752
889,0175
886,6140
885,3958
885,2638
885,6716
887,5594
885,3334
887,8884
880,7387
887,8669
886,4284
884,0123
885,8721
885,3496
888,5174
885,1276
885,1124
884,0572
888,1631
887,2338
884,9232
886,8923
888,6255
885,1047
884,4097
890,5383
883,4347
888,8962
889,3613
888,2395
887,8873
888,0257
884,6271
887,6319
888,8446
887,4036
886,0182
886,3849
883,8631
885,7608
885,6821
885,3652
886,0546
885,3619
884,3056
885,1681
886,1980
885,4058
883,6967
884,9269
883,7343
883,8089
887,3470
885,7492
885,3467
886,7460
888,6236
888,3566
884,4265
886,2669
884,1493
886,7088
885,4249
889,2072
885,0893
884,3582
884,2261
883,9734
885,8622
885,5956
882,6002
884,2015
886,1182
886,6240
884,4366
883,7945
882,5490
883,2321
883,8871
886,8916
887,5335
887,5611
886,8290
884,9628
888,9439
883,8447
886,5713
884,5297
887,6839
882,1509
883,9588
885,8602
885,6730
883,7137
884,7395
885,8584
886,8527
885,3357
885,8828
887,2100
885,8029
885,4211
885,4165
888,2321
885,4984
884,8102
885,6197
885,6358
886,8911
885,9020
889,9307
886,1933
888,0837
885,2124
886,2403
881,8293
887,7675
890,4430
886,5622
885,7256
884,3057
886,0217
887,8362
886,9418
887,1737
884,7544
885,8505
885,5487
885,7815
883,7826
888,2951
884,6678
888,2770
883,1838
889,1288
885,7303
889,3842
883,7997
887,6825
885,9351
884,8139
883,8024
883,9617
883,9641
889,7458
886,6559
882,6436
888,3612
888,7671
882,9832
884,1517
886,7223
887,9588
886,8971
886,5434
885,9454
884,4490
886,8349
885,5994
886,0629
885,7883
886,1970
885,3625
884,2015
884,4464
883,3107
885,7568
884,7056
887,5743
889,0637
888,8996
885,4139
887,2437
885,8466
886,3654
884,7078
885,9963
886,3599
887,1228
888,9677
884,8857
887,0882
884,9372
885,6847
886,7836
885,6530
883,1173
886,0837
886,0037
881,8071
886,4303
885,2955
886,3085
885,4184
884,2019
886,9807
885,4696
884,2955
886,1482
889,0586
885,8905
885,6624
889,4781
888,5177
885,8994
889,2082
882,5548
885,7508
887,8846
889,6417
885,8361
886,8491
887,2320
884,9950
884,8392
885,8198
887,6541
886,6748
885,3559
884,5923
881,5665
885,8198
888,7483
888,0898
886,0650
885,4307
887,4346
885,3827
885,0157
886,2106
888,1751
888,6242
883,5975
885,9936
887,6603
886,3005
884,6829
885,9986
885,2918
884,6927
886,1397
884,7732
883,1902
887,1144
886,1989
884,7586
883,9680
886,0320
887,6107
883,5311
887,9425
883,5381
890,2720
885,6822
888,5057
884,2058
885,0722
887,5165
884,4710
885,1209
888,0837
888,0966
881,9984
887,8067
885,7107
887,3247
886,9114
886,6861
881,3978
887,9919
885,4975
885,0471
890,8261
887,3746
883,8837
885,1808
885,9367
884,0029
883,6353
886,1576
885,9630
885,0798
887,2762
884,4434
886,0846
885,4653
887,1340
882,6745
885,8563
886,8275
884,5029
886,5335
886,4257
888,1630
882,3698
886,3236
885,5880
882,9802
885,3196
886,5696
885,9605
883,7612
884,0062
884,6100
882,5257
887,7703
885,7713
883,4469
886,0860
885,8712
886,8195
884,2966
888,0094
885,9177
885,6652
888,1757
886,9284
882,2661
885,6838
884,1753
885,2846
883,2388
883,2198
887,6604
887,4974
885,3256
888,8101
881,3600
883,7449
886,2625
883,5035
885,2347
888,3249
886,9969
884,4728
886,8662
883,5713
884,5923
882,4225
884,9258
884,0651
883,3213
885,3993
887,2927
885,3532
883,8375
886,2392
886,4169
886,5000
883,1141
884,1831
885,2564
886,2335
886,2584
887,0896
884,7028
885,8303
885,4596
885,6753
885,8657
890,2868
886,1024
884,2274
888,0577
882,0914
887,1266
885,3255
886,0175
886,9502
887,4058
884,9962
886,6814
887,9539
883,4881
884,3893
885,3588
886,8497
884,8265
886,6567
885,3317
881,3979
885,5281
883,9283
887,7556
888,0477
887,2222
886,9783
885,0183
885,5395
884,0869
886,9172
888,9177
888,0301
886,3739
885,5511
883,2247
889,0210
883,7073
886,6318
883,1337
887,9709
887,1491
884,8904
884,2674
882,3073
887,1775
885,9959
886,0423
887,0296
887,1838
885,6875
883,7886
887,3426
884,7091
885,3182
884,0501
890,2080
886,8393
891,1639
882,6692
886,8148
884,4389
889,2520
883,1030
883,9295
884,4977
884,8850
886,6762
884,7171
887,3072
888,2360
885,9691
887,0864
887,8711
883,2997
886,3005
885,7441
882,0603
887,0176
885,4531
887,1672
885,8904
881,9825
883,3003
885,5750
888,4373
885,8161
883,5297
887,6804
886,9048
884,7173
888,4379
883,9438
885,6978
886,0375
886,6816
884,9177
890,0921
885,7198
885,6776
886,6321
888,3362
885,6786
885,6263
887,1744
887,5552
883,1364
888,0417
886,0060
886,0745
884,2653
882,8738
886,6528
885,5906
885,4866
886,8660
887,8390
887,7716
885,5865
887,7971
887,1967
887,7425
885,9797
885,1616
887,1208
886,5865
882,2746
886,6651
885,0577
889,8074
885,4631
884,7004
884,4188
889,7368
885,1327
885,2858
888,9589
885,3158
888,7190
886,9878
886,4161
886,0243
886,2104
887,1212
887,9099
886,1257
885,1395
887,7180
885,5950
886,2400
885,6007
881,6903
885,8660
883,7276
884,6339
884,4512
883,3008
890,2046
885,3905
888,5934
882,2336
883,6446
883,7702
887,5809
880,6059
886,8414
885,6462
885,0356
888,9501
881,3490
885,3830
885,5982
886,0720
888,0599
888,0259
886,0083
888,6685
885,7800
883,9050
886,4162
885,0647
880,8706
887,4998
886,1386
886,8084
885,6181
890,1006
887,2886
885,6322
884,6486
888,3842
883,3799
886,4604
884,4423
884,8158
886,6755
884,6870
886,4803
886,0441
883,4882
886,8835
888,0473
885,2067
888,5326
884,4668
882,8999
885,3838
887,2485
883,8180
887,9421
887,5054
885,0085
883,0105
886,2341
884,3315
888,2944
884,2922
883,6179
886,3439
883,4774
885,6493
888,2486
885,6912
884,6590
884,7025
889,6589
885,8071
887,7331
888,0711
886,6806
884,3424
884,4326
885,1311
887,2893
884,6803
885,7110
887,4923
885,2016
885,5299
883,6415
885,3922
889,6069
884,2225
889,1338
883,2830
883,7455
887,7571
887,7346
885,5165
885,4501
887,5284
883,9559
888,7937
885,4002
882,7234
888,5000
886,4203
889,6706
885,0008
887,6588
886,0216
887,8265
886,9473
883,5012
886,4236
888,3080
882,5011
885,2045
885,3261
886,6794
886,0503
888,7339
886,6244
887,2632
886,0920
885,4990
886,4348
882,0531
883,9820
885,3816
886,2408
886,5623
884,6539
886,5280
885,9995
885,7672
888,4161
887,9504
887,6654
887,4534
887,8329
885,7882
884,0897
887,8593
883,2438
884,3606
885,5947
890,3626
886,5128
881,8387
882,5047
884,1156
887,9039
883,5596
885,6416
886,9567
886,2006
886,4391
887,5783
886,6749
885,2677
885,8073
882,1644
888,6672
886,3451
886,7995
885,7124
887,0673
889,5749
888,9835
884,0900
883,9955
887,4516
884,8787
884,9357
884,3278
887,8419
888,9906
887,5221
884,1857
883,5039
887,3451
886,7405
890,5756
884,2161
885,3700
887,9145
888,0850
884,5411
884,2744
885,8566
885,3074
884,9011
886,1295
887,3207
886,4863
885,0712
887,2055
886,1621
884,6268
885,9629
887,8922
885,8843
885,7926
881,4279
885,9720
885,1478
885,4192
888,1747
884,9877
888,1491
885,4256
884,6509
886,2269
885,1628
885,8410
885,1830
885,2689
888,0547
890,1595
885,5776
886,8429
890,7009
885,4267
884,8294
887,9714
887,2160
887,2166
887,7556
886,6200
886,0506
887,1581
883,2945
886,2202
884,6716
885,7952
885,9001
887,0664
885,4525
886,0239
887,8780
886,5019
887,6246
888,2778
883,8134
889,5778
883,1721
883,4532
887,1114
889,7680
888,1953
882,0652
886,7381
884,4622
884,7493
883,7814
886,3466
886,9196
884,0331
887,3182
884,6928
887,8057
885,6644
886,3031
885,3673
887,2429
885,5139
886,6487
884,1009
887,4878
884,3358
884,7005
882,4274
884,2726
883,9690
883,7747
885,3842
886,7474
888,5961
885,2892
885,7716
887,4647
886,1897
887,1844
887,8548
885,2742
885,1831
885,4331
884,3817
887,3142
884,8850
888,7545
885,5629
886,3531
884,5683
886,3006
884,4113
887,4419
886,5590
885,9495
884,0991
888,8939
889,5714
889,0876
885,3741
887,8222
886,9980
887,7402
881,7103
887,7483
884,9778
887,1491
887,0286
885,3991
884,9838
885,4441
885,4843
886,5158
886,1581
886,4665
884,2801
885,1440
886,1222
885,8874
887,9609
887,5233
888,3303
884,6785
885,8153
886,8287
885,4785
886,9299
886,4316
885,2360
887,8457
881,2122
887,6782
884,1903
885,7696
887,9258
885,2751
887,7869
886,6630
886,3766
887,1352
882,4889
887,2728
886,6057
890,2769
884,7167
885,2679
886,3729
887,9107
884,7766
884,3406
882,8977
884,8246
886,7912
889,5691
887,7977
887,0151
882,5742
886,6436
887,5006
885,6758
884,8636
885,9436
884,0960
886,8191
885,6529
885,2563
884,8230
884,5992
885,2168
886,2877
886,9055
886,9244
883,8672
884,5535
883,6027
888,1527
882,2442
883,8864
888,9251
884,9977
887,0644
884,9087
887,4949
886,0791
887,1839
885,0199
885,0300
883,7332
888,1558
884,6877
888,4279
884,1263
884,6329
885,4722
886,3610
883,4261
884,7770
885,9580
885,5026
881,8840
886,7154
884,1590
887,1046
883,6398
883,2113
884,8577
885,3161
886,7397
890,1776
888,0412
884,4570
882,7822
886,9458
883,3214
886,5606
886,2566
885,0893
886,5562
885,5392
887,4885
888,6264
887,0911
885,1962
883,4396
885,8716
887,8688
889,2754
885,9777
884,6793
887,7002
885,9093
885,3457
885,7022
884,6311
886,2334
886,4020
888,7635
885,7672
882,3981
885,8248
884,8597
882,7029
887,4609
884,9505
886,2057
882,2315
885,5868
883,5951
886,4255
883,4953
887,8355
884,4984
886,8261
888,7549
885,9645
888,8765
887,3518
886,8121
886,5455
885,2421
887,1701
889,2317
885,3805
886,5227
885,3724
884,9898
886,6008
884,9825
886,8578
887,1179
886,1257
886,0009
882,9490
880,4271
886,8099
884,5665
884,8577
884,7036
886,8838
885,2188
884,9782
890,0163
883,7654
884,8596
887,7581
888,1416
887,0899
884,9870
884,9158
886,8679
884,9449
883,0691
886,4476
883,6055
884,6260
887,4781
887,6868
883,4510
887,3057
885,2427
886,6720
885,6389
886,6256
887,1385
886,0674
887,5978
885,9613
886,4998
884,9611
889,2435
888,3667
886,2666
885,6848
887,7946
887,0294
884,9347
882,7614
888,2065
886,1108
886,6790
884,9013
885,5009
885,7839
883,1937
884,0370
885,0324
885,6911
887,8046
883,3430
888,6155
883,8342
887,4944
885,8188
887,1647
888,1327
886,9194
887,9270
881,9979
886,4760
883,7489
884,9664
884,3773
888,5542
884,6350
888,4593
887,7732
886,3555
886,1696
887,0942
885,5327
886,4533
882,9871
889,3645
885,2106
883,3623
884,5473
887,4797
887,3443
886,5981
886,3906
889,2922
887,2561
885,8549
889,3942
889,5788
885,1587
883,4660
885,4145
885,0636
885,8253
889,0857
887,1726
886,4662
889,6640
883,4146
885,8641
883,4871
888,1554
883,2159
883,7460
886,0951
889,0836
886,5497
885,0717
887,5345
886,0548
886,4240
886,2844
886,4918
886,9399
886,3692
887,2566
882,7412
886,0052
887,1748
885,5226
889,2314
888,8277
883,7780
885,0765
886,8418
884,9917
885,1236
886,4065
883,7935
885,7224
887,3947
885,4119
883,6322
886,6667
886,3864
886,2503
886,9022
887,7739
885,4273
886,0927
888,1740
885,8353
887,1010
887,3598
885,8894
884,0503
887,5771
883,1080
885,1012
884,1054
887,7154
885,8104
889,0739
884,0078
886,1432
886,4055
889,3922
885,3054
883,6838
887,4630
883,9262
886,4853
885,7660
885,6778
886,4141
886,8792
889,1582
884,0136
886,7402
884,1507
883,8879
883,5707
884,5906
888,0531
886,8041
885,0455
887,4312
886,3149
883,7210
884,1601
884,1436
885,4945
886,1154
883,1568
884,5486
885,9758
884,9993
887,1690
885,5533
885,8123
885,7342
887,6542
887,4059
887,3161
885,9126
885,6427
885,4071
885,0956
885,8384
885,2383
886,6006
886,5090
886,5353
889,4664
884,9514
885,9781
886,3995
887,8549
884,2066
883,2426
885,8667
886,8121
886,1272
885,5151
885,0897
883,7723
887,4727
887,6504
886,6497
885,7235
883,7351
885,9706
888,4736
884,5935
884,8279
883,4874
886,6790
881,1016
886,0378
886,5222
884,8855
885,9102
883,4782
885,3007
888,2548
886,7137
889,5575
884,9015
888,0711
886,4396
886,8124
888,2435
885,9395
885,6678
885,9874
885,8231
885,2755
889,7600
886,8432
884,2446
888,2151
885,6529
886,3248
886,4727
887,6808
886,1205
881,0830
888,3173
887,2318
887,4512
887,8832
884,8157
887,9501
886,3479
884,9282
887,0569
885,4090
891,2569
884,3694
887,1872
882,8021
888,3748
889,6509
888,8353
882,7743
885,7961
885,9017
886,9654
888,1532
884,3246
885,9160
889,0332
888,1710
882,1143
886,4219
886,7563
888,7034
885,7104
886,1115
887,1449
884,9763
885,1708
885,8622
887,1145
885,6341
885,9108
888,8338
886,3949
888,6699
885,1495
886,4941
887,0875
886,3984
886,0382
887,6562
883,9035
885,7914
887,1705
888,4181
886,3255
886,9795
885,1588
881,7673
885,2208
884,8044
885,6080
887,6756
883,5803
885,0126
885,6184
882,2895
883,8204
886,6164
882,0310
885,6037
883,9849
887,4545
883,7819
885,4218
889,0783
885,9332
888,4733
884,6187
887,1925
887,2441
882,3793
884,3933
885,5019
887,2393
887,1675
887,3291
885,1496
888,1028
886,1324
888,3362
882,5538
886,2804
885,3449
882,3505
884,4926
882,1029
882,3392
885,1166
887,6493
887,0360
884,2363
885,6789
885,5209
887,4015
884,8942
882,3657
888,2539
888,3134
883,2015
885,6686
885,4854
887,4622
885,8438
886,6850
882,9655
885,2702
886,7931
887,0580
886,6070
884,4667
884,8451
888,0809
886,5145
884,2224
888,7172
887,1462
883,5388
888,8843
889,2934
886,9479
888,3539
886,0739
887,1585
886,8344
886,3292
884,8354
883,8585
884,8887
885,3696
886,1936
886,8263
887,5010
886,7371
884,0258
884,2436
885,6121
888,1930
882,9299
885,9993
883,3015
885,2592
887,3674
889,1092
889,3839
884,7498
882,8350
884,7178
888,1565
886,8240
887,9854
885,9536
886,9330
887,7967
883,6692
883,6785
886,6196
885,0119
886,6396
887,5371
885,9500
884,2896
887,2470
885,3826
887,3062
887,6432
884,1967
886,3169
881,1662
886,0529
887,5262
886,8141
886,2308
887,6645
883,5063
885,7098
883,8297
883,1896
881,6813
889,1599
887,8859
882,9508
885,7767
885,1905
886,6424
888,3310
885,8117
887,6218
884,2798
882,1361
887,2678
884,9746
887,5941
883,5462
884,0688
884,3423
884,8140
883,5492
885,0520
888,6191
888,9729
888,3565
889,3606
884,7189
886,1244
888,6012
885,9290
886,1091
884,5751
887,6415
889,3894
886,5821
887,4398
886,8659
885,5009
884,0663
885,6836
886,5394
888,9951
887,4470
884,7042
884,2781
885,9626
885,8016
887,2190
886,9505
883,9975
882,3974
887,7423
886,3250
886,0999
884,4912
884,9791
888,9891
887,8180
886,0657
885,8427
886,7067
886,9679
886,7137
886,5547
887,5060
884,5022
887,0422
884,7798
886,7982
886,2244
888,6669
884,4792
884,0409
887,0248
883,3119
883,5472
886,7331
887,5620
884,0420
886,3274
886,8084
886,3443
887,2506
885,2014
886,5168
887,7770
886,0271
888,9305
885,6979
882,6993
885,5071
887,0935
886,7745
885,3275
886,4218
884,8629
885,4872
886,7522
888,1551
887,0561
886,2490
888,2481
884,9393
882,9539
886,2517
886,4342
886,6725
884,7367
885,8697
888,3230
888,0609
885,0763
883,9129
886,3686
887,0177
886,2264
885,5480
886,5772
885,0048
885,3925
886,9762
885,0134
885,7173
885,3729
886,3462
885,8845
885,3376
883,5387
887,4435
887,0892
887,4282
887,6908
885,6183
883,2902
888,0411
888,2786
886,5078
887,0499
885,7015
888,3427
885,5772
884,1374
886,9618
885,7007
887,5446
886,1930
886,2403
887,8132
885,8007
886,9493
884,0619
884,3340
888,5074
885,7219
885,8345
884,3131
882,7876
885,1578
886,4981
884,5916
888,2037
886,6363
886,6162
884,6539
888,6161
885,1045
888,2299
883,9703
884,4669
886,6895
884,4298
884,9397
885,8092
884,0812
887,2321
885,8148
886,6443
886,6088
884,9266
886,3420
883,7433
889,0444
884,0437
886,6594
885,9173
887,4461
889,3817
885,8277
886,7335
884,6619
888,6365
885,4005
884,9510
887,2741
882,0179
889,9382
885,3539
887,3384
887,0074
883,5877
887,2866
886,9943
886,3263
887,8374
884,6509
883,1844
884,2349
882,9270
886,2646
884,5555
883,6869
885,8874
887,3198
886,1506
885,7470
887,6835
887,1989
887,6016
883,9920
883,1909
885,1938
886,3045
889,1306
886,2206
885,9506
886,9997
887,1628
888,7704
885,9570
886,3926
883,9894
887,2531
885,1813
886,7198
888,7549
881,8929
886,3224
885,9061
886,5632
887,3574
887,3324
887,4101
883,7099
884,4501
887,5670
886,3657
886,1826
886,1330
883,9182
884,2467
884,2384
888,1594
882,8241
884,7541
888,0507
884,2169
885,5726
884,0938
885,9151
885,6990
883,0997
888,7324
884,9513
887,6364
887,2030
883,5437
886,0079
885,4787
885,4856
885,5947
885,7049
886,0188
887,4124
888,4471
889,4944
888,6284
889,3113
885,1618
885,0881
886,0173
884,7724
888,9866
885,7638
887,1452
886,4453
886,4804
885,6169
887,9610
888,1938
882,6502
883,7640
886,9374
884,8430
884,7317
886,9391
885,3488
883,7598
886,7369
889,8007
887,4032
889,2684
883,3543
886,1949
885,0203
885,0772
882,0854
887,0106
885,6324
888,7440
886,6582
887,2950
884,6933
885,9351
887,1010
880,5602
887,6130
883,7107
885,4404
884,7781
887,2130
885,8525
885,2030
886,0332
883,7148
884,5816
882,0007
884,9200
885,1167
886,4073
886,8034
885,7365
885,4798
885,8804
882,1483
886,0587
886,5210
885,7965
890,0150
886,6454
885,3106
884,2752
883,1086
884,7583
885,9420
886,9260
883,8361
886,9086
887,3154
884,7252
884,7480
885,2515
886,2028
886,2841
884,5419
885,8562
884,6306
889,1593
887,2604
886,6322
885,2964
884,7801
885,3565
887,1795
885,6012
888,1958
886,4093
887,2140
883,1896
885,6781
884,0364
884,5251
888,3459
884,0656
887,4744
884,4853
884,2173
886,6906
886,1273
888,5552
886,1716
884,1984
886,3092
884,2387
883,5411
886,3618
886,8479
885,5619
889,9846
885,9317
886,5642
886,1780
888,8991
889,5903
886,8890
887,4534
890,4586
885,6475
886,6639
882,4760
887,7154
885,3137
888,5522
881,1886
883,2233
887,2834
884,9143
887,4545
886,4573
881,6162
886,5439
884,1725
886,1956
888,2562
886,9612
886,4825
884,4697
889,1594
886,4032
883,6156
888,1695
887,1743
884,4015
885,2426
886,9269
886,5741
885,8800
889,7722
883,2732
884,1093
887,6637
885,2786
887,1013
883,1359
889,5776
887,7192
886,9991
883,5308
887,0012
889,6075
885,5593
887,5971
886,8994
887,0352
884,3607
887,0681
887,3658
885,5630
887,2087
887,7923
886,8897
886,3406
884,1502
888,5262
883,7717
889,5264
884,2289
884,7882
884,6861
887,3333
884,9192
885,8691
884,7524
883,9332
881,7482
886,7342
887,5910
886,8465
886,4900
885,1274
884,5896
888,1017
887,3131
884,8186
883,7925
884,2104
885,5894
889,0824
889,3127
888,2913
887,4662
883,7767
888,0500
884,7622
887,9321
885,7220
883,4662
885,6485
887,2223
885,9063
886,4989
886,0824
882,6370
886,2575
887,2840
884,6452
884,6623
885,9061
881,5442
884,3666
885,0907
884,7859
885,9243
882,6397
885,5229
887,8403
884,8688
887,4188
883,7799
887,8024
886,8736
885,9156
887,5193
886,7836
884,3327
884,9706
887,6358
889,2822
885,5811
883,6173
888,9174
886,0707
882,8445
885,2621
884,2427
885,1627
886,9719
887,2100
884,6441
887,7028
884,4055
884,8956
886,5783
886,5447
884,1381
884,0730
888,1858
884,1735
885,2612
888,9794
885,2173
887,0140
886,1707
885,5375
886,3512
887,5407
886,2757
885,3078
885,1495
885,4458
886,8055
885,8659
887,2239
885,6762
887,7100
884,4343
885,7885
887,9262
886,6529
888,0064
889,4685
881,2433
883,3171
886,0002
884,9452
886,3275
883,8404
887,4634
885,2842
886,5229
886,6283
887,4129
887,4683
884,1512
888,8754
883,8103
886,2543
885,2856
886,7037
887,2076
888,0612
887,1384
885,8133
886,1110
891,4388
888,7037
886,8088
886,3841
887,0627
887,2667
887,0725
885,7665
880,5305
885,0897
887,4146
886,7754
884,2747
883,1102
886,1073
884,3321
883,1787
884,8347
887,0231
885,4857
889,0492
886,5291
883,0076
885,0455
889,0313
884,4866
889,0651
886,4370
885,6038
888,7480
884,3944
882,8717
882,9259
885,0919
886,5862
886,2401
887,4909
883,9392
887,0158
883,2910
885,3525
886,2801
884,9571
886,7495
887,6477
888,8431
886,2845
888,2840
886,9958
883,3669
884,7650
889,4534
889,4093
883,7980
887,9203
885,1878
883,9428
886,2930
882,8390
888,9735
886,0973
886,7566
887,1247
887,3373
885,2684
887,9429
886,1422
885,1531
885,1506
883,3549
888,4409
883,7823
886,8579
885,4329
883,4962
883,7184
885,4360
885,6723
886,7170
883,3630
886,0630
885,5295
886,3349
887,6042
886,9125
888,7317
881,6817
884,5331
884,2218
886,4355
884,2257
887,3628
887,9948
884,8972
884,9899
884,0529
883,3638
881,8038
882,6728
885,5470
887,7423
884,2928
885,7541
881,4244
884,0063
884,3295
888,1141
887,2255
885,6269
886,0232
884,5779
882,3856
885,0751
886,6986
883,1830
885,2124
884,7070
885,9193
887,1283
882,9336
886,9743
885,9739
884,9726
884,3640
884,1822
883,3314
886,8995
889,8857
886,7738
882,5549
885,9099
886,6297
886,9144
884,0160
884,3902
886,2485
887,0241
887,0965
884,5439
886,2543
885,6344
887,6748
882,6327
884,6982
884,6349
889,8670
886,5130
886,3381
888,7667
885,4477
886,5737
885,9181
885,7336
883,3186
887,7416
885,6070
886,8616
885,7257
883,4773
886,6812
885,6891
887,2795
887,2897
884,0349
887,3376
887,8762
888,1863
885,1008
881,7676
883,4253
888,2880
884,1064
887,8240
885,0652
888,7958
886,6832
882,7740
886,0807
883,9908
886,9933
884,0789
885,2643
886,4805
882,5939
884,8170
884,4685
887,0227
885,4208
887,5445
884,9257
883,6471
886,1954
883,2969
888,4958
889,4023
886,2011
886,8046
887,1299
883,2158
882,2642
885,6068
886,6307
886,4205
883,0729
884,7708
887,1475
883,5615
884,6659
887,1456
886,0911
883,2852
887,0446
888,4676
886,9024
887,4811
887,3495
886,0460
884,9947
886,8601
886,0984
885,2930
886,0149
887,3005
889,3333
884,9655
886,5693
887,5611
885,9215
882,7829
885,5774
883,1075
885,8087
887,6724
887,2133
882,9111
891,0551
887,6527
888,5864
888,1271
888,4215
882,9839
887,7688
885,6912
882,8268
887,1836
886,0850
883,5574
887,6567
883,4238
887,3249
883,2231
886,6408
886,6767
884,1420
885,3915
889,2669
886,2126
887,0602
884,0707
886,6121
882,9161
886,0057
886,0105
885,3044
886,0168
885,4554
886,9374
882,7053
884,7378
889,4569
884,6560
886,4381
883,3261
886,1584
887,8686
886,6536
888,4228
886,1382
886,5645
885,9536
886,6304
885,1939
882,7068
882,4490
886,6187
886,5406
888,5107
886,0958
886,6139
888,9875
888,5838
886,9141
886,6746
889,3033
886,4458
885,7376
885,9279
886,2627
887,5749
887,7936
886,2707
889,5223
889,4923
886,3619
885,2565
889,7359
888,8287
886,7236
886,9808
886,5305
885,3832
885,7767
888,3165
890,1953
886,6762
886,7842
886,4034
888,6126
884,1919
889,3019
888,3448
887,9812
886,6455
888,3424
884,2414
886,0266
883,5398
884,7144
884,4135
888,6122
886,4277
885,9821
882,3677
890,8202
887,9303
886,6492
882,8544
887,2635
884,8693
886,8463
886,7103
886,7080
885,4509
885,1480
888,3905
888,0909
885,5541
883,1344
886,6488
891,9561
884,0995
889,9580
883,2846
887,5352
886,2905
885,8677
884,4767
885,7478
884,8868
882,6835
886,5452
883,7347
884,2844
884,4651
884,3932
885,0741
883,8783
888,6476
887,5816
886,3932
886,2923
884,0844
886,6435
888,4198
884,1054
884,4590
887,6881
888,8048
887,7107
888,1663
886,8296
885,0164
887,1065
885,8365
885,3534
885,6117
885,3933
888,3278
888,0406
887,7344
888,0908
886,7302
884,4457
884,4142
889,9094
888,1001
886,1747
885,2572
887,1790
884,6372
885,9951
887,9627
885,4241
888,8353
886,5835
885,8512
888,3112
883,7909
885,0739
885,1471
885,8464
884,9101
887,4111
887,7305
889,2079
885,6168
886,8527
885,3179
888,2409
887,4404
887,1195
886,1576
886,1119
888,2186
884,4934
885,2004
886,3916
886,4150
883,7233
888,0544
884,0079
885,9271
887,2641
885,0667
882,9753
886,6049
885,4355
884,6101
889,5335
889,0593
885,2263
888,2846
888,1738
884,8333
885,6025
886,5971
883,3193
890,3000
883,8299
881,5581
885,4409
886,6699
888,4234
886,9504
886,0082
885,2590
883,6341
882,7711
884,7465
887,1433
885,5430
886,2826
887,6851
887,2543
886,5479
885,4080
882,6448
883,1458
887,1797
884,6254
884,9723
882,5313
886,0166
889,0056
887,4861
886,3889
882,1248
886,3278
887,7069
888,4557
883,9014
888,5678
886,2085
882,9140
886,0751
886,1664
887,0313
887,1190
883,7342
884,9233
885,7057
886,2603
884,6282
883,2725
886,9633
885,5882
886,5470
884,9733
884,0713
887,3998
882,7362
886,3154
885,5002
887,3692
884,3802
885,0354
886,6901
887,1549
888,4420
887,4620
886,3100
885,5799
887,6617
886,5585
883,5599
887,5588
885,8012
887,1649
883,8326
883,2733
885,9200
887,6371
888,5585
886,4423
884,9662
885,5282
885,1432
884,2223
884,2007
886,2849
886,6741
887,1023
887,6974
883,9118
886,6041
884,0926
884,5657
885,1635
886,1896
884,3330
886,6441
884,3299
889,6510
886,1737
885,0846
884,3616
888,3201
885,5329
884,0846
888,3597
882,1694
884,6705
885,9803
886,3997
885,8454
885,7593
886,1806
888,4794
884,1779
887,5165
887,0519
888,4510
886,0585
888,1090
888,4830
885,4333
887,5469
884,9188
885,5415
885,9903
886,7624
882,6687
887,5313
888,2824
886,0120
883,3009
884,8569
885,9280
884,5466
886,7867
888,3326
887,8144
886,3619
884,7195
881,5031
887,6556
883,3478
884,8178
888,1755
884,8446
885,5131
885,7052
885,3139
885,9499
884,2715
886,4119
884,3035
888,9536
885,0589
881,8313
887,9816
887,1751
886,3758
886,3523
883,9871
883,4324
881,7277
883,9003
882,9090
883,2632
884,7741
885,8065
883,9192
885,1360
886,6647
886,4998
885,6976
885,4570
887,8365
886,3569
888,0268
884,1921
885,4157
886,8583
885,5922
884,5527
885,4394
883,0454
885,0103
883,7825
883,1799
887,5910
885,5621
884,5421
889,1889
887,9727
888,5605
886,7963
887,5385
889,7089
890,6397
886,2607
885,9038
885,3276
882,9470
887,9390
887,3835
884,9039
885,0092
885,9319
885,4409
884,9825
886,3498
886,7589
884,6249
885,9138
883,7922
885,0011
884,5468
885,5601
886,1444
888,1497
885,8691
885,6330
887,1617
889,7007
885,8885
886,7777
888,4151
885,4882
885,6951
886,1197
885,7706
885,2749
885,0656
886,2199
891,0502
884,9173
884,9825
885,5387
884,6695
884,1824
884,0326
888,1642
885,1090
885,3221
884,4043
887,1330
883,2987
886,1287
883,7860
887,8472
886,7181
887,9188
885,5915
886,0808
885,9479
884,7913
887,1841
885,5745
883,0786
884,5694
880,9858
886,4631
885,8070
884,4010
885,4584
888,3276
885,3295
884,3378
885,2022
882,4209
886,2758
888,3199
888,1281
886,8782
886,1251
884,4013
884,9934
884,8651
886,9282
884,3529
888,6535
886,9046
882,3347
884,7520
882,7873
883,9987
881,6050
888,0166
887,8731
887,7818
887,2859
886,2655
885,7255
884,6695
882,7553
887,2427
884,5465
885,0845
885,6731
888,0469
887,7309
887,6333
886,7307
887,6896
885,3146
885,8011
882,5201
886,9764
887,1965
887,7648
887,2029
883,7617
887,3847
887,7875
885,2690
884,6264
887,0988
888,5783
888,9201
886,4496
886,9656
887,5969
883,7854
885,4195
887,9980
887,6476
883,4388
885,3429
886,8713
884,6570
885,5725
886,2363
885,8926
885,4705
888,9381
884,7864
888,9510
890,4060
887,2441
888,8856
884,5882
888,3186
886,5485
884,7567
885,7464
885,2268
889,2093
885,1944
889,8986
884,7870
885,1401
888,0783
889,5487
884,7642
886,6309
885,2124
885,9177
883,8900
884,7846
885,0407
886,6826
884,9368
886,1213
887,0524
887,9990
883,8873
885,0090
888,4610
886,1942
885,9255
885,3768
885,7144
888,1528
884,9785
885,3730
882,7777
886,0121
885,8732
884,9672
886,6882
884,8409
885,4604
886,2450
886,0998
887,3388
886,6579
887,1321
886,3737
889,5065
886,3854
883,5958
886,6747
886,4610
885,1601
885,1048
886,4074
882,8871
885,2830
885,3448
884,5210
887,6252
887,1775
883,2564
890,3045
884,9818
884,9884
886,3368
884,9051
889,3593
886,7842
885,4813
886,0789
887,7868
886,1659
886,2592
887,5194
886,3585
882,4718
883,1525
886,7123
887,4313
884,4309
886,5504
890,4995
884,2278
887,4934
888,7747
888,6439
884,0436
885,3827
887,0930
883,0557
883,2063
884,6037
885,0630
886,7618
885,4878
888,5021
886,6565
884,9350
888,3929
882,6216
885,1354
885,2956
886,4826
885,6685
885,5015
884,5932
886,3039
887,6663
885,9354
882,3792
885,1366
888,7395
884,8579
887,2965
885,2780
887,2308
883,7225
886,2699
886,2960
885,7976
885,1040
888,2918
884,8092
886,1971
883,3894
884,4710
886,5689
881,8653
887,3410
888,3547
885,5337
882,5191
883,1037
889,5397
888,8363
884,9759
883,5050
887,7243
886,7995
887,0860
884,7472
885,0587
886,2917
887,5327
886,0612
885,9937
887,0727
885,2486
885,8214
884,4024
883,8880
884,7252
885,7823
891,0578
883,7733
886,3076
887,2916
883,9756
886,3998
884,9352
885,1474
884,4885
884,3239
885,7712
883,2243
888,4897
882,6574
886,7210
889,3635
885,7232
885,2456
882,9143
884,0623
887,6045
886,8353
888,4592
886,1371
885,5798
885,2199
884,6910
883,6443
886,5087
886,7997
885,1345
885,9836
886,9833
886,1725
887,1636
886,8756
882,6036
886,2691
884,0247
887,8257
885,6383
888,1936
884,6310
887,9047
887,4163
889,0839
884,7043
886,4351
886,6270
888,7032
884,4282
888,9160
882,7196
886,0207
884,8813
885,4593
884,1377
888,1713
884,6956
889,9308
886,1389
884,5124
888,4620
885,1278
886,7197
885,7809
886,1530
886,7577
885,8596
886,4481
885,7501
882,8830
884,2056
885,9587
890,8010
887,0215
886,8460
887,7226
884,7736
887,4914
885,4320
887,4120
887,2849
885,1480
887,4756
885,2262
885,5337
885,0118
884,4992
886,9191
884,1595
886,0210
886,9723
886,6645
886,4856
884,0086
884,9121
884,5058
888,1291
884,7074
885,3805
886,5922
886,7436
883,1579
883,7684
886,2533
887,2298
884,4392
883,9348
886,6500
883,5497
885,5063
883,5299
887,4446
886,3409
889,1327
884,5391
886,8109
886,7264
883,2090
887,1113
887,0530
885,3550
887,3583
889,6596
886,6314
886,3379
886,1542
887,0496
885,3452
887,2906
882,3573
887,9752
884,6926
886,4484
885,4829
885,4004
884,5882
885,2831
885,9865
885,9748
887,2338
886,2634
885,6872
883,3370
885,5877
886,1621
888,5188
885,4954
885,5989
886,9917
885,4487
882,1958
885,2459
887,9517
886,2586
888,0731
887,5012
885,0659
883,6760
889,0304
886,1212
883,2021
883,6623
886,0141
885,5018
886,0151
885,2179
884,2627
882,4730
887,5282
885,4105
883,5267
889,2168
886,0703
889,5524
887,2813
885,9606
885,4488
887,6370
886,9736
883,7412
884,2428
887,5427
887,2598
885,6596
888,4129
887,0027
885,0296
886,2069
887,4314
886,1130
881,5784
884,5236
889,0029
885,7466
888,9920
884,7835
885,0716
886,4666
886,6279
884,2451
884,9717
885,7936
886,6191
884,4879
888,7185
885,1164
883,6582
884,7223
885,8666
885,1191
887,5813
886,2671
886,5526
885,7232
884,3617
884,4458
889,2951
883,5746
885,5302
885,4881
887,1039
885,6242
886,0947
883,7327
883,8419
888,6371
884,5006
889,2439
885,1092
884,3739
886,5472
889,6035
885,8255
887,1839
885,3916
887,1253
886,2224
886,0588
886,1800
884,1493
885,0602
884,3395
886,1797
884,4688
884,1209
888,1338
885,3748
883,7705
882,7806
886,0767
889,3694
884,3226
886,3355
887,0462
885,7190
886,8821
881,6877
890,7345
885,4730
886,3292
887,2772
887,2229
886,3096
885,4882
885,2608
886,7421
888,8304
886,3011
880,2589
887,5232
885,7286
886,3864
885,5043
885,4966
889,2388
886,7780
887,3714
886,7544
886,3668
888,0661
886,5410
886,3331
884,5385
884,3152
889,1565
886,3500
888,7831
884,1648
886,7787
886,1165
883,0050
884,6723
888,7906
885,7163
886,7326
886,2306
886,6891
889,0178
885,7622
883,2455
888,2729
881,6927
885,5999
884,9555
888,4976
888,8807
883,4418
888,4831
886,2897
885,5588
884,2994
886,5581
887,3726
886,9504
888,1666
884,3304
886,5767
885,0710
885,9845
884,6821
885,6400
885,4103
887,2816
882,0743
885,9136
886,7304
888,3697
887,1543
883,6727
888,2687
884,6085
887,9875
885,0968
888,9867
881,8799
884,3121
888,6523
887,8262
883,6449
883,7138
886,2337
885,2546
885,6865
889,6525
885,5659
888,0427
887,5792
888,7189
885,4803
885,3466
887,6460
888,6445
884,7441
888,4819
885,2219
891,1791
887,0141
886,0438
886,1572
886,7573
887,0563
884,1960
885,4496
886,0381
884,8951
883,1268
885,3818
886,7465
884,7015
885,5728
885,9002
887,8500
887,0795
884,2868
887,5631
884,7038
885,6793
886,1640
883,3801
884,2974
887,8496
886,6224
886,8915
884,9702
885,9133
884,9206
889,4373
886,3276
886,8710
885,9076
886,3179
882,8784
885,6009
885,1593
888,0559
888,0311
883,0535
883,7552
885,4936
886,6619
885,6244
888,4105
885,9882
885,0115
885,3316
883,9722
886,6101
890,2781
884,8893
884,6990
885,0915
885,8075
883,6464
886,7205
881,9184
881,2893
885,5240
883,2941
887,4912
886,0561
885,0336
886,1311
886,8335
888,4275
883,7203
886,9759
886,7931
886,4353
887,4438
888,1080
886,9925
889,1597
887,4904
884,3641
886,5464
886,8361
887,5613
885,3040
885,8978
888,7039
886,4329
887,3757
881,7769
885,5565
884,8115
886,4803
886,5130
887,5030
883,8256
884,6419
885,5360
885,4409
886,5778
884,8253
886,0218
883,7511
888,8399
884,3804
887,2527
887,7977
887,2176
881,3776
886,5693
886,1546
886,6713
886,1097
883,4773
885,9385
883,6467
889,8829
886,3884
882,8580
886,2810
889,0059
888,7830
886,6121
886,0602
886,7640
885,2860
887,5154
884,4006
883,0004
886,8820
882,2790
885,3214
888,0212
887,4590
889,1392
886,0741
886,9645
887,0347
885,7803
886,6279
884,9498
888,6920
884,1729
886,9462
889,0109
886,0047
885,1189
888,3838
886,1238
884,7250
886,6696
886,6054
886,9765
884,0896
883,4937
885,6319
884,9067
886,8013
886,3524
884,2255
884,0378
883,5582
884,7096
885,1932
886,1386
887,5402
884,8207
890,1906
887,0185
885,8718
887,1661
884,5316
884,2990
891,0658
886,5875
885,2881
884,0116
886,7416
887,9365
887,3941
884,4057
886,9762
886,8688
885,2568
883,8807
887,9414
884,5567
885,3745
884,6685
886,6724
884,7900
891,3438
885,9010
886,9122
887,0986
885,9219
885,6833
887,8832
887,9510
884,7819
885,5915
884,5637
885,5813
886,5642
884,1428
884,7684
886,6311
885,2692
886,2359
886,0142
886,8259
887,6805
883,9031
887,1627
887,1534
884,4621
886,9505
886,1432
886,6474
888,1792
884,5829
887,8612
886,3184
888,4514
886,9051
886,4918
887,2491
886,9140
886,1331
887,5057
886,9310
886,4493
886,0722
884,1270
885,7552
884,5942
886,2774
888,7448
882,7773
886,0747
887,1987
882,9094
888,1126
884,7728
885,0930
886,3893
884,6458
885,0675
887,2330
883,8271
887,7266
885,9598
889,0234
886,4148
888,1415
888,8414
887,1720
884,5542
888,7588
885,6579
886,2893
885,3957
885,4841
885,0039
885,2122
885,8290
884,7525
888,1739
886,2274
886,8307
883,8960
888,2813
886,4556
885,1233
884,4137
884,3644
885,6204
889,0500
887,2679
885,4946
883,9725
886,9585
882,7148
885,0293
889,2918
886,8442
888,1496
886,3893
888,1047
884,5935
884,9898
884,9117
887,3644
886,3450
885,5080
884,8713
886,1790
885,5464
885,7142
883,1543
883,0310
883,7314
884,2775
885,1300
885,0523
885,1625
887,7181
886,5109
884,7268
885,2645
885,7417
888,8952
886,2042
887,0391
887,0041
888,5368
884,5082
885,0651
887,6096
885,1928
886,4825
888,3968
886,2820
886,4381
888,7394
884,9755
884,6898
886,6893
887,5509
887,8237
887,8559
885,0380
884,8435
889,0624
882,9696
886,1704
886,6444
883,6938
889,0013
886,7984
887,0235
886,2702
886,1136
885,7384
888,4343
884,0511
887,0259
885,3066
887,6488
885,3888
885,0449
884,6825
885,8601
884,7096
885,3388
889,3062
886,6981
885,6380
888,7668
885,7512
886,5115
885,7982
885,1445
885,6457
884,0447
886,8123
887,9610
885,7435
887,4524
883,0015
887,7687
883,5713
888,2512
886,0310
887,7121
884,7474
884,1507
884,8654
881,8990
884,1915
884,0829
886,2137
886,4848
883,8694
884,5152
886,3415
888,5909
883,5980
887,7104
885,2571
884,9595
884,4866
886,3062
884,4490
883,6367
885,6450
883,9166
886,1452
883,4218
887,6950
885,4289
888,7460
885,7802
884,6795
886,3586
887,5835
882,0042
887,2096
884,9883
885,8978
886,6055
884,0393
887,3760
885,9418
886,9119
886,9895
885,6870
883,5627
886,5574
884,6416
885,0586
883,2378
885,8209
884,4357
886,5603
885,2594
886,3191
885,4384
886,2848
886,3450
884,3359
889,1587
886,7515
885,4530
886,9040
885,9881
886,6151
885,6226
883,9538
887,1919
885,5608
886,5483
886,3346
887,0040
886,9488
883,5507
886,6077
887,8647
887,3846
889,0282
886,0649
887,7081
884,9463
885,9378
888,1458
884,3736
885,1890
885,6194
882,8851
885,0165
886,1393
889,4578
888,5041
884,7101
884,9633
883,6373
886,1921
885,8909
883,2401
886,3189
885,6008
885,9147
880,0330
887,2974
883,5139
887,0445
886,7687
886,6127
884,3508
882,0343
888,7865
886,0971
883,4970
884,9997
889,4765
887,5339
885,3658
885,1219
886,0176
883,8300
886,7184
885,4065
887,1665
888,2494
884,1414
884,1516
883,4868
890,6744
883,5229
883,0837
886,6811
887,6205
887,3648
882,9119
887,0663
887,6094
886,5183
883,7141
887,3907
885,9082
883,1501
886,1707
885,0042
886,2706
886,5843
884,0999
888,5885
884,6786
885,1409
887,2770
889,1579
883,9941
883,1918
886,8435
888,1448
888,4844
884,2981
886,4424
887,8886
886,5821
887,0152
886,2636
884,4725
882,9868
884,9139
882,0084
884,5722
887,7059
887,9159
888,9773
888,6631
885,3336
885,5328
886,3785
883,0493
886,5793
886,7670
882,9727
886,9451
885,0620
883,5229
883,5620
887,3762
885,3610
886,4398
886,6815
885,1667
886,1886
886,4567
884,0879
884,5776
887,0496
885,4313
883,8942
884,8659
886,6595
889,4064
885,5339
888,5089
885,9839
886,5739
885,6038
887,4478
885,1143
885,8519
886,2262
885,3081
887,6902
885,3550
884,4643
883,5380
885,7907
884,6065
886,2201
884,8052
884,9054
887,9949
883,8527
885,8619
887,9406
887,2642
885,8865
886,6728
886,4146
888,7908
885,5414
885,9820
884,9345
886,1321
886,9400
887,5339
883,5746
888,2114
884,6904
883,1481
888,9786
884,1805
885,0514
884,8221
887,8694
888,4496
884,8408
882,4274
888,4201
883,6406
886,8993
885,4589
888,0331
888,7042
885,2155
888,4109
888,0420
890,3668
884,1947
886,9993
886,8217
882,8435
886,0611
882,5376
881,7417
884,0196
884,4830
887,1553
886,2920
886,0529
882,8938
886,5247
885,7469
888,9532
884,7195
886,0055
884,2644
885,2074
887,3881
884,1374
885,3288
883,2148
887,4810
886,2691
885,0749
884,4744
885,4063
884,3647
881,6788
886,1908
889,4283
889,3423
890,6405
887,7305
885,0204
886,7153
885,1444
886,7220
888,7929
885,2940
886,3013
883,3687
886,9284
885,9332
884,9859
885,1418
886,1871
887,5194
887,6424
883,9434
884,1469
886,3928
885,1289
886,6711
886,4584
890,5416
886,3394
885,4844
885,3035
885,7012
885,7143
884,6665
883,2730
886,1702
888,3387
884,2312
890,6587
884,8487
886,0495
888,5356
886,6740
887,0301
886,0353
882,1016
881,3543
886,9787
886,3752
887,1175
885,5028
887,2485
887,4315
887,5417
885,2609
884,8157
883,5681
884,2250
886,9375
885,2806
884,8145
889,7949
887,3952
886,1105
886,4996
885,5241
886,0640
884,1012
885,0049
884,9264
886,7325
885,0882
885,3258
884,1571
889,3541
888,6819
889,6178
886,4368
886,2325
885,5867
882,5649
885,0977
885,9666
886,4046
888,7759
887,8854
889,3839
884,3679
888,0905
886,5567
888,9597
886,5629
887,1799
886,3528
885,0378
886,7633
884,8738
886,5184
882,8270
882,9078
887,2183
888,7936
884,6945
883,7826
886,3399
884,9054
884,7336
885,1239
886,1517
884,6931
888,0180
888,9206
886,0588
886,6165
888,8658
887,7804
888,8393
885,6831
884,2107
888,2409
885,4997
883,5699
890,4308
890,8646
884,0877
886,1669
885,7186
885,0324
890,6992
884,2594
885,8223
886,5315
887,4413
883,6941
887,8801
886,9633
888,5017
887,2979
885,9503
885,9161
885,2007
886,3990
884,1982
888,0107
886,6001
888,8999
885,6730
886,9064
885,9913
886,3736
888,0461
883,4339
885,5027
885,7178
884,7435
887,9301
889,0850
884,9350
890,6539
887,1923
887,1473
884,9916
881,3738
885,9331
886,2202
885,8870
889,0206
887,6222
883,1927
886,3159
885,4197
884,2698
886,9302
884,3844
888,4629
885,0786
886,0127
884,9633
887,3312
882,7033
886,6571
886,6863
884,9921
887,3982
886,6701
883,7286
887,0284
885,0606
885,5415
885,3632
886,4123
886,7480
886,8032
883,1208
886,3210
888,8939
887,3351
884,9425
884,6319
884,3139
885,0025
886,1671
887,0937
884,7648
886,2718
887,8150
884,5842
887,8843
885,6668
884,6531
886,4965
881,8282
884,4676
886,2113
885,5290
886,4658
881,5467
887,0525
885,4438
886,2171
883,9110
884,3788
884,7949
886,8851
886,3657
887,2554
886,8283
885,5008
883,9475
884,7683
888,4663
885,1968
883,6889
884,2248
890,2123
887,2208
885,1176
885,5605
887,9566
884,9960
887,5768
887,4086
883,5054
886,6654
882,5371
887,6662
886,1957
888,5301
886,1752
884,2067
887,1493
886,0598
884,0711
885,1235
885,4269
883,8428
885,7197
884,4250
885,1282
883,0752
890,2771
889,1544
886,4019
881,9340
883,6366
883,1286
885,4783
886,3827
885,2339
886,1332
882,7095
886,2719
883,8100
884,5451
885,0169
884,2846
883,7905
890,5594
886,7480
885,2008
890,4962
886,9786
885,1083
887,1971
884,9620
886,8291
885,2604
886,9974
887,0935
886,1834
885,6964
881,9221
883,4888
885,8662
885,9251
886,4884
883,8168
885,3509
886,7882
886,0254
883,7328
886,5238
887,3809
887,5070
884,5976
882,4615
885,5521
887,3046
885,8752
886,2898
885,3282
886,4120
887,2693
886,9874
886,5401
885,3265
890,7282
885,4399
888,9043
884,4265
883,9639
884,7728
885,6055
885,0260
884,0497
885,3495
884,1716
886,9829
886,8937
885,0901
885,8343
884,5549
886,3955
886,6370
888,5081
885,2844
886,5323
884,9413
884,8833
883,2109
884,6450
889,5389
884,6363
884,7662
883,6950
884,2657
885,6645
885,1175
885,1340
885,6545
887,3360
888,4427
887,0188
884,3859
885,7767
887,0743
889,2324
881,4043
887,2268
886,4705
885,4123
888,4908
887,2068
886,0263
886,8133
886,7081
885,6347
887,6901
888,6179
886,8842
886,5389
884,0813
881,5621
886,5078
883,7157
887,7177
888,0133
887,5222
883,5020
886,0982
883,5854
885,9279
884,2186
885,6051
888,7415
884,5347
887,2894
884,1612
885,0800
886,7866
884,4677
886,4983
886,9296
888,1651
885,5307
886,7615
889,0177
886,2191
886,6793
888,4418
884,6348
885,7882
884,4055
885,4739
886,3888
887,6425
883,7784
888,0764
884,8141
885,3948
889,5914
883,6072
883,8208
888,1222
885,6198
886,2164
888,0991
888,1950
887,2233
883,9232
883,9971
884,3221
885,1144
885,9265
888,0904
887,3577
887,7415
883,2843
885,7615
890,4177
884,1834
886,1640
884,9363
884,5484
884,2805
885,9984
887,0851
886,9738
887,5605
881,3238
886,7531
885,5449
883,5792
886,5000
886,7036
886,3072
887,4983
886,8624
886,8908
887,9919
885,9910
884,9596
887,7132
885,8014
882,6674
884,6920
885,1384
886,4136
887,3214
884,9912
887,0942
884,1537
882,7149
883,4028
886,8391
884,9939
889,0179
884,4057
885,0462
885,4961
888,8971
889,9299
885,7377
882,2784
889,6337
888,9852
885,4528
886,5649
884,7961
885,3362
884,9725
884,9679
883,4078
887,3462
883,7255
886,3544
884,7875
886,2903
883,9315
884,3813
887,1924
888,3203
886,0221
889,8813
885,4372
884,3740
887,5336
882,9497
882,9618
886,3148
888,2505
885,3562
885,2548
885,5598
883,5508
887,2802
885,2175
889,0079
885,3272
883,9945
888,3677
885,2979
887,7618
881,8100
889,6294
886,8429
888,1619
885,6803
888,6336
885,5472
888,6837
888,2715
883,5063
887,3910
880,8180
885,2692
890,3920
884,2497
886,3258
886,7640
882,4075
886,6292
885,2006
886,0740
885,8517
884,0296
884,4906
886,6103
887,2045
885,2149
887,6168
886,3669
882,7622
886,8863
888,5642
885,5738
885,5783
885,0836
884,8443
887,6225
886,4915
887,4818
889,5825
887,4604
883,9661
885,0353
885,9494
883,9303
886,4631
886,8963
885,5903
885,3810
885,8753
886,4503
888,4364
883,9319
886,3690
885,8308
883,8616
890,0559
884,2137
885,4049
887,0603
885,6126
885,6519
883,7225
885,5006
888,1680
887,8940
885,3019
886,4980
885,0959
888,8448
887,4525
885,5203
883,7208
887,5577
885,3481
883,5045
887,6474
884,6158
888,3184
882,4845
887,8530
889,3739
887,4276
886,3563
886,0214
885,5432
882,5932
886,3424
885,2155
884,2740
888,2780
889,5177
882,2713
882,2238
885,0912
887,1613
886,9573
885,9796
888,3367
887,4451
886,3266
888,0845
884,3386
886,9013
889,1554
885,0104
882,4712
886,5999
885,6221
888,9673
887,3624
888,4729
889,5865
885,7185
886,9158
887,9006
888,4816
884,4898
887,6510
886,7553
883,7315
887,1524
886,6127
888,0613
885,5501
884,3186
886,8830
885,1744
885,8326
885,6409
883,0180
887,4953
884,6789
889,8546
883,7714
883,1576
884,8626
885,4757
885,0736
883,9769
885,0291
887,4450
887,1862
888,4851
884,5324
885,1844
889,0573
886,2569
885,7386
888,3199
886,2113
884,8885
885,6142
885,9935
888,3937
888,5665
885,5933
883,4101
882,2010
885,3608
884,0256
887,8493
886,5657
888,3822
887,7906
885,9785
886,7203
885,5871
883,3725
884,6821
887,0813
886,5238
884,3167
887,0264
888,3279
883,2023
886,8653
884,0531
886,5099
886,9135
887,9997
887,0936
884,4890
884,0088
886,4105
884,7992
885,4006
886,7061
882,4308
887,3763
886,6315
887,0426
887,4076
887,5845
886,4399
886,5268
887,1631
884,7115
887,2056
889,2637
887,2776
888,4541
881,7557
885,2605
886,3402
888,2186
887,7489
887,9334
882,2977
885,4625
884,7633
882,1880
886,5897
887,6112
888,3466
886,1407
886,3294
886,2018
884,5198
887,5813
888,7877
885,8970
886,3869
884,4995
886,1370
886,8730
888,0896
882,9915
885,9528
886,2963
884,4204
885,7809
884,1230
886,5196
886,8366
886,9859
886,2479
884,9062
887,1479
886,4257
887,5977
887,8850
887,9494
886,1846
886,0449
885,8506
885,5259
886,7083
884,6310
889,0453
888,0993
885,0894
884,9804
886,2106
887,6070
886,2958
884,0161
885,3080
882,2782
887,2337
883,5182
886,7916
886,3343
884,9726
887,2694
886,6345
886,0220
887,5730
885,2519
885,7753
883,9657
888,6225
886,0547
886,9137
887,9852
882,3154
883,3559
884,6523
886,5352
885,2609
886,7139
887,8117
886,4766
881,5626
886,1287
885,2150
885,2432
883,2356
886,4694
887,6848
885,6437
885,6858
884,1183
888,3502
888,1731
882,7701
886,2450
885,0543
886,8689
886,8974
887,7749
884,5196
888,0923
886,9543
886,4307
884,4322
886,9372
889,8409
885,5040
884,3759
881,3416
888,4770
885,0908
885,5066
884,7458
884,3926
886,1522
885,7308
889,7754
888,8391
887,6827
886,8575
887,4445
889,5958
885,7285
884,8616
887,3493
885,6560
883,6137
885,7252
884,6805
887,1926
884,6286
887,4867
887,8336
884,8733
886,0445
883,0392
883,9990
886,0192
885,9747
892,4446
885,4658
886,0218
887,1153
885,7106
882,9677
885,9110
882,3972
887,0075
885,7383
884,7493
885,8041
886,2723
887,6820
886,3612
881,4899
885,8890
884,4361
885,1357
888,8926
884,4359
889,0358
883,4007
886,3079
885,9926
885,2376
884,6898
885,7937
885,1623
884,5831
887,1427
883,7504
885,1271
883,3476
889,3519
886,3792
886,5605
884,3028
886,9033
886,0832
886,1180
884,1463
884,4407
886,7758
887,1650
888,2592
886,9099
885,6890
885,5086
883,9471
883,4430
884,1839
889,2544
887,1073
885,5300
889,7298
886,7493
886,7752
883,5541
887,9353
886,0395
887,3309
886,3108
885,2077
885,7774
887,3743
885,7938
885,0572
881,2983
886,1416
885,4899
886,2411
885,6306
885,8002
889,2073
886,9073
885,7813
882,1356
884,7854
882,3198
883,5762
884,7730
886,4803
887,1414
883,5881
884,9898
885,4233
886,7833
881,6794
885,9715
886,1873
882,7269
885,3129
889,4898
886,4671
884,1060
886,8850
883,1618
887,4796
887,9818
885,7414
883,6872
884,7666
886,3202
886,9401
889,9144
886,9221
886,0244
885,8135
884,3204
885,6656
891,4507
884,6842
887,0428
884,1423
882,6568
889,0529
885,6922
886,3842
885,0984
884,7467
883,7347
886,1486
884,3635
886,0911
884,3139
885,9775
886,0381
889,3842
882,1498
885,3015
884,8331
888,0873
886,3987
885,1400
888,1651
884,7752
886,2239
888,4641
887,1884
885,8057
886,4292
886,7249
885,0052
885,6974
887,6910
883,2999
886,9853
887,7541
886,9017
885,0916
885,7076
887,9338
881,8358
885,3173
889,1800
884,9315
882,0336
885,5113
886,2012
883,7802
888,8862
885,3367
885,8011
887,6172
887,6058
890,0851
884,5212
887,8018
884,5158
882,2951
886,7018
885,8864
887,4573
887,5615
884,7994
887,5195
886,5639
883,9773
888,1324
884,3620
885,3994
887,4808
888,2633
888,2475
883,9659
885,9640
887,7280
888,0469
885,7722
887,9603
886,2230
887,0741
887,5415
885,3588
885,4395
885,9478
886,6124
884,9997
886,3906
885,3092
885,6989
886,1092
886,0567
883,3007
885,8114
889,7549
887,4930
886,9227
888,1661
887,0696
885,6303
889,3429
882,4984
886,2210
884,8176
884,2853
884,0550
881,5418
883,3141
882,7649
887,2225
889,2390
884,7121
887,3222
886,9602
887,4836
887,0267
886,3758
885,1429
881,6762
887,0937
889,5207
887,8101
881,3779
884,3562
888,1686
880,5553
886,3453
885,0999
885,2395
888,3871
879,7415
886,1797
884,5156
886,6186
884,8236
886,8548
883,5837
886,0864
885,7163
886,9143
885,4020
886,2417
884,8442
886,1582
884,8069
887,9931
889,6800
885,9194
887,8286
882,5869
886,1750
885,4498
884,5071
885,8595
887,3576
882,3538
883,0870
888,6729
887,5007
884,2826
886,9322
887,6729
888,5446
887,9430
885,0958
884,5261
883,4624
887,5820
886,9415
883,9172
889,0350
887,1523
884,3692
888,7249
883,6774
885,7722
887,2246
887,8006
886,8891
885,2822
883,6558
887,2896
884,7383
888,9852
890,4888
886,5009
888,3772
887,0551
885,0269
886,3621
888,7995
887,8497
885,9145
886,3593
885,7039
887,3565
887,8157
886,6296
885,0895
885,3570
885,0120
886,1367
884,5735
885,1959
887,6520
890,1868
885,9509
884,4824
887,9542
885,7033
884,7560
883,8142
883,5155
886,6058
884,4997
883,7619
888,5493
887,9738
887,7663
887,6298
883,9003
889,3142
885,8287
884,4937
888,2072
885,3334
885,2768
885,3904
885,1515
885,8344
884,1352
885,1131
887,2203
887,8099
884,1543
886,9512
888,1499
885,0468
884,0938
885,3896
887,5035
885,4112
889,1233
883,9533
884,5118
887,4350
884,2815
883,6886
883,1777
886,4658
886,8822
886,1792
884,6264
883,8180
885,9940
884,9973
885,9815
887,2607
885,8254
885,1460
880,3639
884,3131
883,6360
886,8230
886,8811
883,9828
887,9952
890,0949
886,7323
886,8626
883,5512
884,4064
883,3947
884,5394
884,6403
883,5009
885,5061
885,2463
885,5358
884,3957
886,5567
885,2882
887,5207
888,6439
885,0645
887,5958
889,6862
888,3840
883,6897
885,8157
883,0882
885,7059
886,4598
886,1065
888,2720
885,4335
886,2760
884,1009
888,9972
886,6552
884,9410
885,0237
885,7835
886,5404
888,9607
886,5085
888,0617
883,4752
886,4372
885,7924
884,3929
884,1883
884,5086
890,6841
888,0193
885,7946
886,1114
881,5838
887,6908
883,7735
886,3155
883,9228
885,3357
886,4284
891,4305
885,5957
883,5807
886,0149
886,8522
886,7101
886,2970
886,4768
886,6719
885,5172
887,1460
889,8595
884,3727
885,4281
884,2654
886,8341
887,2429
882,9262
882,7649
886,8253
884,4396
887,2058
884,9101
885,3393
883,7501
887,6694
884,9366
883,5372
889,0721
885,1307
888,8696
885,5636
888,6451
887,9096
885,4035
883,5949
887,1298
887,6826
885,3439
883,4757
887,1545
883,2517
889,4337
884,9991
886,8878
884,8606
887,4503
885,3725
886,5673
885,2529
888,3625
888,8891
883,9342
884,3998
886,8024
885,1347
889,5135
885,8623
889,1916
884,6420
887,9730
885,1083
881,5381
883,3900
886,6498
883,7779
886,0161
882,5145
886,4793
886,1872
883,5837
886,9164
888,0622
885,7904
885,4922
888,0965
885,3754
882,4733
885,0829
885,9357
887,6769
889,0400
884,4835
881,0076
883,0222
885,4337
884,2384
886,7339
885,4856
889,2771
885,0087
886,0536
885,1138
889,4175
882,8783
885,0483
888,7231
886,4456
887,5330
885,8793
887,3194
885,1370
888,1256
883,8118
886,1960
884,9532
884,7551
886,1608
884,5241
884,8037
884,9652
883,2904
884,2686
884,3358
886,9506
888,9548
886,8453
884,1903
886,2777
888,0053
886,5481
886,8768
885,1902
884,8713
888,0867
884,4645
884,5896
885,5098
888,3446
885,2970
887,5251
883,8574
885,3717
890,3665
885,1510
884,8883
888,1237
884,5482
887,5749
888,5395
885,0997
888,0431
886,1337
887,1217
885,4074
883,2963
884,8548
882,1142
884,7694
886,8998
885,1352
887,5338
885,9852
882,5542
885,4525
882,1136
888,4448
885,1292
886,7761
886,2523
884,7027
886,9261
884,4846
887,3823
887,2527
886,0116
887,4571
886,0206
887,5069
884,6254
886,8772
888,3281
885,7943
884,3624
885,5620
888,0547
885,3940
887,0654
887,3961
886,4632
885,1929
886,0663
887,2671
884,4313
886,0743
887,9727
882,2766
885,5114
884,0134
884,8704
884,8835
889,2731
888,6439
886,5959
887,6606
887,4519
883,4269
886,4773
886,7144
888,9051
886,0853
885,0103
886,1282
888,6851
885,1036
884,1133
883,8586
884,4072
888,4064
886,9619
887,4849
884,8033
886,5836
886,4553
888,1208
887,0280
885,4153
884,2458
885,6116
885,9009
886,7711
885,4117
887,2145
885,3179
886,9115
888,2299
884,8795
884,0759
888,1740
887,7222
886,2637
885,9289
885,8719
887,6884
886,0176
889,7871
889,0957
885,1142
887,6519
888,3786
888,4549
888,0318
889,5937
886,2102
887,6161
886,0393
883,3024
886,4795
891,6115
885,6620
884,9740
885,7136
889,5729
886,6094
885,6279
887,8270
885,5329
886,0038
886,9840
886,1369
882,1999
884,5680
887,1132
884,1578
884,0804
887,3340
887,1224
883,0340
883,8465
887,2942
887,0362
886,6085
885,7607
883,2551
886,1373
884,8586
886,6682
885,6294
884,4310
883,7509
885,2307
887,5377
887,1928
882,7011
888,7387
887,0764
886,1754
888,9001
882,6220
885,5379
885,6364
884,2580
889,1379
888,6196
887,5138
885,6317
890,9811
881,1143
887,4468
887,1972
886,3261
889,0860
883,8850
884,8772
886,8392
886,2695
884,3276
887,7556
887,6955
887,4966
887,3332
887,0233
885,5319
885,4294
889,1224
885,9725
884,3471
887,2428
885,1151
886,4338
885,4414
886,1577
885,9040
883,0462
884,6662
887,3461
885,3495
884,8508
885,3548
885,7497
887,4405
885,2668
885,1857
887,0448
884,7595
887,3034
883,5210
885,4345
887,0989
887,1441
885,7421
887,2536
885,7312
884,9157
883,6813
885,7502
880,5021
887,0592
886,2118
885,6288
887,3269
886,1816
887,9358
887,2885
883,2759
887,2014
888,8447
886,7363
890,4417
885,4946
886,6943
886,0600
888,7230
885,4670
885,6683
883,1244
885,4016
884,9891
884,1604
884,1818
883,8950
885,1193
887,5969
886,2262
888,2377
883,0077
886,4050
885,9365
884,3914
884,2591
884,4257
886,7138
881,8737
881,3384
885,5051
886,8858
885,2084
887,8246
884,6227
886,8583
882,2524
884,4286
885,5719
887,2872
886,8359
885,1509
890,6653
883,5871
888,8502
888,0087
883,8026
887,6859
887,1196
886,0847
886,4164
882,8109
885,0913
884,4757
888,7186
884,6445
884,1855
889,9076
882,9868
888,1685
885,9366
884,9009
884,3868
886,6181
884,6504
884,5720
885,9910
883,9848
887,8836
888,4339
885,1541
886,6346
883,4675
885,4140
884,2661
884,8219
882,5780
886,9299
891,2824
886,8411
889,5017
885,1291
885,5677
885,2814
887,7744
886,2437
885,0858
888,1600
885,1535
884,5819
885,5141
883,8363
886,3017
885,7769
885,5629
885,7988
886,3348
884,2844
887,7497
887,6014
884,7410
888,3287
886,4842
888,0836
884,3248
885,1560
883,4056
887,6229
885,3616
886,9245
885,2079
884,5704
886,1944
887,3090
889,8840
884,2328
885,9135
883,6298
888,1711
886,4048
886,0957
884,7075
886,1666
883,8668
886,4785
887,1784
886,2027
886,0984
889,5334
887,0016
887,6149
887,6823
887,5902
884,8322
883,4491
885,2860
891,3909
885,1877
886,3493
889,5371
886,8761
887,0083
886,9376
885,5817
885,4696
885,0618
885,4455
887,8102
888,8881
882,4961
884,2008
884,8049
884,4567
886,9873
886,2065
886,1989
885,9294
888,4881
888,3737
884,8239
884,9792
885,8645
885,8905
891,0572
883,1029
886,6236
886,4538
885,1583
884,6560
886,6049
888,1815
888,2754
885,7240
888,3604
884,4843
885,1560
884,2866
889,4005
886,9766
884,5213
888,0544
883,1145
884,7393
883,5861
885,1185
884,6380
890,4249
884,2320
885,2531
885,1226
885,8028
885,3083
886,0819
887,0523
884,8240
882,9508
881,2191
886,3583
887,3098
886,8913
884,5740
889,9080
887,3290
886,4977
885,2033
886,8084
886,7739
887,1846
884,6696
885,7960
886,8971
886,4341
886,5038
885,5296
884,7234
885,6723
887,5838
885,4036
885,5601
886,1003
889,6250
884,7475
885,3290
886,0354
884,0530
883,4544
882,9497
886,8654
887,7373
887,0539
883,4319
883,9839
887,1723
887,1112
886,9835
887,0793
882,3162
885,2052
889,5913
884,9711
884,4258
888,3457
884,0717
886,9149
888,8164
884,3650
886,4905
882,8248
886,3902
884,6642
887,8168
885,6605
883,1112
885,4656
886,3608
886,4910
882,3386
885,3007
883,8418
887,7245
888,0804
885,7750
885,6387
888,0377
887,1198
887,1666
884,9481
888,4358
884,4963
881,7817
882,7971
885,5793
886,3290
886,2532
884,8889
886,5585
885,3163
888,1077
884,5304
884,9949
884,8825
885,7876
886,5162
883,5473
885,1115
887,8939
885,2988
884,0831
886,5336
886,8484
884,3115
883,4337
884,4194
883,0334
886,7743
883,9180
886,6527
887,1480
884,7530
887,9991
884,9320
886,0473
885,3892
884,6646
887,9063
884,4180
883,2043
884,6989
886,5242
883,4158
883,4852
883,8595
885,9634
886,0483
885,9105
885,6175
884,1487
886,5575
885,7215
885,0479
887,3828
886,1666
885,6746
885,7487
884,9287
888,3997
889,3600
885,9010
885,5762
884,0701
886,1844
886,8436
887,8511
887,7079
886,0531
886,2753
889,1812
887,0024
891,6447
889,3354
882,0085
882,4418
887,8560
884,2768
885,7964
883,8779
885,0707
883,2287
885,7546
886,8190
885,4590
886,6240
883,5051
883,4126
889,3463
884,5487
883,7494
884,8553
886,2919
883,9848
887,5068
886,8361
885,5200
885,9707
886,4865
884,4529
883,8933
886,8955
886,1757
886,1079
888,0590
884,5154
885,0844
886,2006
885,1479
886,1845
885,1717
884,6695
886,3586
887,5332
885,6358
888,8173
888,1532
885,6118
884,6754
889,0363
886,9784
883,4798
883,7005
885,4319
886,1812
888,4105
884,1882
884,9216
883,1926
887,7089
886,2217
885,0529
886,3723
887,5115
885,4023
886,7090
888,2075
888,4033
888,2388
887,8460
887,5122
884,7355
889,3764
885,2375
888,9544
884,7812
886,4950
888,9729
888,9814
884,7941
884,5186
886,9467
886,2211
886,1767
886,5481
883,4507
889,1925
886,0916
887,6676
887,1822
885,7777
885,7387
885,7666
887,1402
885,9636
881,5699
881,2510
886,2861
887,7628
884,2947
885,3081
884,3860
885,1402
886,0330
884,1060
888,3147
883,3179
884,6856
887,4163
890,0664
883,1217
888,2244
887,8813
886,9131
887,3809
885,6927
886,2046
884,9441
884,4868
887,0454
885,2234
885,8114
886,2724
882,3798
883,5769
886,1564
885,8848
885,4253
886,3600
890,4070
886,9645
886,4329
888,1388
887,9354
885,6879
886,4070
885,7258
889,8400
888,4121
882,2374
885,9319
885,7105
885,5594
885,6949
887,5056
884,6304
888,4378
887,2822
889,3847
885,1272
883,8407
886,4736
889,3760
884,5695
885,8667
887,1045
887,2536
885,9045
888,5588
886,9529
883,2159
884,4783
888,0909
886,8330
886,8068
889,6847
885,0553
888,8966
882,5516
886,9006
888,2860
884,8665
886,2727
885,9722
884,9800
884,9293
884,9865
887,4781
884,1621
883,5177
885,4454
884,8015
887,8916
882,8871
885,8572
885,1005
886,3104
888,0968
885,8340
887,4145
887,6268
887,5224
884,5506
885,1215
886,0515
885,5972
884,0978
887,3609
886,3401
886,0018
886,1661
884,1039
883,3660
885,0515
885,1789
884,8866
891,7521
884,5058
887,6527
887,9742
884,5446
887,6567
885,0628
886,1015
886,5933
888,7304
885,1767
887,5253
887,4773
888,2663
884,7570
884,4158
883,1911
884,2235
888,5547
887,9212
887,8744
885,8722
883,3821
883,7001
884,8459
888,4650
887,6314
886,7914
887,1225
884,7067
887,7047
887,4576
886,0625
886,3401
886,2160
886,0761
885,1147
885,9637
882,9792
885,4583
883,6522
887,7521
885,7016
889,5795
888,3221
889,3042
887,6412
885,3053
883,1490
883,2844
884,6888
885,1714
887,3516
883,8440
881,8227
885,6465
883,8624
889,2074
885,6941
883,2254
887,1820
884,5971
890,0133
886,1853
887,6362
888,2787
886,3041
888,2955
887,1826
888,0104
887,7899
885,9146
887,7556
882,0130
888,5812
889,7129
887,8147
888,6262
886,3634
883,9468
887,5079
884,7761
883,1572
885,6567
885,7411
884,0968
885,0010
885,9915
883,2886
886,8613
885,1224
885,7746
887,6171
887,7252
887,4914
886,3485
882,1003
884,0173
887,6058
886,2659
883,8838
886,3295
884,6904
887,6312
884,3288
886,5590
886,6518
882,5085
882,7937
887,4204
887,4716
887,8091
886,3071
888,7519
884,8033
892,2529
880,8108
885,7172
883,8356
884,3629
884,7356
885,8247
886,2371
883,9905
888,6357
885,6767
888,3040
885,8153
888,6187
883,8490
888,2170
888,3745
884,8347
886,7334
887,5591
884,0650
885,1142
887,4371
884,1219
887,0181
885,0126
888,6361
884,5038
886,6189
883,6508
887,1004
885,2297
888,4344
888,0116
885,1746
884,2633
888,1143
886,1745
884,9888
884,5302
885,5948
887,0101
887,9826
889,1912
886,9531
883,1174
887,4288
882,5969
886,3944
885,9080
883,0701
884,2936
887,7240
889,0674
882,7574
886,3002
885,2761
888,4148
886,1815
884,6144
886,7373
884,0892
885,0062
886,1329
888,7544
888,2481
888,1477
886,9134
885,8597
887,1411
888,6341
886,0488
889,5495
887,1852
886,6406
886,8422
885,7709
885,3269
885,7906
887,4491
882,2623
887,8877
888,0264
886,3275
889,5900
887,7245
887,3622
886,6698
887,7943
886,2280
889,3499
885,3342
884,0681
885,8155
884,8361
884,0563
884,2373
886,8850
887,5170
882,9788
884,2808
887,7418
884,7146
887,1477
885,9800
888,8754
889,0556
885,6911
888,6752
889,3116
889,2896
884,8194
884,5752
887,9308
884,3691
886,5188
885,3398
885,9253
886,8369
887,3824
883,1273
886,6451
882,9547
885,4936
886,6978
885,7603
885,2738
883,9382
886,4609
886,8658
886,8925
884,2050
886,6000
885,2677
887,5188
885,9164
886,2526
886,1849
889,4062
885,6814
886,3395
888,4101
886,8119
885,0958
886,6638
885,2156
887,1157
887,4815
889,1627
885,6803
885,2497
885,8370
886,1303
888,0755
883,6804
886,5598
884,7286
884,9874
887,5109
881,1150
884,5147
883,9318
884,7476
887,2747
885,2456
885,4188
887,6228
884,6030
887,9030
888,0875
885,6409
886,3569
885,2987
885,8216
885,1442
884,8905
886,3783
886,6611
887,9937
888,8641
886,4164
885,7206
887,6228
887,5736
885,4938
884,1090
886,8604
887,7024
886,7270
883,3781
886,8189
887,4724
886,2319
888,4687
884,2912
888,6807
886,8181
883,8070
885,0955
886,1868
887,9289
886,8366
884,9371
885,1940
883,3758
884,2832
886,9817
884,7017
886,0074
883,7481
888,7321
887,3133
886,6605
885,3963
885,4714
884,1104
884,2958
886,7796
884,2168
884,9915
886,6806
885,8406
888,7221
885,4194
887,8111
888,0279
885,6420
888,4704
884,2013
882,8509
888,1979
885,2221
885,3165
888,8359
884,9606
888,3385
887,6052
888,9921
883,7008
885,8221
886,2314
885,1488
887,1108
883,5557
888,1229
887,7781
885,4834
884,5713
886,9355
881,0718
884,4362
885,7599
887,0426
884,4356
885,1728
886,5855
887,4736
885,8162
889,2461
886,6094
886,9371
886,3738
887,2651
889,4538
887,0367
887,6382
884,2226
885,7358
883,3778
887,3938
883,8295
885,1316
882,3989
886,6237
881,6836
886,2786
890,3790
891,6191
886,1766
885,7686
884,8126
885,8814
887,4822
884,5413
887,9774
884,1864
884,9815
886,3105
887,5795
886,3632
887,3630
885,0980
884,7444
884,6694
885,6091
886,2692
885,8101
885,1327
887,3333
883,7853
888,2851
888,0618
885,9927
887,6070
884,7992
886,1484
884,0427
885,5096
888,3746
886,0166
884,8253
883,5166
885,9070
883,2530
884,9626
883,3593
888,5970
886,6459
883,3579
886,2301
887,1063
891,0822
885,1983
884,7795
884,8202
884,7310
886,7711
887,9132
885,9210
885,9543
887,0076
883,1913
886,0829
882,5337
885,3815
886,9384
888,1958
885,0199
886,6635
887,9299
887,8527
882,2236
885,0324
885,8501
885,3084
886,2239
883,0267
885,7103
885,1594
883,2501
885,5021
886,9008
884,4785
887,5678
885,2170
885,7752
886,5065
888,1252
883,6485
883,9345
886,1272
884,6824
891,5793
884,6562
888,4254
887,8294
886,6135
887,6291
886,3701
885,5628
886,4596
886,9426
888,8390
885,0604
883,3965
888,3987
884,6967
886,3418
887,0810
884,8816
884,6662
886,6002
883,5545
886,2898
888,7972
884,5984
886,9744
885,8786
886,5403
887,3931
884,0785
885,5105
886,8003
884,4980
884,6896
886,5980
888,2947
886,9496
884,4572
889,0443
884,5313
886,0950
885,8453
885,1660
889,5169
885,2456
884,3216
884,6503
884,5428
888,2534
883,7867
885,2508
888,2010
886,2064
883,7590
886,4775
886,1463
886,0883
889,1577
885,1127
889,7348
882,8203
884,2567
885,1431
888,8002
884,1924
887,4861
886,0066
882,6789
886,6278
885,2588
887,9639
888,5642
883,2792
886,4260
885,5542
883,6738
882,5656
883,3333
886,6573
883,5624
887,4365
884,1342
886,1364
882,3369
886,6173
890,6753
885,3557
881,6260
884,2378
890,7454
887,9624
882,9804
883,8771
885,8530
884,7508
884,4922
884,9680
890,5212
885,3746
888,8728
884,4378
885,9534
884,4777
883,9172
886,9481
884,1298
884,0575
888,3323
887,0563
882,8802
885,4493
887,3332
884,6636
885,9935
883,1221
884,8409
883,3044
888,4642
884,9138
885,2388
885,6367
883,6222
884,8047
886,6266
886,5661
889,3082
889,3118
887,1749
883,3859
886,6837
887,3504
884,8736
885,5728
885,5481
886,2338
886,7360
884,4073
883,0499
885,8570
884,4688
883,5371
887,6283
886,4538
886,7112
886,8160
889,7217
884,9937
885,0347
885,3968
890,0989
887,1071
887,3776
884,6976
884,4959
886,0102
888,1520
887,7785
888,3560
886,2344
882,6071
883,2488
886,9100
886,0348
885,5692
885,2202
886,7920
885,6070
884,9871
887,2911
887,1456
886,4772
884,4178
888,3079
883,4423
888,5640
885,7912
886,8909
889,3801
887,1776
883,9397
885,2680
881,9488
886,2634
886,9089
887,8528
886,0217
885,4937
886,6184
886,5297
889,2476
887,4568
883,0254
885,1741
885,9981
882,9549
890,0206
889,8721
885,7488
885,7758
885,9934
888,4550
888,3037
886,6579
886,7034
885,5957
887,1641
885,6442
884,0556
886,0713
887,9451
885,1633
885,9011
888,1289
884,7114
887,6019
887,3107
886,0369
887,2405
888,2417
883,4666
886,0391
883,0793
885,1932
884,7268
883,2613
884,4606
887,4940
883,8925
883,0690
885,1617
882,7451
888,6354
883,0370
885,5734
886,2753
884,0058
885,3424
886,6404
888,0647
884,7043
887,4163
888,3077
885,2667
885,7396
884,5007
885,9342
884,5043
886,1476
883,4321
885,4703
885,2685
885,3764
886,8382
885,9067
884,9834
885,5034
887,1570
887,3973
887,3529
888,2583
887,9950
882,8150
884,9306
883,3013
884,4416
886,7852
885,8299
884,1784
883,0566
887,1224
884,5858
885,1816
886,9744
887,5945
884,7955
887,0136
886,1293
884,3953
890,2358
885,6890
885,7443
890,4772
886,8414
883,2277
889,4336
886,0542
885,9819
884,9757
883,9981
884,6951
889,5433
883,4646
883,8956
884,1009
887,4973
886,0079
889,0516
885,4669
886,4746
886,7565
884,4447
885,4497
887,0369
885,3736
882,0096
886,4123
884,2280
884,7274
884,5066
885,8277
888,0761
887,6869
887,1694
884,4894
886,8086
884,0736
884,1484
887,5139
884,7074
884,6298
887,3568
887,5539
883,2049
883,9872
887,0315
890,1198
888,0037
885,2942
889,5920
886,1117
886,4957
884,3451
882,8956
885,6965
883,7838
890,7078
884,2046
887,3081
886,3225
884,9466
885,4097
885,0448
883,1512
885,0386
886,2783
887,5664
884,5976
886,7316
883,8462
888,0042
887,0411
887,1022
888,0389
885,8178
886,3784
882,6856
884,7436
885,6640
885,8378
883,2589
887,0388
882,7620
884,2065
886,2754
887,4197
882,5961
884,1326
883,7904
887,7200
888,1935
882,8291
885,0913
882,5217
889,9418
885,6804
886,3049
886,4296
887,3621
888,0823
886,5285
887,5688
886,9338
888,8930
887,6286
884,0302
883,9628
885,7239
885,6902
888,7813
887,3657
884,9447
887,8019
884,0088
885,1380
883,5144
884,1020
884,2404
883,1281
885,0190
885,0417
886,7091
886,8748
887,7247
886,1146
885,7622
886,0886
885,4490
885,4361
885,9607
886,8514
888,1359
886,3086
887,2163
889,5904
890,0619
885,0572
886,3821
884,2952
885,2571
884,0456
883,0108
885,0922
887,3692
885,7153
888,5297
887,9461
888,0802
883,7168
888,4663
884,1295
886,1233
889,6015
885,5373
883,7002
885,0481
887,7713
890,6065
887,8141
884,1465
882,9493
885,7719
883,9815
881,9003
886,3144
889,4764
882,5906
887,0352
887,1448
884,1596
888,0169
887,5785
889,2391
884,1866
887,3740
887,7056
888,4494
884,6745
886,6699
886,4778
886,9671
888,4344
886,0562
884,1411
887,3262
887,2140
887,1787
886,7885
887,5269
886,6703
885,2509
884,0356
886,2781
888,3949
880,2590
883,9323
885,4533
887,8922
886,0303
889,4858
884,5850
885,2138
883,4948
883,8865
882,5797
885,4987
886,3122
882,2637
884,5068
888,9703
886,4639
888,1074
885,7959
885,4468
884,7815
889,4833
887,2966
883,9316
885,5459
885,2086
889,0988
883,6979
883,2978
884,6185
887,1129
885,5475
884,1592
886,0459
888,9510
890,4537
886,4984
885,4586
887,8235
886,3868
884,2212
883,9954
884,9267
887,5420
880,5217
890,6206
888,5941
888,1196
887,6128
881,9586
883,9451
887,1890
887,3316
887,5811
888,4959
888,6533
887,1372
886,9373
885,6013
886,5006
887,5872
886,7366
886,2502
887,5571
884,9534
887,6958
887,9387
884,7632
886,3364
883,0077
884,0060
884,9149
884,5380
886,4339
886,0287
882,3938
884,1513
887,1183
883,3126
888,1006
884,8316
885,8685
885,1915
883,4348
889,2911
886,2128
887,9954
884,5088
886,6302
885,4262
886,3729
884,7927
886,9965
887,4832
884,4422
886,6542
887,0875
889,0030
887,1583
887,7385
886,9442
884,4293
885,5938
889,2378
884,6889
885,1244
887,1649
885,1149
885,9309
886,1007
887,8932
884,4044
886,2356
885,3929
883,1213
888,7011
884,8481
885,7987
890,2576
886,7550
883,3031
885,7198
887,9436
886,5592
885,3518
887,9871
884,6844
883,9765
888,2259
887,4113
885,2475
889,5453
886,7948
885,6409
888,4903
884,1391
888,0223
888,3313
887,0879
886,4900
886,2826
886,5644
887,7957
884,0395
884,1196
883,9501
882,8790
885,5890
885,7837
885,8901
888,1216
887,9432
886,8090
885,8658
884,0302
884,1205
887,9944
885,4012
887,3760
886,4237
884,7766
889,3999
886,7771
884,7213
882,6210
885,2964
886,9007
888,4343
889,1118
883,5697
885,7324
884,4031
885,9465
889,3688
887,5173
884,8802
882,8325
885,5030
886,5309
884,6315
882,6472
885,6246
883,9392
886,7588
886,8306
885,7095
888,3753
886,5129
889,4973
887,5390
886,9421
889,1255
887,1543
886,3978
888,1378
883,4633
885,6958
885,1579
890,7195
883,3731
886,0079
885,4489
885,8463
886,6867
887,4213
885,7078
887,4289
884,6405
882,5464
882,9385
885,3611
883,6258
887,2420
887,1062
890,4689
888,5178
887,1466
886,4053
885,8191
885,6292
884,0696
885,0840
886,1928
886,6907
885,2851
885,1133
881,2793
887,8671
889,8574
889,6723
885,0370
883,5817
884,1028
883,5446
884,7934
888,2960
887,0835
886,0356
886,0495
884,2751
887,6960
886,9221
884,3918
885,1549
888,1311
885,3848
887,1785
884,4558
886,1758
884,8679
885,0413
886,2029
887,3574
890,6348
885,7594
884,5318
884,3348
886,5178
884,1594
884,0183
887,0718
883,1775
887,8262
886,1348
882,7735
884,1692
887,4066
885,7433
885,4113
887,7017
886,9975
886,9403
885,1594
885,9075
883,0692
885,8024
887,6571
886,4425
885,3537
888,3929
886,9187
884,9468
887,8486
890,5349
882,8133
887,1704
886,4911
885,5488
884,7109
885,3373
886,1281
886,0574
886,5595
886,3521
887,9690
884,1256
884,7255
886,0796
887,5802
886,4729
886,6212
887,0028
886,8050
887,4569
887,1226
885,2610
884,0486
886,8712
883,7299
885,6093
886,7126
887,3965
886,1428
887,7971
882,8902
885,1856
884,2921
885,5753
888,2284
882,2270
886,3846
887,4033
883,8292
886,8832
886,3617
885,9133
887,9664
889,2034
885,5060
883,9514
885,1495
887,1940
888,1552
883,6140
890,9526
884,5761
887,5921
885,1259
885,1106
885,5402
886,8641
888,1811
886,2450
885,8992
884,8828
885,5678
886,5402
884,5995
886,4494
884,2945
884,7563
886,2742
887,0285
886,8931
886,2103
886,4262
888,2305
885,7642
885,7115
888,6817
888,0557
885,9431
887,1591
885,8382
884,5421
889,0862
884,8049
886,9517
886,8716
887,8020
884,4815
886,1777
884,5348
884,4106
883,4143
885,6032
887,5342
885,9627
885,3911
887,4809
885,4237
891,7265
883,3139
886,1884
884,5273
887,9614
884,7724
885,6949
884,0501
886,3139
886,6614
888,1994
885,5672
885,9457
884,2994
883,1669
882,2337
887,7741
885,4291
883,3329
886,8746
884,8910
884,6524
887,1263
885,1081
884,5444
886,0788
886,0718
886,3845
882,8665
885,9527
887,5116
887,7298
887,1448
885,1772
884,6842
886,0999
888,3582
886,4687
884,9488
886,1746
887,3381
885,4034
884,9472
885,1312
883,1439
885,3757
887,2573
885,7794
886,7021
885,3088
885,7089
886,2560
885,2738
886,1668
885,7860
885,3768
884,4674
886,3987
884,7658
885,5004
886,7238
887,1142
889,1511
885,5400
888,3580
887,3695
886,5089
884,7788
889,7892
886,4591
886,8137
890,4663
885,5125
885,7913
888,0162
883,6591
885,4962
883,8661
888,9293
885,7687
888,3969
887,1876
886,8717
886,9750
885,8471
889,3181
888,2345
885,0700
887,8945
887,3419
885,1825
885,5797
885,7836
887,6544
885,6471
882,8483
886,0960
887,6715
886,4422
888,9190
882,5518
885,7499
885,4343
885,6600
882,4109
888,0049
884,4105
884,7655
888,2534
885,0624
883,1452
886,5737
886,0068
885,7615
888,2094
889,3018
886,2486
885,5210
886,8888
887,2492
887,1777
886,0843
884,4159
883,7263
887,6482
887,2648
883,6741
884,7464
883,4585
890,5206
886,3062
883,4234
885,4924
885,9261
886,8160
882,7006
888,4791
884,9825
882,3062
884,7034
888,1776
888,8703
884,7671
886,6297
890,7055
887,8104
883,5123
885,2343
886,6366
886,2537
884,3405
885,5003
880,8024
885,6581
886,1956
887,4506
885,7565
886,7102
885,5355
882,9644
884,4655
885,5205
888,0207
884,6445
886,8960
885,0059
885,0272
887,8340
885,8887
886,6762
884,8856
886,6153
887,1951
885,6563
881,9189
888,0654
884,2150
887,4028
887,3906
883,9174
883,9008
887,7143
885,8797
889,3700
889,0942
884,5534
884,1004
884,5893
886,7428
885,4335
884,3452
886,8005
886,7635
885,6124
886,7376
884,8767
885,4253
884,0431
882,7526
884,6961
887,4278
883,9544
888,2138
884,9883
887,4686
888,4895
883,1995
887,6508
882,1853
883,3062
888,3497
887,0269
887,7339
884,7420
885,0345
886,4851
890,4422
887,1895
884,5193
889,1568
886,8094
888,3418
884,6648
888,6312
885,2382
887,4563
885,4252
885,8125
888,9559
886,9292
884,9623
885,9204
884,8760
885,7226
883,3095
886,1738
886,5517
885,4268
885,1617
889,4454
885,8521
889,5017
886,4747
885,0372
885,4727
887,4513
882,6085
887,7357
886,5620
885,3162
885,0391
884,6888
883,4961
886,8342
888,1333
884,9921
883,8376
886,7570
887,9149
889,3388
888,7580
882,8258
885,5303
886,4148
886,4501
882,0771
883,8461
885,5420
884,4438
884,6978
884,2804
887,1019
887,4326
886,4244
884,7594
887,3148
886,2973
887,5194
887,6296
885,3165
887,0744
887,6093
887,4025
884,7755
881,8107
889,2171
886,7205
888,1674
887,5086
885,7869
888,3612
888,1168
886,6441
888,2745
886,5040
886,1166
889,1921
889,3118
888,8425
886,0963
883,6846
888,6532
885,6339
886,3588
889,2451
886,4837
886,6602
884,3456
885,9613
888,3011
886,0935
884,6857
881,9850
887,9718
885,3065
887,3762
887,7493
886,4440
882,8049
885,2265
887,7404
883,2825
888,0515
883,7998
884,6670
886,3321
884,8638
885,4705
884,9317
885,8233
884,5816
883,9072
883,1965
884,7900
883,4251
886,0364
882,8941
887,6158
883,7157
885,6796
886,6509
884,8717
883,8858
883,9317
887,0528
885,0758
885,2818
888,0130
888,1258
885,0988
885,3008
887,0344
886,7122
885,1998
882,7395
886,4881
885,3553
888,8891
886,3794
889,0325
885,9322
887,0745
886,7599
886,9318
887,3117
886,2678
882,7850
887,8554
889,6692
887,4933
888,8736
886,7467
887,5687
886,7362
886,1852
885,2165
884,6108
885,1752
886,7336
885,5986
886,6832
888,8124
886,2316
889,3582
887,2709
890,3678
888,9475
889,1689
887,0784
887,1389
888,0460
885,9753
883,9106
884,6251
883,5263
888,1481
882,7186
884,9674
885,1047
886,0607
886,5625
888,5230
885,7047
886,9822
886,1755
886,1030
883,2111
886,0827
887,9609
887,2178
886,3826
885,9633
886,8172
884,5379
886,8585
884,6392
886,7027
884,8303
887,2137
884,9412
886,7929
886,0987
885,6832
887,8810
883,5658
890,1565
886,0739
887,9655
881,3231
887,0262
888,5352
886,5443
888,3334
887,0042
883,8693
887,6548
885,6807
884,6278
888,5866
886,0114
883,5634
884,7972
887,4769
885,9319
885,5941
885,8122
884,9859
885,4198
886,7480
885,0861
887,6387
884,4949
889,1881
887,0222
885,7019
887,3362
885,8338
888,1614
885,7991
886,6444
883,8411
886,4301
886,8896
888,6748
884,3094
883,3911
884,6555
886,4124
887,5882
886,3240
883,1676
884,6829
887,5907
885,4761
886,4221
886,5411
885,1526
884,3439
887,1116
887,2690
888,8326
886,2971
888,0009
884,2511
885,9367
888,2188
887,6551
886,8082
881,6520
884,6389
887,6434
886,3372
887,3222
886,7963
889,8860
885,7458
886,2752
886,7317
886,4311
884,5381
886,6603
890,6132
883,5075
889,4638
881,1603
887,2513
884,1930
884,0911
887,3072
886,1932
885,6247
883,2140
887,1044
888,3794
887,3696
885,6512
885,6027
885,6205
886,5751
882,4847
888,6529
886,2045
889,6759
887,6929
887,2826
885,2943
883,1459
885,5679
887,2989
885,6473
884,2037
885,9970
884,6219
881,3700
885,6745
883,5361
885,7128
884,8599
886,2634
885,4063
885,9088
889,2676
885,8084
887,1765
882,7672
885,7738
886,4242
886,1945
884,2715
886,7250
885,5602
887,6237
885,5555
884,9186
885,0223
885,7424
884,2236
887,4059
887,1735
887,4403
883,8291
888,9271
884,8511
885,9234
888,7234
887,3911
884,4097
883,2248
885,4452
885,6757
885,9963
889,4757
888,1282
889,7421
886,4695
884,2887
886,3860
888,3907
888,5021
884,9169
884,8964
889,2534
888,1290
887,0280
884,5918
885,5003
885,0854
886,4023
888,8521
885,4768
889,3149
886,4460
885,9094
887,8503
887,1762
889,5291
885,0243
889,6780
886,8187
888,7960
889,1247
888,0066
883,4447
884,4868
885,1960
885,7510
888,9372
886,8562
882,7397
885,9536
884,9929
885,3409
887,4987
886,4440
889,0557
888,1461
882,7805
888,8645
887,9783
884,3152
886,5306
887,4301
888,5201
884,4879
881,4728
884,8337
885,3882
883,0634
884,6343
887,7514
885,2218
882,9531
885,2248
887,8575
885,8288
885,5196
888,4914
884,0259
885,9897
883,7568
884,6876
885,4078
890,0286
885,6287
884,1608
884,4399
886,5334
885,6141
885,7038
886,9361
886,0575
884,6405
883,9572
885,6464
884,2519
889,4235
885,9361
889,0621
884,6269
883,9558
885,5191
885,2969
886,2544
887,8119
884,2364
887,2833
888,3257
886,9871
889,6915
881,1232
885,2322
885,2626
884,8172
886,6734
884,6006
888,9605
884,0166
883,6670
886,5651
886,0713
885,8119
886,1526
883,6725
886,9704
888,6730
887,9929
884,8409
886,9395
887,3521
887,7398
887,5025
885,3428
884,6355
888,5975
886,9713
885,5471
886,2003
886,1779
889,6565
883,9231
887,8733
888,9911
885,7619
885,8581
882,5539
888,8904
886,6388
886,5414
886,2458
887,6486
884,1012
886,7041
887,8550
884,3076
888,7579
888,5586
883,2776
885,8399
884,3974
885,2512
886,0116
885,4341
888,8368
886,5803
886,7510
884,5483
887,4048
885,6693
884,7318
888,5567
888,3399
886,7278
889,4602
883,7558
886,5740
887,6042
881,3105
883,9881
885,2465
885,5807
883,9758
886,2847
889,6774
884,9161
887,1011
887,7881
885,6187
885,4417
886,1928
883,6367
887,1342
883,2114
885,0502
888,1008
883,7553
885,5801
886,8150
888,5763
887,6878
887,3326
887,1812
886,2550
883,2842
885,5461
885,5345
885,9231
884,6136
883,1015
882,3599
884,7393
887,9557
885,4155
886,1707
884,4878
886,7290
886,1253
885,9604
886,9058
887,4521
884,6850
884,9845
884,3838
886,7838
886,1342
884,5132
887,1020
886,0440
885,2009
885,3195
886,1672
888,2445
888,9895
885,0025
885,7340
885,9680
885,1856
887,3821
886,6630
887,5318
884,7007
884,0821
884,0091
887,0562
886,9659
884,1456
884,3116
888,1275
885,7814
885,0166
886,0461
883,4457
889,6322
886,9670
881,6512
885,8730
884,8464
888,1666
886,0116
883,8529
884,3180
885,9426
886,7951
888,1786
889,3268
886,1893
885,2939
885,6037
888,0538
884,5180
886,5252
886,4348
885,6866
887,4983
885,1025
884,2146
887,0236
884,4393
885,9916
886,8944
888,3745
887,9910
885,3130
884,7560
884,3974
883,6591
885,4100
884,7018
888,8951
884,9455
883,0902
889,3649
887,6115
887,9013
884,9099
887,1413
888,0618
887,3411
886,6137
883,7854
885,2995
887,3347
884,3673
885,1743
885,5132
885,7168
887,6984
890,2988
885,6259
883,8741
886,0639
887,1418
886,8039
885,7813
889,6885
883,2130
885,3324
887,2539
887,4890
886,7002
885,0154
885,9758
883,6690
885,2934
884,0184
884,4279
888,0215
886,6654
887,9688
881,1425
888,4947
885,8576
887,9183
886,8459
885,9683
887,8856
886,7649
888,2877
882,6489
888,9356
884,2890
889,0762
885,5989
887,7065
888,3863
883,3293
883,4227
887,8495
885,9778
884,8878
884,8567
886,3693
887,2947
886,5301
884,1988
886,5579
886,9600
883,9987
885,4119
889,5774
886,1918
884,9255
882,7908
883,9958
887,5991
884,3195
886,2803
886,4881
886,5609
885,2818
886,7438
887,0341
889,0428
886,4739
888,0095
884,3658
885,2775
885,7633
886,6259
882,7225
885,4107
885,4840
883,5201
885,6280
886,7667
882,8865
886,3212
886,8269
883,5641
886,3677
884,7976
885,7220
887,1862
886,2746
885,0588
884,7083
887,4368
885,3783
884,5768
889,2144
884,3693
887,4384
887,9543
887,1185
883,4794
885,7966
885,5984
884,3341
889,4549
888,0942
885,3927
886,3218
884,9103
886,0535
889,9578
886,2475
885,3150
886,8095
889,9856
884,2270
885,5534
885,9886
882,6173
885,6281
885,5702
882,9159
887,5056
886,7096
885,4606
886,6184
883,8977
886,4445
886,2942
884,0757
883,8642
882,7499
887,5999
887,9830
885,5495
886,3428
887,0972
884,4765
883,0076
881,6493
885,5895
885,3095
886,2397
886,3639
885,2376
889,0209
886,4928
886,9713
886,5229
887,3224
886,0958
887,9148
884,9130
887,0368
883,7864
888,2396
882,9815
887,1850
885,7078
886,2127
883,6525
886,0039
885,8160
888,2151
885,8311
886,2333
884,7783
887,6915
879,7216
884,2675
884,6190
884,5641
885,5276
886,2441
884,2271
889,9519
882,6665
887,9591
888,2770
884,2378
888,8026
884,9319
887,4566
884,9924
885,9495
887,1232
885,9734
886,7769
885,5778
888,2281
888,2491
885,2356
884,0617
890,0460
885,7759
885,7966
884,3117
885,7825
887,8012
885,8507
883,7266
887,5941
883,6628
888,8746
887,6794
889,6715
886,4238
889,4476
887,2618
883,8521
886,3138
886,1826
885,8741
885,0284
884,3084
885,4613
884,6560
887,9355
887,6154
882,1686
884,8042
886,6405
887,6511
884,1659
884,8636
885,1573
884,5125
886,5818
882,2385
885,4244
884,7066
882,4693
882,8064
885,8496
887,0283
886,3147
885,2853
885,9062
889,2033
887,8096
887,0475
885,2879
889,0868
886,9374
886,9581
886,9931
884,8715
887,5994
886,1056
883,4586
887,5771
889,7478
884,3710
886,2103
884,0334
886,4704
887,4632
886,7826
887,5598
887,8213
886,1073
884,8193
888,8998
886,1802
885,4712
886,2285
886,7144
884,4374
888,4908
883,6280
886,3466
884,3873
887,1625
886,5915
886,2814
886,5824
886,2364
885,0415
885,8892
885,3542
885,6542
887,6050
885,8020
883,0778
885,4432
883,2263
886,5786
883,5960
885,3963
886,4694
888,0895
886,9332
887,9197
886,7082
884,5514
888,1776
883,3683
886,3464
887,4924
889,3223
884,2552
884,7931
887,6968
888,9471
886,7158
885,3063
887,4573
883,7835
884,8661
888,0826
888,5255
883,9749
887,4841
884,2282
886,8751
886,6258
885,8593
884,8110
888,2355
885,3411
886,2609
888,4403
888,0002
885,9382
885,3812
886,3350
886,7887
886,7032
888,0304
884,6970
884,4488
886,0944
883,3032
886,7672
885,5869
885,8054
886,9064
886,2965
886,2600
886,1185
888,6761
887,8793
889,3138
888,3802
888,0486
891,1636
884,5648
886,9097
885,7411
887,2544
884,9282
885,7599
886,9932
884,9985
887,6878
884,8196
886,1353
884,3114
886,6119
888,3375
884,2015
883,1043
881,7808
885,3886
887,6473
888,2108
886,3690
883,8760
885,1480
882,9268
886,8682
888,7853
884,5028
885,8153
886,2047
888,5256
886,2772
887,0479
884,8291
888,4767
891,6474
886,5403
887,1829
885,6805
882,0477
886,5413
888,1500
883,6482
885,4842
884,2493
885,4643
886,6363
883,9000
887,2837
888,7140
885,3179
886,3903
886,8225
884,4846
885,0480
887,0428
884,6672
885,8151
887,1175
888,7751
886,9835
887,6308
886,7228
884,5597
883,8438
885,2560
885,9872
885,9822
884,3901
886,1751
888,3763
887,2542
887,7160
883,2449
885,9904
890,3563
885,7882
883,8460
886,9556
883,6300
891,0901
885,6057
880,5945
884,2538
883,3310
890,1793
888,6279
886,0214
888,9454
887,0844
884,7015
883,1913
885,0016
883,4771
886,0723
884,0008
883,1584
886,3107
886,5906
882,6287
887,4252
883,6959
882,7787
885,4734
885,3016
888,2075
885,5576
884,3117
888,4658
885,0863
885,4853
891,4828
884,8544
886,8963
885,9668
883,7634
882,6327
883,9344
886,7863
886,7641
884,6944
888,1151
885,5421
885,0708
886,3377
887,2272
884,0394
883,9411
886,3747
886,6777
884,0462
885,3046
884,9335
886,5303
885,8321
887,5081
887,3803
885,1146
886,2441
885,5270
887,4825
885,2999
886,5867
886,9586
883,4186
885,6991
884,4876
883,2020
884,5555
889,1867
887,4733
886,2215
886,4362
886,4608
882,5112
884,8104
885,5887
885,8131
887,3364
886,5219
885,7688
886,7313
885,7091
885,3604
889,1544
883,1762
884,1183
885,6414
886,8370
884,7448
886,3874
886,6249
886,0801
885,3500
883,8319
890,4130
884,0404
881,8606
884,7551
885,0569
886,0982
885,8189
886,1409
887,4035
887,9142
884,5925
883,8316
886,5144
886,8735
888,3091
883,9814
886,1154
885,9732
881,8690
886,0575
887,6816
884,7553
887,9593
886,4377
888,9180
883,1971
887,2663
886,1645
884,3105
885,6460
886,7012
886,8985
887,1608
887,1186
884,4210
885,7858
884,8390
887,4281
884,3581
885,7699
887,4997
883,7068
881,5072
884,3701
883,9978
884,7777
886,2206
889,0791
886,0590
890,4042
885,9282
885,0557
885,8598
883,8478
884,1215
885,7979
882,7900
884,2044
885,9515
885,9081
886,3277
885,8742
884,4309
885,6946
883,5415
884,4578
886,7868
884,7949
887,8449
885,2721
883,6795
886,0772
885,5957
886,8501
883,3797
883,6554
884,1506
887,6453
887,7813
883,7677
888,3474
884,2045
885,8595
884,0504
888,3972
889,6246
882,5709
884,9314
887,7501
884,2461
884,7340
886,5742
889,2613
887,4777
888,5881
887,1397
886,5276
884,8893
884,3770
885,6266
885,7053
885,3163
885,1291
888,1425
886,1936
886,2363
887,4507
885,2080
884,4775
888,2847
890,0039
885,8892
885,0105
884,3711
886,2620
885,2147
883,3982
888,7967
887,5006
886,0133
887,1582
885,3767
887,9849
887,6246
884,5182
886,3586
885,3751
884,3763
886,8506
885,4953
886,5601
884,9754
887,9609
887,0873
883,8211
888,6913
888,4825
886,9278
887,7680
889,1833
886,6569
886,7015
885,3237
885,1556
885,4889
885,6529
889,4799
886,0041
887,9202
883,3150
886,6449
886,3515
889,0282
886,9823
886,1781
888,9150
885,9189
883,2792
885,6213
888,1453
886,8132
886,1019
885,0971
887,8825
886,7778
886,8607
886,5515
885,0389
885,6792
885,3374
887,1284
883,8222
886,6701
885,4463
883,2456
882,3891
886,7230
883,8004
887,1286
887,1724
884,9172
885,8133
887,7119
884,2022
885,2882
884,0059
885,8128
888,3682
888,5082
884,3368
887,3891
882,9617
887,2137
887,9670
887,3587
887,0140
886,2408
886,1904
888,0114
888,0710
888,9266
886,4787
886,5147
888,7583
887,8484
882,5774
886,1170
886,0281
886,3357
881,3397
888,2717
884,0906
887,3956
883,7043
882,8360
885,2791
886,4499
883,8605
884,9147
888,3745
887,7856
887,1280
885,5561
884,2830
882,9244
883,7179
883,9523
886,6131
888,7715
886,2977
883,6253
885,6655
883,8582
886,2327
885,4853
887,5988
889,9420
886,5791
886,1912
888,1242
882,5321
885,2243
883,4258
885,4615
884,5616
882,5247
886,0679
884,8986
886,6166
887,0919
887,3197
889,0895
887,6279
886,9676
890,2686
884,7743
887,5785
887,0994
887,0821
887,9940
886,8277
885,3586
885,2932
884,1954
886,3287
888,8730
887,0469
887,6141
886,0434
886,8137
888,5934
884,8763
885,5452
885,1643
885,6952
885,8549
883,9982
886,2773
886,9525
888,5264
886,7832
885,2924
885,5151
887,3789
881,5441
887,2484
884,3957
884,5874
885,5732
882,6202
886,1191
887,5017
888,5283
888,3656
886,2143
884,5435
888,2031
889,6721
885,4712
887,1631
889,4616
883,7780
882,2876
885,4300
885,0885
883,9107
886,5954
885,3743
882,6100
885,8309
887,7572
885,7289
884,1858
881,9119
885,1948
887,3466
884,8585
884,4609
883,8415
889,2466
889,3347
888,8500
885,8364
886,0338
885,9730
887,7343
885,7804
889,6326
883,1815
884,1259
887,5408
882,8200
882,5441
888,1695
886,5186
887,1483
886,0326
885,5284
884,2944
887,2020
887,0810
888,9000
886,7273
884,3554
888,4631
885,9748
886,4298
887,2476
886,5067
886,9292
886,5652
886,7304
887,7499
884,9759
886,3713
880,9178
888,9805
887,2677
888,7256
885,9948
887,9133
887,9528
884,1698
888,5040
884,7335
883,5520
886,4384
887,2345
881,2672
887,5892
886,5902
886,7426
888,1077
885,0093
884,4754
885,9826
885,4830
887,2147
886,4056
887,2390
890,6547
885,4815
886,3220
888,8189
885,4837
884,7287
884,7432
888,4301
883,8269
885,8340
884,9991
887,1944
885,9651
888,1536
884,1322
883,0617
884,6812
884,1108
888,0237
885,1852
886,0414
886,2934
887,3995
883,4231
887,5121
884,7125
881,4258
883,2756
882,7644
886,2609
886,6977
883,7824
884,6727
886,7122
885,9769
883,2969
885,5568
885,3673
886,4887
890,6755
888,2307
883,2021
886,3485
882,8259
885,7641
883,8885
881,1402
885,0886
883,4625
885,7239
885,3194
884,9407
885,9712
884,3860
891,0701
886,9248
888,7234
886,4569
885,0149
887,8728
883,8113
886,1780
888,4166
885,1122
882,4408
886,7744
883,0143
886,9922
885,6652
889,3113
886,5174
883,9484
885,8080
882,7414
886,2607
888,3276
887,6317
885,8594
883,1162
887,7873
888,7697
886,0668
884,2308
885,4127
885,5767
885,5922
885,2624
885,4676
884,6115
884,5229
888,6563
888,7276
883,8442
883,6916
884,4740
883,7487
883,4505
886,8231
888,7088
885,7961
884,9728
886,3368
885,5531
884,7900
883,9455
885,3358
889,7920
887,3007
884,2331
885,6255
887,0254
887,2555
885,7765
886,1022
884,6072
883,4107
885,7868
884,7416
886,7807
888,9220
886,2294
883,9170
887,8736
885,4920
887,5252
886,3535
886,9915
888,4616
884,9895
885,2668
886,6164
885,6802
886,4179
886,6596
887,9182
886,4567
888,1082
885,2680
885,0418
888,2033
885,6005
884,7516
887,0651
888,3391
886,0199
885,2814
883,5779
884,3678
885,2520
885,9906
886,2475
884,8971
887,3529
887,4383
886,4626
883,2919
882,1391
886,5206
887,6561
885,6376
888,4688
885,1343
887,8910
887,4880
885,4476
884,9217
889,4806
884,3967
887,6695
885,3808
885,9505
882,7793
886,0051
889,2775
885,2900
885,9643
885,7021
887,4589
884,9705
885,7619
884,8122
883,5371
886,2729
888,2697
882,6922
882,9101
887,5377
882,6750
889,7462
886,5611
884,5874
887,3300
886,0476
886,3582
884,5455
885,6251
885,4727
884,9308
886,9827
885,2662
884,8614
888,5380
884,0969
884,9927
885,7145
883,7989
885,1160
885,9278
883,5760
884,9541
884,5828
889,2086
887,3553
881,1246
887,0424
886,0063
886,6256
885,2479
886,0654
887,1225
885,0242
885,9541
886,1790
885,0897
885,5999
885,9558
885,6350
885,9259
886,5620
883,7091
883,5147
888,5283
888,7965
885,8005
888,5061
890,1992
886,4556
884,7433
887,1007
883,1290
889,7753
886,5985
886,5663
884,4107
883,5251
884,3773
883,8778
887,1684
887,5997
884,0376
886,4726
887,6527
889,0866
885,7426
884,9335
884,3275
880,8136
886,4686
885,0154
885,0312
886,2273
886,8419
884,5594
889,0373
886,4862
887,1130
888,0339
885,2130
886,9850
883,9594
885,1164
884,8696
885,2037
887,1013
885,9717
888,2960
886,9173
887,0249
884,6981
885,5732
886,2503
885,1965
884,7003
887,3545
888,3294
885,0641
886,9823
886,6680
884,4417
887,1277
886,6619
886,3769
886,8403
881,5496
884,3811
886,7098
884,1815
888,8929
887,1161
888,8187
886,3006
884,8875
887,8252
885,9996
885,5429
885,5555
888,5766
887,2121
885,9799
881,1813
891,1496
885,9018
885,3533
887,2537
886,3332
884,6896
884,8265
885,6156
887,3046
887,7472
886,0944
883,7320
885,2475
885,5468
883,9381
883,3616
886,8135
885,6339
885,6349
888,1818
888,2259
887,9726
885,8512
885,9561
885,1392
888,6020
886,4669
885,6092
884,6041
885,3576
884,4974
884,9575
885,6456
886,2702
887,9909
886,0826
887,3229
886,3188
887,4723
887,1748
890,4966
888,0946
883,4036
885,6598
886,1398
885,4315
881,8735
887,8256
886,6948
883,5447
883,2595
884,1083
884,6956
885,6273
884,6100
884,1616
884,7097
886,9919
886,0415
886,9375
883,8355
885,3252
884,7325
882,5803
884,5902
888,2050
886,4775
887,3674
885,2095
890,4493
883,5192
883,0267
887,8319
885,4266
886,5356
888,5789
887,5789
887,1101
883,9823
885,8894
884,4523
888,4701
883,2431
888,1503
886,2959
885,5156
885,5055
885,2084
887,2656
885,2898
886,9616
884,5092
885,8582
888,3350
883,7368
883,4920
887,0986
887,2172
889,7327
886,3324
881,2816
884,9998
887,1297
885,2993
883,4431
886,9065
886,5881
885,2376
885,9411
885,0571
886,6878
885,8858
884,1109
885,5349
885,2166
886,6442
887,6529
886,4418
886,6519
886,6488
887,5258
887,2488
887,2006
886,2062
886,9362
887,2550
884,8764
885,6396
885,8453
887,4587
887,9625
886,1172
884,4519
885,3075
885,9487
883,8179
883,6093
885,8899
888,3159
885,5917
885,1767
886,7534
887,4037
883,8346
883,6900
888,6612
886,3223
887,8496
889,2054
885,6429
890,6584
884,3798
883,4278
885,8305
882,0002
884,2126
884,1000
885,4257
884,1489
882,9746
885,6250
887,8469
885,1604
885,9110
888,2481
883,2216
885,5590
885,7718
890,1753
888,1580
886,7978
885,3340
887,6373
885,3229
887,1914
884,4370
883,4106
885,0901
885,3308
885,5227
887,0893
882,3494
886,6749
886,2288
885,5915
884,4513
886,6890
889,6636
886,9873
884,8412
885,1682
885,5750
887,1994
885,2452
888,1768
886,0195
890,5339
883,4340
883,0731
886,9497
883,8960
888,7092
888,3429
886,9127
883,2177
886,8184
884,6847
884,8522
884,7850
887,1930
886,1730
889,9025
885,5607
887,1468
882,6237
887,4544
888,7702
883,1810
887,0255
883,4801
888,3345
885,5200
888,3602
884,9520
889,1494
886,2223
886,9908
886,0032
884,4473
886,5050
886,7046
886,6552
885,1121
885,2795
888,3928
884,8961
883,8108
885,6029
885,4791
884,5805
888,1110
884,6723
887,8206
887,0301
885,7800
883,8109
883,5963
886,7029
887,6064
886,6869
885,1369
885,9653
881,6615
885,2468
886,4472
889,6160
884,1879
886,9978
884,3437
888,4981
884,0831
886,4309
885,7167
885,9412
887,7503
886,0717
885,4372
886,2050
889,3781
885,1654
882,9558
885,9486
887,4337
886,0874
886,1995
884,4944
882,5455
886,3685
884,4459
886,4433
889,3753
887,3141
883,6032
890,0122
887,0243
885,7646
884,2725
886,5725
885,6978
886,0812
884,5698
884,2926
886,6825
887,0039
886,7494
886,8058
885,1105
885,4342
886,3591
886,0551
889,1725
886,4137
886,7751
885,7099
886,8300
888,1836
885,7247
887,8378
885,1761
885,7115
885,8624
886,1948
887,4910
885,5107
887,3017
883,4773
886,8549
885,4100
885,5196
887,9103
884,8918
885,1775
884,2075
885,2960
887,1188
888,9159
885,0656
884,7636
889,5916
888,5654
883,1311
884,5325
884,9961
883,2054
884,7193
882,1663
886,9307
888,3186
886,5035
884,6766
891,1929
885,1556
885,1202
888,9533
884,8633
884,3257
888,4527
886,0542
885,5798
889,3743
887,4839
885,2013
888,7563
887,9043
886,1394
885,2467
884,2866
886,6562
885,1521
884,6575
886,3852
886,1064
884,0793
886,4073
890,1185
887,0892
887,2998
887,4624
887,4630
884,8770
883,4284
885,9248
885,8323
886,2657
887,4000
891,4717
886,4712
886,1222
889,1054
881,8591
888,6185
885,1295
888,4623
885,5764
885,2322
884,1836
882,7470
887,3358
887,4905
886,2443
884,3813
885,7881
885,8522
888,4876
886,1603
884,7021
889,0435
885,6066
885,5575
887,6721
888,7358
886,5931
884,1878
889,7705
886,6820
885,8245
887,5026
885,8159
886,8203
886,5111
888,1529
886,4377
888,0223
886,3780
883,0464
887,4777
886,9431
882,5204
883,3080
883,7075
886,3703
887,0386
886,2880
888,6506
884,6105
883,0454
888,6042
884,9859
885,7642
886,4701
884,9090
885,3238
882,7974
887,1532
886,1869
888,7873
886,3590
883,4811
885,7751
887,7452
883,0286
881,7837
886,0935
885,9791
883,2978
886,7473
887,1719
884,9804
882,7297
881,0339
885,4121
888,3100
886,2625
887,1190
885,8078
884,5493
888,3617
886,4577
885,8957
886,5457
886,9198
885,5689
886,1545
888,0777
886,9071
882,5739
886,9823
884,9434
887,0463
887,5342
887,4743
885,6441
885,1604
885,4168
886,5326
886,9260
886,7795
888,7179
886,4366
887,8197
886,4586
890,4315
887,6858
884,1102
886,5773
883,8575
886,0852
885,6316
888,3914
885,3979
885,7241
890,5795
882,2701
886,0500
885,9050
887,6541
887,6884
884,7948
881,8341
886,3369
883,7035
889,4274
885,7356
884,3805
889,5177
886,2011
883,7043
887,0789
883,5748
889,5679
888,3705
886,0719
887,2580
887,4816
883,9368
886,0879
884,8667
884,6948
886,1202
885,7166
884,6440
884,2607
889,8551
885,9851
886,1337
885,8935
885,8242
887,7048
886,2852
883,7272
884,6448
887,9088
882,3593
885,1194
886,0184
887,1319
889,7311
885,1717
887,5944
885,3586
885,3275
888,2393
886,9571
883,6482
887,6688
886,6436
885,9562
885,1408
886,6351
885,4685
886,8118
885,5852
889,4262
886,9939
884,1625
888,8622
888,8571
887,9995
882,3601
886,0477
888,1806
884,7406
885,5105
881,4046
883,8455
887,6423
885,9035
886,3491
886,5727
884,1987
886,7834
882,6990
886,2929
886,3946
888,3975
884,0186
887,5135
888,3769
882,1546
887,8431
883,5563
888,3674
887,5039
885,4421
885,6687
883,4280
884,4573
884,5785
885,7922
886,4247
885,5155
885,0521
887,3927
888,7692
885,4109
886,9448
887,4738
885,1069
886,5861
885,1677
888,2475
885,2425
884,2401
888,7653
883,9084
887,2507
883,5440
887,1137
883,8932
885,0792
885,3272
886,4628
884,0315
885,2085
883,7671
888,4302
884,9393
887,2852
885,7453
887,7973
883,1290
886,3497
887,4009
888,6825
888,6983
885,2989
884,4629
883,8694
887,1232
887,6829
884,9414
885,2571
886,0927
888,1792
887,0252
886,0227
884,5683
884,8206
886,2919
887,5067
886,8240
884,5157
887,1029
885,9533
886,8178
886,6726
884,4400
886,9895
884,9209
885,6762
889,7169
885,7317
884,3154
884,8513
885,2271
888,8184
883,1016
887,9351
890,5115
885,4860
886,3968
887,2190
888,4516
886,0272
887,3923
884,5002
884,9498
890,4837
883,6770
885,5028
887,7540
881,7816
882,2028
885,7467
882,0932
885,8429
888,6812
886,5284
888,0004
886,3165
883,5529
887,8136
882,9197
885,4126
882,3178
885,9604
887,7930
888,0141
885,4138
886,1411
885,8561
884,7339
887,5970
884,8214
883,3192
883,6462
886,5997
886,7967
888,4391
887,3097
882,0725
884,8533
884,6268
889,4442
886,6115
890,0993
884,6466
885,1932
884,7913
886,6170
882,8042
886,2000
887,7387
885,6082
883,2414
885,7212
884,5689
889,9378
885,0191
888,0602
886,3226
887,6178
886,9404
883,2160
884,1584
884,0962
886,1783
884,7447
885,7184
887,7609
883,7077
885,3002
887,3083
883,9189
884,6913
882,6480
885,2330
886,2628
884,6603
883,9465
886,5386
888,1310
885,0213
884,7747
884,3426
885,5449
884,7292
886,2596
887,8743
889,6584
888,4373
885,8026
886,4881
887,9789
885,5722
889,1803
884,5890
885,8559
886,4945
887,3711
884,3916
885,9948
883,1874
885,0273
883,9949
888,2608
888,5812
884,4285
885,9579
887,8823
884,3288
887,4299
884,0735
885,1163
885,2468
889,5782
887,8500
887,8441
884,3933
885,0962
885,6847
884,3907
887,1214
884,1182
887,7943
888,1022
886,8936
884,6256
886,2795
884,4426
884,5350
888,0645
887,7233
882,8107
884,9794
884,9645
884,5281
887,1211
885,2187
885,7161
885,3709
888,6451
887,4736
887,8758
885,0332
886,5195
886,9827
888,4803
887,4663
886,7185
886,0618
887,8157
885,3203
888,2743
885,1705
884,8172
885,9901
883,7616
886,6105
886,3078
886,0915
886,8106
885,9836
884,4569
885,3257
884,5652
887,8403
886,0687
886,2214
884,5488
886,6141
885,6372
886,8947
886,2166
886,7257
886,6587
885,7606
885,0397
886,3590
886,8372
886,7684
884,1383
883,2808
887,9386
885,3434
883,0190
885,7672
884,7175
884,3361
885,6572
886,0543
889,3380
886,1075
886,5413
886,8509
885,0482
883,8548
885,4221
887,3374
888,1540
883,8392
883,3474
888,0146
884,2536
885,2408
885,4205
883,6059
885,2137
885,7613
887,1196
881,7939
884,4363
888,9503
885,3448
883,4935
883,5163
884,6842
888,1395
889,3365
885,9740
882,5416
884,2462
887,1226
885,1567
886,4319
883,1630
884,7145
885,1071
887,0354
886,1201
886,8164
882,2428
887,0235
887,0940
884,7541
886,7291
885,6403
885,8964
883,0958
887,3686
885,9067
887,2454
885,0759
886,7104
887,9778
881,7131
886,9097
885,3771
885,8417
887,8503
888,7593
884,4930
885,2242
890,4367
888,7801
887,0595
885,5389
885,0673
885,9755
885,4298
885,9363
887,6988
885,2892
881,6721
886,0676
883,2012
887,8021
883,4173
886,1595
885,5279
883,9284
885,3932
885,7080
883,7688
884,2835
886,9178
884,9721
886,5897
886,8792
886,0524
884,9983
887,6709
887,7781
887,0433
886,0153
885,9315
882,8798
889,1329
884,3434
885,5215
887,1332
885,2643
883,0495
886,5013
884,9820
883,6478
887,9057
885,6883
886,8267
883,9262
887,0753
883,6940
887,5944
883,4111
885,7461
889,2630
887,8917
885,7683
889,1040
885,3714
885,5155
883,6021
884,9647
887,9613
886,3242
888,4598
887,9479
884,8789
888,3082
883,4304
887,3189
885,4081
884,1013
887,3932
887,9635
883,4437
886,9583
888,2007
884,8030
884,5856
885,8657
886,6939
886,0108
885,8923
889,0687
885,2766
885,9929
887,1666
880,6541
882,9912
887,4878
885,9261
882,1939
884,7745
885,6260
886,2400
884,7982
887,1626
885,9993
885,4775
888,7087
885,5083
888,3682
883,5331
889,1667
885,6192
885,9244
883,6218
887,1510
887,9802
884,7815
885,9371
883,9110
885,1448
886,0199
887,3072
889,9015
887,8088
884,0700
885,5880
884,8505
886,5433
887,2579
888,8718
887,9502
885,9038
884,0322
888,8067
883,9858
888,3539
888,8552
884,6447
884,6040
886,1164
885,4913
887,9033
886,2480
884,7832
886,2894
884,6470
888,4127
886,1736
885,9052
886,6121
886,2847
885,9069
887,7320
888,7109
887,2177
884,9766
886,7843
888,6660
885,9517
887,6557
885,0852
884,8180
884,4302
885,8026
886,7752
886,3745
885,6084
887,3689
887,7599
887,0113
886,0842
886,4642
886,9053
886,3457
887,2979
884,0996
886,1605
888,6179
886,3515
884,4180
885,4178
883,7894
884,7462
884,5236
885,1529
888,7449
886,1082
887,1090
884,3712
887,6739
884,4534
887,7269
883,9040
881,7938
886,2496
885,1947
884,3635
884,9553
886,8688
886,2814
883,3665
886,3594
887,5197
887,8463
888,5927
885,5198
886,2176
885,9369
883,7629
886,1658
885,9482
884,0694
888,2290
885,0881
884,5917
884,9495
886,2213
885,1697
888,4296
890,2474
885,5876
887,7942
885,3687
888,3869
885,7043
883,5331
885,9107
885,7612
886,2865
886,2360
884,9193
887,3270
885,6094
884,5570
887,7670
885,4983
885,0453
885,1554
887,4741
885,5498
884,1746
889,4024
886,5647
883,8819
885,0466
890,5188
887,5730
887,7442
887,5220
886,8841
884,9940
885,3816
884,6053
888,4764
884,2884
882,6570
886,3870
890,5340
886,7380
885,0278
884,7701
886,3436
886,8745
893,0848
884,3915
887,7061
884,8378
886,1643
881,4314
885,9603
883,5780
885,0837
885,8227
885,1792
884,3280
885,9399
886,2292
886,2638
882,6200
885,2953
887,4624
884,6445
885,6957
887,6635
886,3891
885,7954
884,3711
888,3602
887,3556
887,9676
884,1439
889,3978
885,1586
884,6353
887,9653
883,8052
887,2530
885,8507
885,6487
885,8742
886,9003
886,3952
884,8576
888,6166
887,7865
883,5896
885,5734
884,1660
882,9737
886,1137
886,4419
884,5912
887,4299
884,5940
883,5062
881,5439
884,1294
883,7008
884,5426
887,8541
881,6317
887,4332
887,1288
887,4292
885,7639
883,2642
888,1427
888,1348
884,3615
884,1354
888,3606
883,8646
884,7750
886,5920
885,2705
888,2850
886,0387
890,4188
886,8093
885,7010
886,6872
888,0185
887,6271
883,3629
884,8999
888,2719
883,7022
887,8059
887,5798
882,2761
886,0633
883,8701
887,2342
888,4191
885,5147
884,8095
884,8525
887,1601
887,1666
885,0754
885,5570
887,3207
886,9744
885,2827
885,6953
881,8215
888,9355
887,6243
886,9206
887,1854
886,0036
885,7253
889,0664
886,3132
882,4236
884,4381
885,6196
888,0255
886,6732
883,7619
885,7981
885,5088
885,0413
883,6411
886,0687
888,5239
883,6757
886,8057
885,7777
885,5780
883,6688
884,3701
884,9365
890,7677
885,0699
883,1113
886,5104
884,7846
884,9785
887,6928
885,5544
883,6573
886,8079
887,2311
888,8991
884,5097
882,7010
883,6120
886,4571
886,3984
887,4469
885,9123
888,5595
884,7263
885,9990
886,2401
887,9141
882,5591
886,8205
885,6468
887,4993
887,9007
884,5181
885,9625
885,9446
886,5997
887,3063
885,8054
884,6698
888,4970
884,1022
886,4076
883,9438
886,6973
886,5666
887,3978
888,3508
889,0328
886,5715
886,0839
887,7925
884,4679
883,3300
884,3595
887,4218
883,4013
887,5693
885,9269
885,0542
888,1317
890,4616
889,2019
884,9477
884,4036
883,6844
885,3481
884,6603
885,3963
887,4155
888,3734
886,1065
889,4801
885,1938
885,8151
886,3383
886,1265
885,7435
885,0399
887,8280
888,4792
886,0139
887,7262
886,1372
888,0189
885,6197
887,7698
886,6705
887,1357
885,4675
886,6556
887,1248
884,5841
886,6824
886,6558
886,2895
890,0710
883,1533
883,8350
886,3906
885,1908
887,8936
885,3816
881,9920
887,0516
884,2158
886,8352
886,5663
884,2347
884,4040
885,0274
885,2091
886,7175
888,2610
884,9796
885,7592
885,8227
882,8856
886,9750
886,5606
887,3504
891,5730
884,8219
884,2185
887,7008
883,4953
887,1144
885,7145
885,8045
887,3402
883,2734
885,4269
887,7221
885,9187
889,1978
889,1939
886,9706
885,1506
884,9226
885,7737
886,3324
886,4362
883,3803
888,2856
885,1334
884,0515
885,7895
882,3021
888,7512
884,0905
884,2529
883,4588
883,1612
889,0724
885,2961
885,2757
889,4846
884,9409
882,0691
885,2777
885,9877
888,3215
883,0761
887,4032
887,7100
887,6652
885,6716
884,0948
883,7553
884,5733
885,7720
886,6049
886,8924
884,8581
886,8327
885,9363
886,3248
887,8976
885,6557
882,6458
886,3092
887,3404
886,4256
887,1298
885,4726
887,6232
885,6860
886,3398
885,9359
887,7273
887,3257
885,6283
886,4898
883,9017
887,3484
887,0946
887,0902
887,1508
888,7939
886,3571
887,7570
886,4092
887,0690
883,4335
888,4362
884,9178
887,8459
887,9694
886,9818
885,9237
888,9953
887,0756
887,1959
885,7566
882,2413
884,1431
888,2878
884,3127
887,6349
885,5836
882,4690
884,6571
886,6526
884,6622
882,3372
885,5879
883,4833
883,4959
885,5972
883,9122
886,8145
886,8233
881,8722
883,1437
883,3173
886,8496
888,0478
885,9999
885,5525
885,9110
889,2792
885,9876
887,1298
884,1530
887,4636
885,6031
886,0769
884,6277
888,5555
887,6920
884,5672
884,1066
886,2425
889,6738
883,0284
887,9002
884,1591
888,5005
885,7505
885,4495
888,1022
886,0852
885,0160
884,6828
885,4597
885,1052
890,2331
889,3710
884,7835
882,6882
886,4028
882,4912
884,1368
886,5893
884,2003
884,8237
886,5645
886,0108
885,4212
885,0229
884,3673
885,2397
884,8598
887,8739
882,8402
887,4567
887,2875
883,3679
884,5699
887,5606
887,0843
885,0688
887,5864
886,2215
885,9649
886,5495
885,3380
885,4034
888,2687
885,2799
886,1935
883,4918
885,1200
885,3865
880,6541
882,6001
884,7171
885,8711
886,2556
882,8252
885,0190
887,0101
888,1118
883,9348
883,3893
885,8566
889,1960
888,3229
886,4927
886,6284
884,7362
887,7742
884,8565
886,2337
886,6230
888,9701
886,7823
885,0312
886,7055
885,6022
886,3698
885,6631
886,4329
883,9080
884,2665
885,2431
885,9411
882,7550
888,2447
888,5118
881,5201
889,7009
885,7122
885,0853
882,8690
887,0225
885,4168
887,0544
887,8734
884,7416
885,6533
885,7162
881,2507
885,8885
888,9299
884,0476
886,5687
885,4800
888,1243
887,0683
887,9519
882,2188
886,4145
884,1063
883,0203
880,6290
889,7771
886,5905
885,8158
883,4785
883,8793
885,0192
883,6440
887,9168
886,6296
885,1917
884,2734
882,5466
882,6888
886,2752
885,3193
886,1550
887,2200
882,9707
887,6206
887,1912
886,0796
890,2179
887,8331
885,3879
884,9916
884,3400
888,3344
886,3934
885,4173
892,0653
888,1511
884,8358
882,9686
884,8923
885,3626
884,5425
889,5825
885,2348
886,9032
885,5661
889,3280
885,8024
882,2561
881,3888
888,2312
888,3715
886,7167
888,1178
884,5469
884,5850
885,9953
887,3489
889,9224
889,9444
888,2966
888,5055
882,5881
885,9740
885,5202
886,3218
886,1249
886,3108
886,7892
885,2920
885,6282
884,3383
887,3864
884,5416
885,9005
881,0727
884,8305
886,4573
883,2798
887,1573
883,8177
883,8457
886,9224
888,2212
886,8193
885,0187
884,4467
884,7496
886,7026
881,5591
885,3797
886,0050
884,0715
887,5817
885,5767
888,1312
882,7860
885,7245
888,3222
887,9246
885,5406
886,7983
888,3416
887,9372
884,4826
881,5291
888,3677
885,5325
886,6726
885,0211
888,0723
886,7334
885,5292
884,2257
882,2526
885,5383
886,5439
887,5512
885,8255
889,3999
886,4181
886,4267
888,0139
886,5794
884,3439
883,2045
885,5488
884,1758
885,2067
885,0461
884,8960
887,5508
885,9787
884,3846
886,4222
886,7667
886,5416
885,4878
886,6301
885,8305
887,2854
890,7906
887,0563
887,8071
883,8043
885,6658
884,1452
887,4718
885,1851
889,3638
884,8521
887,8229
886,0895
889,5784
883,1340
883,4211
886,8285
881,8218
887,6106
884,7631
886,8732
883,0484
884,7800
882,0800
883,5165
887,3556
882,7368
885,8164
886,3322
884,3901
885,8220
887,9355
888,8172
885,0671
882,6440
883,4155
886,2724
884,2638
889,2555
883,3465
886,7840
886,6081
885,0399
885,9448
889,0303
889,2883
887,9076
888,7927
885,1026
885,0291
887,6828
886,1482
884,6446
887,3762
885,7345
886,6729
886,6906
885,8486
888,7331
888,3849
887,3948
887,1434
886,6763
884,1237
885,6104
886,6187
890,5607
885,6997
887,0531
887,0769
885,4683
888,4015
886,1125
885,7253
886,6401
889,4741
886,2675
885,3434
886,8789
885,4098
885,6119
885,6365
887,3707
883,2732
889,2295
889,0004
886,4231
886,0946
888,1081
884,2252
884,1591
886,9229
885,1681
884,8984
886,6247
887,4264
885,6232
882,8173
886,4341
883,5395
886,3357
886,8070
881,4507
887,5883
886,4031
883,8722
882,0749
885,5657
887,2012
885,5188
887,2428
884,0024
884,1141
890,4199
885,4776
884,0272
889,2306
886,9141
887,0640
889,4837
888,9169
886,8656
881,4749
886,6891
889,0349
887,2961
886,3095
886,5384
889,5595
886,9111
887,5096
888,7326
885,0799
886,6079
885,4366
885,5337
887,1442
884,5480
885,6290
888,3280
886,1021
884,8209
886,5127
885,1323
886,3584
886,7656
886,6537
885,8959
885,9420
884,4854
886,6594
886,0093
883,1870
885,4939
887,0491
885,7566
889,1053
884,4622
886,4913
885,0701
888,8671
887,2632
888,4535
886,6914
885,4952
886,0618
881,8892
883,3674
882,7351
885,3637
889,1378
888,4790
887,3266
886,1552
885,4315
885,1194
884,8506
882,6456
885,0452
886,9256
886,7033
886,8960
883,1167
885,4274
886,7233
889,1060
886,8647
888,1804
887,5529
887,0996
886,0232
884,3394
882,1360
885,9079
887,3730
885,1234
888,4535
884,4060
885,6081
886,4420
883,1974
885,7145
886,9556
885,2036
889,8521
886,6610
885,9502
886,9754
884,3028
885,4643
884,1898
886,0422
885,9957
883,1680
887,4293
888,3068
884,8680
884,1289
885,4817
885,6852
884,6489
887,2953
885,7617
885,1150
888,2593
882,4937
889,7488
887,5198
884,9642
886,3010
888,2701
882,3862
885,6836
884,1857
882,2150
886,0710
886,6339
884,0771
883,9370
887,5753
883,5895
886,5482
885,9030
886,1981
884,6519
888,3170
884,8276
884,8487
885,3431
884,2408
884,8746
889,1074
886,7389
890,0120
887,3644
885,7198
886,8962
886,0866
884,5123
884,9156
885,9491
883,5569
885,3810
887,6828
887,3216
887,9431
884,3408
886,0907
887,5903
886,9370
885,0595
885,1275
886,8280
885,6040
886,2481
889,0668
884,3766
885,3089
887,7597
887,3663
887,0798
886,3049
886,0195
885,3663
883,5964
887,1820
884,2591
885,6906
886,7242
885,4256
885,1198
886,8040
882,6789
885,5264
885,5196
885,3649
888,6901
887,2602
884,2808
887,7361
886,0184
886,0005
885,7306
885,4817
886,8132
887,2399
886,4732
885,4923
885,1494
884,3609
888,1831
887,4346
885,5098
885,2602
883,9295
886,4785
887,1294
886,5773
883,6129
884,9949
885,7500
886,2767
885,6024
884,9116
882,7556
888,0981
884,9986
887,1910
885,8849
887,0017
882,5690
884,8594
882,4767
884,8587
886,3100
885,4830
887,5684
883,3839
886,4323
885,9391
885,8549
884,0696
888,0599
886,8652
884,6733
886,2255
888,7085
886,9338
888,3802
886,5959
888,3762
885,3029
886,6748
886,4136
885,0579
886,1281
888,4302
885,1640
885,3841
886,0106
883,2377
889,6153
885,1828
884,6097
888,0109
887,0103
883,4399
889,5821
883,8327
885,8195
884,7769
886,9305
888,1762
884,5324
888,3805
885,5991
884,2677
885,8864
883,1567
887,7152
884,3472
883,7563
884,2185
885,3727
884,6819
883,8102
887,4002
885,6114
889,2151
885,9119
884,6766
888,0325
885,6058
885,7783
886,7512
888,0799
885,9940
884,0609
884,9020
885,8583
890,7182
887,6950
887,6428
883,8478
884,7751
885,1168
885,0469
883,9287
886,4934
885,0017
886,4217
884,4664
885,4980
884,6657
884,7783
885,4141
888,1327
881,3000
885,1300
887,9088
884,4515
889,6238
886,6567
883,6323
889,8199
887,1461
887,6085
884,4811
882,2218
884,2897
884,7359
887,9131
885,2978
884,9670
887,3566
885,3041
886,5261
886,8616
884,9723
887,2969
886,4087
885,3603
884,9182
884,9706
885,2181
884,0575
887,1116
884,7986
886,6801
885,2110
887,3359
889,3609
884,3774
887,9645
888,0567
886,2297
885,0755
886,1262
888,5776
884,1467
885,1402
887,1933
884,3620
889,2716
882,3652
887,3557
885,9229
887,8807
886,0984
884,2019
885,5658
885,8582
886,7110
884,3627
883,1206
884,6351
885,3083
888,0298
883,8253
887,0761
887,0047
886,0209
886,0095
887,0089
887,0700
887,1342
884,8684
886,8874
887,0456
884,5581
886,7687
885,0990
884,2977
885,4206
888,8105
884,7944
885,9050
888,8027
885,4921
887,1172
886,4491
885,6390
886,9963
885,7634
884,6065
886,8148
883,1756
887,9826
886,9257
884,0917
884,8449
886,3602
884,0506
886,2924
886,8794
887,3414
882,8059
885,8973
887,4597
884,6277
887,3935
887,2230
884,4517
885,4425
883,8985
884,8363
884,8415
887,7822
886,8635
884,9516
886,8047
884,1484
885,6431
886,1428
887,6421
886,7076
883,0787
885,0266
882,7041
885,1570
885,9337
884,6625
884,2820
887,7445
885,9840
884,0859
882,1813
886,7928
887,2684
886,2924
884,2317
884,7907
887,3369
886,9115
884,2190
888,3778
885,8554
887,6835
884,6339
885,4444
888,5890
886,1807
888,4487
885,4736
887,7422
887,6210
886,9125
888,0411
886,3218
886,3284
886,5401
884,5472
885,7778
886,7381
886,6638
885,9625
887,1786
882,2494
886,4218
883,3542
886,2209
885,0369
887,8828
885,3077
883,3628
885,3884
883,4943
887,1288
883,9452
886,1934
886,5828
888,8663
886,1382
887,4859
886,5682
883,9783
887,8894
884,2613
884,7791
889,7388
881,1468
884,5143
884,7197
883,4651
882,3569
890,4401
887,0652
887,0266
885,6870
886,4384
884,1528
884,9397
884,5689
880,1193
886,5437
881,2714
886,0922
884,1694
882,3947
880,4839
884,8151
883,8187
887,6101
886,3727
886,0130
887,7826
883,9921
884,9706
887,3385
886,6427
881,6676
887,8670
885,5323
885,9522
886,5918
887,1979
888,2498
888,4237
885,0035
887,1443
885,1735
884,6813
886,9677
886,3264
886,7049
886,3249
881,6438
884,9489
888,1319
884,2452
887,0238
886,7016
886,5326
883,8273
885,7725
888,6430
884,1067
886,1863
886,5765
885,4245
887,3926
883,0984
884,8749
887,6880
887,6244
887,4123
884,0329
887,3048
886,5552
884,6946
886,8639
889,2676
883,2073
886,0042
885,2701
887,9560
886,7638
886,6127
882,9668
885,3089
887,3045
885,9528
888,7296
888,5494
890,1499
888,2168
885,5398
885,1571
887,5584
881,5981
887,3709
887,0437
884,1427
884,3997
884,8973
887,0889
886,2403
884,3423
887,0103
886,5402
887,4136
885,0179
883,6000
885,4311
887,3987
887,1389
885,5208
881,6065
888,7148
882,6922
889,2477
888,5052
886,9553
887,6778
886,0170
886,2403
885,4466
884,9363
886,4697
885,8841
887,5156
884,6289
884,0889
888,1040
886,7599
887,1291
887,8525
885,7878
886,7362
886,4516
886,3579
884,7090
885,1594
888,1259
885,6601
887,0092
881,7917
884,9101
887,4324
884,5305
885,4245
885,0695
884,5450
883,2332
885,7634
884,4880
888,4271
881,9394
885,3261
886,2704
883,5299
884,1480
889,2818
885,4993
888,0943
883,7556
883,0894
887,4985
886,2778
886,2079
889,3946
886,0001
887,0827
885,7579
887,2349
886,4472
884,7972
887,1222
887,7484
883,4505
886,6419
885,4964
886,5986
885,8449
884,8530
888,0698
888,8231
884,7619
889,1916
887,9027
886,2277
886,0895
889,4534
884,2315
886,8821
884,6586
887,5260
882,7909
886,9802
884,1792
884,4098
887,2266
888,8524
887,9304
888,8506
885,1464
887,2433
888,2856
887,5618
886,5033
888,0289
883,2998
888,1508
881,2845
888,0788
886,2565
886,4233
885,9551
886,3266
885,5808
885,2167
886,2674
886,6851
888,1507
884,4164
889,5617
885,1944
885,2102
886,1809
886,8017
886,6536
881,0277
888,0405
885,0483
887,3908
887,6010
884,3264
883,7820
888,7189
886,4634
884,8950
885,0107
888,1411
889,0729
885,4530
885,4287
885,8460
888,9109
886,7249
886,2523
883,3926
887,1470
884,4359
885,2411
888,5523
885,8222
883,3515
886,2012
885,8305
885,2883
886,6575
884,7127
886,6766
887,5314
883,6296
884,4468
886,7056
885,9661
882,3567
885,5513
884,5792
883,8916
883,6537
886,3300
886,0848
887,7874
884,4417
886,0777
885,7509
884,6001
885,4838
884,5287
887,5261
885,0736
886,0057
883,1841
886,5933
883,3224
883,6764
888,7106
883,1339
883,6612
887,3087
885,0008
883,9557
885,1516
885,0014
887,4654
884,5488
886,0037
886,1200
887,3687
886,9112
886,1120
882,7685
887,1807
884,6294
887,5493
887,5357
884,4602
883,5737
886,9920
885,2339
886,1911
884,8094
885,3213
887,4188
886,0699
882,8715
885,6530
888,4999
886,6986
887,0534
885,9270
887,2469
887,5791
885,6649
884,2909
882,6621
882,7306
887,6686
887,8380
881,4331
884,9536
887,6843
886,1511
883,7594
884,1941
887,8766
885,3804
884,5901
883,9687
886,8979
886,8365
887,2550
888,6796
884,0848
889,4797
888,0455
884,6001
886,8418
884,2619
886,6773
887,4798
886,6142
887,6698
886,9406
887,9944
885,1605
886,1461
883,8588
886,9287
885,1434
884,7419
886,2937
889,6648
888,0300
889,6195
889,6307
885,7437
889,9425
884,4545
884,3432
887,5055
887,1455
886,3948
884,8880
888,4098
883,9960
888,5380
884,4126
885,4748
886,7792
883,8303
886,3332
886,7499
883,5338
881,1053
889,1501
886,2728
886,5479
890,1627
884,5577
886,1521
887,5224
890,8431
883,3921
884,2255
886,5037
885,7321
888,7614
884,9508
883,9141
886,5724
883,8270
886,6447
884,9539
886,9936
885,1218
881,9347
888,3392
883,1426
888,2526
885,0541
884,6298
883,3113
885,0006
885,1185
886,7044
887,5755
883,5076
888,8829
889,1549
885,6948
887,7128
885,5260
884,8055
887,7518
886,5434
889,5984
882,8480
887,7554
887,2135
887,8599
884,7652
882,3621
889,7794
887,3773
886,0377
886,4204
887,9873
883,4958
886,9998
886,8243
886,2400
884,6625
886,8542
887,7822
887,3292
889,4229
884,7126
884,2214
888,0796
886,6036
887,9043
882,1245
884,2717
887,4097
884,6890
883,7724
886,3181
881,7610
889,6166
881,5405
886,5616
886,1449
886,5782
886,3857
885,5441
885,8678
887,1250
885,3660
884,9337
885,5625
885,1884
882,1396
888,6785
884,0875
885,0423
886,5354
886,0466
883,4538
885,5303
885,4967
887,0960
886,3646
883,7136
886,9220
886,2870
888,0604
886,0455
888,0436
885,0187
885,9280
887,8475
888,9625
881,6230
885,6298
887,4145
884,9681
883,5383
890,1247
883,7790
888,2607
885,2608
886,2526
885,8818
886,9062
884,8890
887,7955
888,6661
884,4338
886,2594
884,4226
882,2632
888,1817
885,8556
883,6273
883,5535
886,8691
888,4758
883,6805
886,3655
883,7740
887,9190
886,2467
888,6785
885,7007
884,9551
887,1644
885,0217
884,6046
887,2824
883,5372
884,8381
884,6420
887,2084
886,9838
887,4682
888,5216
888,3074
886,5030
886,1284
887,2488
887,2957
887,3683
885,6650
885,8718
887,1684
886,8738
886,5492
885,3047
884,9116
885,1666
886,9680
888,8102
884,9193
886,8792
887,8245
885,6690
884,6574
882,5420
885,8307
889,9108
884,5498
886,7446
889,5566
886,5058
886,5889
883,5780
885,0998
889,2881
886,3417
886,6721
884,6722
889,6321
886,9254
884,6908
882,7116
882,4691
887,0866
885,5695
884,1556
885,8544
887,5708
888,3209
884,8069
887,0549
887,6381
888,6539
890,1839
888,3911
886,2359
886,8425
888,6581
884,5247
886,7381
887,6853
884,8017
887,5670
887,4937
885,2687
885,9468
887,4568
885,5593
887,0155
884,0022
884,8721
887,6012
886,6552
886,1987
883,9859
889,7715
887,0207
884,2773
883,1530
886,0192
882,7010
885,8816
887,9708
886,6500
884,6907
886,6919
885,8246
888,8749
884,9164
889,1133
886,7157
883,4943
883,9892
884,0978
887,0117
887,3974
883,1364
885,6172
889,2762
886,7839
888,3150
883,6172
884,7091
885,0440
885,4354
883,5013
888,0635
885,9030
887,0671
886,8928
885,1399
886,7506
886,3809
886,6000
883,6545
884,6595
887,6178
883,9074
883,1293
882,8814
883,8332
886,3692
885,6277
884,0739
885,1603
886,5744
886,3343
885,1494
888,7134
884,9930
886,1228
887,4157
882,9748
885,4404
883,3168
888,0667
882,7670
887,0233
884,9303
883,7686
882,4557
885,2922
885,5024
885,1726
885,9328
887,9864
885,7341
886,8192
886,5222
885,7606
884,9761
884,6336
886,1390
886,3426
887,0738
889,7506
887,6294
886,1897
886,2871
886,6577
884,9287
884,1461
884,5966
886,5345
885,3517
887,5136
884,2377
886,2986
887,3343
883,7983
886,7672
886,5142
887,1389
888,1870
885,1115
882,9156
886,5583
889,3338
882,4901
886,0666
885,0799
885,6278
884,0037
887,8742
883,5872
886,7611
887,9371
888,4134
886,5948
885,9831
885,8271
882,5581
885,2011
886,3360
889,1665
885,9177
886,5635
886,5372
887,7421
888,9744
885,9500
883,4206
885,9825
887,7596
884,7000
882,0547
884,1494
888,2162
885,1809
885,4905
887,6603
886,2498
887,4059
888,1929
886,2765
889,5165
886,1053
885,9004
885,6956
886,4121
884,5270
885,1227
887,7060
885,7766
884,6625
884,9976
887,4133
884,1510
886,0250
886,1902
884,7801
887,9048
887,4792
883,3794
883,7441
886,9997
886,8955
887,5590
887,6921
889,3901
887,9948
885,5050
885,5641
886,3387
885,8701
885,8751
886,9231
886,6110
888,7980
890,0931
886,6538
885,9320
887,9743
889,4339
885,1263
888,6801
885,7520
884,9424
885,9671
888,6120
886,1711
884,8999
886,1807
882,6157
885,8962
884,3043
886,3508
882,8127
883,9234
886,4611
886,6743
885,6499
886,9691
884,4810
891,7998
886,1798
885,9966
887,9923
886,9219
884,2099
884,4149
886,0934
882,2630
884,9809
886,1586
886,9927
884,5614
887,3261
885,4744
887,7730
883,1718
887,8097
885,7907
884,9676
885,6464
884,4404
885,9430
881,9889
887,7589
887,7753
886,2007
887,1214
887,1029
886,7795
885,6716
883,1221
886,1626
887,6836
884,4176
880,7779
887,8288
883,8309
885,7918
885,5361
885,3601
886,3536
886,9030
887,3225
883,6499
883,3483
885,5726
886,4935
888,2810
884,0846
887,6092
886,1259
887,3614
885,3140
889,6294
886,2931
884,5285
888,4782
885,1295
888,3401
886,8983
884,9743
884,1854
884,9711
887,7207
883,4288
887,6321
886,9171
884,8819
885,7093
885,9372
885,5940
885,8752
885,4289
885,9360
885,9643
886,8014
884,4102
886,6811
886,7500
887,0717
884,6481
885,5729
884,7261
887,3586
883,1994
883,6517
886,2943
884,8997
886,7861
885,5893
884,4766
886,6909
886,7528
884,1481
882,9187
886,1881
886,7209
882,2195
888,4276
886,1907
886,5069
884,1504
884,1639
883,4905
885,7214
885,3985
885,0843
885,8589
887,8483
886,8997
888,0151
885,3388
887,7149
884,7205
887,0382
882,0731
885,2779
884,9386
887,3582
886,4167
886,6199
886,5091
886,0168
886,6069
884,4839
883,5573
885,2975
881,6934
884,6797
884,8018
884,3413
884,8450
888,7263
886,2245
883,2439
886,7692
887,1151
884,3785
883,7760
884,5688
885,7832
887,9089
885,3724
890,3129
884,8072
885,5416
884,9788
885,5976
886,2090
885,0715
889,6702
883,9636
887,8942
886,2023
884,2388
885,4023
884,3501
883,9491
882,9788
886,7039
886,9483
884,1741
887,5224
889,5264
882,3268
888,8066
886,8707
884,3293
883,8942
885,5432
883,6626
885,3913
886,7445
887,3788
888,6259
882,5025
889,5187
885,6759
887,1692
886,4755
883,1274
888,7683
890,1538
887,5091
884,3005
885,6900
886,1392
883,6474
885,2808
889,0521
886,3162
885,7042
887,9129
883,0612
883,4230
886,9207
883,2324
886,8543
885,2824
883,6603
888,1818
886,4556
887,0941
884,7508
884,3413
888,0354
886,8136
885,6206
884,6735
884,7644
886,3155
885,6401
886,5840
886,5557
890,1875
888,2730
882,9216
885,5772
881,9301
880,9996
886,4946
886,1857
886,9811
883,6428
887,7895
882,5170
885,4319
884,7742
886,8549
885,4536
884,0994
883,5636
886,4109
882,7925
886,9002
884,6860
886,3640
885,4013
886,0567
887,8251
884,3637
887,5663
887,2117
884,8379
887,3406
884,7342
884,3042
886,5302
883,3841
891,1785
887,1361
887,0654
887,6070
885,5075
889,5017
886,5284
883,4932
885,0440
884,1700
885,5583
887,8448
884,8395
883,5718
885,9240
887,8696
888,4079
888,3115
884,9688
884,8791
887,3489
886,1767
891,2905
885,9076
887,2419
886,3512
887,7295
883,9779
882,6663
885,1889
885,8867
887,2246
881,8858
886,1283
884,9268
885,8094
888,8113
887,2757
886,6717
885,5299
887,3195
884,9458
883,9464
884,3010
888,5850
887,2273
884,5577
887,5457
886,3119
884,2188
887,3842
888,1391
888,0240
882,8972
883,7257
886,2922
890,4303
886,0653
884,4795
885,6456
888,5424
886,8931
886,0346
885,2132
885,9627
887,2481
885,5390
889,3482
886,1003
886,7540
884,0903
889,2473
886,3165
888,5208
887,7104
887,1897
888,1417
887,3624
885,9052
886,5647
884,3663
887,0747
885,8982
884,0264
885,2192
889,8360
887,7852
887,9570
889,3901
887,7413
886,4558
886,2462
884,5023
887,2531
885,3983
887,4338
886,2834
888,3549
886,8964
886,4611
887,2005
887,8600
887,3313
885,3610
883,5620
886,9284
886,6679
885,4858
885,8298
886,1376
887,3626
885,8472
885,9692
882,6406
887,4883
886,5707
889,3835
886,0228
881,0331
885,2411
885,8155
885,4898
886,6781
884,6966
885,7051
888,9896
889,3423
885,5136
884,6564
886,8437
887,6266
884,2554
886,4726
882,7137
884,6369
884,4578
884,6533
883,3113
884,4657
887,1302
888,3884
886,5303
887,8234
886,5373
883,7313
888,3125
886,6577
886,7123
887,0427
887,3109
887,0561
882,8796
885,9761
888,0817
884,7584
887,7290
885,3993
886,9255
886,8045
883,9128
887,4428
885,5376
885,2385
885,7727
885,9567
885,9353
885,5821
888,8064
884,5860
887,1740
885,4049
885,7701
889,3468
882,9567
882,3453
886,8460
886,2705
884,9062
885,5891
884,4070
887,3772
885,8709
886,9038
890,1548
882,9915
888,4308
887,1368
881,1352
885,2757
887,4042
888,1972
884,7958
887,0900
886,5161
882,0185
887,4582
887,1932
882,7054
886,7602
884,0886
885,6329
885,0057
887,8121
885,2195
887,8238
884,4667
887,6128
885,0917
886,3969
888,0007
888,8009
888,9872
886,5090
885,4840
886,4470
884,7804
884,9696
886,1603
884,6406
886,5423
889,4558
884,0490
884,0512
883,3178
885,1294
884,6761
885,0059
884,8929
886,3510
887,4865
886,1321
884,9606
884,6059
884,3975
886,5877
882,5081
884,4960
883,8173
884,0385
886,2518
889,3152
884,5047
887,9582
886,5111
887,4414
886,9576
886,5993
885,8206
885,2491
887,7086
884,1535
883,1703
889,5333
886,3876
887,6471
886,2932
884,0147
885,3661
884,6596
884,5250
883,7731
891,3707
883,9287
887,5442
884,7058
881,0695
884,4009
885,9098
885,0345
885,7575
886,3479
886,3553
886,0405
885,1701
885,0816
884,9574
885,8503
886,1768
884,2868
886,0975
886,1199
888,4566
887,3835
883,1839
886,6281
888,2798
883,4478
888,1358
885,2476
883,7091
886,5112
882,9328
886,3207
888,7508
888,2207
887,9678
887,6296
885,8203
885,0017
884,4442
888,6209
884,5561
887,4176
888,6263
889,6345
885,2774
887,0889
885,4933
887,0979
885,8359
884,6707
886,2950
884,9838
885,4790
888,1688
884,6248
890,5598
886,4230
886,1634
889,5578
885,1585
884,6214
889,3092
884,9913
884,3900
887,4883
886,9537
887,2947
887,4911
883,1841
887,5405
891,5674
884,6216
887,3145
887,1735
886,2641
883,4086
883,9011
886,5046
885,8281
884,2757
889,4756
887,6151
884,7683
883,2473
884,4650
889,6970
886,2157
889,0311
886,0051
886,6302
884,3012
886,2034
884,2155
884,9088
885,2177
887,4100
885,7582
889,5674
888,4275
884,4071
885,6845
889,6906
883,8367
887,6983
887,0804
886,8825
885,5869
887,7595
885,9378
883,7110
887,9652
885,6733
883,1916
886,5476
887,1128
885,7137
888,5104
886,2063
882,9990
882,2808
887,3380
886,8138
886,9657
885,8292
890,2470
889,2089
883,8931
883,0301
883,8342
885,6202
882,5927
884,4121
887,0226
886,7524
884,4195
888,3130
886,0895
886,7448
884,7080
886,1435
887,6247
886,5814
884,7131
887,4362
884,0853
888,0179
886,1901
886,9243
885,8050
886,3375
886,9807
886,0891
884,5739
884,7087
883,2025
883,8577
886,8724
883,7792
883,7680
884,3806
885,2582
881,7820
886,0580
886,2775
883,1455
884,8815
884,1231
887,9743
884,9294
887,2087
887,4001
883,3319
885,4551
885,1562
886,2602
888,8364
882,9900
886,4772
883,5175
887,5886
887,1244
884,8996
887,0996
886,6313
884,4279
884,8947
883,6643
886,9212
884,8838
886,5122
887,9501
887,2947
889,9071
886,7855
887,2425
886,3148
885,8372
885,5842
887,9714
886,0076
884,0744
886,7288
886,8615
887,9383
887,2068
885,6969
885,4529
884,6400
887,3637
889,1951
884,5056
883,5759
885,3429
882,6664
885,8550
887,1232
889,3156
883,9212
885,0351
886,3237
885,6861
887,9564
882,5952
888,9857
884,9310
884,4215
886,3211
885,0096
882,8443
885,6943
884,4162
886,0470
886,6322
886,3015
887,5334
882,8541
885,4500
885,1442
882,7359
887,6294
884,6793
886,3255
886,0454
883,5746
888,7945
886,0106
886,7880
885,4671
888,1438
884,6813
886,5027
884,4950
885,2038
887,5855
886,8852
886,9790
889,8731
888,5581
887,3723
883,2895
885,1795
885,1722
884,5857
889,9207
886,5933
888,9353
883,9504
886,5230
888,9003
888,8478
888,0335
885,8344
886,3949
884,4389
886,9145
885,9680
887,5022
885,2210
886,4405
885,5132
887,7260
887,8390
885,8624
885,7868
883,7874
886,3731
884,2959
886,0497
885,6704
887,6835
887,2185
884,9736
886,1447
885,3721
886,6651
884,5372
889,1516
883,4491
885,5479
887,7021
882,9603
885,1156
888,0315
885,4657
884,6355
885,4300
882,9378
886,8737
884,6353
884,8797
884,4895
884,8612
886,9351
887,6842
883,1850
887,9639
886,9548
886,6171
885,4266
889,8820
885,0451
887,8818
885,8392
882,1050
886,6700
885,7878
886,4748
888,9512
885,3041
885,0733
889,0699
887,3010
886,9377
883,3916
888,7930
888,0883
883,9859
887,4871
888,0900
888,4055
887,4466
887,8041
884,4210
887,3189
888,3865
883,3053
887,9311
885,7227
889,8044
886,8517
886,4125
888,5264
885,9225
886,3350
885,4116
885,8035
881,5079
884,3357
888,4326
882,4315
888,6461
889,0750
885,3930
884,2141
885,6387
888,2842
885,2420
886,4704
886,8144
886,5271
886,4351
886,3058
886,2299
884,0813
881,7077
882,7205
890,2787
885,1180
884,5283
887,8156
884,3897
885,0683
883,1237
884,5944
885,1429
887,7453
886,7201
886,1537
886,2595
888,0621
886,1109
887,5132
886,4815
887,2435
884,8506
885,3436
886,9248
884,0467
887,2265
883,6074
888,7431
886,7894
885,3009
885,3084
883,4093
885,3749
884,0710
890,2242
888,0816
886,0843
888,2842
888,1990
885,6924
885,5645
887,0052
884,3036
882,5986
885,9083
884,3268
886,0889
888,5873
882,2848
885,6794
885,1116
886,3926
887,0044
888,3278
884,3233
885,4488
884,9135
884,1078
886,8470
885,3904
889,2594
885,6414
884,5130
883,2426
885,7308
884,7466
889,4100
887,6312
888,9177
888,6189
887,1261
887,6500
884,7037
885,0793
884,8760
885,4157
887,0416
885,3619
885,2156
882,7385
887,7422
884,6062
887,1547
887,7024
881,2986
884,0981
885,2736
886,7528
885,7573
889,4605
884,4993
890,3987
884,6628
885,0444
886,9492
887,7159
885,1713
884,8128
886,8245
884,0230
884,6556
886,4431
883,4030
887,8766
884,9226
885,4761
885,0980
883,1956
887,0286
886,9084
885,2842
883,6423
885,7334
885,1140
888,0379
886,4793
885,1176
883,3713
881,8576
886,0857
888,3509
885,7693
883,8978
888,4573
887,4171
887,7126
885,8600
887,1817
885,1128
886,6241
887,9636
886,7970
887,4655
886,7114
885,7121
885,4298
885,6328
886,5340
887,2575
885,2097
883,9448
885,7311
886,5869
885,1545
888,3428
885,2166
885,8529
887,3565
885,7390
886,5758
888,1068
889,1139
885,4685
887,4909
885,5468
884,0203
883,9517
886,6793
885,9862
886,0136
886,8927
883,6135
889,7022
883,6294
887,7335
887,7961
888,2283
885,6936
886,5563
884,8871
885,9541
887,7590
885,3711
886,2784
883,9231
885,6051
886,0967
885,9733
888,2915
886,8848
885,9052
887,7166
882,6434
888,3515
884,7744
887,3361
885,5802
883,2542
886,2675
886,1927
886,3860
887,6383
885,7181
885,4136
882,9549
887,3822
885,9312
885,9924
887,0761
883,6047
889,9880
885,3936
886,7160
885,6927
884,5611
885,5443
888,5592
885,1182
887,0863
888,1459
887,3599
885,7075
884,8580
887,9501
885,7372
886,4159
886,9641
886,3187
885,7600
883,6227
887,3809
885,0357
884,7060
886,2394
887,2638
882,5717
886,5701
884,8333
884,5874
886,6345
887,3092
884,4262
885,6592
885,2854
883,6890
885,5130
887,7144
887,2604
884,2001
885,1989
882,5883
887,4569
884,8720
884,6941
887,1665
883,1941
888,1536
886,3966
885,1940
887,1754
886,1373
884,8703
881,7221
887,0619
886,1655
888,9478
883,6484
886,0387
885,9169
883,0814
887,3171
886,8742
885,3583
887,4983
887,7258
886,3268
885,2469
886,9864
887,1984
883,7777
883,9086
884,9664
885,2198
887,3062
887,5477
885,3739
885,0734
886,2226
882,0892
888,4886
883,4947
886,8421
886,8570
886,6235
888,6220
884,4050
890,3036
885,1933
887,8275
882,1121
886,6190
887,0776
884,7341
883,8409
886,0890
884,1893
887,6573
887,6000
888,0977
884,2993
885,0605
886,9428
884,5022
886,9273
886,0175
884,3317
887,3646
887,3914
891,8993
887,4319
882,8362
886,6111
885,1681
884,6721
885,5403
886,4426
882,1068
887,0220
886,5230
885,1079
885,4647
885,3711
885,7362
885,4166
887,9227
885,1497
887,5344
888,0197
885,0934
886,6031
889,2741
885,9424
881,1317
884,8693
885,7640
885,7509
883,3002
883,4784
885,2766
885,9176
885,8342
885,9059
887,9025
887,3435
885,1821
885,5704
887,0424
886,9586
887,3505
884,1384
884,3595
888,1125
888,2720
886,3521
885,1030
885,1865
886,5348
886,2226
887,0168
887,3565
887,7452
882,1896
886,7848
886,8006
886,0188
886,5731
887,9673
884,8644
888,4120
891,2204
883,5364
891,1813
887,7114
885,5071
884,7087
884,9940
887,3841
885,1302
885,3275
883,7703
886,0818
885,6067
885,1406
885,6804
889,9932
888,5081
884,7269
887,4695
884,9811
887,4073
884,1514
886,5736
885,6519
884,7073
886,9568
886,9936
885,8150
887,1030
884,1222
887,6672
882,8970
884,1611
886,0449
887,7623
887,3936
884,6111
886,1387
887,1727
886,3223
889,4282
888,3637
887,2598
885,4304
884,1075
883,7112
887,4087
886,0171
883,3623
889,2457
888,6356
887,6433
886,3398
884,4974
886,2853
881,9806
884,8881
885,7841
886,1019
882,7959
886,3077
884,3874
886,7343
884,7426
884,9531
889,0574
885,1230
887,6641
888,2197
882,8721
886,3401
884,7025
888,7045
885,4152
884,8995
887,4920
888,1826
887,4777
888,7918
886,5928
887,4466
886,8499
886,1479
885,6113
883,8985
886,7732
888,5394
882,1867
887,8525
887,2710
888,4201
885,7699
884,8460
884,1847
886,7486
885,3264
884,3006
882,7436
887,2200
885,9863
884,1509
884,9763
886,1543
885,4997
889,1140
888,2701
889,1973
888,1915
887,1704
887,1057
887,9182
885,3661
885,8451
887,8792
883,5743
885,4335
885,6297
884,1893
885,9897
883,3102
882,9689
887,4823
885,1597
886,3363
885,2538
891,2144
886,9453
885,0618
885,5919
886,4437
884,5165
885,7748
883,2767
883,0600
885,9712
887,7510
885,5897
883,6908
884,0354
886,2394
886,2877
884,9565
890,8245
884,6732
883,7493
882,1821
886,0382
885,3775
886,5368
886,8982
888,3928
885,1133
886,6781
885,0344
886,5382
886,8634
887,6496
886,1581
887,7930
887,0327
884,4800
882,9943
887,4660
884,1547
883,3619
884,2114
887,0806
888,1998
886,4041
886,2870
884,0865
886,6827
885,0411
885,5161
887,3414
887,2009
885,1133
883,0299
887,2804
884,6524
885,8611
886,6587
885,8226
882,5363
886,4819
889,4990
882,6104
887,2624
886,3731
885,6148
883,4562
886,5670
888,2122
887,6403
886,3319
884,2285
885,0327
888,6312
885,1226
884,4410
885,5192
884,2454
885,6615
883,3892
885,0844
885,2921
884,8167
886,5988
888,0786
885,3934
888,0842
883,9536
886,3228
887,5317
885,1771
887,3338
883,9295
887,1222
880,9713
884,9407
886,6028
887,1716
885,1681
887,7139
885,2409
885,8672
889,4086
884,5589
888,3480
887,2275
885,5123
882,9359
885,6504
882,0711
887,3854
888,9933
888,3766
886,7304
885,2792
887,5957
884,1620
886,0511
888,1570
884,4670
886,7038
884,8992
889,0876
886,6370
885,4090
889,0733
883,6008
888,3173
884,2442
884,0112
886,8389
886,6695
886,4060
887,7967
886,3719
882,9894
887,0108
885,6599
884,0326
886,9578
886,1737
888,2858
886,1117
885,8914
884,7748
886,8731
886,7275
883,2611
884,5956
884,8611
883,1207
884,8290
887,7036
885,7785
884,2510
888,7850
886,3763
884,3432
886,4925
885,3038
886,1956
887,3470
886,2115
888,0731
884,0128
885,1366
882,9158
884,2255
887,1407
886,0947
883,7964
890,0277
886,2152
886,9380
886,3905
885,1261
884,9104
885,4834
886,7885
884,1870
885,1145
885,8462
885,5762
886,1927
888,9964
885,1930
885,3043
886,8838
886,5594
884,2283
884,6967
884,7285
883,8312
887,2941
882,9530
888,9389
883,1273
885,3773
887,8189
883,6302
884,5956
884,2035
889,9482
888,1638
884,8475
886,9946
887,0825
885,2713
887,6985
887,1240
885,1343
884,8445
883,6870
886,6376
889,2089
887,9511
884,6565
887,0131
888,6717
886,4294
888,4872
887,4884
883,1623
887,4325
882,7073
887,1418
886,4040
886,4774
886,6394
888,0034
886,9598
889,4355
885,8841
888,4152
884,3114
884,0499
884,6843
886,1008
883,1125
886,6483
886,7256
887,0601
888,3035
886,6494
888,0571
885,8349
884,8069
886,5737
888,6215
885,2466
886,9406
887,8920
887,7546
885,8314
888,8308
884,3986
886,6740
887,2376
886,4314
886,5230
884,3870
887,2519
887,0850
882,2758
881,1399
884,1737
886,6091
884,4257
888,2108
884,8830
886,2254
884,3038
884,8617
882,0557
888,4367
887,7733
884,2703
887,3062
889,0532
887,6105
884,8580
885,2628
885,0625
886,3562
883,1585
884,4608
882,6946
882,2251
886,7259
885,7509
884,3840
886,7389
884,2931
884,8512
886,4716
885,6014
884,9692
882,9416
888,9999
886,5270
886,4804
885,7190
884,6167
885,4744
885,8227
886,1797
884,2571
885,1472
884,5261
888,1374
885,9501
885,4984
885,1704
889,8128
886,4943
882,7685
883,9014
887,0928
885,2660
886,6072
885,9333
882,7068
886,0282
886,7417
882,1128
887,7295
888,9489
884,6733
887,1346
886,0460
886,7044
885,8643
884,6824
886,2190
885,2378
886,6907
884,7306
886,6939
884,9556
884,8938
883,5235
885,4419
885,0699
885,7042
887,3951
885,5876
884,6413
888,2271
886,0883
886,5087
886,3156
884,1975
887,2001
889,5821
883,9645
886,7542
889,5242
885,9485
884,5742
887,2072
884,5466
885,1131
885,8564
885,8118
885,0059
883,8291
888,3461
885,4736
886,6976
883,8038
886,2395
882,8411
889,3229
887,8888
889,8010
886,4047
887,0047
886,9342
884,0602
888,7598
886,3980
886,6711
886,8657
886,7163
887,9469
885,7890
885,5719
884,4010
884,5590
885,5139
886,1495
884,9708
886,1201
891,3172
888,9821
887,0537
888,1884
886,4409
886,5631
886,4578
884,3440
887,2566
886,2409
886,4316
883,3987
885,8720
887,6819
884,2137
888,6605
886,6908
883,4659
888,1805
886,4951
885,6902
887,2923
890,8040
886,7376
889,3790
885,7970
886,4053
889,6507
886,3759
881,7318
885,7869
884,5367
884,9834
884,8177
882,7722
883,0878
884,8273
886,6003
884,4692
887,1837
885,2673
884,5808
887,5833
885,9609
885,1264
886,2658
890,3416
888,6539
886,1385
882,0347
888,9263
886,7133
887,7976
882,3439
887,6391
884,6615
887,0680
885,2311
885,5649
885,5073
888,2037
883,1973
885,6195
888,6190
885,1803
885,1187
888,4165
883,9220
887,9370
888,9568
885,5949
887,0962
888,0115
884,5191
887,9167
890,1206
886,0959
886,4096
884,7829
885,4629
885,5356
886,8745
884,1098
886,7794
888,3859
883,3690
887,6878
886,3261
885,9635
886,0981
884,2435
883,5156
884,1909
887,3730
887,8806
886,6692
887,0774
889,5131
886,6740
887,6571
884,6391
883,6058
887,4426
883,9964
886,2991
885,9087
884,5722
887,7845
885,8043
887,5005
884,8814
886,8182
889,1772
885,8977
886,9513
887,0797
884,1318
890,9059
885,8259
881,6256
884,0457
887,9933
885,0306
886,0502
889,0240
887,9866
886,0978
886,7344
884,8007
882,5628
884,7341
886,3423
889,2360
886,5984
885,7826
888,4454
886,8363
889,8587
887,1387
885,2032
887,3211
885,8594
890,9464
884,5644
886,1684
887,1937
882,7705
882,9148
885,2659
886,8665
886,6684
886,0440
885,3252
887,2069
884,1893
892,1778
889,0001
885,8121
888,6366
884,5824
889,1466
884,8435
882,5400
884,8473
887,7570
887,8507
885,8865
887,3829
887,1362
885,1624
889,2474
888,6700
886,8660
885,7168
884,7686
886,8182
883,5552
885,3484
885,7377
885,6898
884,9369
883,3734
886,7448
887,2129
886,4592
887,1882
884,8945
886,5780
886,5263
884,7550
885,1310
884,7830
884,2184
884,1121
884,1247
886,4305
889,9038
888,0257
881,9841
886,5088
884,9389
882,6137
886,9056
887,7259
886,8454
886,8135
889,4917
888,9452
887,5631
887,6791
886,4653
884,4253
885,9464
888,0409
882,0614
884,7483
888,6044
886,4836
886,1578
884,1107
887,7402
884,3146
881,1943
883,8654
884,8549
883,9079
888,4681
887,2641
885,4345
887,4086
887,5026
884,1977
885,8050
888,4881
888,0479
885,2080
885,2052
887,1213
887,3809
881,6908
886,1964
883,2525
888,4796
885,4819
885,5623
887,6746
882,6361
884,0152
884,9075
882,6771
889,0179
886,1806
886,0665
883,7905
884,8439
887,6475
884,7883
883,9264
884,8626
887,4132
888,3394
886,0221
887,9064
883,5221
885,2520
887,2345
884,2292
886,9844
887,8875
884,2793
881,5286
885,9177
886,9133
885,3035
884,4026
886,9183
887,7015
883,9236
885,0292
883,1488
887,6628
888,2816
885,5951
884,0285
883,4523
882,4929
881,9884
887,6599
883,7183
887,0605
890,1062
885,7798
883,2274
884,1093
885,4969
886,4276
881,6307
883,8521
884,8692
888,3127
885,5442
884,5181
887,6170
887,3610
886,5181
884,9726
890,0094
884,0771
887,9146
888,7338
886,5632
884,2038
887,5273
888,8576
888,5630
885,4867
885,4232
885,7686
887,7908
886,2001
886,3665
886,8566
884,1246
885,1384
886,9479
886,4199
883,3852
886,0202
883,4756
885,2203
890,3553
887,6527
887,0931
884,5217
885,1058
884,9775
885,5948
886,5377
884,9937
885,9947
885,2520
887,5170
890,9630
883,9341
886,6604
886,2608
883,9036
885,5154
888,1631
885,5049
887,9048
886,3396
885,2838
888,1603
882,4310
888,0946
886,0747
885,4435
882,6266
885,1254
885,1999
884,1671
886,0019
887,0065
886,3958
884,4752
887,6802
885,2835
886,2185
886,1701
883,0862
884,5623
887,1486
884,3117
887,6442
884,7355
887,3045
887,7476
885,7117
885,0273
885,5594
887,3372
884,2547
889,7712
885,3481
883,9103
884,4750
884,8147
885,7943
888,6742
884,7750
885,4748
887,4187
884,2727
888,8822
885,8342
886,0478
883,9823
886,2939
888,9327
885,8681
886,4769
886,5217
885,5770
884,8718
884,9740
885,5062
888,1890
886,6193
883,6982
886,2997
887,0894
886,7300
884,5450
886,4567
885,5059
887,2089
889,2105
886,2215
885,4140
883,2636
889,1269
886,8096
886,7750
884,9319
887,6086
885,1963
885,5318
884,3040
885,7559
884,7818
885,3975
889,3881
885,1509
886,7615
883,8964
884,6933
884,3167
885,5374
884,6480
885,0289
889,1883
887,6063
887,9389
881,8451
886,7806
885,6028
887,0741
881,2572
885,7322
884,4908
886,6136
884,6276
885,3842
885,7768
883,6986
888,3662
884,4081
887,9220
886,9682
888,5262
885,0369
887,6812
885,7103
885,8062
886,3962
888,6135
885,4193
882,9710
886,4400
887,4390
884,2923
887,3538
885,5397
887,8842
886,3781
886,3306
885,2876
889,4040
884,2729
887,5559
885,1766
887,6808
883,3304
884,0457
887,5576
883,0502
884,0684
884,5113
886,7100
884,6007
885,4926
885,4843
885,8254
885,8923
887,1545
884,2154
885,5322
888,1750
887,2925
887,0286
885,3165
885,6574
883,5655
887,4088
886,6574
886,7683
887,9135
885,2124
881,3257
888,9300
885,5602
883,4797
885,9006
882,7613
889,8601
887,1442
886,2735
883,2800
887,2156
883,9641
886,2836
886,9385
887,1299
883,7806
887,4885
887,3917
887,0984
885,9269
884,5168
884,1000
887,3782
886,9517
885,9535
886,5861
886,8384
888,3347
884,6944
887,1725
886,3451
882,3152
885,4961
886,7520
883,3918
884,6562
885,0560
886,8274
885,1194
886,7558
887,4111
883,3913
885,9070
885,3285
887,8695
888,7171
887,3759
887,7050
886,5879
883,6907
889,5001
886,9506
883,6358
888,3609
889,6502
882,8218
885,7857
883,3151
887,2304
884,7982
884,4986
886,0724
886,3287
887,4015
886,0848
886,0801
883,9949
890,4718
886,3486
883,8872
887,4281
885,5756
885,0327
886,6340
884,6287
884,6120
884,8788
885,8196
887,4173
886,2296
886,0902
883,9791
887,4533
889,2442
883,7552
885,3391
886,2343
887,9122
885,3518
883,7152
885,3779
889,5735
888,5252
886,4972
887,1533
884,5695
880,5502
885,0178
886,3570
884,7425
884,3959
886,7559
889,9767
886,3607
887,1935
883,6787
887,5761
887,6795
887,2150
886,9973
883,6577
886,6389
885,1096
888,4082
885,1247
886,9790
884,5477
886,8494
885,4487
885,0319
883,7078
884,4897
887,4060
884,0166
887,3501
884,3696
889,4466
886,2651
885,9180
885,3413
887,1123
886,2994
886,9326
886,5779
883,9150
886,1311
886,8590
886,6805
889,0775
884,1002
886,9232
882,3824
887,6964
883,9681
883,6645
886,5762
887,9278
887,2157
883,6653
886,6971
884,6019
886,0495
884,0329
884,7694
885,4027
888,4972
881,2468
885,3286
887,7846
886,0809
886,4692
885,2569
883,6895
887,4320
885,0429
884,9550
886,4822
886,6351
884,1378
887,4812
887,3965
886,0993
890,6547
882,9550
887,3240
886,0665
886,1131
888,0856
890,0764
882,8555
884,4753
886,3560
885,9676
887,0585
887,9028
885,8747
884,6343
884,0555
887,6346
886,5691
885,3145
884,0118
886,7877
884,1669
890,1602
888,7148
885,4083
887,0128
887,3751
885,8325
885,1604
885,1030
886,3930
887,9636
885,2861
885,5232
886,7965
884,1167
883,0316
885,5037
881,6074
887,9988
886,5095
887,7555
886,8566
883,2948
885,7063
884,9631
885,4597
884,7251
884,9918
888,4042
885,4837
884,1198
884,9204
886,8570
887,5640
889,0464
883,7074
886,2357
888,2963
884,8013
886,4177
886,9178
885,3988
885,9852
883,8043
887,0804
886,0724
886,3456
886,6825
885,6279
883,5590
886,2827
884,9054
886,9798
884,7678
885,5989
886,5803
886,2533
886,7415
888,8210
885,5563
885,3565
886,7256
882,2063
885,2778
888,6645
884,7009
887,7647
884,8904
884,9557
886,7428
883,2378
884,4453
884,0986
885,6271
887,8457
887,7255
884,6421
887,3295
884,0679
885,2648
888,2956
887,1943
885,9813
889,0668
886,6938
886,4141
886,8192
884,5071
886,2744
885,2314
885,5449
885,3306
887,2293
883,3698
886,1189
882,7004
884,0243
885,7535
886,7658
887,0716
883,3648
886,2036
885,4051
888,1525
881,1342
885,8400
883,7603
882,6100
884,0577
886,0008
886,6290
890,5278
884,1290
887,7500
884,9634
885,2306
885,7809
887,8680
886,1963
884,9289
884,0497
887,0020
888,7829
883,5971
882,6156
886,1259
883,7012
886,1753
885,5683
883,1095
887,9298
885,4871
884,9840
884,2424
883,9220
884,3840
883,8376
886,5491
884,5594
887,2489
882,9437
884,9874
884,1060
885,4087
884,0280
885,2034
887,0788
884,7062
884,0215
885,4091
886,2039
884,9873
887,9455
887,7372
885,4987
884,8897
886,5851
885,1225
883,9401
887,7720
887,3353
885,3086
885,2142
886,1775
885,2081
887,6152
886,1347
888,1901
888,9293
884,8869
885,9476
887,5443
886,0514
882,8557
886,6072
882,8369
885,7424
885,4175
886,1636
884,8288
887,0073
887,9884
883,9944
886,3767
884,8778
881,7805
882,8596
889,2812
884,6017
885,6851
883,9492
881,6402
884,3682
883,5584
885,2772
884,5007
887,7089
886,5595
884,7684
887,4442
886,0367
886,1076
887,8620
886,0534
884,6999
886,3554
887,1646
885,9169
885,4395
885,7386
887,9258
883,2964
886,4233
888,5247
889,4133
886,0503
887,0651
884,2581
884,7169
885,5337
884,4763
883,6324
885,7267
887,1380
890,4788
887,6282
887,6967
885,8340
884,9878
884,7756
885,7569
883,5283
886,5884
886,2579
886,8239
886,5928
889,9037
885,5890
888,6413
888,3783
889,0324
888,6212
885,8561
886,0075
886,0449
884,2668
885,5682
885,8144
886,1717
886,0282
885,7625
886,5837
883,8873
885,3995
884,4088
885,1073
884,9396
886,7242
884,6889
883,4495
887,7440
887,7753
885,6998
884,7617
883,9541
886,1084
884,2970
886,7949
886,4177
885,5204
886,5213
886,6254
885,9233
886,4322
885,1855
887,0773
886,1969
886,6087
886,6622
884,7995
886,2300
888,0472
885,1343
884,1859
885,2066
884,5529
883,7073
883,6639
885,1881
888,9756
887,3580
885,9108
886,5263
884,4148
889,5139
884,3590
887,9383
881,7766
886,7763
886,1842
884,8535
887,6736
886,5592
883,4955
888,9535
886,3534
885,3024
887,3253
886,8638
884,6539
884,5714
886,7159
885,5952
885,8910
887,8531
886,1541
883,4152
886,6616
886,5792
882,1376
887,2021
884,6366
883,3780
887,4598
887,1329
886,6125
885,0823
886,9568
886,8346
886,4407
886,0909
888,9287
885,3139
886,4009
886,7863
886,7173
885,8650
889,5884
885,3515
884,1552
885,9651
885,5090
889,2168
886,6499
888,0638
886,0286
884,2692
883,8661
888,1143
886,0785
881,8053
886,8800
884,4228
889,7266
887,6576
887,1777
888,7938
883,5881
886,3245
884,9131
886,6742
885,1824
883,8983
890,2987
883,8980
884,5630
886,4771
883,4394
885,2351
884,8018
887,9540
886,8441
884,9458
883,3633
885,3742
883,4145
885,4294
884,4137
882,7285
882,8379
885,1885
886,6811
885,3980
887,1786
886,7970
886,2799
884,9702
886,5513
886,2832
885,7133
885,9472
885,3244
885,7887
886,2035
884,8208
881,1213
886,3350
883,5620
886,0791
885,4693
888,2210
886,4666
887,9481
888,5241
884,6091
886,1808
887,6686
881,7160
884,0694
887,8618
886,7568
887,7535
884,4039
886,9646
884,9532
886,3453
885,9556
883,7998
883,7259
885,8294
887,9501
885,0514
887,1886
887,8317
883,8184
890,3175
886,0519
887,3156
886,6571
885,8346
885,1034
882,0934
885,8347
886,4300
884,0322
887,1986
888,6381
887,1273
885,0125
883,9768
889,2683
886,9591
883,8531
884,8355
884,8209
888,6971
887,9306
882,7262
887,1789
886,7927
884,2462
888,0133
886,9161
885,4288
888,8773
884,3598
886,8491
884,5957
887,9845
887,2664
887,5573
885,7882
883,5564
886,3409
882,8413
885,5449
884,5464
885,1625
886,5564
885,6703
887,0794
883,1531
886,8587
885,8832
884,7369
886,2461
886,6163
885,5130
887,0484
888,8630
886,4651
882,5748
885,8750
884,6815
885,6857
887,5479
885,9061
884,0252
888,5306
884,7689
882,7266
883,9496
883,2787
885,8166
883,9509
885,4108
886,4750
887,8933
889,8113
885,9394
883,4938
884,8550
889,9923
890,4133
889,0674
887,5232
887,0658
883,5520
886,4138
885,2803
886,7761
886,5162
886,6480
885,3116
885,0646
886,6863
883,6276
884,9086
887,9308
886,5958
887,3444
887,4404
887,7684
885,9897
888,6797
888,9389
884,4475
885,8092
887,4540
887,7099
885,3105
885,2180
887,6124
885,0848
884,8149
883,5594
884,2688
883,7095
886,9898
885,0628
887,6734
885,0437
885,2449
885,0829
886,2508
881,6641
882,8651
886,0405
883,1568
888,9930
886,3552
887,9171
886,2263
884,6278
885,5747
885,9829
886,4240
885,5940
885,1677
885,6015
885,6535
886,6423
885,2974
888,2678
885,0647
884,6633
888,2332
885,0932
882,4838
885,5419
886,9302
887,6102
887,5964
886,2912
885,3330
888,3403
889,6666
886,3641
885,7619
885,3654
883,0664
884,5552
882,9985
884,2036
884,3227
885,3327
888,0280
882,7760
887,0611
887,7939
883,8139
886,6412
884,4522
887,2032
886,5643
884,6120
887,8906
884,8761
886,8485
884,9778
887,5548
884,3983
886,3784
882,7619
885,6868
886,8328
883,4647
888,0707
884,0296
886,9117
884,9111
887,3053
886,3639
883,1069
883,5692
887,7480
888,6067
885,1159
887,3525
886,2913
884,2382
887,0296
882,5911
883,7555
887,6332
885,8900
884,7616
886,0463
884,0131
885,6182
885,4546
886,4120
885,1298
885,7759
886,3918
885,4579
889,5032
886,0410
887,5101
886,5640
887,6178
885,0905
886,5534
887,8438
887,3523
884,5348
887,2114
887,6689
887,9280
884,6981
887,1183
885,8178
887,1519
886,0499
883,5634
881,4603
887,3048
884,6829
886,4938
886,6716
886,9627
883,7351
886,2261
885,1007
886,4144
882,7277
885,4951
883,7340
884,1367
883,2349
883,5238
886,4071
887,2780
884,4317
884,6673
888,0294
885,3970
885,7172
885,3672
885,4995
885,2860
884,6101
884,3912
887,1253
886,2017
885,1499
885,0671
887,4039
885,7796
886,6427
887,9484
884,5001
884,7274
886,8627
887,4672
886,9357
887,3392
886,3407
887,5727
888,3180
886,2342
885,9608
885,9842
885,5388
885,2042
888,5879
884,0858
886,4693
886,9164
886,2887
884,1670
887,0292
886,3297
886,6257
883,8952
889,0332
884,7058
887,7830
887,6693
886,0012
884,7228
885,9063
886,2237
884,5184
889,4333
884,4561
883,1261
885,1828
884,5373
887,2655
885,2685
885,3473
890,2631
886,3873
885,8745
884,5019
884,5555
884,0122
884,3301
884,0970
886,3034
884,6632
885,5917
885,1824
883,3612
885,3642
883,8635
885,8597
885,3884
886,6214
887,5604
884,6906
880,9604
887,3033
889,7488
888,7737
883,3178
886,5027
887,2094
886,9631
886,0410
884,7895
887,3778
886,0841
886,6588
888,3003
887,5596
886,9460
886,8224
884,4122
886,8048
880,6524
883,5750
886,5367
888,7139
885,9608
884,3467
885,9938
884,7886
883,8344
887,5288
886,7598
882,7557
887,2362
884,0776
886,8438
886,6759
885,7808
887,7576
887,1237
882,3243
884,8347
884,9751
884,0479
886,4774
884,3136
887,5445
884,3279
887,2369
887,9660
887,4741
887,3142
885,1933
886,4898
885,1573
885,8128
885,7395
885,1092
885,9150
887,1366
887,1392
885,4789
887,1308
885,2819
887,9501
884,2223
884,0320
881,3327
888,6542
888,0864
884,9449
887,0428
884,5293
884,4775
887,2092
884,1440
887,0729
887,8437
884,6903
886,1224
887,7913
884,7047
886,3292
889,3074
886,6893
884,4354
887,7103
886,8212
884,1945
887,1043
884,4700
886,7612
886,5904
885,1602
883,9552
885,6425
886,0666
886,1603
883,6694
888,7461
888,7305
883,0630
886,4535
884,4209
885,3150
885,1668
889,1090
885,8825
886,1830
888,8387
885,6660
887,5595
884,9589
884,7048
884,6336
886,6053
887,6918
886,4928
885,6744
889,1815
885,0867
887,7846
884,9620
886,6922
884,6119
886,2521
884,9868
887,2631
886,9656
887,9415
885,0117
885,5758
889,5208
884,1934
885,2510
887,7456
885,4220
886,8974
888,4113
884,7057
887,1373
884,1159
888,6195
885,1101
883,9251
886,6671
886,7713
887,3513
886,3344
884,2242
887,0442
888,7279
884,0084
885,7326
886,6086
887,6198
882,5015
884,8645
886,3756
886,3598
882,7550
885,5393
886,4546
885,3313
885,2255
887,4298
889,8546
888,9641
888,8689
884,4470
888,2326
886,1641
888,6473
885,0039
883,6844
890,2871
882,9525
885,1932
886,7549
887,2233
887,3228
885,6575
884,3651
882,4063
886,1196
884,9990
886,6980
885,1713
888,3994
889,7653
886,9007
886,2975
887,1280
885,2959
888,1371
885,4629
885,9958
887,0013
887,7081
884,5009
888,7508
883,4834
884,2619
886,4369
887,7886
884,8335
884,1373
882,3123
886,6139
886,9738
886,1816
885,9296
884,8330
885,0549
887,5314
884,8626
886,5369
888,2726
885,5207
885,7436
885,5435
886,7779
887,2020
887,1626
884,2144
885,3722
885,0557
890,9239
884,2538
887,1575
883,2369
884,9835
886,5441
883,9159
884,9339
889,0127
879,6055
885,1591
885,6144
885,1575
888,0747
885,5181
886,2409
880,5856
886,5674
886,3982
883,7662
885,1056
884,6411
885,7380
886,6503
886,2661
883,5995
884,9922
887,4811
883,8917
885,7234
884,2729
887,7740
889,6850
888,7636
889,9096
887,7092
887,8335
887,1922
886,4138
884,5390
887,4434
885,8454
881,7012
887,8043
887,0672
886,2703
887,1894
886,0877
885,7311
884,8947
888,8931
886,9100
887,1180
883,5235
885,8146
885,6491
888,4708
890,9310
884,8334
884,1323
883,8231
884,3581
887,6994
884,4299
889,1400
885,6366
885,7078
887,9218
890,5021
886,0041
883,7135
887,0199
884,9387
886,6340
884,6487
883,5221
882,8964
886,2227
886,4016
883,0163
888,1821
887,0114
886,9284
884,9170
885,5906
887,7019
885,5672
885,6742
886,9443
885,0923
888,2739
886,7566
885,3980
888,4105
887,9560
886,7821
885,2861
888,0107
885,5734
885,6718
883,2438
885,6669
887,9070
885,8541
887,2564
884,4657
887,5988
883,8973
886,8108
884,1046
891,7191
885,4268
884,7369
886,2631
886,4205
889,2561
884,5242
882,6559
886,2985
882,2395
886,7307
888,3237
885,3161
884,3554
886,7922
885,1092
886,2332
884,9267
885,2242
890,0711
887,1199
888,6472
887,1150
887,2585
887,0258
887,8155
884,2968
886,0831
888,0632
884,3149
889,1504
884,9969
885,9047
883,0279
885,6395
884,7416
884,5460
882,7992
887,0241
884,4877
886,5140
882,1839
885,6209
883,7696
888,6956
887,3085
886,9267
883,3069
888,1110
887,4450
886,3868
887,5660
885,1049
885,4046
887,3570
881,4785
884,0106
883,3378
886,6021
882,6904
884,9978
884,3469
886,3170
883,7324
886,6251
885,1390
883,1052
884,6228
884,1217
886,2901
882,7227
887,2043
882,5039
884,7814
885,5836
884,9853
884,7438
887,1895
885,7828
885,6262
886,7760
886,4940
886,6804
888,3992
886,0629
885,9787
885,3044
886,0675
887,4436
885,2511
886,8665
885,0385
887,8092
884,9951
882,5627
889,4019
885,5587
883,5187
885,0468
883,6327
884,1430
886,7125
884,3537
884,1672
887,8612
886,0611
887,5271
888,1974
886,6804
886,0379
886,5579
883,8335
886,2333
884,0988
884,9211
889,6505
885,1598
888,0253
883,5734
884,6616
885,1308
884,9954
884,5149
888,9370
886,7506
886,3202
886,1356
887,6875
887,1009
881,3142
885,4913
886,0623
885,8304
885,6672
886,5466
887,6049
884,2596
882,8324
885,5008
888,4056
886,6955
885,3412
884,9729
889,3682
887,0562
889,4329
885,3292
886,7263
885,7691
883,3454
887,3388
887,5604
884,7215
882,9802
889,6612
889,7338
883,5997
884,3188
883,9268
887,4016
886,0723
886,9905
884,5370
884,1362
884,5293
884,5494
887,7422
886,0256
887,4701
883,6420
884,3155
887,3897
887,2811
883,8682
887,0504
885,3009
888,6629
886,1644
885,3654
887,8149
886,6461
888,7884
886,8865
887,9372
888,9353
882,7428
881,3109
887,3916
886,3786
886,8562
888,5152
884,7893
884,4820
885,8943
886,7723
886,1978
885,5976
885,1881
888,5016
883,4731
886,7963
886,4037
886,0038
886,4117
886,4634
887,3000
886,6527
888,7352
886,2122
885,7023
884,1317
886,5050
886,8182
883,2403
888,9014
885,6903
885,0735
888,0153
883,6970
882,5823
886,4396
886,3318
886,5848
884,9734
887,0472
882,8227
890,8319
885,0234
886,3320
882,9500
882,8204
884,3121
890,3518
886,0972
885,3838
883,4282
887,3321
885,5632
885,7568
884,0055
887,4988
885,7666
885,1842
889,4112
882,4142
887,1629
886,4672
882,7873
884,0959
887,2296
886,9946
883,4875
883,2657
882,8023
885,8979
889,6719
883,3597
888,1218
885,0318
887,8820
885,9919
889,1646
887,6863
883,1946
887,4351
884,5151
885,3146
888,7332
886,1366
885,6760
885,2239
885,3130
888,5352
888,8229
885,1257
886,9660
888,2587
884,6502
889,0790
888,1976
886,1166
881,7490
883,5272
886,3019
886,1509
881,4803
884,2762
887,7050
885,3040
882,6470
887,1726
888,3379
886,4498
885,2010
885,7006
886,8373
884,2601
888,0332
884,8753
886,8917
888,5652
886,7158
883,1512
886,2228
883,7566
885,2183
887,6048
886,7010
884,2789
888,1852
888,5099
888,2659
886,7640
883,7749
886,1090
885,0831
889,1065
885,2377
885,2795
888,1519
887,9289
887,7785
885,5312
886,4833
887,5196
887,0792
883,1197
889,7201
886,2508
887,3006
884,7425
884,0762
885,9783
886,5413
884,2018
886,0286
887,9790
885,5118
885,1968
888,2426
887,8894
884,9333
885,9933
886,9887
886,9186
885,9744
883,6355
887,9433
883,8807
886,6500
884,1254
886,2738
885,0658
886,0333
884,9076
884,3608
885,8298
886,8886
885,5555
890,1689
886,1992
889,6336
884,8226
889,6313
885,5176
886,4317
886,2746
884,7739
888,1146
887,7595
883,9007
886,7802
889,4282
885,8130
882,5141
884,7415
887,9191
883,6154
886,2354
887,2879
886,8752
885,2847
883,6935
883,9954
882,0649
890,8206
887,5368
886,7028
884,5729
885,4218
886,6723
887,2157
883,3702
883,5878
884,4554
883,7038
885,2535
884,3173
888,1331
885,1993
884,3039
884,6398
887,5627
884,1217
886,0341
887,4034
883,8005
887,6277
887,3607
885,6027
884,5201
885,7614
885,6289
884,7931
883,9685
886,0733
886,1532
883,7787
888,1540
889,6284
884,7696
884,3602
883,9246
886,8319
884,2969
883,9817
887,6119
885,4513
886,2997
885,2430
884,2667
888,2922
886,0434
886,8146
886,5686
882,4609
881,3655
885,3364
889,5324
883,8607
885,0461
887,7800
885,5549
887,3122
884,6602
890,8677
884,9771
883,7744
887,6119
886,2774
884,7435
883,1417
886,2449
884,7386
883,9007
883,7976
886,2580
884,4171
886,5704
883,0206
882,8710
883,5584
883,6374
887,7028
888,2439
887,2791
886,1845
884,7122
885,9335
883,6943
886,5601
883,5925
885,9933
886,9510
886,9510
887,1197
885,8949
886,3445
886,1762
885,2007
884,6997
884,7963
888,0663
888,2475
888,1814
886,0793
885,0102
883,7718
884,9067
885,5199
886,6276
885,2761
886,9896
885,7939
885,6354
887,6943
883,8239
886,0916
886,2681
888,6216
884,7038
886,5352
884,3301
884,0801
885,5957
885,4785
884,5091
884,6718
885,0622
887,3652
883,2420
882,8916
888,0032
885,1884
887,0226
885,9696
887,9275
885,5855
885,7991
887,7485
886,6361
885,5902
886,0009
890,4912
883,8996
887,1266
885,9377
887,4000
886,6914
884,8196
884,0096
887,4218
886,1153
887,2958
885,2711
884,5581
886,1648
888,9080
886,9687
884,0614
884,7375
886,7339
883,2108
887,1743
886,6246
885,2076
886,0069
886,2811
885,9441
883,8528
884,2399
886,6837
885,1671
886,6734
887,5242
884,0747
885,4695
886,5429
887,1963
883,4272
885,5232
885,2703
884,4373
884,8878
888,8751
887,4475
888,3146
883,5440
886,0134
887,4198
887,6342
885,3377
887,2687
885,0271
889,8774
886,8205
888,7518
890,0404
884,2845
883,4206
886,6765
887,8609
885,8184
884,6596
885,5861
883,8954
886,0334
887,4310
886,6890
884,9313
885,1392
884,4848
883,0532
886,8489
885,8633
884,8600
883,6001
886,5882
887,3055
885,0303
884,2831
886,0129
887,7226
886,5080
883,8219
882,2831
891,3918
886,4738
884,8401
885,2266
884,9834
888,5037
888,8938
886,4718
885,4594
887,4954
888,0852
888,7608
887,0591
886,6970
884,5827
884,3721
883,4344
885,7403
885,3979
883,8469
886,9392
887,2843
887,8599
881,5839
888,4674
884,3989
882,1751
883,5362
885,1285
885,4330
883,1481
887,9601
886,9853
884,3709
885,6460
887,4690
886,8549
885,5218
886,0959
889,7811
886,8493
886,7682
886,5369
886,3866
886,0871
886,4924
886,6915
884,3014
886,2784
886,2908
886,6793
883,0130
885,0464
884,5205
886,6462
883,7837
882,2306
890,3671
887,0935
885,2409
883,4089
889,3113
887,7290
884,8299
887,5407
885,1714
884,2171
888,3969
885,4627
883,5414
885,0527
887,2422
890,9180
887,0745
882,9884
883,0708
883,1752
885,1241
888,4981
887,8087
886,8125
884,5628
886,8656
884,7149
885,4835
886,8458
885,6099
885,0726
885,4506
887,7899
886,9447
883,7369
884,2998
884,9929
883,7246
887,8421
885,5720
883,2588
886,9424
886,6416
884,4336
883,0815
885,8186
888,6009
883,4200
888,0688
883,1834
888,5193
883,6816
885,0742
887,5424
886,0251
887,8583
886,2459
888,6770
886,9510
886,7808
886,4622
884,6620
884,8908
883,2201
888,2806
888,5414
885,5048
885,2237
886,1468
884,4035
887,6334
886,2173
886,4324
887,3511
887,4869
890,4963
886,5119
884,5932
888,2072
887,9427
885,8842
885,9769
886,4407
889,5220
886,3708
883,2104
887,8982
886,4383
885,9911
886,1292
882,8646
886,8146
889,0417
884,3189
884,8012
886,8877
883,7179
887,6462
884,9065
885,8801
884,2785
886,3545
886,0247
886,0012
884,5092
884,6372
885,8047
884,4783
887,7928
884,2134
885,4007
885,8634
884,2811
882,9710
883,1746
889,3373
886,5210
885,4895
882,6801
885,5450
885,0769
887,5807
889,2926
884,9174
888,2494
888,8146
885,2750
886,2207
885,8390
885,4829
884,1577
887,9786
882,7541
886,0189
886,4304
888,1834
884,0181
883,2549
890,4819
884,6034
888,4861
886,7065
886,3308
886,2346
885,5363
886,8663
888,7770
888,6725
884,2435
888,9577
888,1196
886,0993
885,0020
888,9781
885,3439
886,7739
888,4686
887,3619
885,2996
887,0014
885,4952
887,3245
881,4262
888,5848
887,0796
886,2750
886,1643
887,2626
886,8954
886,1179
886,6692
885,8049
884,2954
884,5921
884,8920
886,5436
887,3562
885,0614
885,9838
886,0846
888,7821
882,5509
885,4937
884,4244
883,2956
883,6637
885,8151
886,8453
888,4546
885,6966
885,4562
888,0398
884,1853
886,3020
885,2585
884,0767
887,2744
888,0900
889,2425
888,2670
883,4326
886,0237
887,1551
885,6909
885,0572
885,0055
886,0939
886,9393
886,4937
887,3557
884,3378
885,4894
887,4941
885,3962
887,0798
883,3010
888,8266
884,9973
887,3442
890,1082
887,7198
887,5221
882,7518
884,3725
882,8447
886,7969
887,0742
889,7909
885,2011
886,8961
885,7519
884,5295
888,4667
883,7922
886,2026
887,8258
887,3932
885,4024
884,3042
884,0256
882,6364
887,4278
884,1643
886,8388
889,1894
888,3006
886,0305
884,0494
888,2226
884,1805
885,6979
890,4391
884,3999
885,0230
886,8451
887,6463
889,1564
888,0153
884,2072
885,8499
886,6964
888,6947
884,2959
886,0053
884,6155
885,8615
885,7311
885,3118
886,1683
883,0964
888,0880
885,4533
886,4820
887,2686
887,2658
881,7188
886,1419
882,8602
886,6519
884,1356
886,1388
886,7981
887,0045
885,5813
886,1737
883,3179
884,7239
885,8641
882,9971
884,5163
885,2477
889,0919
887,0848
883,3971
885,7478
888,4004
890,6585
888,8777
886,5084
884,3398
888,0675
886,2104
883,5687
885,4707
888,2455
884,1030
888,6674
885,6293
884,2347
886,7622
887,6985
887,2312
886,4479
884,3234
886,2891
885,1210
886,4906
886,0286
887,1990
887,6575
886,1711
888,2621
888,7048
883,5349
881,8975
886,1714
885,0649
889,9018
885,2256
884,2803
884,3466
887,3779
886,1304
883,8464
885,7251
888,8773
885,3033
888,2121
886,3822
886,1937
885,6817
887,1310
888,2495
885,0522
883,5256
882,8138
885,6918
885,4853
885,9771
884,0829
888,5357
883,4576
885,3021
886,2553
886,8019
886,7359
887,6912
882,8901
884,5550
884,7142
885,0042
884,7114
886,8296
885,2767
884,2350
886,4852
885,9898
882,5153
886,8852
890,3715
885,5537
887,2048
883,9586
888,7803
882,0289
882,4198
885,8239
885,4685
885,5476
886,1285
888,0847
882,5104
886,3882
886,4898
887,6455
885,1820
883,3650
885,1762
886,8370
888,1285
884,4139
888,9097
888,9337
883,7650
886,3836
884,8511
884,9602
883,4106
885,4219
885,6839
884,1187
886,0387
886,7601
886,2153
881,7537
884,2425
887,5397
885,8222
883,4268
887,5706
884,2400
885,0694
886,9545
883,9299
886,1183
885,3086
889,7917
883,1719
887,9621
889,6790
889,0091
885,5223
886,5086
886,0696
886,6273
883,3516
888,3204
886,8802
882,6873
883,1377
883,3148
883,9975
888,2149
887,0087
888,2760
884,6670
885,7696
888,8881
888,8677
884,7814
887,6325
888,6743
885,8370
883,2396
886,9482
884,6097
884,1532
887,3637
886,4607
885,9779
886,1697
886,0310
885,1835
887,7952
885,4204
889,0574
886,5905
883,1429
883,9197
886,8825
884,7731
884,2467
888,1493
885,2094
884,5568
885,1564
886,5074
887,3940
886,0415
884,5185
886,0764
885,4845
887,0541
886,7225
887,3183
884,9439
883,6010
885,1762
886,6221
884,0534
886,9671
887,3456
887,3121
885,2224
887,7068
890,8098
887,2798
891,1918
884,0271
886,2754
885,1863
886,5334
886,6740
888,4424
885,3227
887,2357
884,3710
883,6879
883,1411
889,2070
885,3484
881,7259
887,8585
886,4166
887,1431
887,4893
885,0953
886,7341
887,0616
883,4176
884,0297
887,6796
884,5966
885,3832
885,4725
884,5040
886,8085
883,1901
887,2236
883,0702
887,1629
885,7887
886,6322
884,4758
886,7416
885,7851
885,7890
890,6089
890,3947
886,7538
883,3210
886,4861
884,0092
887,7150
886,2304
885,7918
887,3738
887,5418
885,6688
887,4636
884,3309
885,7281
887,2889
883,9932
887,7518
888,2966
886,3573
885,2048
885,6479
887,2568
887,1610
887,2531
883,4485
885,5365
888,9331
885,7092
886,7016
888,4368
884,2290
883,2216
886,6875
883,7734
884,3970
884,9029
883,4916
885,6508
886,6550
884,0390
885,1194
885,7570
886,7151
883,6093
889,0805
885,4138
884,9876
885,7468
888,7359
888,9970
884,0335
887,0475
887,6967
889,6109
883,4689
886,3598
885,6315
885,9284
888,2553
887,0911
888,5646
885,2946
885,2877
884,5330
884,5146
884,8164
885,9900
884,7460
885,6953
882,2991
886,2320
885,5903
884,7600
888,3353
885,5476
887,9281
887,8492
886,3701
884,1128
888,6087
886,0310
887,7619
886,1424
884,3756
885,3053
886,4075
886,7207
889,3021
886,7719
884,8809
887,1068
883,9993
884,0828
886,2859
882,7736
888,6938
885,0163
886,2580
887,2678
886,1260
886,2637
886,7040
884,5154
881,9293
886,3903
885,8392
884,1037
885,9925
886,6573
885,6316
887,4346
885,6514
886,6459
888,3163
885,6864
885,2836
887,4439
882,8004
886,1566
888,2271
884,5797
885,9054
887,1466
884,3141
887,7263
888,1800
884,3099
885,1097
888,1422
884,4445
888,0801
887,0765
885,8967
887,5471
886,1353
884,0258
885,9713
884,9027
888,9535
883,4069
887,4101
884,7648
887,0314
885,0425
884,7319
885,9585
887,4027
887,0322
886,7864
886,3302
887,3198
886,8043
888,0136
888,8560
883,6314
887,6984
884,8918
887,3508
886,6735
886,8529
887,5238
886,2330
886,7744
885,3984
884,9119
886,0763
887,8364
884,1035
881,1873
880,7774
885,5640
884,9758
885,3420
884,3594
885,2563
887,0828
885,9327
884,7468
887,2019
882,9748
886,8941
882,4987
884,2696
885,5845
883,7143
886,4998
885,9242
889,0404
886,9382
887,9208
885,0697
887,4089
885,2913
886,0869
885,7859
885,3051
884,0088
889,6097
888,8220
885,1991
886,7554
884,0918
885,2270
883,9353
884,3404
885,4190
889,2737
883,0863
888,0451
880,0502
885,6387
884,3259
886,3558
883,5136
886,1306
888,5003
885,8569
884,8027
889,2198
887,4346
883,3508
885,4981
888,1775
884,3678
887,8615
884,5943
885,0905
883,7188
884,5477
888,9644
886,0012
886,5958
887,2564
888,9125
886,3334
885,6496
887,5920
887,9439
886,0003
886,9893
882,9054
883,6826
884,2764
886,2678
882,7604
885,7618
888,7695
884,7596
886,1616
886,7820
885,7083
885,8941
888,6117
888,1758
887,2597
887,2762
883,7258
886,9563
886,2612
884,2767
884,6325
886,9519
884,3059
884,2491
888,2383
884,3166
887,4085
887,2173
883,8691
886,6386
886,1253
888,2878
885,5938
885,2361
887,8684
885,4180
886,0306
885,3396
889,1013
883,1524
888,7623
888,7143
886,0615
888,0195
887,3618
886,8519
888,5026
888,4709
888,2100
889,9879
886,5674
884,1722
885,9824
885,4365
885,5110
885,1345
886,0396
887,7417
887,1459
886,9653
887,2838
881,7618
885,1751
888,2586
887,5605
887,4640
885,7420
885,5888
884,9108
885,6101
889,2773
888,3668
885,4385
886,1911
886,7614
889,4258
888,7726
882,9612
886,5018
888,5647
887,2756
885,9370
885,1525
883,6389
885,1468
886,8082
887,0657
884,5454
882,9037
886,0601
885,4043
889,3772
881,8391
886,4492
884,5439
886,7573
885,1480
886,5161
889,2206
886,8246
885,0327
886,3726
885,4577
885,7485
886,2778
887,8523
885,8173
885,1988
885,0522
887,5305
885,8449
887,7470
888,2407
887,7183
884,8804
885,0497
883,6645
886,1154
883,4240
888,5426
884,4747
883,3961
887,6583
890,1136
885,5388
881,3847
886,3609
883,8367
886,6382
884,2435
887,4459
881,2244
884,5639
885,9610
884,9713
891,0416
885,7626
882,3327
885,1246
888,0107
886,9107
885,1295
884,3957
887,7681
886,3772
891,6756
885,6290
886,6813
885,2410
883,4177
888,7185
887,0971
884,8895
886,8933
882,0950
884,1973
885,8982
888,8308
886,3111
886,4232
886,4116
888,9742
886,8406
887,5415
885,5185
887,5076
883,4492
891,2432
885,1357
887,0228
885,9456
883,2223
888,0435
882,9351
884,8785
882,7763
884,6780
883,0284
887,4997
888,6685
888,1124
887,8280
884,0432
885,1545
886,1605
884,8971
888,4190
884,6646
883,6879
887,5993
885,6751
885,0467
887,5792
885,7581
885,6100
885,5602
885,9624
886,1019
886,6878
885,4847
885,3789
886,2410
884,4325
887,3458
885,2165
886,8874
883,7388
887,0491
882,5870
886,3425
885,2238
885,3773
884,3212
883,9896
886,9807
885,8871
885,3956
887,0657
885,0977
882,2181
885,0129
885,1428
886,7479
887,3517
885,2010
885,4989
888,3209
884,3936
887,8223
886,1470
884,1959
886,8644
884,4500
885,7451
884,0111
882,9186
884,8267
887,8376
882,7952
887,6088
886,6605
885,9624
887,8891
887,3294
884,3225
882,3142
883,5896
885,1353
884,6519
884,2689
887,1285
886,9021
883,9198
885,5887
888,0321
888,2479
886,7008
885,3374
882,4584
882,8534
884,8275
884,0366
882,8299
887,5150
888,6224
885,6288
884,8935
885,8798
885,7020
888,5968
883,2748
889,1548
885,6079
887,7538
888,2149
881,7110
885,9613
886,2999
886,8273
886,9935
888,3693
886,5433
886,0787
887,6410
888,2482
883,3900
887,0250
884,4360
886,2946
886,4288
889,1396
885,6897
884,4394
885,9504
885,2430
885,7135
885,0059
889,4647
885,6364
887,1346
886,1261
883,0851
885,0678
888,5740
889,6314
884,8814
888,0249
884,5517
882,6894
885,0926
890,0571
885,7341
882,2369
888,6414
882,8566
882,2553
886,3873
886,1918
887,5138
885,7486
885,0760
887,3372
886,4662
884,9923
886,2409
884,4791
882,9000
888,7284
887,3203
886,4163
884,5201
889,0587
888,1175
886,5524
885,1264
887,7502
886,5641
889,4460
885,4263
887,3269
889,1134
886,5797
885,6365
889,8670
888,0738
887,7156
888,2008
886,8683
882,9881
885,9379
886,9402
889,0921
886,6826
887,3002
885,4038
884,8391
882,3000
887,4514
888,0633
885,3938
885,7848
885,5124
887,0280
884,1051
885,6224
885,8657
886,7154
884,6156
887,7896
888,0355
886,9550
887,1076
884,0659
884,5999
884,1085
884,0067
886,4982
885,7215
885,9316
887,4996
888,9129
887,0571
888,2628
885,5998
885,0021
885,8969
888,6812
884,8377
885,5730
884,3949
888,7338
888,7464
887,0616
887,2905
885,5189
886,7406
882,4269
886,4106
884,7822
884,6206
887,4368
887,7333
885,3014
885,1959
885,6390
885,8818
886,4503
883,8221
885,9681
883,2196
885,6994
885,8378
886,1045
888,4701
885,4006
885,8543
888,7916
885,9976
887,0349
888,3641
888,4534
886,1314
886,6139
887,9394
885,5341
887,9087
885,5834
885,3349
890,5499
886,7577
887,4979
888,6717
886,2031
884,2956
886,7734
887,0095
886,6506
886,6717
886,3848
880,9007
883,5010
884,8760
884,2208
886,4925
887,2362
884,6656
885,9937
884,2164
887,9246
884,9130
888,0505
883,2737
886,6612
882,7959
881,8759
885,8123
888,7755
883,5542
886,4492
886,3082
885,4680
885,8456
885,1541
886,3187
888,0765
889,1349
885,0945
886,6991
885,3945
884,3474
886,6829
884,9773
886,5449
886,6924
885,7522
888,0692
885,6587
885,9977
887,3701
883,6945
885,8293
886,8305
884,7033
887,6976
884,8421
887,5079
887,8794
887,9966
887,0225
886,7196
885,3736
884,5148
882,0142
885,0875
885,4289
885,6401
885,7342
888,7084
886,0655
885,0170
886,4736
885,2543
886,2488
886,2428
887,9348
885,3487
887,0570
882,3005
888,5417
887,1072
888,2922
886,7914
885,4730
885,8187
889,3141
883,6455
884,6452
885,1976
886,0674
885,3186
886,7181
886,3901
887,6412
883,6116
891,3036
882,2047
882,3440
886,8888
885,6071
886,3896
883,3401
885,5760
886,0673
886,4542
884,6298
885,6701
886,0148
884,2586
884,4892
887,3420
884,6118
883,9437
887,5924
885,3395
886,1942
885,9457
885,7239
885,1169
883,6339
886,0338
888,4882
884,0232
881,9623
885,1790
884,6688
888,1870
886,3645
885,8165
884,6329
885,8983
885,0455
883,1364
887,8147
887,0516
882,9019
886,1019
887,7247
884,9353
885,0489
891,8116
890,1358
884,7143
886,3520
885,6277
889,1147
883,7871
886,4188
886,3760
884,1561
885,0777
882,1233
889,5947
885,2065
886,6519
883,4942
884,8967
887,3230
886,5399
885,8746
887,9970
886,4425
884,4584
887,0768
888,3028
885,5955
887,8039
890,3015
885,6058
884,5984
888,5575
885,5716
884,5500
886,2500
884,7867
885,6977
883,6847
887,0460
885,0560
888,3441
887,8748
882,4832
885,3681
885,7359
888,3807
886,0636
884,4541
885,4352
883,2680
887,5201
888,0899
884,9503
883,9611
882,7482
885,3181
884,9731
885,6113
887,2276
886,5892
884,3908
887,0646
887,5863
884,5536
885,3486
885,8758
884,8998
887,0697
885,7736
885,1504
885,6741
886,9431
885,0512
887,7812
888,5928
886,4821
884,6265
882,9763
889,2750
889,1269
889,0184
883,8443
881,5368
887,4351
882,6195
885,2413
883,6335
886,5110
888,1612
884,0629
883,9870
884,3539
885,9674
884,4518
884,8046
884,9929
885,8423
886,8870
886,4518
888,1488
887,4011
886,2460
886,8793
887,2445
885,3295
884,9269
887,1522
885,1927
887,0743
888,6482
885,0477
883,7217
884,9145
888,6080
885,7228
887,4956
886,6626
887,9689
886,1686
885,8166
884,8869
887,9038
884,4974
884,0908
888,3800
886,5801
886,8180
884,5365
888,5227
886,8547
884,9560
883,4583
885,9570
887,9344
886,5129
886,7502
883,8355
887,2846
886,1359
886,2042
885,9916
884,6170
885,3429
888,3172
886,2734
883,5007
885,9169
889,2810
885,5887
887,1055
888,2265
886,7551
884,6727
886,4378
886,3674
885,8790
887,8251
887,7272
888,6286
886,6087
887,3554
884,4287
885,9856
886,9680
887,1955
884,8201
884,8455
888,6161
885,2673
888,7041
887,1951
887,2669
884,6175
882,9915
888,0387
887,5900
889,1076
883,5121
883,1181
886,3013
889,1736
884,2918
888,1551
887,5683
887,1821
885,0480
885,7849
888,3267
886,4317
882,2775
886,1459
884,5379
885,9022
887,7330
886,9185
886,3543
882,7793
887,9706
883,2242
882,9933
889,1046
883,7318
887,5436
887,0589
884,5033
887,6256
885,2670
884,3259
889,5448
887,4648
884,1260
887,0269
888,8548
882,8148
887,8747
884,3881
886,6190
890,1229
885,5280
886,9980
887,1432
887,7904
885,1896
882,2108
887,5741
888,3906
885,2757
888,7535
882,8510
885,6941
884,0805
884,6954
883,5869
885,9988
886,4253
887,1522
887,8428
885,7613
885,4125
887,9712
887,1869
886,0004
882,9036
887,6451
886,1426
886,0053
884,0334
887,1512
884,9139
886,9656
886,3564
884,1585
883,5004
888,0728
886,6103
884,1933
885,8065
886,7848
885,5887
885,0384
886,8741
885,2320
888,0039
887,0624
883,5807
884,1198
884,8133
885,9594
883,3975
886,6892
883,8381
886,8933
885,8548
888,7217
887,6675
887,0972
884,4102
884,9599
884,2476
887,6996
886,1702
887,2327
884,9908
884,2617
887,6190
885,1046
886,9016
885,0306
883,5690
886,3348
883,4251
885,1305
883,7211
889,2649
885,5333
887,1261
884,9679
885,0946
883,2932
885,0394
886,4173
886,0573
885,6317
888,2770
889,5721
885,5537
885,6158
885,0441
886,9398
888,4890
885,2791
885,7599
887,0781
886,3410
886,8470
887,3109
883,9168
884,0712
882,7298
887,1037
884,2127
888,0000
885,5039
886,0565
883,8257
887,2077
889,2034
886,9394
884,5587
885,7671
882,7838
886,6611
883,2167
885,9498
883,7531
887,3589
885,2009
884,4237
889,8845
884,8608
885,2704
887,6718
885,7020
883,9147
888,9461
885,1194
886,0472
888,0645
883,2694
888,3628
887,5685
886,1727
883,3688
883,9126
886,5019
885,6112
883,8954
883,2967
883,0779
884,8226
885,4113
887,3693
886,0525
886,0421
885,2065
887,9593
884,4108
886,8071
886,5526
883,7295
884,7358
886,6969
886,3419
889,1165
882,8596
885,9916
882,4256
887,6977
886,5769
886,8052
886,2784
885,3577
886,1941
888,1951
887,3894
882,4563
883,4965
882,8841
888,2889
889,3198
888,0879
886,4327
885,7156
885,5349
886,2362
888,5200
884,6296
887,3894
884,1758
885,1441
883,5821
888,0363
884,3424
884,5778
887,0532
886,0144
888,4882
887,1460
887,0396
885,1049
885,3136
885,4744
889,3457
886,0802
887,9532
887,5209
888,1349
888,3573
886,0220
888,0257
885,1771
884,6966
886,0913
885,1356
884,8410
885,9569
884,7263
884,5155
886,4223
891,0244
885,7994
884,5460
882,8319
885,0470
886,5857
886,1292
887,8663
886,7996
885,8987
884,4401
886,4180
885,9755
884,7489
886,4182
890,3752
887,1492
884,6230
882,0038
886,0692
885,8681
886,6073
886,9756
885,3868
889,2559
886,0704
886,7233
887,0070
888,7218
884,9896
882,5739
884,2679
886,5855
886,3929
888,5678
883,8157
885,3643
885,1315
886,8616
886,5230
883,3262
885,9065
885,4281
886,6043
883,8761
882,1676
886,9040
885,9548
885,6541
887,8500
884,5349
884,3765
883,6459
889,2924
885,4496
883,7744
885,6067
884,8994
887,3880
887,6632
886,3384
889,8121
884,2435
884,4904
886,1159
885,2485
888,0410
884,0098
884,8645
890,0712
889,5446
884,7324
885,8799
882,3680
884,3355
886,0734
887,9901
885,8799
885,3152
888,6319
885,0419
880,9654
886,9557
888,3074
886,4194
887,8299
885,9411
889,7074
884,9797
885,1945
891,1174
885,8149
888,1189
886,6480
885,2411
885,9203
883,8156
886,6553
887,0681
882,4090
882,5061
885,2485
886,0042
889,0285
884,1741
884,6539
886,1355
888,2416
885,5863
884,9678
885,5420
883,5340
884,6754
887,0770
889,7247
883,4500
884,8440
885,9590
885,7286
888,8889
886,3515
884,7971
885,6620
887,4725
888,0280
885,0676
884,6186
883,0641
885,9525
882,5816
889,3818
887,0523
885,6768
886,9261
883,0161
886,9743
884,8291
888,0308
885,6215
885,5443
886,3957
887,1471
887,2063
886,7565
884,6386
891,9425
884,5963
883,5263
886,9413
885,9236
884,3476
884,3775
887,5966
884,8710
886,2839
882,7322
887,3923
887,8021
886,3357
888,2823
885,6270
884,9429
887,4853
883,2156
886,9751
887,9147
886,8071
885,4117
888,2835
886,5460
886,0827
886,3041
884,5979
884,6671
888,4531
888,5455
884,5738
884,2509
887,4350
887,9380
885,4958
889,2912
887,3174
887,6535
887,7031
887,4946
886,3589
886,4300
886,4005
885,3447
886,3521
884,7465
885,8465
887,2130
886,6440
886,0295
886,6018
885,2932
886,3266
886,5871
882,1926
884,4836
885,8711
884,5265
884,3980
882,6622
886,3543
885,0393
882,3260
883,9933
886,2013
888,3570
888,6788
888,7566
885,4528
888,6273
885,3387
886,9634
887,5102
887,9930
884,7816
886,4799
886,2846
886,2331
887,4377
884,8694
885,9899
881,2239
886,8738
885,5091
887,7168
887,5070
885,8278
885,2297
887,5396
886,6612
886,1965
887,1871
885,1713
885,2324
885,9179
888,3927
885,3466
885,2033
888,7883
884,2383
886,9175
886,7654
886,5493
884,8563
886,4446
884,7431
886,9690
884,1334
886,8470
885,1130
883,9752
887,5638
885,9242
884,3945
886,3476
888,0531
889,1596
883,3452
884,8586
887,1827
888,5540
884,4561
886,5255
884,0571
886,4638
888,3633
885,8935
883,6713
882,3090
886,1348
886,9858
884,5571
883,5821
883,4834
883,8246
884,9008
885,3533
888,5869
884,0750
883,2313
885,3322
885,2987
887,0025
883,9442
886,3895
886,5039
887,3038
887,6927
884,1608
885,0006
885,8754
883,1310
883,0763
887,3651
887,6816
886,6919
887,6705
888,1137
886,9649
887,6101
884,5875
885,1414
888,5210
883,6694
885,0109
885,9341
886,4355
886,3756
886,6429
884,5710
887,2168
887,2088
883,7541
883,7912
888,7113
888,6711
884,6488
882,9566
881,3466
884,6805
885,5312
885,2789
885,4338
889,0752
885,9610
886,2494
886,5006
888,6936
883,1390
883,0342
886,6761
888,0253
886,4861
885,4198
884,1832
886,1028
887,3470
883,9505
885,9646
883,6239
884,7800
885,1139
884,3991
886,8512
886,3168
886,4857
884,4960
886,2330
884,1585
885,8643
886,2894
886,5139
884,9702
887,3305
887,0088
888,1120
887,2798
887,4704
885,5500
882,4237
882,0821
885,9470
885,4216
886,2748
884,0524
883,8676
884,8724
885,9867
886,0197
884,8056
887,1650
885,2023
884,2252
884,2421
886,6357
885,5109
884,4792
890,9274
886,1190
883,3780
888,0445
884,6061
886,9156
886,9795
883,6576
885,9362
884,3135
886,2854
887,6275
884,5238
886,4500
887,2809
884,3564
885,7850
887,6216
881,9276
885,9888
885,5737
884,2017
883,4685
890,7481
886,6333
887,7417
885,6247
888,6007
887,3151
887,1802
884,3661
885,9808
888,1015
886,1722
887,3495
881,8228
888,1228
883,6614
884,3134
886,9650
887,9968
886,6347
891,3487
887,0663
888,1435
883,9532
887,1327
887,1040
888,0300
890,9433
886,4171
886,7819
884,7015
887,4716
884,5782
884,2898
887,1510
887,7489
886,2691
886,0806
886,5569
884,6206
884,9454
887,2189
885,3987
884,1786
889,0634
887,6285
883,3332
885,0962
888,7824
884,3640
885,7426
884,9519
888,9559
886,5238
885,4404
887,9838
886,6712
884,9569
888,3607
883,6372
885,2108
884,2908
890,5877
888,5644
886,8147
887,7719
885,6987
886,8113
883,9275
888,3098
888,8242
886,4847
887,8332
883,8797
886,8912
885,9962
885,5284
885,0223
885,5605
883,4079
887,6755
885,8833
889,1540
887,0409
886,1103
886,9432
882,9545
888,4108
888,1898
881,8781
884,0943
885,1857
884,7410
888,5402
885,7139
886,1356
886,4419
886,1768
887,4962
886,0379
886,5418
887,0852
885,6080
886,6635
884,8539
887,6447
886,3768
882,1580
886,3815
884,4743
884,1140
885,9724
881,3278
882,5484
889,0670
885,1557
887,9301
889,2255
884,6243
886,6838
884,9913
885,5126
883,6691
885,2333
886,7457
887,4997
883,1793
883,5306
886,8826
885,9812
882,2965
883,7937
885,2575
886,7997
884,6068
886,1544
883,7189
885,4515
887,4605
884,8958
888,4553
884,3513
886,7060
889,0738
885,4554
885,0263
888,8581
885,8116
887,7395
884,6319
886,8595
885,9140
886,2749
888,1315
886,9964
884,5614
889,7580
884,5753
884,8877
883,6782
884,9687
885,7105
882,2901
888,2619
884,7752
886,0592
883,9420
888,8334
882,6757
885,3514
889,3654
885,8071
886,4167
887,0062
885,7162
887,1498
884,5310
888,0513
889,3418
886,1134
884,4170
890,1869
883,5211
882,6814
885,6388
884,0955
889,0050
884,8682
887,1764
883,4350
885,9578
886,0271
885,3538
885,5738
887,4196
884,4546
887,1986
882,1288
886,2023
886,5566
884,0168
886,8453
887,6770
885,1457
884,2139
891,1119
884,4438
886,1221
886,7001
886,2167
885,0096
886,3122
884,3263
887,1372
886,9440
888,1300
886,2116
885,8233
888,0596
884,6282
883,1770
884,3353
885,4723
886,6301
884,9839
882,3582
883,6540
883,3132
884,4351
886,0792
885,1773
887,1541
884,9311
886,9477
887,7610
882,1499
885,6326
883,4342
884,5400
892,7049
886,0272
885,9562
886,6342
885,9835
887,0054
886,6104
887,3460
884,8831
886,4077
885,2552
886,9717
887,1583
890,6571
889,8215
882,4179
886,4873
883,8132
887,2119
887,1585
886,7367
885,4994
887,0573
886,5936
884,7085
887,2709
889,4507
886,2479
888,4711
882,3622
886,9270
886,6909
890,0627
886,9138
886,6007
886,7370
883,0184
886,9767
885,2798
885,4565
885,7738
888,0321
886,4607
886,3357
884,4274
886,9353
884,7597
884,9983
884,7986
885,8032
886,5721
884,5376
891,0194
881,7947
884,5129
887,8335
885,5157
887,8774
885,7261
886,3627
888,0044
887,5988
886,4205
887,1623
881,6887
886,5002
884,9212
884,8908
887,2338
882,7205
885,3650
886,8966
888,7540
887,6935
884,8475
885,1199
885,6987
883,6458
885,4334
888,1474
884,2817
886,6013
889,1360
886,4704
890,1596
883,4906
885,1421
885,8048
887,9635
887,6364
886,2972
885,5696
886,9017
887,6243
887,1274
887,6316
886,9814
886,3591
884,6176
886,2064
885,7638
887,5741
886,4888
887,6761
885,1203
885,3249
888,2345
882,3090
887,2766
885,4225
885,2800
887,9755
887,0512
883,9019
887,1017
889,1569
883,8821
885,7752
887,7503
886,1337
886,8542
890,6979
885,9037
883,7286
885,3513
886,7160
888,4795
886,8113
887,1252
884,6421
884,8773
890,1634
889,1791
882,6690
882,4474
885,3789
885,6045
888,7154
881,9964
884,5825
887,9223
886,7727
889,2988
888,3632
884,2678
882,3650
887,3867
886,0945
885,8879
885,8916
887,5331
883,4276
884,6084
884,3302
883,6731
885,3925
884,7272
886,4675
889,1414
886,5693
883,1198
885,1851
886,3241
886,5611
887,4179
883,3144
886,5678
887,7495
887,4790
887,9883
884,6552
885,4236
885,9123
887,5156
885,4970
881,9125
886,2053
883,2325
888,3026
884,1334
886,8163
884,6511
886,3789
888,6758
886,5122
885,6921
885,4971
881,7458
884,9737
885,5201
886,5748
885,0964
886,8734
882,8350
886,6834
887,1669
885,3481
887,4257
885,0098
886,4869
885,1946
886,7343
887,7364
885,3336
885,1944
885,7128
885,7469
884,2122
887,1793
885,3644
883,7626
886,7190
885,3384
884,4707
886,1183
886,3421
886,5167
884,3182
885,7461
885,8854
883,7138
887,8255
886,8728
884,5511
885,6382
886,2004
886,7179
885,2904
886,7841
890,0206
888,8929
886,0330
888,9192
885,9141
886,2287
886,9507
885,0085
883,8822
885,2697
884,2879
887,7889
884,1530
883,5219
886,1231
884,6094
884,7456
886,2488
883,8749
885,9357
883,5667
886,7996
885,1467
884,5786
885,3560
885,1832
883,2329
887,0750
884,7190
884,8427
886,4890
889,9830
888,3070
886,3599
887,5789
883,5472
883,0199
885,5906
885,9923
887,5062
889,4068
884,7304
883,7275
888,1812
885,8379
887,5900
882,8909
886,8075
891,2978
883,7895
885,3463
887,3162
885,6180
886,7068
887,0728
885,7677
885,7752
888,1708
883,3942
884,6611
888,5995
886,7512
881,3859
888,2502
885,8047
888,8264
882,1508
883,6878
884,9661
886,4917
887,2310
886,7444
890,6394
887,1122
890,3362
881,4878
886,9477
886,1754
888,2038
884,3900
884,8209
887,3673
884,9625
884,4529
886,5678
889,0494
887,7155
887,1063
886,8355
889,1759
885,0115
886,3277
884,4240
888,6920
885,0058
886,2428
885,9410
885,0233
886,3904
882,6403
885,4047
884,8371
883,8736
889,6543
885,0220
886,9630
885,2386
888,5974
885,7751
886,4920
883,2534
887,0671
885,9805
886,1548
884,6548
885,6852
885,6759
887,4703
889,2019
886,0207
887,3660
889,8136
886,8098
884,1793
888,2165
882,9132
886,0565
884,7189
887,1298
885,2160
886,9195
887,2607
886,4804
882,5598
887,9863
887,4191
888,0038
885,3152
887,7224
883,9252
887,0446
885,7805
886,1264
886,0698
885,8850
885,0992
886,4969
886,5090
888,6703
888,1953
890,6759
885,8495
885,3311
884,8015
886,6424
888,1079
888,6203
887,5845
890,3833
886,6114
887,9491
885,5941
888,1204
886,4151
887,7176
885,5999
885,6702
885,2366
887,0821
882,7061
885,5238
885,3003
883,9404
886,4627
884,7790
888,0403
882,1951
887,5621
885,0757
885,0404
886,8595
889,2500
887,7399
887,4036
884,6039
885,7346
887,8391
884,2673
885,8650
885,4137
886,5948
886,4268
887,1662
883,7627
887,2209
886,1074
886,8673
886,0073
886,1151
886,1034
884,9821
885,8466
888,1179
883,9340
886,3385
887,8902
887,7404
887,7896
885,2709
886,0314
887,5461
884,9782
883,6159
892,1589
888,2823
883,1391
885,7939
886,4572
885,3795
884,5945
882,4873
885,3902
885,9514
885,8888
886,9131
887,6195
884,2544
885,4498
886,5140
884,0208
886,0327
886,8071
889,5214
884,4919
885,1262
885,3693
885,7892
885,4815
882,9805
884,4306
883,9159
887,4340
887,8445
882,7077
886,3639
881,6243
882,1734
888,7022
886,3882
885,2057
885,0378
884,4316
883,5657
887,4506
886,6051
887,2072
882,7944
886,3370
886,1082
884,7316
887,6399
884,0253
886,7466
885,2773
890,2513
887,2951
884,3575
887,9367
885,5004
883,3421
881,2021
886,3659
885,8349
884,9974
886,6645
886,8026
883,3814
884,9507
888,5136
883,9254
882,8179
891,8886
889,6491
883,4811
887,6442
885,1121
883,0385
884,1367
885,6038
885,8149
890,7905
886,4595
887,2864
883,1022
884,6946
887,4578
885,7452
888,6404
884,6516
884,9123
886,9122
888,1925
887,9782
890,0721
887,0821
884,1319
886,4670
885,6236
886,0655
884,9143
885,9531
888,7880
884,3360
887,7446
887,5908
885,0334
884,2188
887,5369
885,8074
887,3417
886,2440
885,3422
889,1847
886,4734
884,7904
887,9481
888,4992
886,0500
884,9315
884,7193
888,5645
884,3805
887,6830
886,1124
886,0291
888,1337
882,3157
886,5595
884,4871
888,1941
886,1518
881,8343
884,9994
887,8914
887,0912
886,3094
883,3295
884,3488
884,4985
887,0205
884,8509
887,8232
885,7602
883,0285
886,0500
885,8619
883,8080
885,9226
883,7217
887,1780
887,1709
883,1160
886,5193
884,1226
885,2502
884,7733
883,3856
886,9470
883,4807
886,7502
885,6449
887,5726
886,5384
883,4367
882,7702
885,9009
885,9342
885,0816
886,0873
887,6431
883,4507
885,9797
883,7803
887,1327
883,1668
884,2144
881,2309
889,5945
887,2318
885,7006
885,8071
883,3829
884,7324
884,9458
887,6584
885,1605
884,5755
886,4021
886,0159
884,7518
886,4820
885,1392
885,4738
885,8629
885,1551
886,9049
888,0446
886,9184
885,1725
882,1827
887,3602
887,3669
883,3139
884,5452
886,6832
887,6153
888,6938
886,0051
882,8093
885,8876
883,0270
884,6232
889,1075
886,8486
888,6088
890,1476
889,4677
885,9054
887,1607
886,5047
887,0099
886,7387
885,9266
888,5253
886,8461
884,1334
886,9821
887,3379
882,2595
887,2585
888,9177
885,3415
887,6418
887,5346
887,0529
885,6065
887,0253
884,0384
886,8322
889,7178
886,9053
884,0928
882,1671
884,6394
885,6817
882,2486
887,1898
886,7608
883,8664
887,2326
885,3564
886,0447
884,3936
883,7253
884,6938
885,9917
887,4146
887,0013
884,7278
887,3225
886,2081
883,8682
886,3731
885,1462
884,9894
885,8291
887,2157
884,7303
888,8277
887,4243
889,9515
887,9139
888,4906
887,1569
884,7019
887,5617
887,3600
884,8198
888,6361
886,2093
884,3034
887,8796
883,3203
885,6676
889,0887
887,1456
887,2122
884,8013
883,4382
883,8689
889,4616
886,9882
883,5374
887,3912
887,0308
884,7791
884,4176
886,5336
885,7279
887,8945
881,9441
886,1289
885,0282
890,9235
884,6033
886,8886
886,3640
885,8681
887,0289
887,5277
888,3196
883,6041
883,5227
882,6705
885,5615
884,6667
887,3921
887,5448
886,4267
885,1881
882,7669
888,6056
885,1666
884,4989
886,1268
888,1409
887,8102
886,4253
885,6990
885,6105
886,2338
883,2604
881,2074
884,8473
885,8799
885,2811
884,1455
885,7375
885,2831
885,3151
885,1329
884,5257
887,7345
885,0605
883,9069
886,3476
885,7192
887,5219
883,9098
888,7218
883,2674
888,9220
884,2668
886,0867
886,3526
886,8285
886,2314
885,9316
886,6520
884,5816
887,5227
888,3777
882,4411
887,4025
881,9502
888,6247
886,3766
883,4077
885,8106
886,6528
886,3230
882,4625
884,5490
885,8858
888,1882
885,4070
886,8046
885,0520
881,6450
886,7660
888,9322
880,9120
885,2632
883,4405
884,8730
885,5852
881,8428
886,9091
884,1459
883,6946
887,5903
884,7514
892,9708
886,1754
886,1557
884,8973
887,3076
885,9057
886,0142
886,4257
884,7502
885,1459
886,7297
885,3282
884,1329
884,8946
885,2481
886,5176
888,6563
884,3299
886,1736
887,0720
886,7025
884,5652
885,5526
891,0784
886,9522
882,2994
887,7750
885,3518
886,8862
887,9020
884,4319
884,5246
882,5711
888,9303
887,6713
886,4985
884,5992
886,7515
883,0110
885,9488
886,1304
884,8149
884,1175
885,8996
883,0065
886,9487
883,7068
883,6296
887,0512
886,2211
885,8706
888,8231
885,6008
884,7102
884,9333
886,1809
885,8544
885,2214
885,3583
885,7800
886,0768
884,4306
886,2133
883,9038
884,1426
887,7274
885,5312
885,4288
886,3469
887,3782
885,8058
888,5990
886,4814
886,7683
887,9201
885,1230
886,7412
884,1868
888,5392
886,5306
885,3465
885,2634
884,7648
888,0567
888,0233
887,9752
885,1748
887,4836
888,3403
888,6029
883,2657
886,3907
885,8829
888,0629
885,4570
886,7110
885,9315
885,2198
886,6061
883,9375
887,2194
885,2171
884,2987
891,1008
886,3798
884,7710
884,6386
883,4134
886,8709
887,1308
884,8521
888,7960
885,3217
887,9438
887,4020
887,2309
885,8710
880,9584
881,6572
886,6095
885,3804
887,7902
885,2021
884,7519
886,4239
888,5164
885,4367
885,3246
884,7762
884,8893
883,0792
880,5891
886,9562
887,3405
882,1933
884,7252
885,3577
887,7208
887,0302
885,9276
884,3662
884,2872
886,9890
885,9375
886,2246
884,7739
885,7148
887,0294
884,7214
886,1982
885,2198
886,9080
889,2817
885,2978
886,3374
889,3596
888,1144
884,9919
886,0970
884,7793
885,8830
884,5644
886,7815
887,4290
884,1038
884,6138
884,1195
885,8533
883,5298
886,4365
887,3585
883,2322
887,5398
888,1280
887,6227
888,0751
884,8141
886,3546
887,4065
888,8124
886,6893
888,0475
886,9181
885,7051
885,8484
885,6127
887,4051
892,3529
884,3238
884,9276
883,2324
884,2188
883,7201
884,1740
880,0777
885,1883
888,0080
887,2018
885,6534
886,2018
888,0654
885,7832
887,2162
885,4521
886,4249
884,1730
886,5661
887,1831
886,8508
888,4606
886,6393
886,7894
884,4669
886,3260
884,6723
887,4457
886,3230
884,8368
885,5404
887,7161
887,0804
888,5605
886,2435
885,5948
884,3451
887,1712
886,6226
886,7700
884,5525
881,9331
885,9107
882,0691
885,8892
884,3359
885,9663
885,5016
888,4906
889,2998
887,5529
887,7762
884,7511
883,6488
884,6766
886,4189
883,7387
887,9572
886,8916
883,9182
882,6449
887,9699
884,9861
884,0938
885,5546
886,8885
883,3823
887,4835
885,7668
884,2333
885,5344
887,3788
885,6317
882,3379
883,0465
887,8617
888,0431
885,8026
886,7470
885,1025
883,3466
883,3897
885,6886
885,4321
885,6101
885,5860
887,4407
887,0952
886,4532
885,9945
886,0316
887,8535
886,3145
887,8851
887,2539
884,9069
885,8347
885,4760
884,6200
888,2902
882,4405
887,0960
885,1440
883,4588
888,5365
885,4827
885,5125
883,7703
886,6734
887,4079
887,2290
886,8783
887,5882
883,0803
885,0435
885,6202
887,3786
888,3924
884,4106
885,6213
888,9432
886,9765
889,7056
888,0717
883,7452
884,6936
890,6672
886,7143
887,5339
886,0411
884,8630
887,4655
886,6562
888,0031
884,6853
885,4748
882,4265
887,5115
885,8796
884,8588
884,7591
886,7015
884,6468
885,4718
886,4877
884,8742
888,0372
885,6379
885,0525
889,7524
886,3770
885,4507
885,2238
881,1664
887,2464
887,4223
886,9727
884,8206
887,2186
887,2865
884,0984
885,2198
884,6795
886,2170
887,7488
885,9636
887,9223
887,1151
886,7150
888,0914
886,7276
884,7647
885,4194
888,8946
883,3825
886,9455
886,1832
887,9686
889,5969
883,5334
886,2579
884,2217
883,6504
888,0932
883,9107
886,3171
884,3768
886,8842
885,7239
885,7875
886,9142
884,2945
885,7737
885,0913
887,1119
885,1041
883,5839
884,4816
882,9492
884,7114
885,8014
888,3401
889,0351
886,5131
885,9764
886,8178
884,1118
886,7391
886,2143
887,9383
888,2651
885,1136
887,2029
885,0311
882,4347
883,6207
888,4856
881,7108
883,9202
887,5771
885,5244
887,5041
887,4263
883,7904
886,0629
888,4251
887,6334
885,0573
885,8300
884,5173
885,4476
888,4836
887,8623
888,1196
885,6685
884,8384
886,7538
885,8519
887,6058
884,4193
882,9558
887,0598
884,1921
886,8456
888,1176
882,8587
886,9033
886,7934
887,5891
888,2057
884,6851
886,0407
887,4268
885,0034
888,6118
885,1075
889,1022
887,0683
889,7135
888,0313
888,1839
885,1295
883,6653
887,8931
883,7634
884,5699
888,5429
883,1006
884,0153
888,8402
886,2203
885,1198
883,5151
887,3463
887,3908
885,6441
886,1812
885,4188
887,0212
885,3486
885,7390
889,0483
882,1826
885,9781
884,7845
884,6851
887,6450
885,5861
884,8489
884,9222
888,2848
886,5748
888,1072
886,7482
884,8152
885,6970
886,6245
884,9495
886,9691
888,1963
885,9049
887,1978
888,3412
887,2123
887,6470
886,4329
885,5529
886,7205
884,8062
885,9744
888,1353
886,4311
889,1724
884,5203
885,0517
883,5195
886,0700
883,7580
885,1986
886,9937
882,0458
887,2834
885,3636
885,6836
883,5276
886,9433
886,5300
886,5292
885,2262
887,1550
886,3354
884,4260
884,8923
886,1276
885,8831
887,7190
885,1585
886,9015
889,5553
883,6882
884,9343
887,6819
886,2743
884,7081
884,6036
884,2145
886,5783
885,4872
885,8761
884,3666
886,7080
883,4911
883,3702
885,5307
888,8525
884,3682
885,5379
885,9415
882,6578
886,3858
883,3779
887,2824
885,5783
886,7288
888,4794
887,0171
887,0690
885,2163
884,6606
885,9246
885,0042
885,2351
884,9649
887,5855
883,4337
889,3657
886,9096
883,5306
882,2238
886,0184
885,4206
884,4045
887,1082
886,0921
888,5873
886,5013
885,2597
887,1953
884,8723
886,8080
883,9800
884,8216
886,6421
883,9431
886,2457
887,3582
886,7055
884,3363
887,7896
888,3212
888,3277
886,1648
885,9173
883,9548
887,4140
885,5205
882,9509
884,9172
886,2898
885,7541
886,6832
883,6164
887,4753
886,3945
888,9619
888,4850
886,6739
887,1829
888,8106
887,6481
885,7064
886,7461
886,3232
884,5151
885,9080
887,2515
885,4064
884,2206
883,7894
885,6984
886,3192
887,6572
885,4634
887,7874
884,9524
884,4039
889,1672
886,7170
887,7715
890,4735
884,5849
884,8702
884,7158
885,9976
885,6402
884,1570
882,6107
884,8790
890,7406
884,2682
885,3304
887,9754
885,4568
886,4343
886,5991
887,4716
885,4714
886,6699
886,4788
884,1547
886,2395
885,4333
884,9925
884,9861
887,6158
887,0500
885,2957
887,9098
885,4579
888,4792
887,4217
885,4265
885,2144
885,2309
889,1369
889,1264
887,0413
883,8203
885,2988
884,0046
885,2903
884,7349
884,6270
886,5212
885,0824
886,3490
885,4526
887,2892
884,0832
883,9604
888,1676
886,0075
885,6140
888,6099
884,2333
882,3418
886,2509
883,9891
887,1048
883,9190
883,1633
885,8480
887,0209
888,6869
886,0484
888,3239
885,4834
889,1589
885,8606
885,9786
886,2567
886,7669
884,3400
885,5088
888,8106
884,1151
886,8429
888,0152
887,0876
885,6928
886,4331
885,4742
883,1518
883,4950
888,5534
888,3957
887,0547
885,3712
883,8742
885,1935
889,0716
886,5616
886,2422
885,7775
886,8680
886,5713
882,7485
883,6343
883,2883
884,0628
885,0574
887,1933
885,1530
887,2052
883,6109
887,9883
886,3352
885,5383
882,7452
888,6063
886,9250
884,4861
885,2258
885,9877
884,0608
884,1278
887,5079
886,4577
884,4681
887,9078
887,5836
888,8572
882,4551
885,7971
886,3506
889,1883
885,8379
883,2451
884,5490
884,5539
887,0291
886,6912
884,8764
887,7414
885,4391
885,1713
885,4894
885,7333
886,0308
887,1079
884,9249
885,6047
887,1273
887,4739
886,0073
885,3373
883,3882
885,6875
889,0224
886,9468
887,1517
887,1988
886,5947
887,1721
887,2070
885,8385
888,8024
888,4336
885,4365
888,1380
884,5172
887,9384
884,1450
889,6821
887,7438
886,5735
886,9328
884,7356
885,4463
885,0814
886,7052
885,6221
881,1326
884,4637
886,5669
884,8768
886,9073
887,3199
884,2549
887,3083
885,6770
886,7010
886,6932
886,2903
884,7034
885,5731
883,9384
887,5945
884,4567
886,4250
888,1932
886,3688
883,5103
885,9378
885,0948
884,9371
888,0238
883,3248
887,2001
886,4333
883,3960
886,0029
886,1497
886,7868
885,7345
886,1501
888,0633
886,1021
884,6317
885,3805
886,2155
887,4348
885,4882
887,9005
886,1921
886,8129
886,8436
886,3222
884,9740
887,3057
885,9382
886,1880
886,1357
887,1778
884,2813
887,0865
883,7658
888,8114
887,3636
887,3466
885,5461
884,6529
890,3998
886,9790
886,2579
884,5678
888,4863
885,0346
886,7467
887,0589
886,5329
887,0724
887,3645
887,2723
882,9643
886,6664
887,4110
886,1851
886,7120
884,2281
885,6223
888,1144
885,3209
887,4321
886,2142
887,2432
887,3530
884,7013
885,2821
884,4107
887,2666
885,3574
885,9645
884,3784
886,6929
885,0724
881,9856
884,7863
886,5425
887,0996
883,9123
888,7345
885,7278
887,7525
889,1428
885,0547
882,3110
885,8485
886,3610
884,6716
886,6478
885,1687
886,8162
889,2883
886,4429
886,5890
886,6609
884,7044
884,2955
888,1427
884,0670
885,5994
887,7856
887,2400
884,1345
884,3665
889,1850
887,7127
884,7354
889,5250
889,9959
887,7569
884,2935
887,4862
884,1186
883,8983
885,8104
885,0412
887,6164
885,3843
886,9319
883,6537
886,4460
884,2889
883,6898
884,9850
884,5238
886,2760
888,8043
885,9280
886,7560
885,8385
881,8726
886,0373
887,4485
886,0915
889,1113
889,8597
885,7895
885,1196
883,6340
886,6213
886,3916
884,7817
886,2455
884,7301
884,6618
884,7343
887,2195
883,5368
886,8555
888,5392
884,4211
887,8967
885,4510
886,1267
889,8234
886,3443
883,5970
886,3130
889,5753
884,1028
885,0944
886,2998
886,4938
886,7350
883,4214
889,9960
885,5818
888,1184
883,2464
884,3010
886,2597
886,4167
885,6857
886,3979
883,2986
885,9692
886,3745
886,1301
887,3991
884,3427
886,7232
886,0013
885,2479
885,5074
884,1689
885,2852
888,4341
883,8499
886,0333
885,5153
887,5423
883,2775
885,0238
884,7529
884,7284
887,1777
881,4637
884,2679
889,9823
885,3835
884,6879
889,2502
882,2753
882,1165
884,6442
885,3887
885,6776
888,8315
887,4770
885,4733
890,4481
885,2326
885,5274
886,5580
886,3148
887,2264
883,5058
886,9108
884,0516
884,6768
884,9669
885,2792
886,4587
885,4431
886,7911
881,8757
883,9900
888,7956
887,2395
882,6654
883,4457
888,5205
886,0195
887,4009
884,7311
887,1744
884,4559
884,7404
885,4928
884,4741
884,8446
888,6602
887,4989
883,5804
884,7156
884,9253
883,4213
885,8558
883,9142
882,5525
886,2049
886,7491
885,6385
885,4873
884,9656
886,1677
885,5683
887,4397
885,4861
880,6686
887,0106
885,4112
883,3931
885,1126
889,1473
882,8429
885,0714
885,2862
884,3752
885,5858
887,8926
888,9624
886,2348
882,8198
885,6461
886,9962
885,5044
887,2813
890,9383
885,8278
888,9475
886,8500
886,1935
885,3860
890,2394
886,9686
885,6542
889,0910
886,3367
888,1592
886,0212
882,0953
886,3003
888,1549
886,3175
886,2733
884,6097
882,0200
887,7947
884,6172
888,1685
887,0703
886,5700
884,0413
886,4908
884,3612
887,0987
887,8792
886,9457
886,1670
890,1852
885,8857
888,4351
886,1034
884,5798
885,2066
886,1299
886,6616
885,5695
886,2235
886,1562
884,5418
881,6307
885,6912
886,4816
887,4126
886,5458
884,8565
884,3355
883,3321
887,8993
889,7374
886,8942
886,7715
884,0913
885,9230
885,7791
886,9736
886,6748
887,3417
881,4652
884,8009
883,0567
886,0622
887,0323
885,7682
886,6426
886,3627
886,7339
886,7398
884,2969
887,4632
884,2358
889,3772
887,4719
885,6109
884,6463
888,6818
887,3271
884,7777
884,7974
887,7220
886,5990
884,5104
886,6465
886,2664
886,7368
885,5682
883,9946
887,7124
883,4730
886,1156
886,8793
885,5751
886,8688
888,4269
883,9587
888,4111
884,4065
886,9709
884,1349
886,2428
883,7190
885,0892
885,1903
887,6959
886,1736
885,0059
888,1359
882,8930
885,8803
887,4865
886,8109
885,1902
888,7423
886,0211
884,2408
885,0519
889,5973
889,5417
890,2977
884,4150
886,2228
886,9846
882,1419
883,6507
883,0889
883,8493
884,2416
885,8870
885,5251
884,4583
884,7011
886,0405
885,3433
886,0860
886,9951
887,6556
885,8515
886,6809
883,4022
886,3121
888,8887
887,4647
889,5098
886,9584
886,8306
886,2348
889,3066
885,8541
886,6047
884,8186
886,1617
885,3542
885,3516
887,3389
885,1617
886,3870
888,0421
884,1529
884,3621
887,7337
888,0375
880,8587
882,7964
889,9789
887,8970
885,0474
882,0134
884,9654
884,7990
887,9616
886,5241
884,7788
884,9171
884,0639
885,0637
884,9607
884,8679
886,4525
888,8191
886,7593
884,7800
884,3286
883,4310
888,1239
890,4811
888,4360
885,6648
888,1590
888,5950
887,8136
888,0233
886,4545
884,6234
886,9181
885,1621
886,9607
887,4825
886,1386
885,5073
887,4692
887,1058
888,0604
886,5883
886,9698
884,9471
887,4438
887,6968
886,1138
885,7618
885,0519
885,5844
885,3979
884,4680
884,3068
886,9909
888,2364
882,6451
884,3181
884,3754
884,9314
884,7443
887,7073
884,7750
884,9771
888,4135
884,9764
888,7864
886,6032
886,2188
886,0930
886,8563
885,9314
887,1021
886,2468
885,4670
889,3523
886,3582
888,4573
886,4646
887,5480
884,5662
885,6985
886,1662
887,4522
882,1856
885,9257
884,1328
887,8817
883,5983
886,2231
886,5819
887,5384
888,9964
880,3038
887,8428
883,8473
883,6087
887,0043
887,4612
882,1111
886,6172
888,2884
888,9406
885,1918
883,6928
881,8369
888,8662
882,6053
884,5012
883,2180
885,0357
885,4061
883,2722
885,8374
884,3163
885,2704
886,5623
888,4043
884,0154
886,0086
886,1865
885,7161
885,8118
886,9047
886,1237
884,3867
886,8952
885,3890
886,7893
885,1553
885,4938
886,4357
883,9462
885,5096
885,5386
880,3955
888,6732
884,9737
888,1421
888,3762
886,4859
886,8485
884,4929
886,2298
889,1355
885,3385
883,0661
884,9422
887,1991
889,1840
887,3629
886,8844
890,4593
884,1351
885,2296
885,1102
885,3569
884,7917
888,0044
889,1815
883,9194
887,0022
883,2279
887,8038
883,7535
886,7848
886,8888
883,8859
884,6387
884,7463
887,9103
884,0532
881,9945
888,3100
886,2280
886,7983
885,8298
886,1228
885,2438
886,3145
884,4786
889,0327
886,2349
883,9908
884,9429
885,3431
884,3507
885,5898
884,9878
883,9173
885,2590
884,4230
886,3905
887,4619
886,3915
885,8907
884,5408
886,4088
887,5621
890,5049
886,2643
887,2301
885,0221
887,5963
882,4795
888,9902
884,8426
887,2141
885,7909
886,0752
884,9791
888,2147
885,2089
885,2903
883,8015
885,8634
883,9430
883,7802
887,0542
884,9387
886,1526
886,2751
887,2362
885,2284
887,4252
884,1307
886,7452
888,4426
887,8655
885,3547
887,3287
884,6610
884,4594
882,3758
885,3000
888,2315
885,4915
887,8536
887,6548
887,0205
889,1407
885,7988
885,1187
883,9627
888,0483
885,3329
888,3073
888,0818
885,1426
885,3824
887,8121
886,5226
885,8667
883,0378
884,3931
885,3229
888,5360
884,0962
886,9110
884,4836
884,5562
888,6042
891,7821
887,8326
886,9107
882,7402
888,1170
886,4010
885,3098
887,2230
887,6496
883,7579
884,9209
884,1865
885,8429
886,6093
885,4649
883,7044
880,1989
886,0763
885,2347
888,7239
886,1029
885,9253
882,7765
885,3170
885,4170
884,8237
888,4384
887,2446
885,7760
882,9471
887,7045
886,8706
887,8322
886,9120
885,9884
887,1634
888,1942
884,9220
883,6767
883,3261
888,0228
884,6348
886,3197
885,7973
885,9476
884,1919
887,4605
885,2457
885,3809
886,9862
887,7126
885,0774
889,1868
886,6086
886,3109
882,7907
887,0753
884,6906
885,6313
885,1062
886,4842
887,1385
884,8068
887,4051
885,9122
881,8539
885,9667
885,9101
884,9350
887,2262
887,1711
888,8162
888,0460
882,0962
884,9425
885,6272
883,8541
886,4037
886,9601
884,1734
887,9528
888,0442
888,9350
884,9483
882,8410
888,0786
884,6889
883,6227
882,4505
885,7637
885,7474
885,8141
884,9271
882,9081
884,8902
883,9320
886,9746
885,4023
885,3576
883,0205
887,1509
888,1976
884,2622
887,7843
883,9986
888,4285
886,6811
886,4567
884,9404
887,2574
885,2669
885,4428
886,8822
885,4770
885,3992
883,7512
884,7743
883,9856
887,1327
887,7961
884,7276
885,6706
883,9106
884,4451
886,1555
886,3875
885,5886
885,4717
886,8472
885,4969
883,1636
886,9426
887,1266
887,9328
887,0234
885,0689
887,0029
884,8989
887,7627
886,5682
884,9828
886,9286
884,4791
886,0180
884,8721
883,9873
887,4073
884,9724
883,9515
886,4376
888,0032
882,9816
886,4884
887,0493
888,5238
885,6164
885,7895
883,0197
885,1841
886,9084
883,4420
887,5160
888,6817
886,5778
886,8562
887,2424
885,3776
884,9080
886,1996
886,0248
882,2850
885,1394
885,1503
885,3873
886,3888
888,0667
887,5437
886,2176
883,4126
890,0806
885,6376
883,2358
886,7840
887,5410
883,8543
883,4680
885,0141
885,0757
886,7363
890,0296
886,8515
886,4257
887,7307
886,0434
885,0233
886,3097
885,4942
886,0419
886,0947
886,5846
885,6877
883,0547
883,0715
886,6109
883,2291
884,6265
885,4199
884,5776
884,8291
886,7278
884,1047
886,6568
887,3465
886,7025
887,1119
885,1415
885,7817
884,6670
887,0097
884,8464
884,8171
885,7599
884,9019
890,7699
885,7770
883,9743
887,4682
884,6086
883,3881
885,7311
887,0601
888,2633
882,6900
885,6860
887,9018
881,7545
889,0002
884,6434
885,4694
884,2698
885,8285
885,2817
889,3119
884,6895
885,2455
885,8562
887,3691
885,4683
885,5825
883,2182
887,9105
887,2765
882,3563
885,1026
884,4322
887,2146
884,4946
884,8715
884,4107
884,5080
883,8029
883,8053
887,5764
886,3050
881,8773
886,4204
885,5926
883,2702
887,6110
884,6129
886,8673
887,5982
886,9820
884,6902
885,3612
887,0930
888,6643
885,0017
886,1343
887,2026
884,2609
884,8128
887,7465
885,6113
886,6789
886,8667
887,7942
884,0440
880,5228
885,6067
884,0895
884,7960
888,3307
885,6178
887,2187
883,6478
884,5225
887,0306
889,1345
885,8688
884,3636
888,6078
881,3361
886,7455
890,4062
882,8986
886,5768
883,6593
883,2411
885,1496
884,8142
884,1276
882,0174
888,7613
885,5832
885,4019
885,1140
887,6576
887,9321
886,2035
884,0607
883,1456
888,7977
882,1482
886,6303
885,1977
883,2273
885,3261
888,2584
885,4737
885,4039
885,9777
885,1403
886,1129
885,4130
888,5903
887,1534
885,0575
884,2295
889,6471
883,5634
885,8515
885,0982
888,2004
885,1253
884,0960
888,3327
888,2101
887,1338
888,2664
885,4474
888,0526
885,2330
886,0726
888,3524
888,3405
887,4561
885,9039
883,3155
886,9147
886,3599
885,2918
888,5698
888,1419
885,9708
883,4948
883,9822
887,9179
887,5910
883,6671
888,7733
887,4458
884,8522
885,8888
887,6842
885,9562
890,2957
888,5761
883,7936
886,6369
885,1240
887,5851
885,7586
887,4212
885,3115
884,8204
886,6791
884,2880
887,4665
887,5438
882,4525
886,8426
884,5423
886,9796
888,5717
887,2776
884,5365
882,7095
885,2908
888,1820
883,5048
886,1465
885,8262
885,6921
886,2551
886,2400
883,6429
887,8954
884,8777
887,3533
888,2809
884,0770
886,6567
886,3841
885,2919
883,3556
886,8373
891,2983
887,1353
885,7236
889,0039
885,4654
885,1144
884,5696
883,9082
886,6439
884,7499
882,0149
886,5596
886,3066
886,4986
883,3416
885,2606
888,1997
886,4368
886,3199
891,0656
885,6256
884,9947
884,5990
889,5065
885,8647
885,4494
883,7114
888,1571
886,2237
883,3269
886,0891
885,4739
885,1144
887,0122
885,4512
884,1725
883,7478
884,6928
883,9186
886,2357
887,3000
884,4115
889,9331
890,0251
885,6142
884,7191
885,6469
886,7603
883,3580
884,4602
884,6993
886,2209
887,4515
887,7244
887,1970
884,7080
883,4551
886,6677
887,3171
885,0846
885,5618
886,6095
883,5481
885,0197
886,1461
886,7977
890,6205
886,2946
885,5225
886,5025
886,4044
887,0982
887,8478
884,3789
884,5164
885,8016
889,8793
885,7561
886,9460
882,6441
883,5438
886,5890
886,2237
887,8216
885,1849
884,1222
886,9424
882,5389
886,2248
889,1323
884,3478
887,1220
888,2288
886,8601
885,5731
885,5463
886,3131
885,2786
887,4564
886,2236
885,0463
889,3993
886,9041
883,5864
886,3101
884,0919
886,3971
885,9249
888,1852
883,7133
886,4814
884,0237
884,4706
885,6978
884,1416
887,0091
886,2647
886,4720
882,7692
884,2296
884,1338
885,9636
884,2515
884,0501
888,8968
886,6319
884,3063
885,6026
885,1579
888,3587
883,2780
886,5065
887,4502
887,2007
883,3717
885,7692
886,1022
886,6974
884,7711
884,4333
886,5623
884,8784
886,0855
889,2028
886,6218
887,0135
885,6627
884,6189
886,0588
886,9868
887,5750
885,9618
884,3423
885,4284
884,7188
889,0660
891,9263
886,4120
887,6762
887,8662
886,4049
887,3865
886,4783
887,4008
884,6582
887,2166
885,7809
882,7308
886,5751
887,0944
883,9743
885,7360
885,8002
884,4548
887,3672
885,3110
883,1373
887,8644
884,9610
885,8649
884,5688
885,6292
887,6559
888,5690
889,0273
886,4560
886,0634
884,8605
884,5826
887,7534
891,5570
884,8417
886,8215
884,0158
885,0555
884,8913
885,0029
883,6294
886,9088
884,8696
886,3897
884,4959
883,0765
884,0533
887,3141
882,6637
885,1950
886,9314
883,9279
887,0742
886,3968
884,5472
887,4825
881,5290
889,0752
883,9503
885,0769
888,4134
886,1417
887,3841
883,3724
885,4805
885,4550
890,0433
888,2450
887,6609
887,9462
885,2958
884,5495
886,6337
884,7670
885,1773
884,7687
887,8794
883,9929
885,3180
886,2147
882,6860
885,6349
885,5683
883,7035
887,8812
883,9992
882,2684
887,4340
887,0366
883,8522
886,1350
886,0420
884,2822
885,1302
891,3000
886,5546
883,3932
887,8638
889,3143
887,6636
885,0258
886,0746
885,8337
884,2450
884,5618
886,4719
886,2413
887,3116
884,7377
889,5063
885,6544
883,1708
886,1737
888,1036
885,6159
883,7259
882,4993
888,3080
887,0904
885,6832
887,5653
886,1530
888,3066
885,7888
884,5895
886,3719
886,1951
888,6498
884,3085
887,0226
887,7294
885,3490
887,3955
885,0159
887,5445
885,2821
884,0196
887,0137
884,4819
886,5497
882,8904
884,8828
884,9657
886,6665
885,5630
884,8897
883,5482
885,9763
886,7903
887,1822
883,8828
883,4297
886,9531
883,8401
889,1260
886,8407
884,5249
886,3712
887,9887
883,8804
885,5627
886,9197
883,7342
886,7563
883,6577
884,2323
886,7164
882,0998
882,8921
883,8526
885,8338
887,9729
884,9995
886,7565
888,3157
885,9567
887,0849
884,8041
887,5511
884,5276
885,0379
885,8390
885,8237
885,5126
887,1996
886,5153
883,9634
886,2441
886,6283
889,2548
884,9083
884,5428
885,2774
885,3023
882,8530
885,8501
888,0861
886,1707
885,0161
888,3717
887,5334
884,6432
885,8313
882,6973
884,5190
886,0475
884,2595
887,5817
888,4723
885,8420
886,0811
888,5681
888,7249
884,5303
887,2774
884,0367
890,0623
883,5522
884,7414
885,7494
885,5810
886,2228
883,2380
885,4357
885,2841
886,5732
885,2533
885,3718
884,7813
887,2885
885,5585
885,9911
888,3021
885,9487
887,5640
884,1787
884,9807
883,8507
883,5874
886,6754
887,2830
885,9589
883,9572
888,8226
888,8472
886,4758
885,8636
886,3570
885,1175
886,2240
888,7153
887,9398
889,2294
885,7737
886,8806
888,7097
886,8749
884,4781
885,6243
885,0418
882,3454
886,1028
883,1684
885,0083
885,6819
885,5073
885,2097
884,7139
886,1722
887,0653
885,6736
881,3624
886,1988
886,4296
887,2349
885,5570
888,9222
885,6804
887,2436
886,2307
885,0663
886,5468
884,2694
885,8109
885,6595
888,0022
884,7418
882,9876
886,3611
885,7485
888,2258
889,4294
885,0506
887,4989
885,7208
882,0795
886,7336
884,4129
887,1196
887,3974
886,5299
885,7067
884,3718
889,3288
884,7609
885,5949
883,8616
886,3667
887,2744
886,6595
886,0011
885,0774
883,6665
885,3493
884,8169
886,4827
883,9757
885,2730
888,1733
886,8543
886,0972
883,9382
883,2768
887,1587
887,3208
882,5666
884,2996
884,6783
887,9959
886,2882
887,7087
887,0890
885,0168
887,7717
886,9107
884,3300
887,6297
885,8869
885,9007
886,1974
885,0112
886,4341
885,9676
885,1956
887,8050
883,4750
888,1262
889,2958
887,0766
885,5692
884,3874
888,1947
883,9411
884,0415
884,6624
886,8250
885,9825
884,8281
884,8745
888,4676
889,7650
888,5974
884,7468
883,9548
884,2917
887,8131
886,6153
885,4986
886,8035
885,6406
883,7794
886,3024
886,2424
886,4651
885,1280
888,0691
890,2788
889,0749
887,2878
883,5054
885,1350
883,5941
886,5827
884,6984
883,9184
883,5717
886,0500
887,4834
887,0972
884,1028
886,9955
886,5355
885,4021
886,6217
885,9515
884,4462
885,3556
886,0534
886,5772
883,4543
883,3940
889,8528
885,4096
883,8246
884,7749
887,3184
881,9869
883,7228
888,0509
886,7358
887,7250
884,8009
884,4981
886,2916
886,7656
884,2716
885,8864
884,1920
884,7798
885,3853
888,4907
887,2398
884,1710
885,1057
885,4801
886,1616
881,9948
887,3957
883,9602
885,0747
887,9278
883,5590
886,7734
886,6751
887,8502
887,1434
884,1147
885,6444
883,7620
882,6397
884,9986
887,8877
886,7730
885,6143
884,6977
886,4688
882,9771
885,9585
886,9815
888,6863
890,5040
886,3630
889,3073
883,1889
886,6532
886,8863
886,0342
887,0723
886,0099
885,7602
885,3681
888,8309
885,0006
887,9500
886,0376
886,5409
884,0631
884,8973
887,5861
889,5985
886,9293
886,2470
887,0609
887,3363
886,2679
883,8621
884,9578
886,5077
885,8041
887,8576
887,8426
886,2128
886,5805
889,6149
888,7641
884,9688
890,0538
890,1045
883,7781
889,0082
886,0475
885,9099
885,8380
886,0884
886,1814
883,3414
885,8416
885,2299
883,4726
891,3042
886,8910
886,5412
885,6943
887,3977
887,0474
888,6131
884,2479
886,0868
884,8652
887,7391
886,4548
884,8116
885,4701
886,7629
887,0419
884,0813
885,2908
889,4225
884,6671
887,9419
888,2372
887,3612
886,2444
886,6203
885,7357
887,7236
887,4067
889,2568
887,3919
886,0251
887,0884
883,4428
886,6194
884,7411
886,5453
883,3457
883,8529
883,0199
885,5981
886,4356
886,7515
884,6578
883,1817
885,3017
883,7856
888,2622
888,0273
886,6737
887,2411
884,1367
884,1003
889,9965
884,5548
886,9515
886,9935
889,0767
885,8371
885,1361
889,0458
889,7251
884,6288
886,9008
886,8219
882,7153
883,3510
887,7444
886,9107
885,8590
882,7076
884,0451
884,3259
881,7092
884,4474
886,6714
885,6878
885,6636
885,4372
884,1532
883,7367
888,1973
883,3329
888,0861
886,0561
886,6973
889,3519
887,0176
884,4101
883,1222
888,4051
884,6347
889,3763
888,2089
884,8542
886,8166
886,3571
887,0180
885,3961
887,2834
885,1844
889,5886
886,8114
886,1292
887,2275
887,6158
884,9252
886,5610
883,3147
886,4055
884,3402
887,0224
882,6596
885,5018
882,4277
890,0648
884,9951
888,6903
884,6505
886,1332
888,2720
883,6682
887,4242
882,7482
888,6887
885,8800
888,0262
882,3038
884,8826
887,7362
886,5513
887,6039
886,8534
883,6719
887,1957
886,9523
886,7280
885,8577
881,6030
886,6108
888,1224
884,5236
884,1572
886,1524
887,4935
884,6814
887,0328
888,8446
883,6254
884,7314
885,9288
882,4132
888,2781
886,4883
885,9362
882,9822
887,2572
885,6821
885,4142
885,1185
886,5284
886,6026
884,8299
885,7666
886,7049
885,1375
884,5990
887,8667
885,6727
888,2893
885,0768
889,1788
884,9067
886,9332
884,7103
883,5461
883,7714
884,5562
888,0756
885,9776
887,0633
887,2654
883,7913
884,6659
886,7635
885,1748
885,7742
882,9584
885,5104
886,2287
884,9733
885,4960
881,8400
883,6742
889,2381
887,0307
884,7809
887,2597
888,6660
887,4177
889,2902
886,5937
884,9593
883,8739
888,1418
886,2568
886,6410
885,2062
885,7532
882,1901
883,1702
884,8872
883,7074
886,9400
888,9055
885,1340
881,4977
890,3554
887,3765
886,8217
885,5736
885,5526
885,0659
886,0652
888,2701
887,0524
887,8870
886,9009
887,4749
883,0465
886,7139
885,2492
886,2470
885,1449
886,2058
886,5105
888,7367
888,9561
885,8148
886,2997
886,2172
887,6884
883,3036
883,6821
886,0032
885,2704
886,1156
884,7906
885,1408
886,2272
886,4525
883,8673
885,4883
882,5388
885,4022
888,1792
883,7164
881,5719
882,9906
887,0999
884,9318
883,4697
881,9567
886,6560
887,7241
885,8384
883,4992
885,6120
886,4546
883,8297
886,6570
889,1724
884,0192
888,4349
884,4801
883,1326
885,6995
886,6107
886,3041
888,1816
889,0373
884,9941
884,6343
886,8827
882,0718
885,2717
885,1339
885,0803
886,0361
883,7111
886,6977
884,5815
885,1590
885,4502
886,6001
888,4834
888,6746
886,6402
883,6799
885,2961
887,0114
886,9747
886,8339
884,8487
885,3633
886,5388
886,8617
883,1180
886,3094
886,5256
886,1864
887,7352
889,3783
884,9987
885,5018
886,1495
884,6630
888,3661
885,9178
888,5381
886,5787
888,4026
887,0102
888,5823
886,4512
888,7280
885,7743
886,9138
883,9389
885,8399
886,4946
888,1075
886,4025
888,0584
890,4048
884,2079
884,8122
887,7006
884,4881
885,8655
886,7513
886,1503
891,5810
884,2034
886,6111
886,6394
886,0627
886,3666
884,0646
890,1821
886,1108
887,3795
887,0298
886,0895
886,3336
885,0586
885,1166
884,5787
883,3302
885,5345
885,0168
885,3633
887,4567
887,1551
886,9303
886,3335
886,4784
888,0762
885,1070
883,9777
887,0188
884,0667
885,9249
886,0200
882,9199
885,0141
888,1678
885,8194
881,9796
885,4081
886,3969
889,1237
887,5469
885,1254
885,6183
884,4496
886,2948
888,0586
885,3045
884,6676
887,3591
888,7516
884,6095
887,0867
884,9019
884,7082
885,6479
886,8972
885,1692
887,4281
885,9402
887,3915
883,2889
887,3678
886,8314
884,4500
886,1849
885,5821
887,1014
884,4229
887,1926
887,5917
886,7025
884,9299
884,7075
886,2996
884,6648
885,5146
886,9630
884,2100
887,1019
885,9940
882,5721
889,2864
882,9952
885,0681
886,2109
884,5529
881,3873
883,6730
886,3412
885,6898
887,2475
888,2437
888,7037
886,4152
884,2860
888,6681
885,7627
884,2219
886,4989
883,4848
885,8566
884,3627
885,5510
883,6973
887,1524
884,4547
887,4381
890,6303
883,5864
886,6748
887,8833
886,5964
885,9803
888,5808
887,2731
887,8867
884,9480
885,9096
886,7336
886,3017
886,2693
888,2254
884,6959
886,8937
884,1053
886,9240
889,8500
887,3507
885,9605
885,4158
889,5382
886,5477
885,3865
884,3491
885,7908
888,6723
884,9575
886,1258
884,3750
885,3425
887,2140
887,5900
885,7400
886,3724
884,9007
885,5909
887,8367
886,5291
887,4854
886,3429
884,7143
885,8809
885,0081
887,7227
888,0086
885,1623
883,6657
885,6794
890,4775
886,0675
887,2418
886,4822
889,4280
887,6249
884,9706
884,9160
886,1643
887,1362
880,6777
887,3172
885,1562
883,0619
884,9374
886,6011
883,5312
888,8714
886,5164
883,8385
887,6971
888,8842
885,7614
885,1517
885,3156
888,6181
886,4224
885,4958
886,4712
885,7699
887,8146
886,4958
890,1231
883,9375
885,7206
886,5568
885,0029
886,0404
883,2643
887,6853
883,1902
884,9527
885,3018
886,5721
884,4015
883,8410
884,5366
885,4831
887,1715
886,1643
887,4293
884,8659
886,1577
886,2359
885,3139
888,5158
886,3447
885,5640
885,7384
887,3738
886,1861
882,7215
886,3722
889,9485
885,5758
883,6678
887,7416
886,2232
887,5632
884,6938
884,8346
881,5685
883,5691
885,8659
885,8485
884,2290
887,2090
886,7638
886,8024
884,8093
887,5454
884,3415
885,1696
886,7379
887,2757
883,0791
885,1759
886,7116
887,7530
887,3951
885,7605
886,8559
885,2164
886,7777
887,3780
884,2074
884,3672
886,4999
884,0951
885,9504
883,3318
885,4162
885,4902
887,0151
886,0530
881,3196
883,0047
886,9901
881,7313
885,4641
886,9217
886,2448
885,8622
886,0456
885,0156
886,6401
882,2755
882,7705
884,6624
884,8530
886,5698
882,7666
887,0166
884,9956
883,6014
887,7659
885,5212
887,4608
883,0667
882,4792
881,3070
887,0515
887,2463
886,8757
888,0119
885,3221
885,7512
883,6755
888,1926
885,0353
886,2908
888,3443
885,4069
887,0337
886,8495
886,4922
887,0130
885,8200
885,4400
883,8565
887,6077
884,9876
883,8073
885,9178
888,0331
885,3583
886,0692
882,3801
884,0770
882,5598
886,6766
888,1797
886,1976
887,5833
884,9978
884,5294
881,2617
885,1510
885,2933
887,1775
887,2401
888,4390
885,5477
887,1693
883,4495
887,1624
884,5390
884,6356
887,9658
886,5700
886,8764
884,4066
884,7245
887,5761
884,6056
883,0304
888,8349
887,3240
884,5255
885,4780
886,9943
885,3686
885,2204
886,7099
886,8504
884,7114
887,0038
882,2433
885,7445
884,2213
885,8937
888,3706
886,8940
888,4098
884,2587
885,9964
888,8922
885,3708
881,9027
885,7928
885,4616
885,7443
890,0898
885,7457
883,3318
882,8997
887,7555
887,6438
886,9531
889,2001
883,7112
885,5754
882,0994
885,2655
886,2181
884,7297
885,8455
882,8927
886,8015
884,4316
887,2123
889,5605
887,5019
885,7521
886,1218
885,8862
886,5232
885,6677
883,2324
881,6579
883,4012
883,0162
883,6444
884,7674
881,7281
885,5081
889,5324
885,7888
884,2005
886,4482
887,1824
884,1164
884,9682
886,8181
885,0520
883,4383
887,3063
888,2264
888,7419
887,0662
886,7562
888,6808
885,7713
889,3111
886,6553
882,4619
888,1191
883,7666
885,8462
883,9516
886,6059
886,8867
885,7146
885,4662
885,0344
883,7919
888,5121
887,2327
883,9458
887,0206
885,5207
882,6778
886,0981
885,2238
886,0502
886,3766
886,9824
886,5828
886,7972
883,5454
885,6952
884,8914
888,5703
884,3481
886,9705
888,0872
890,3878
884,0159
887,5277
890,5366
886,2234
886,1491
884,9295
885,0559
884,5728
885,9171
886,6585
884,8787
885,4993
883,4295
888,0373
885,2710
887,2637
885,0459
887,1113
884,8428
888,2012
883,0849
886,8184
886,2819
885,8385
886,2674
884,9127
887,0482
885,5551
883,5948
885,6633
887,2367
884,0885
886,0654
884,1881
886,1301
885,5191
887,8873
885,2572
884,9434
884,1379
885,0281
888,1127
883,2364
886,5819
885,2484
885,1651
886,2572
887,1382
886,1640
886,6747
887,1910
884,3306
887,6740
882,5743
885,8787
883,8946
890,8417
888,1762
887,9423
884,5943
888,4027
883,3438
887,5102
889,6312
885,6288
884,4092
884,1901
885,3278
884,0974
889,1056
888,2062
887,3352
884,5633
887,1217
885,7115
884,2844
888,4073
886,7150
886,7325
887,7420
884,8016
886,2678
886,4545
885,2923
886,2489
886,6537
889,9094
883,8427
889,1332
886,7219
882,6028
885,9204
883,8686
887,6766
885,6921
885,1733
884,8587
888,6853
887,8572
886,4373
889,4200
886,6526
889,5350
884,8398
884,9640
884,2161
884,0979
886,3122
884,9948
885,1868
886,7494
885,0988
889,6352
886,5199
885,2850
884,5009
886,4126
886,1095
888,1378
887,5279
886,7982
886,0717
888,6654
887,1591
888,2274
885,0605
884,9251
883,4607
887,1043
883,2805
885,4956
885,4193
885,4452
886,0166
883,6748
883,7814
887,1608
886,1504
884,2917
880,2473
884,2926
885,4653
885,3100
885,1371
885,5323
884,0773
886,4166
885,6284
883,5003
884,4258
886,4271
887,5769
884,8000
888,5134
885,0051
885,4820
885,5983
884,2482
886,8719
885,4477
888,9108
886,8599
886,1099
884,2234
887,8351
881,9705
888,3008
885,3376
884,3404
884,0054
881,8931
888,1516
887,2740
884,7844
886,4202
885,2376
887,4955
885,8868
883,3289
885,9986
884,9977
888,5382
890,3096
887,9367
888,6066
885,7134
886,6202
884,4940
885,6561
882,4283
886,4612
884,9075
884,7336
883,2739
887,1533
885,4646
883,0410
884,8257
885,6516
886,4699
886,3686
888,1146
888,2547
884,3989
885,8303
885,2608
886,3642
885,2837
887,6131
884,1299
887,4271
883,9364
885,9984
886,1363
888,4859
885,6227
887,2355
886,1473
888,8799
886,5645
883,5049
887,6856
885,2261
890,1739
884,1184
887,9295
883,8283
886,2361
883,6931
888,9035
888,3509
881,6644
886,7898
887,2424
883,8322
884,9112
887,0433
887,5114
885,2811
887,6422
886,7812
886,3126
882,6824
887,4525
886,3420
886,7908
884,4016
885,1272
887,2851
884,1809
884,9436
887,4882
884,7843
887,0234
885,1172
886,5100
885,5394
885,4804
883,3323
885,7033
887,3667
884,5162
887,2095
883,8987
889,0447
885,5316
886,1656
887,8536
887,5577
887,6245
885,5685
885,1387
887,3427
886,2299
887,0435
886,8725
884,5010
884,9375
888,8007
885,9432
886,3793
886,8499
883,9678
881,7247
883,8256
885,8591
887,8885
888,4411
889,3578
887,5575
887,0658
884,5860
885,2628
884,6801
886,2035
882,2422
882,9660
887,3636
884,1842
885,7563
884,2405
888,3834
886,5267
887,4860
885,7435
888,7855
883,8617
888,9093
886,2650
888,1098
885,7675
884,8035
885,5290
886,8183
886,6265
888,8630
883,2288
885,1551
887,6646
884,7130
885,2801
886,4552
888,5002
887,4458
882,9680
884,4140
889,2265
886,6728
887,3774
888,7984
885,2584
885,6327
887,4318
886,8927
885,7019
885,6355
886,0814
885,8116
885,6360
886,1345
885,3681
883,3132
884,8942
885,0221
885,9610
886,6194
887,8902
888,3792
888,7986
885,1587
885,8965
883,1924
888,8601
887,8092
884,8759
885,5979
883,6218
883,5259
885,3325
883,7800
888,5209
885,1217
884,1864
884,5221
888,0616
887,2596
887,4805
887,1352
887,5430
889,7045
887,6281
888,0451
886,9562
883,3781
884,1382
888,7340
885,5943
885,8920
885,1329
885,1500
887,1468
886,7477
886,6427
888,3848
883,7025
888,6542
883,3516
884,1871
884,9853
883,9342
885,3680
886,9300
888,2218
888,9997
888,1278
887,4403
883,8268
886,1768
883,9021
885,7670
885,3862
884,8098
887,0885
880,9306
887,7083
885,1488
888,2647
885,8962
882,7578
887,2755
885,7664
887,2465
884,8934
885,2002
884,4771
884,5576
888,5891
886,1600
884,4194
887,3489
888,0749
885,6954
886,0317
888,3898
885,8555
886,5243
887,6405
883,5827
885,4847
886,1023
886,7737
887,8665
889,4009
885,8288
885,4955
887,0361
888,3778
884,3837
881,8244
884,6797
884,8408
887,0191
885,5311
889,9295
881,2621
888,3933
885,3709
884,7373
884,4159
883,7952
885,7817
889,0697
886,6074
886,6609
885,0807
883,9812
886,1725
885,9650
884,2972
886,7509
888,2130
890,0639
883,1383
889,2640
883,8123
889,0179
887,1988
890,6336
887,0978
885,1863
889,2726
887,5342
884,6648
885,8212
885,2794
888,1291
887,7191
885,1740
887,2594
887,0021
886,8266
885,1914
886,8410
885,8276
884,8278
885,9110
886,2520
888,3123
886,1418
885,3695
887,2694
887,2508
883,1467
885,2247
885,3056
886,0536
887,8383
886,3069
883,2932
883,7978
883,6555
886,7184
886,9984
890,2950
887,1867
887,4644
885,8383
888,1240
885,8767
886,6217
885,5245
884,9979
887,4260
884,7394
886,9023
887,1654
883,3004
881,0702
886,7850
882,9081
884,9466
887,9048
886,1241
885,8537
884,7117
886,6102
887,5608
885,6379
886,2881
885,7906
884,7619
882,9997
888,2868
886,0207
884,9720
885,4808
885,7459
885,4667
888,5491
886,4468
887,8904
885,6535
885,3383
885,5975
885,6683
884,3547
885,4231
885,7683
888,4748
887,9498
884,5564
885,8147
889,7130
884,1387
884,8917
886,7341
886,5267
888,1442
889,5507
887,1680
887,1038
883,8755
884,7174
884,5233
888,2526
884,6793
887,5777
884,1112
885,8136
889,2232
885,0146
886,7110
886,6777
891,9360
884,4453
886,0440
886,0282
885,3755
883,8015
884,4179
888,4490
885,9452
887,6982
887,1594
886,1753
885,7051
886,3784
884,4665
884,6542
885,4468
884,8212
885,8057
883,5019
888,3555
886,9029
884,7351
884,9077
883,0562
887,8892
885,3410
885,3265
887,6450
887,3910
881,7627
885,3501
886,1267
887,3695
886,4320
885,9190
885,5310
888,6897
886,5708
885,3237
887,4950
882,8755
884,6191
886,3631
889,9478
885,1344
885,6639
885,0919
885,7694
887,4946
886,6072
887,0922
884,7625
884,4657
886,2900
885,6719
884,1867
882,4943
886,2389
888,2971
883,6735
886,1027
888,3085
886,1102
886,7974
887,0875
886,6214
885,5506
886,5822
884,1612
884,8881
887,1106
887,3720
888,3861
885,8312
886,7417
886,5362
885,3524
889,1047
883,5629
884,1616
886,7069
887,0789
885,5284
884,8797
884,1335
885,4335
883,9958
886,2297
886,1491
888,1038
886,1577
884,4662
886,8468
887,2016
884,1398
888,2296
887,2868
885,5254
883,6126
885,3055
885,1791
886,1190
886,2263
885,7964
883,6226
885,4804
886,3620
884,2832
885,6892
885,1260
885,7083
886,4823
888,2352
884,5507
884,8980
884,7909
885,8134
884,3470
886,0289
885,8380
885,5181
886,3736
884,3758
881,9703
886,5390
885,5291
882,1069
886,2489
887,7460
889,7536
885,3622
884,3021
884,8719
884,2182
884,8824
886,0862
882,0651
886,1194
887,3330
885,6012
887,9397
887,6480
885,9358
885,6659
884,5322
886,9716
885,0989
884,0255
886,2035
884,9083
883,9211
889,9447
885,9685
884,6620
885,3238
886,8949
883,6668
883,2692
885,5011
889,1401
884,8902
886,1791
887,6724
886,2285
884,8987
884,5280
885,5154
886,1248
889,0940
885,6030
885,2941
884,4532
883,0097
889,0447
884,0906
886,6040
887,3083
886,4269
884,8062
885,1620
885,7057
887,5174
889,3902
885,4946
888,6803
886,5915
889,1703
886,1537
886,8382
886,2582
884,1006
887,9455
886,8574
884,3468
884,5572
884,2097
885,4144
883,9999
885,2519
886,4922
885,7633
889,5916
883,5204
885,0116
885,0539
887,4176
886,8339
887,1946
887,0010
883,6048
888,5146
884,7739
885,3083
884,5750
887,3009
886,2661
889,2407
887,5729
883,8931
887,0482
885,4642
886,6950
884,2934
888,1456
886,0661
887,2169
888,9614
884,2743
885,8826
885,1796
885,6904
885,5302
884,1315
886,6021
883,6712
886,5852
887,5406
886,6770
888,4959
885,7081
885,4474
885,2651
884,9335
883,1920
883,7618
888,2775
886,7473
885,6610
887,0088
886,5732
883,7743
886,0041
886,7372
885,8745
883,5648
883,8025
885,2155
889,2538
884,1870
887,0064
885,7504
886,8066
887,1250
887,6043
886,7803
886,9178
886,6739
888,2664
885,1397
883,5913
887,7943
886,0730
886,2212
886,1997
884,8616
885,2450
886,5324
885,2659
885,9589
887,0557
880,6753
884,6615
883,4719
885,8947
884,3753
889,7695
884,4154
887,8187
886,8682
885,9344
884,5263
885,2005
887,7360
883,0813
887,1908
888,4217
885,6636
885,7302
885,9264
887,2748
886,6305
885,5818
886,6852
885,5236
886,2399
885,3970
886,4784
884,5159
883,3726
885,7297
887,1752
884,1960
888,2417
884,5504
890,6851
889,2074
885,2398
885,3281
884,2703
886,9353
885,7601
886,3316
885,7151
886,9891
887,5658
887,2080
886,4351
886,8412
886,5688
888,4410
889,1060
889,3300
884,6165
886,1783
886,0489
884,0348
889,0811
886,7084
890,3228
885,8595
888,7052
884,9467
888,0542
886,2309
888,1927
883,3861
885,3898
886,7131
882,6919
884,8188
884,8499
885,4699
888,1732
887,5469
887,7969
889,2160
885,7941
883,5357
886,0342
885,1361
888,8051
883,3449
885,3754
886,2919
885,5905
885,5298
886,0679
886,8701
888,0353
889,4569
886,1161
884,5693
887,2315
885,2763
885,2446
886,0563
885,0666
884,8859
887,1093
883,4362
886,3233
887,6897
884,4384
882,7296
884,1411
886,5687
884,8768
885,8964
886,4207
883,5253
884,3194
884,9163
882,6421
886,1330
881,9742
884,5855
887,5692
883,9856
888,1925
884,2815
883,4603
885,4273
888,6996
884,6789
888,3969
884,0492
885,2584
885,6036
881,4248
883,6685
885,1561
883,0360
888,4712
883,7338
888,0774
887,2183
885,6062
885,9043
887,3227
883,1125
887,5976
887,8337
887,5371
886,7535
888,5985
883,4885
887,7577
882,1703
888,1511
884,7440
885,2350
886,2288
884,1590
884,1729
885,6593
885,1023
886,3177
885,5639
887,0089
885,9075
888,6262
888,9084
883,8135
888,4591
884,6910
883,3499
885,3469
884,6490
883,9359
886,6447
884,3336
884,5885
885,9324
886,6152
884,3788
886,4814
887,7071
889,5462
885,5423
886,6592
886,7023
886,9502
883,1510
886,5669
885,7431
885,2550
887,9344
886,6272
883,6551
882,0740
886,2371
885,6076
888,2397
888,0076
887,8088
884,1107
887,8840
883,9081
886,0716
886,9663
884,9777
886,2355
886,5329
885,5359
885,4541
885,7113
885,9354
884,8370
884,5433
888,5468
884,1368
886,1474
887,5091
884,9944
885,8356
884,7005
883,6720
886,4155
887,3903
888,4603
887,6157
884,6222
886,8763
886,2747
883,3778
887,8293
887,5024
885,3286
885,7202
885,9071
886,9761
883,0092
884,2522
886,5425
885,2813
887,5361
886,0874
886,2028
885,6900
885,7319
884,7397
887,7957
886,5657
888,9460
887,1585
889,7291
886,7838
885,2236
885,7340
884,4223
885,2999
885,5173
883,9207
886,3653
885,0374
887,7802
886,8112
885,2138
886,0226
885,4375
885,5279
886,8902
886,1241
885,0694
883,6571
888,6938
885,5020
884,8014
885,3223
886,8361
887,9817
886,8314
888,2996
885,6039
886,2313
884,6524
884,9216
885,2855
886,7992
886,7802
881,8259
886,1935
881,9512
884,9556
885,6267
887,5562
889,0060
879,8262
886,2328
888,1101
885,1706
885,2839
884,3031
884,0838
884,7019
889,2643
889,7569
884,6925
888,7675
889,2824
889,2279
888,1987
886,7040
886,9783
886,3706
883,0159
885,1000
885,8215
885,3789
888,3789
884,9394
886,4730
889,8048
884,2663
886,6843
884,1165
882,7335
885,9572
887,1748
884,3985
887,7246
884,6794
885,4265
887,6861
887,1623
883,3544
887,0149
886,8637
887,9569
884,5838
886,0771
885,2261
885,5401
887,0561
883,1757
885,2874
887,1069
887,8047
886,5461
884,3595
884,2845
886,5913
886,1937
883,0489
885,1138
884,2438
883,5682
886,3301
887,1622
884,0882
888,2839
885,1028
886,4531
885,4897
885,6991
886,4151
883,6833
886,5824
885,8452
885,1386
883,3414
883,1966
885,2498
887,4047
884,6197
886,6480
886,7713
880,8473
884,2828
887,3890
887,4821
887,6845
885,1187
882,7783
885,1516
884,6778
889,1436
883,4551
883,3637
889,5026
884,7752
882,6669
886,8703
884,6994
884,8556
887,7819
886,2016
886,5264
883,3310
884,3188
885,7911
882,4719
885,1084
885,3729
885,2023
887,8615
888,1560
887,2265
885,4648
886,4221
886,3662
886,7223
887,2262
886,0998
887,2381
889,9123
883,5577
885,7438
884,6097
883,6910
883,2397
884,9436
887,6940
887,7309
888,7075
887,7511
889,1649
887,5390
885,0202
885,0775
886,4452
883,6482
885,3040
886,8915
885,1939
883,3913
884,6974
884,9139
883,8676
889,3401
887,7250
886,5257
883,1592
885,7266
884,6333
887,5966
887,6493
884,3167
884,5472
886,5862
887,3319
882,8423
886,6495
889,4119
886,8743
886,4403
886,2261
885,5988
886,0460
885,6007
886,1191
887,6690
883,8600
886,8676
887,5662
883,9874
885,3591
886,7393
885,1312
884,6997
884,4236
885,8307
887,1181
884,4981
886,4009
885,3439
884,2788
886,0171
886,0534
888,1402
887,3505
887,4043
885,9881
887,2557
887,0350
885,4585
885,6109
886,4926
886,4941
885,5766
886,8588
887,9533
888,2494
886,3424
887,7419
883,8001
887,3904
884,2417
883,4988
881,4063
886,1385
884,7720
883,4416
886,3497
884,5816
885,7047
883,9392
885,7387
885,0940
887,9175
883,5166
887,9697
887,9075
885,8193
886,0191
883,5569
886,6161
885,0873
887,5197
887,0765
889,0275
885,1149
884,1538
884,6595
883,0626
885,0668
884,7255
885,5549
885,4076
886,9639
885,5796
887,9093
886,2877
886,8931
887,4470
887,5426
884,0315
886,8620
886,0644
882,9919
885,6262
885,6813
885,6316
885,5286
886,0514
887,4831
884,4448
886,0961
888,8128
890,0399
886,9561
884,8915
886,0273
885,2319
887,4570
886,6231
886,8134
884,7961
888,3036
886,7225
882,9977
886,3572
885,4810
885,3884
884,2717
886,1815
886,4491
885,9029
884,1016
883,6114
884,9090
887,6755
883,6032
886,7767
887,8154
885,6126
888,6256
888,4282
888,4189
887,2467
884,8648
883,1496
885,0861
888,2579
884,5957
886,0383
883,9525
886,8722
886,0666
887,8165
888,0550
885,3163
887,4968
886,5644
887,1830
881,9708
881,6438
889,0133
885,2159
884,0539
883,7799
887,2591
884,0926
885,8428
885,7835
886,1366
885,5528
884,7670
885,8394
883,9919
887,6030
887,9654
886,1909
886,9620
889,2381
885,9394
885,9589
885,4765
883,0249
886,8017
887,7561
889,4196
882,8819
886,8142
885,8666
884,3200
888,9741
883,4183
885,9750
885,7580
882,8008
884,9301
885,1544
884,2574
886,8984
885,3831
888,8744
888,9271
886,0513
883,7111
885,6949
885,8404
888,4448
884,1013
885,1558
885,0896
884,9760
889,3594
885,3661
882,0321
883,2600
886,8398
885,8151
883,8988
888,3743
889,6530
886,1434
887,4276
887,1789
889,1303
886,7816
885,5642
884,5576
887,7267
885,3899
883,5996
887,0149
885,4787
882,0449
890,4550
885,1560
887,5489
887,1153
886,8610
887,3203
885,3514
884,3274
889,8306
887,5164
886,4381
883,6762
887,0189
885,4671
884,6641
886,3160
883,1992
885,6241
886,2743
886,6509
889,7420
884,3535
884,6505
886,3556
887,7844
887,5987
887,2054
887,3095
886,6294
882,9362
884,1416
883,9908
885,7825
883,8867
884,9571
886,9638
886,4795
888,0286
885,5995
887,4507
883,8973
884,7382
885,5127
883,4877
891,1053
886,7015
885,5440
885,7947
888,0621
886,1454
886,1944
887,2834
883,8716
885,9890
887,2601
887,3931
887,5105
887,3000
883,7149
884,4164
886,0173
886,6006
887,0934
886,2403
885,4830
886,4514
886,4090
886,9202
887,5253
888,5091
883,5130
887,6950
886,3693
883,2099
884,0586
883,7338
885,0408
885,1060
886,1473
888,3845
884,0612
885,9439
888,1823
886,3098
885,8893
883,9382
885,0342
886,1651
887,5284
884,8067
884,0668
886,5445
887,1064
886,2387
882,7948
886,5597
885,9892
888,0384
886,0963
884,6512
886,1170
887,9003
882,8914
884,2304
884,5892
883,5796
886,9460
888,1750
884,9425
886,7145
884,0826
884,9153
884,0426
885,3924
887,0393
889,1436
886,1676
882,9940
891,6543
886,1346
888,8629
884,2852
889,0730
886,0280
887,8578
885,7889
886,8044
885,9581
885,7931
886,7794
885,6746
885,5581
887,4361
884,0472
889,3245
886,4928
883,8531
886,3581
885,5157
887,7702
886,2523
887,0930
887,2246
886,2661
886,6002
887,6500
886,0157
883,9614
885,3181
885,3633
886,9776
885,6621
883,2407
884,7755
886,7103
888,5212
888,1772
885,4153
880,5140
886,4548
887,7925
886,5112
883,6770
885,7800
889,8000
885,1985
886,3202
882,7993
883,1852
885,1081
886,2538
886,6377
886,0973
888,8881
885,3112
885,3661
887,5962
886,0088
886,7515
885,4416
888,9877
884,0465
886,5312
884,9449
885,0661
886,4840
885,5899
888,6153
887,9343
885,0398
886,7658
884,9344
886,0486
885,0999
888,1984
884,1573
883,3835
887,6254
886,1177
885,6737
884,1113
885,3225
885,5919
890,0917
888,2694
881,6896
887,8166
886,8259
886,9921
886,8810
884,5833
886,5018
888,7276
885,5223
889,0856
885,4864
884,6411
886,8782
885,9094
885,9156
885,9659
885,7496
885,8552
887,6931
887,1415
883,6332
886,4178
885,1581
884,3507
885,7146
885,8498
886,6668
887,6271
884,3064
887,2015
886,7084
887,6682
885,4117
890,0467
887,3040
885,4111
886,8897
888,4985
884,2344
883,8310
886,7560
886,8979
886,2577
890,5967
887,6085
887,7695
885,9813
882,4411
885,5693
887,7506
884,2621
887,8633
883,5043
883,2353
885,0601
885,4730
884,0307
885,5865
882,5733
888,3248
889,1317
885,5106
885,9318
885,6058
884,5063
882,5672
885,5645
882,4401
884,3377
883,9305
885,4065
884,2640
886,0343
883,7228
885,2529
888,2410
886,6434
887,1670
886,1818
883,7957
886,3057
886,4049
887,8841
885,8415
887,5064
884,0714
883,7493
884,6497
886,2264
885,5322
884,4459
888,8134
885,2709
884,9399
885,2196
888,9442
885,5259
886,5704
887,0940
888,6191
884,8957
886,7681
884,4709
884,9113
886,2333
886,4039
881,8015
887,6388
885,5879
886,5406
885,1234
885,2622
882,4534
887,6368
884,7599
885,3068
885,1178
886,3230
888,0031
884,8754
889,2405
885,5008
885,8682
885,6393
886,7297
885,1140
882,8354
883,7221
886,3269
887,3671
884,7996
889,0960
887,6281
885,8558
886,0212
885,2397
886,7545
886,8008
883,8184
885,4196
888,1697
885,4255
885,8039
886,4436
886,8511
880,4501
883,1521
887,9870
883,7985
884,9299
884,9472
883,2521
885,7403
886,3141
882,7830
883,2019
885,6675
884,3078
885,8204
888,1769
885,8705
885,6826
881,8292
886,0178
886,5220
886,1240
883,3284
885,6519
885,3984
887,5338
887,5097
889,0440
885,8858
886,5861
885,8562
883,9343
885,1992
888,3512
886,7432
890,1627
885,7085
886,5122
886,2465
886,5405
888,2850
889,1174
888,8963
887,4203
883,3635
884,4997
883,9233
883,5199
885,3238
886,0238
886,1608
886,4161
886,0769
889,5081
885,6620
883,9072
885,2745
884,6443
885,4073
886,4650
885,6153
886,0075
885,4541
886,3690
887,8344
887,2169
884,1924
886,2176
883,0939
882,2210
886,1715
885,3013
887,4489
884,3521
885,2382
884,7893
886,9930
888,9464
883,4188
885,2313
885,9620
886,5383
887,3028
883,6879
887,5588
888,1573
884,2962
886,9251
885,0154
889,0526
886,7526
886,9613
887,5774
885,4037
885,9458
889,0227
887,5707
886,6993
888,6585
883,5656
885,3617
885,2961
887,8925
887,7630
886,3477
885,0644
884,5243
885,9026
884,2032
884,9002
883,8901
887,5087
887,2017
886,5701
885,4727
882,6124
884,0467
885,6320
883,7168
886,2797
886,8046
883,0003
883,0202
885,0308
885,4420
885,5018
884,9167
887,7801
888,3539
883,6076
887,1805
889,6241
886,1974
888,5305
885,7908
889,3592
888,0526
885,3646
890,2965
885,2630
888,3335
886,4213
885,6221
885,9705
885,8622
884,9889
886,9734
885,9152
886,2645
887,2255
889,2883
886,5698
887,2076
886,8142
886,0429
887,3415
884,4589
888,2063
888,3282
889,2076
886,8964
887,3843
885,6750
884,3602
882,2390
884,8401
885,0538
884,2954
883,5693
886,5206
887,8075
886,6389
887,4498
887,4518
886,8788
889,7430
884,6613
887,4991
885,6649
882,9869
886,1083
885,6801
885,1543
885,7785
887,4556
887,9684
888,2741
884,9295
884,6143
886,3672
885,8660
882,7593
886,6779
884,3884
886,4807
884,7832
887,1137
885,2559
886,8066
889,1063
888,3939
882,3391
890,0571
886,9375
884,6979
887,6379
883,3160
887,1994
887,1489
885,9388
886,1071
884,2258
886,9820
884,0567
887,9428
885,2162
887,4729
886,2552
886,4758
887,6843
883,8254
885,1583
884,8697
885,4839
888,5062
886,2492
889,2827
886,4360
887,6532
884,4102
888,1854
888,1479
886,1400
888,2233
886,5039
884,3069
886,9223
891,4231
887,7954
887,8193
882,8369
883,3696
887,7435
883,7460
884,3569
884,1991
889,0288
882,9006
889,6180
888,0245
884,9484
885,5094
887,0310
885,1773
885,3725
889,1952
884,8323
885,3887
887,7736
886,8314
886,4776
885,4344
883,1201
885,1954
885,2418
887,4628
886,7501
888,0997
884,0091
885,1086
884,0097
887,3162
889,7218
885,0889
886,7824
888,0628
886,5329
886,4821
886,5539
883,6608
885,4596
887,5411
887,1379
882,0053
884,8614
884,8679
884,6178
885,1764
884,5767
888,8369
885,1680
885,2042
887,5036
886,3265
885,4869
886,4285
883,9318
883,5012
885,9733
884,2789
882,5690
883,3077
887,8014
890,9423
885,5122
885,2578
886,9588
886,6835
886,8591
884,8685
883,4274
886,9399
887,5112
885,1000
886,5175
887,3304
886,2599
885,8754
884,5681
887,5390
885,9353
889,1991
886,5009
885,6152
883,1539
886,8377
886,5311
886,5353
885,3650
887,4718
886,2482
885,4681
888,8967
887,3022
883,7911
884,6199
887,7074
886,1206
888,2471
882,0934
885,5634
887,6050
887,7635
884,1139
885,5034
889,3587
886,6649
884,7014
887,6291
883,5963
886,5664
887,4299
886,7312
884,4997
884,7611
885,3561
886,5243
886,2236
886,7906
884,0956
887,3071
886,1394
884,6016
887,1316
887,6546
881,5560
889,3679
885,2185
887,7495
886,2098
883,8705
886,6289
886,9111
886,8885
886,0892
886,2484
888,6556
883,2357
888,7582
886,9050
887,4919
884,6455
887,9410
886,6393
885,0232
887,7497
883,4881
884,7947
886,3097
885,3359
882,8859
884,2454
883,0317
886,9515
887,1534
885,3829
884,5005
884,3452
884,4780
885,3930
883,6082
885,5622
886,3018
885,5908
885,5388
884,4637
888,5219
886,8371
886,1234
885,1356
884,9438
885,5197
884,2906
887,0049
885,0062
883,9193
887,0249
888,2632
886,5666
888,4426
884,5072
883,7789
887,5113
887,8084
885,7428
887,5840
883,6476
886,8646
887,7064
888,0792
884,4388
885,4481
884,7782
884,8697
885,2692
889,4557
886,7029
888,6316
888,1948
887,7424
885,2962
885,3215
884,7973
887,2994
884,6953
885,1494
884,7468
886,4608
888,0096
889,3489
884,2457
886,4950
885,9281
885,3061
882,4461
884,6792
885,8040
884,1435
890,9243
884,8575
885,8837
885,2834
885,1890
886,5298
886,5324
885,6930
885,4204
885,1303
887,0780
887,3532
887,0959
885,3315
888,2089
884,6606
886,7682
884,4283
887,3899
885,0359
885,0314
887,9956
885,2254
887,3144
884,1062
884,7416
885,5077
884,2427
887,6079
885,3693
886,0241
886,2992
882,6073
885,0339
886,4492
885,9387
886,1730
883,7958
887,1338
887,3795
882,6113
887,4067
886,1105
887,0577
887,8136
882,6070
885,7112
886,7169
885,5120
886,1327
883,9515
885,0340
888,8956
886,7641
885,5718
884,1165
886,3260
885,7512
887,2798
886,7121
886,6603
885,5539
888,2395
886,0558
884,8786
886,4013
885,5094
885,8383
885,1664
885,8753
885,5480
886,0354
885,3634
884,5994
886,7547
884,9133
885,5357
888,3828
883,6517
883,0304
883,3091
885,0358
884,8711
882,2555
884,6383
886,8421
888,9495
887,1893
885,9863
886,3397
883,1820
887,9211
886,4370
887,6771
884,2555
885,4229
885,2648
886,0233
886,7095
885,3253
885,7360
884,7509
886,4316
887,0244
887,0606
889,4448
886,7867
885,3193
887,7793
888,3729
881,9578
885,8209
886,0601
888,6526
886,5158
883,7783
884,5761
885,2037
882,8697
886,0192
886,9762
886,7771
885,9264
887,9609
884,8868
885,0419
887,5132
884,9245
885,7808
887,3309
888,3669
882,5381
883,0451
883,9132
884,0374
885,5551
885,3873
887,1508
886,5928
887,2504
885,0462
888,0632
886,0431
886,8184
887,0566
887,2339
885,3053
884,8431
888,0408
886,3943
886,6680
886,0235
887,8273
883,8234
884,6060
888,7907
885,2801
883,9186
884,4168
887,4800
885,2483
885,9654
889,3620
886,9541
885,6090
886,0124
888,1016
884,9034
885,5569
885,2955
885,9232
886,2365
886,5879
888,0416
887,3054
886,5671
887,0933
886,8947
885,0322
887,6000
886,2964
883,9129
884,4896
886,9297
889,9491
883,8947
885,9696
884,7046
884,5297
888,9003
884,9059
884,9107
880,0665
888,1161
888,6770
886,3152
884,0526
886,0805
887,3323
883,2947
888,2645
887,8369
883,9933
887,9622
884,7716
885,1793
886,9673
887,2009
884,9149
885,1230
884,4973
885,6705
889,3823
883,2690
883,9088
887,2533
881,6823
888,7556
887,0564
885,8626
888,3128
886,3742
887,8622
885,1250
891,2104
888,8459
885,7050
885,9509
886,5210
886,0838
886,2365
885,3056
887,4959
886,5222
888,2162
886,2166
886,5907
885,7618
885,8501
883,9902
886,7718
886,8524
886,3030
886,9862
888,6229
888,7704
886,1055
888,1191
885,4520
884,8993
887,3882
883,0140
887,3504
889,0096
885,5244
886,7154
887,4071
886,2435
886,2161
883,6668
886,8741
885,4447
883,8562
890,5244
887,3204
887,9060
884,7834
887,4617
886,5757
886,3770
886,1309
884,0359
884,5737
886,3529
886,8634
887,4369
886,1113
885,6318
885,3020
883,6323
883,4760
886,0442
884,4108
884,1853
886,8535
885,3981
883,7914
885,8862
887,4129
883,2635
887,1474
885,4096
886,4865
886,3931
881,9159
887,0870
887,8175
885,2702
887,9926
883,5585
886,2339
887,8830
887,1781
886,7401
886,9453
884,9663
885,8811
887,6898
886,4744
884,9539
884,6994
886,6582
887,1741
886,7206
885,7293
886,8720
886,2877
885,4394
881,9146
883,3171
881,2707
886,0188
883,3087
889,1601
884,9800
889,6382
885,4477
884,1286
882,6276
883,9592
884,4234
888,1264
884,7132
887,4867
883,1320
884,7144
885,0725
886,2491
887,3951
885,6841
884,7057
888,1705
886,6919
885,2178
885,4171
888,1129
887,3678
884,5320
882,0413
884,5482
886,8734
885,1367
884,4285
886,6552
885,3282
886,9891
886,1946
885,3474
887,4112
885,7612
887,2754
887,1722
883,3444
886,6180
887,0888
891,0171
889,1937
884,3431
885,8556
888,6010
885,7044
883,0597
886,1244
885,0502
883,0992
888,5250
885,1387
885,5066
885,1611
884,3117
884,6752
885,2451
884,8136
885,2697
883,3523
886,7534
887,1301
884,2396
884,3182
884,1724
883,9145
887,8318
888,8661
883,1942
888,0103
888,1272
884,5619
884,0577
886,7165
884,1175
886,3540
887,1212
883,2028
885,8277
886,7442
884,2134
890,3933
884,3729
881,6293
883,4225
887,4389
886,0873
884,4118
887,7199
886,6381
887,0216
885,6387
884,5471
886,0391
887,3129
886,9075
885,0779
887,6221
884,8649
888,9078
885,9588
884,2293
888,2060
883,9255
889,0176
884,6612
885,1096
886,7843
886,6325
885,1015
885,7885
885,3760
883,7434
890,0089
886,0100
886,3895
887,8516
888,2662
890,7597
884,2040
885,9812
885,6662
886,5802
886,6147
884,1725
885,1729
887,1071
888,3079
887,4346
883,8290
886,6979
886,2395
884,8178
888,3183
887,6477
886,8063
885,4433
886,9831
885,8305
885,7646
884,9111
886,3584
888,1522
883,0688
885,6027
887,5274
887,2573
885,6803
885,9962
883,3071
887,4466
887,1855
887,6659
887,8500
886,7105
885,8843
882,5336
884,9221
883,2678
882,5975
888,0432
884,4742
885,9525
884,2431
886,5831
886,6768
885,4391
880,7420
887,4607
885,3039
884,7478
886,6616
885,0556
886,5812
882,5427
886,8499
882,1174
886,0156
884,1296
885,9252
886,5994
885,7173
883,5767
887,3873
884,1103
883,6288
885,3861
885,1875
884,8491
889,4173
887,2698
888,4248
885,7205
885,6543
885,4016
885,6636
888,0592
885,8141
885,4033
882,9075
884,3557
885,9240
885,6475
888,0229
886,9410
890,6406
885,9902
887,6611
886,5701
888,3273
886,0305
887,5053
884,0880
885,8771
884,6462
885,1268
886,5182
885,3528
883,6192
886,1802
885,2495
883,4740
885,9992
886,5020
883,7340
887,2459
885,4237
884,8543
884,8301
883,9986
884,4264
887,7546
884,2007
886,3655
886,1456
889,7164
887,9657
884,3223
886,3520
886,1904
885,1855
888,3343
883,1064
887,1294
883,4789
883,0344
885,5411
885,2483
886,5522
888,7394
886,8851
888,5795
885,8736
885,3550
888,2782
885,8442
887,8834
883,7755
882,3912
890,3037
886,0243
885,8425
885,2428
883,2741
882,7496
887,7044
884,8862
887,2497
886,1169
885,9809
885,1780
885,2809
888,1005
885,8260
886,6147
885,6682
884,4890
884,0313
887,2332
884,7716
885,5188
887,2661
882,2438
884,2179
886,3478
886,3085
886,8486
885,5600
884,6633
886,3031
885,1184
887,1422
886,9209
884,8641
888,4924
885,4110
887,6334
890,4367
886,5129
885,3129
889,5388
882,7377
882,6444
884,5864
885,4397
881,2143
883,9871
887,7184
883,6343
887,3022
884,6761
886,6331
886,9411
885,3783
885,6079
886,0329
886,6946
884,2553
883,5004
883,8293
883,8517
885,4528
888,1843
886,1987
887,0214
886,6746
887,9168
885,6912
884,3541
887,2732
884,1460
886,8141
883,7540
888,6538
884,8634
886,0459
888,7838
881,3163
885,9245
882,7488
886,2712
884,2741
884,8715
882,8561
887,8224
889,1551
885,7664
886,2514
888,2203
883,7754
884,0104
886,4470
883,7681
884,9457
887,3308
884,4284
887,4288
884,5979
886,0975
885,9949
888,3844
884,9687
882,2486
884,6941
888,2144
885,2383
885,4848
889,7566
888,2662
886,0946
885,9722
887,8249
884,3887
885,9601
885,6379
884,9672
886,6706
885,7512
885,2884
885,5382
888,6114
886,0744
888,6366
886,2680
889,9055
885,8904
884,8121
885,1537
889,8787
885,7550
882,4430
885,5709
887,1091
884,5025
887,6256
883,6492
884,9232
883,2634
887,4147
884,4681
886,6851
883,4648
885,5319
884,6461
885,7379
888,8323
885,5690
885,3799
886,5941
887,7632
882,9524
887,6453
885,5163
886,0965
884,3884
885,1907
885,9335
883,7832
887,8811
887,8045
883,3330
885,5429
888,1149
883,0816
885,5439
882,1637
886,5800
885,5098
885,6491
884,3660
888,3517
884,9060
885,5682
886,7063
886,0482
883,2861
883,0654
889,2541
885,8869
888,3049
888,0958
886,8638
887,1273
888,6150
887,9078
886,2970
887,7354
885,9733
887,5463
886,7741
886,3881
887,1055
888,3371
886,1461
882,0112
885,9656
888,6047
885,2022
884,6823
884,8771
886,9068
883,9553
886,4631
890,5078
884,4406
885,8238
882,5103
884,9915
884,6868
883,8352
882,3095
884,1586
884,2700
888,2020
886,9121
885,1787
884,4014
889,9399
888,1117
886,0091
887,6752
887,8343
886,9947
885,9674
883,3574
888,0654
884,2903
888,2127
885,1526
886,8034
881,8537
887,1998
887,9524
887,5352
884,6952
885,4066
884,0218
887,0001
886,9669
883,6367
885,7159
890,5364
886,4012
886,8444
886,7527
886,5626
881,4590
883,9898
885,9221
886,4154
882,4425
886,3526
888,9551
886,2602
886,8609
887,3837
887,3070
886,8636
886,2289
889,5642
884,5727
886,8486
882,6573
884,5670
884,8474
883,2559
890,9405
886,2602
886,5094
886,5622
887,5413
886,2903
888,1025
887,2474
885,7012
886,5540
883,7769
884,6857
884,0085
889,5283
885,3976
886,9581
886,8512
886,2371
885,7979
883,7447
886,2235
888,4834
885,8369
886,8662
884,7124
890,5604
882,5899
886,4088
890,2205
888,5501
884,5295
885,9382
882,6776
883,6765
885,2625
887,0535
886,4691
883,9014
882,1394
884,3285
885,4620
887,4643
888,5621
885,4218
888,8280
887,0060
885,5357
884,1694
886,9406
885,8690
885,5873
889,4396
884,5035
888,0238
886,2081
888,6702
884,4437
887,0020
887,7422
885,9661
884,7275
885,0980
885,8016
886,0813
886,3730
885,9050
886,1084
888,0737
885,4598
885,2770
886,0661
885,3394
886,5979
885,6091
885,7172
883,7350
887,5831
887,5284
887,5015
886,7323
885,7648
884,8507
887,0656
888,5830
884,7317
883,5247
888,9073
886,0686
883,9003
883,1443
884,9239
885,9601
883,4122
884,8325
884,3416
886,5265
886,9060
885,8110
885,2788
885,9720
885,7747
886,3997
885,8865
886,4493
886,3241
884,7169
884,0718
886,6552
888,5777
883,5483
885,3248
889,1212
887,6565
882,9754
885,0276
884,3167
886,5328
886,3969
886,1379
886,5802
883,4418
885,2908
887,8941
887,3660
888,8395
884,8630
886,5753
886,6447
886,0341
887,5501
884,4602
885,0135
884,5846
883,1416
884,6999
887,4763
883,2609
884,8486
885,1617
887,9971
884,9937
884,4928
885,2756
886,6175
888,2689
886,1292
881,8302
884,3714
885,4342
887,4179
886,6133
886,3312
884,4179
884,3571
881,5228
886,4941
884,9164
886,4573
887,4120
888,6746
886,8190
884,5655
886,2902
885,6320
885,7841
885,5809
886,1713
885,6012
885,2088
885,2956
888,8990
887,4629
885,9879
886,1867
885,6765
884,2932
886,6948
882,1864
883,5093
885,6428
884,4517
887,0463
884,9530
887,5255
884,0091
886,0572
886,4328
886,4047
884,5326
887,5208
887,4278
883,9101
885,8667
887,1832
885,0782
887,7137
886,8426
885,8431
889,0573
886,4223
884,7295
889,8348
889,3372
886,1044
883,5578
888,7865
882,8305
887,2931
887,9099
885,4331
884,9497
889,9067
884,8556
885,3655
889,0140
885,9268
884,7540
885,4875
884,9977
885,9675
888,6866
892,6225
883,1140
886,7049
883,3903
889,8039
885,3450
885,7950
885,3882
884,1969
885,6650
884,8571
884,5109
883,0742
887,0703
888,0208
889,0592
881,9753
885,4291
888,6401
886,3095
887,1465
884,0094
885,8710
884,8090
885,1816
888,2930
884,9031
885,1650
885,0810
887,0292
886,2908
886,8207
890,6016
885,2110
885,1718
888,8754
884,6808
882,8251
887,7125
887,6855
886,1825
886,7300
888,1139
887,6960
886,9802
882,7496
885,3757
883,3117
885,6695
887,0383
884,5545
885,6851
886,8421
888,4088
887,6871
887,9017
886,4396
888,9402
884,6701
890,0082
888,0018
887,6043
890,0003
884,1148
886,3351
884,5283
889,6785
885,0694
886,6015
887,2627
884,9940
884,1259
886,1289
887,6571
889,3538
881,5970
886,2063
885,9510
887,1758
887,5623
885,3015
889,2051
885,4870
886,7336
887,9776
884,3855
888,7172
884,0079
885,4905
885,9796
886,4471
886,5810
889,5256
883,2535
884,2904
888,2883
887,2242
885,2372
888,6779
885,0643
887,8162
885,9647
885,1318
888,9347
882,8391
886,3119
884,0572
882,2858
883,9535
884,5120
886,8225
885,9598
886,2918
887,0871
886,0594
887,2125
882,9360
885,5183
885,3716
886,7591
887,0305
887,1346
887,4461
885,1723
886,6216
886,3258
886,8997
884,2008
885,9705
885,7184
887,1600
887,1898
886,5717
883,6792
887,2722
883,5727
885,5337
887,1168
886,5635
888,4838
885,4093
883,4858
887,4890
888,8052
886,5998
885,9658
885,2629
886,5829
887,6127
883,2628
882,7084
887,4608
884,3251
889,3852
884,6135
887,8421
890,5800
885,0077
886,9014
886,7835
885,5803
886,3637
885,9938
886,6856
886,2236
886,2715
883,7273
887,1049
887,7024
885,2123
884,9740
886,3195
886,4645
884,1206
882,4491
882,3164
886,8249
885,3146
885,9066
886,7347
886,9109
887,5488
886,2353
889,3419
884,3029
887,4087
887,6950
886,7124
885,4325
884,0147
884,5752
887,9987
888,3919
890,6605
886,6772
887,6056
886,4552
884,7702
883,0776
882,9317
887,6839
884,6504
884,2345
884,3498
884,5685
884,9849
886,3063
889,4443
883,9809
884,5580
886,5393
887,6632
886,3652
886,5861
883,3337
885,3789
882,5527
885,3131
886,8850
886,2496
884,2848
887,3836
885,8032
887,2491
882,8622
886,6023
889,5566
884,9775
885,2856
887,6780
882,0108
886,6814
886,5950
887,2547
882,8718
883,0450
888,0957
886,3646
885,4814
887,1583
887,3919
883,0826
885,0316
890,8467
886,9977
883,2305
885,3038
887,0510
886,4302
886,3686
886,0077
888,8262
886,9164
886,4372
883,4728
887,2263
884,1990
885,0667
882,4422
884,2735
883,5683
885,5183
886,5577
885,7087
886,8844
881,6490
885,2654
885,3130
881,9405
885,3752
889,2042
886,8513
887,7303
883,5793
885,9647
889,1222
888,4233
884,6091
886,7880
888,3482
884,9074
886,3292
884,5442
883,1121
885,8117
885,3209
888,7833
886,4820
881,0589
886,8843
883,5929
887,2026
885,8193
883,8764
888,5981
884,9344
884,0075
889,5955
889,0627
886,3876
885,4670
887,6488
884,8601
884,9299
883,4875
883,9955
885,0787
887,1164
883,0476
886,0020
886,8346
884,0627
885,8413
888,2846
886,4864
882,9734
883,8265
886,2680
883,4341
883,8143
888,0638
886,3792
887,2664
884,4234
884,6391
884,5330
887,0292
885,6824
884,7209
883,9513
884,3594
886,6783
886,9897
885,3318
883,9977
888,0114
885,8964
887,5588
885,6893
885,6588
885,3827
884,7545
886,6240
886,3363
884,8075
887,5824
883,2402
888,1417
886,5314
885,7575
885,3445
886,7153
884,8633
888,7063
883,6542
887,7407
889,0536
884,9196
886,1274
886,9434
885,3578
883,9455
887,7017
888,1813
883,9387
887,6441
888,7830
886,7792
883,7863
884,2939
887,9267
885,3991
886,3165
886,3490
885,2342
886,2435
885,1119
884,5640
885,4418
886,4341
886,1943
886,1789
885,3045
888,7106
883,0509
885,0503
882,3521
887,0393
884,6635
884,1162
887,2726
887,3937
886,5125
883,7131
886,4843
885,1840
887,8402
885,4793
884,5709
887,6631
882,5704
885,3782
883,6036
887,1871
883,5641
888,0503
884,7953
886,6394
889,0918
883,6315
885,9314
883,9441
887,2344
887,9172
886,4216
885,4430
882,3950
887,8175
885,6990
886,1016
881,1732
886,1434
883,8088
885,9826
885,7441
882,6124
888,0869
882,6335
885,6790
886,0551
887,4713
886,3778
885,0352
884,2600
882,1207
884,9206
884,3652
884,9430
889,3314
885,7894
884,5573
888,2409
885,2224
885,9626
887,2452
884,4546
886,4622
885,7195
882,3647
883,9738
883,4070
887,3716
886,7093
888,8428
887,3313
883,3143
883,1452
884,5516
887,9657
883,9117
885,9835
884,9624
887,9199
887,6429
888,1798
885,6936
883,7448
887,2007
883,3116
886,9813
885,6772
885,2128
888,3286
886,8936
882,3596
886,2144
887,1405
887,3285
885,3195
884,2975
886,6919
884,8019
887,1970
885,6191
887,0094
888,0962
887,6794
883,6512
881,9499
885,5536
885,6214
883,2490
886,0442
880,5667
887,7723
885,7250
887,6721
881,5952
883,6702
886,6690
885,5960
885,8058
884,4477
883,6205
886,5059
886,7900
885,4421
885,4062
885,6584
887,5077
886,2285
885,6791
885,6957
887,2783
886,8525
883,1706
886,9303
888,1597
887,3043
884,4554
886,2830
885,6757
888,1607
890,2525
888,1846
888,4862
885,3151
890,3774
884,3250
885,1560
886,9253
885,2824
886,6857
888,6068
883,3673
887,4626
888,2489
884,5217
884,3351
889,5964
883,7109
886,5653
889,0290
889,7084
884,6193
887,1115
885,7469
890,9971
886,1036
884,0961
886,8387
888,3924
888,9255
883,8997
885,4710
884,8115
886,3962
886,0537
886,8699
886,9239
887,4087
887,2906
885,8636
888,5342
885,6937
885,1497
886,6292
891,0968
887,9033
882,5506
883,1431
888,8604
887,7343
883,9809
885,8062
888,7894
886,9177
885,4771
886,5488
883,1116
885,7564
888,0014
886,0869
885,0593
888,3251
886,6971
886,1922
886,0311
885,0026
885,0635
887,4930
883,2747
885,2796
885,4388
882,7487
887,8785
882,6617
884,7803
884,9269
883,6194
883,9440
887,4561
887,0266
887,5684
889,3613
884,3510
887,2177
887,7022
886,0291
883,7437
889,2245
884,3572
884,6057
888,8639
888,4176
884,7224
885,3121
886,1331
887,1611
885,1933
885,3206
888,7683
885,3067
882,1095
886,0847
886,3082
886,8297
883,6025
885,1305
887,2159
891,4305
884,3313
884,3823
888,1473
887,1053
884,2903
886,7215
884,9051
888,6143
885,4604
884,0979
887,2560
884,3726
883,5839
885,7895
884,5632
886,0179
884,4649
885,3019
886,7069
887,2050
885,1049
884,3642
886,6366
882,4006
884,1362
886,7632
885,9694
888,2731
888,2668
886,6272
886,1778
887,6806
887,8273
885,4247
885,6082
889,6946
887,4819
887,8520
886,8355
885,5407
883,7209
884,3887
885,5507
886,3880
886,1449
888,9068
888,7184
890,0876
883,5786
884,0744
885,9497
887,5018
886,6922
884,9622
888,3290
885,1471
885,7866
886,5238
887,1013
885,9656
887,1393
886,9020
885,5716
883,7504
886,5995
886,2984
883,2738
887,1594
884,7672
886,8729
885,0687
884,9994
888,2715
885,1658
884,4936
887,5215
887,6083
888,2369
888,7160
887,3959
883,2296
884,2847
888,0002
886,9789
886,9615
886,5211
884,2780
883,3704
886,9875
885,1795
883,7287
886,9355
887,4413
886,9918
883,2069
885,9256
887,3343
884,3277
883,3351
887,2969
887,7249
884,0665
884,7926
884,9199
883,6702
887,1025
884,9726
883,8024
885,1881
885,7111
887,6289
886,8255
885,3243
888,4628
887,0254
884,8147
887,0964
887,4157
883,1906
887,2051
884,6591
885,3127
884,5661
888,1858
884,2525
885,0921
887,0204
888,5876
886,9042
887,5382
889,2185
886,1255
888,8891
883,0044
888,2985
883,8760
883,8683
882,3033
885,4541
886,2474
888,2934
887,4322
885,6519
884,7343
885,4463
885,1849
887,5578
884,9901
887,5837
887,0701
886,6531
884,3814
887,4880
886,5518
886,0778
888,9881
885,3835
889,4921
886,9025
884,1478
886,0278
886,4615
886,8741
885,9240
884,6697
886,6404
885,1461
888,1399
885,7366
885,0583
886,8614
887,3525
886,4280
887,5385
886,6911
888,1240
883,1704
885,4397
888,5127
886,7927
886,2621
885,2480
885,6348
888,6478
886,9627
884,5736
883,0997
885,1411
882,4927
885,9485
887,5123
886,8766
888,8903
886,3732
886,2251
883,1759
888,7162
884,2422
882,0403
885,9586
889,1115
886,2675
884,4080
889,2619
885,9030
887,9756
885,7124
888,1154
886,4839
886,3763
883,3591
884,4208
886,6826
886,7673
886,7643
887,0226
886,4860
887,3614
884,2728
885,9244
883,1619
887,5675
883,8272
885,6541
886,6900
885,5077
883,9318
886,2667
889,3822
886,4602
885,8861
888,0660
885,1247
884,2071
885,1948
888,1795
883,2849
885,1033
884,9436
886,1809
885,8868
890,4674
886,2033
886,8999
883,4952
882,9430
885,9160
887,0053
887,7540
885,8753
886,9492
886,7789
883,9669
886,4342
886,0695
886,2128
887,1046
889,1896
885,6545
887,9020
884,6619
885,4972
887,9545
886,4135
885,7144
884,6298
888,6112
887,9931
884,8128
885,1973
882,0424
887,1080
883,6628
885,8070
888,6197
885,9458
882,8399
888,4371
884,7734
884,9559
883,6337
887,4235
886,7016
884,8659
883,5908
884,6440
886,7892
886,0725
887,4832
889,1139
887,5506
885,3000
882,0329
882,4495
882,0784
888,3362
886,6565
885,0839
885,7662
886,8132
884,8993
882,1273
890,3712
887,3726
888,2156
881,5838
887,2180
888,7279
886,4742
884,1456
884,9903
885,0672
885,5598
886,2518
885,5612
884,1929
885,3998
888,2204
886,3258
885,4238
885,2262
886,1750
885,3988
889,1568
888,0094
887,0174
885,3199
885,0872
888,4158
886,4308
887,7284
888,9078
885,2907
886,6587
887,9678
883,5597
888,1577
885,0569
884,6441
884,1985
883,6805
884,0242
888,3757
882,7451
885,1284
887,9975
886,2264
886,5126
883,9985
887,2705
885,4979
886,3593
884,5092
883,1610
888,8561
886,6287
886,9484
888,1087
887,1760
882,6615
885,7436
885,3758
888,1964
884,4725
887,4937
885,1964
885,7086
883,9535
886,8577
889,6840
887,2713
885,8725
886,1331
887,4038
887,2372
887,5970
886,2369
886,8119
883,8777
887,5996
887,1239
885,0345
884,9291
890,3992
884,8496
886,2701
882,0838
890,2502
886,5718
887,4188
885,9667
882,5193
888,5849
885,1898
887,3657
886,3826
890,0697
886,8395
883,5635
888,8470
886,3695
885,1580
886,2366
884,6106
886,4379
886,1389
887,6933
885,2443
886,7887
882,4612
885,8202
887,0907
883,9159
889,0727
883,8478
886,8776
885,5723
888,9400
888,2386
887,8671
887,2091
889,0083
888,6726
884,2089
889,1877
885,5243
886,4866
887,2369
887,9449
883,2749
885,1452
887,2559
886,5663
885,3529
885,9433
884,5069
883,4749
886,3546
883,6815
884,7735
885,5016
882,9596
885,5555
886,1757
885,3130
885,1914
885,0111
886,7272
886,0201
884,9802
887,7769
885,3163
883,5032
883,4668
884,8991
888,3973
885,8562
885,6126
887,2277
885,7662
886,0751
885,8001
886,1483
885,3465
886,5813
885,8616
884,5531
885,9497
887,1054
885,1206
887,1407
884,7142
883,5022
886,4824
886,3396
889,4816
883,6098
886,6143
884,8914
888,6593
885,7721
883,6727
886,7974
887,1932
885,1657
884,5341
885,7195
885,0427
886,8803
884,2364
888,3913
883,3685
886,7119
887,5570
886,5589
885,4942
885,6112
884,7321
884,6977
888,4379
888,4412
886,3394
885,1093
886,3188
883,9322
884,9824
883,3296
886,2978
884,2284
887,0443
887,6018
887,3573
882,6839
886,3717
886,7380
887,8078
886,2675
883,7916
886,3768
886,5624
886,1399
886,0072
885,9271
887,1252
887,9591
884,4680
888,0316
886,5942
883,6534
882,6354
886,4505
885,3852
883,9540
886,9351
886,1400
885,1797
883,0989
885,8067
889,7025
887,2036
886,1135
886,4744
888,4389
889,2071
884,3956
880,5487
886,2125
887,0886
886,3460
885,0016
887,4557
885,3766
886,8719
887,6625
886,6274
886,8117
887,6894
888,4736
887,0090
884,9846
887,6257
884,3871
885,1417
887,0917
885,0123
885,3360
888,4597
886,5819
886,9250
885,9714
887,3285
883,4288
884,1173
885,8817
885,0516
886,0137
883,9789
882,2422
886,3431
888,0857
888,3692
887,6130
883,4113
884,9138
886,7094
888,7352
884,4087
884,5579
885,0529
886,0375
886,5854
889,9326
885,1565
884,5901
887,1818
884,2910
886,7562
884,6842
882,5741
886,2903
886,7327
887,2669
887,6511
882,6449
884,4121
886,6523
885,7691
887,9610
886,2854
882,2377
885,4620
886,2119
887,2621
883,4159
887,7126
887,5231
889,3926
888,3286
889,1785
885,8550
883,4225
885,6108
887,4957
886,5946
885,8382
884,6683
885,1277
888,6912
886,3160
888,0878
885,9410
888,3800
882,9030
886,5173
889,3836
884,7286
887,5246
886,0052
884,1606
884,8944
887,3393
883,5057
884,3275
885,5884
883,2614
885,3089
883,3386
885,3535
882,5372
887,5222
887,7650
886,8351
884,4983
883,4582
887,5835
889,5999
887,7227
887,6005
886,5694
886,3949
885,2966
884,5470
890,5815
887,1096
887,8690
887,4005
884,4579
886,9848
886,0086
884,9574
885,1676
887,3144
886,7264
886,2067
886,4579
887,8633
885,1309
888,0750
887,3041
887,0828
887,0605
885,6325
886,1980
886,2228
886,4352
883,1899
887,2060
888,7510
883,9782
885,1081
890,3945
887,4263
884,8009
882,5351
885,6771
887,4768
888,1261
883,5579
887,2567
885,0516
886,5187
885,2284
888,9785
886,3377
886,5749
885,1367
883,7982
882,3488
883,2017
887,3366
885,6712
886,7067
884,3045
884,0588
890,0835
886,6450
885,7489
885,7835
889,1680
885,4824
886,9624
887,3470
887,1504
889,7286
885,3426
888,2272
885,4855
883,6602
885,8747
888,0107
884,9408
884,2923
885,4359
887,6551
886,0443
885,3844
887,7747
886,9747
888,8638
883,6486
887,3845
889,0621
884,7526
884,6572
886,0070
886,6450
887,3333
886,0125
884,6765
885,4001
885,5502
885,3524
885,2270
884,8959
884,9048
884,5200
887,4761
887,0238
886,4350
887,6746
885,3998
886,8508
885,1097
885,3937
883,8300
886,4687
887,9855
886,0402
884,4224
887,6632
884,9251
881,9748
884,6799
886,3182
886,8993
889,0188
887,8171
882,5582
890,2365
884,1482
886,9965
886,1781
886,4533
887,1261
885,4688
885,0616
885,0269
886,4153
885,7769
886,9245
887,1304
881,6919
886,9705
888,0834
889,7254
887,4509
884,9898
886,1836
885,4847
886,8354
885,1747
887,1259
887,0929
885,6922
886,0306
885,2020
885,3108
884,8263
885,1836
888,9811
886,5721
886,1003
885,6465
885,7936
887,5445
884,9833
885,9145
887,8013
887,7857
886,6242
884,9170
884,7534
885,6947
884,2376
884,8522
886,4461
886,0459
885,4299
887,0911
886,1437
885,6371
884,4247
886,4701
887,2832
889,0589
886,1879
887,1958
886,9325
883,0363
888,5753
890,3980
885,7731
884,0161
889,0134
887,0155
886,1689
890,0081
886,2647
886,1643
886,8511
886,9486
887,5743
883,5468
887,7507
882,6554
884,4539
887,3309
881,8629
885,1400
885,8173
887,1895
886,8143
886,9884
885,0521
881,7791
884,8502
887,8978
886,5939
890,5102
884,4249
887,2792
886,0707
888,2913
889,6462
887,3964
881,9127
884,8591
889,3251
887,3719
884,8840
890,5100
887,4190
886,8009
889,2879
886,2924
885,0094
882,1717
885,0635
883,7842
886,0081
883,7528
887,2705
885,9216
886,6981
884,4652
883,6339
884,8133
886,4367
885,9484
887,9840
884,5510
885,7294
885,4475
886,3753
885,3308
886,3126
885,8664
887,5462
885,5351
885,9065
888,3213
889,8498
885,3039
885,0666
884,5433
887,1123
885,6094
887,4608
886,6915
886,5211
885,6338
882,9746
883,9553
883,5846
887,7369
884,2114
885,5676
884,2608
887,7665
888,3141
886,1399
887,5108
889,3753
888,7913
885,4430
887,5354
885,4952
886,1640
882,8252
883,8091
887,4537
885,0587
888,1709
885,4360
885,6264
885,3491
886,1861
884,2735
885,4865
884,5389
889,4321
889,0674
887,8268
887,5599
885,1452
888,8958
886,2280
888,4518
885,4041
888,4096
885,3100
889,3742
884,8504
888,7183
887,0873
885,2611
888,4985
887,5060
887,0699
886,1331
888,3224
886,4098
885,4174
881,8883
887,4082
885,0550
886,3672
883,2997
884,0380
885,9782
888,1468
886,3500
887,9968
885,5597
884,3405
883,7280
886,5303
883,3668
884,7768
884,3297
887,0564
885,8043
885,8535
885,4870
885,2743
884,5775
884,8534
886,8483
886,3162
884,9676
885,1105
886,5281
885,6212
888,6690
885,0135
885,4465
886,2945
887,5241
884,4583
886,4193
885,3830
884,2465
886,6150
884,6604
887,2288
885,2950
884,8755
888,4966
885,8337
886,3183
886,7118
886,3256
886,2718
884,7636
885,6412
885,7445
886,0219
886,2686
883,2626
885,9442
891,0103
887,0187
886,1774
883,1067
885,5324
886,4933
882,7832
885,9119
883,8767
882,1343
886,9295
890,3845
885,2884
886,9956
888,6103
887,7786
883,5809
885,5913
887,4258
885,1963
883,7189
886,1708
886,3717
886,8113
887,3490
887,3883
886,4734
880,3330
885,2139
884,1203
884,1086
886,5369
885,3569
885,1208
885,5917
885,8743
886,9540
884,0254
885,5517
881,2938
886,9520
886,5429
883,7787
887,8678
882,4620
885,5001
886,1493
884,7577
884,5654
883,3460
889,2375
887,6853
888,7255
883,3901
880,5938
886,1181
884,0776
885,1368
885,0660
884,9019
887,3129
883,9142
884,9792
887,4795
888,4500
885,7813
888,2972
886,1414
885,2175
886,2021
888,7077
880,9516
886,5318
884,8612
883,6039
884,4668
882,2194
885,4690
885,4245
887,2295
883,4524
887,0815
887,3861
885,0876
888,5423
885,8012
888,2627
885,4805
889,1865
883,1861
886,8588
886,9750
887,6825
887,0459
883,2115
887,5940
884,1919
884,4088
886,9561
885,8833
883,5066
886,9237
887,2164
886,1829
886,5919
886,6134
883,4954
885,3546
885,6393
884,7910
884,5122
885,4366
887,4346
884,5281
884,4027
884,3083
885,1054
889,4605
884,3767
884,0878
884,7891
886,0094
888,2696
883,1595
884,8963
888,1176
887,7378
888,8926
884,9232
882,7097
884,8591
885,0285
886,7671
886,0160
888,1837
887,5915
887,7336
888,2142
886,1570
883,2737
887,1872
886,8187
882,2531
886,7240
885,6193
886,7096
886,0148
885,7743
882,8243
885,2796
886,4697
887,2210
886,0158
884,2523
883,1099
889,9012
884,7718
885,6807
884,4289
886,9191
888,2563
887,8196
886,5826
886,6869
887,9023
885,1600
886,0690
888,6322
886,4712
885,1091
884,9735
884,7605
883,5983
887,1606
888,7073
886,4648
886,1929
887,5196
888,0232
888,3130
885,6195
885,6033
885,9387
883,3190
887,2847
887,7457
884,9495
887,9975
885,4346
882,0574
888,7014
886,7443
887,8074
889,8396
883,1848
884,5451
888,5638
886,9536
887,7687
886,4510
886,8574
885,9561
885,9766
887,8228
887,4309
887,0595
886,6460
884,2324
885,7847
885,5008
885,4419
884,9386
887,7704
884,9079
888,0183
886,7494
888,6244
885,7384
881,5580
887,7902
884,2800
890,6412
887,0029
882,9849
885,9768
883,5345
883,8583
884,4094
885,4890
886,1573
885,1181
885,0828
888,0444
887,2699
886,4915
887,6042
887,7998
888,3558
886,3355
886,7157
884,6238
888,6240
886,5353
885,5770
885,2800
882,1806
886,0625
887,9969
885,9962
885,4592
887,6495
885,7961
885,1214
884,9944
885,8127
885,7936
883,7066
885,1589
885,8548
885,8487
886,0518
885,8090
890,5168
888,3740
886,8705
885,8017
887,6336
887,6199
885,2684
886,2727
887,3428
886,3637
888,3939
889,7225
882,2021
884,6417
885,1551
884,5693
885,6057
885,6820
884,8702
887,6749
886,6751
884,6611
886,7869
885,7485
888,4040
885,1813
886,5011
885,9073
884,0439
886,6533
884,5905
887,5295
887,4049
884,4797
884,3477
886,0619
884,2336
888,0576
888,4660
887,1939
885,6799
884,3428
887,5499
887,6777
879,8540
885,8958
886,7463
886,6236
884,1235
889,2060
885,6661
883,9429
887,5593
884,9777
889,2471
884,9614
885,6618
889,7538
883,5133
887,6784
885,9654
884,5891
887,2536
885,1751
886,3566
886,1800
887,4186
887,8956
885,8243
884,8173
885,5910
885,5906
886,5135
887,1310
886,5435
884,6039
883,2205
884,1426
887,0492
882,9903
887,1419
881,3239
885,0634
891,7509
884,7062
886,4326
888,9596
886,1638
885,0287
885,8661
888,2083
883,8056
884,6746
881,1657
886,1572
887,9007
886,0256
887,2642
885,6995
883,4521
885,1684
888,2193
888,0918
886,0616
886,2388
885,6498
887,8679
883,4112
884,0734
882,9859
887,7572
888,6196
887,0836
889,0677
885,8942
887,3527
887,2034
883,4686
886,0737
886,4503
886,8019
886,5114
885,1090
886,8691
889,6312
882,8255
886,6015
888,7400
888,5550
888,3785
886,5368
884,7509
890,0529
886,6736
883,4393
883,9046
885,7943
887,6705
885,8346
886,8092
886,3473
885,5873
883,8914
887,7307
888,7817
884,4473
883,4296
882,1296
887,1293
887,8783
887,1287
886,5190
884,7024
887,9051
884,0242
887,8549
886,9223
885,1673
884,8463
884,2226
884,4082
885,7206
885,1278
889,6540
885,5113
887,9700
886,6532
885,5338
884,6064
886,7775
884,4361
886,0725
885,7077
886,5309
881,1329
888,1366
887,0717
887,3250
886,5826
884,2285
888,0076
885,1804
883,5775
886,6631
888,2921
886,4093
884,5304
885,8761
884,3561
887,8967
890,2861
886,0291
884,2907
884,4881
884,9603
886,3985
888,7644
889,1601
885,2655
885,7714
882,8152
884,7282
887,9790
888,6538
885,6832
888,5586
883,4980
888,0434
883,0814
884,5521
887,5076
887,4784
886,9345
884,8233
884,1861
883,4668
884,9319
883,1326
884,8600
886,0102
887,5813
884,7308
884,3289
884,6609
887,8020
885,4463
887,9532
885,3553
889,1017
883,2797
888,8124
887,4222
885,2580
886,9355
884,9916
885,6081
887,8528
884,3681
886,7399
886,5435
884,3674
889,6562
882,0753
885,3742
888,4500
884,1952
885,1288
883,9432
887,6934
886,6640
887,1959
885,7852
885,7455
885,7104
884,0726
884,8135
883,8157
887,5078
887,5942
888,4462
883,5761
885,8817
883,2923
886,6809
885,4833
886,1527
888,1193
888,5873
884,4820
885,9745
889,0074
884,4704
888,9287
885,5296
886,2973
887,5248
883,0664
886,8762
883,2875
884,4895
884,7510
885,6244
889,4481
888,6558
887,4380
884,3159
885,7445
887,0494
886,6554
885,7647
887,2502
884,9856
884,0827
886,2734
887,1314
886,0509
883,9954
888,5873
885,4695
886,2414
887,1122
886,3734
890,1350
885,3425
885,3494
888,0699
885,5496
887,5213
885,1219
883,4634
888,1524
888,4396
885,0637
888,0192
887,7934
885,6936
885,6930
883,9481
887,4153
884,2247
881,8784
884,5600
885,0645
889,1085
881,4909
885,8918
888,6661
888,8612
885,4123
887,4876
884,9426
883,7160
885,3216
884,2370
886,2963
884,2854
884,2008
886,1958
886,2181
885,2848
886,2250
885,8681
886,1097
888,3721
888,8180
889,1275
884,9478
888,3607
885,9904
884,5039
885,8643
887,5023
885,0878
885,4917
885,3021
885,1426
885,3866
891,4019
886,2211
887,1237
884,0708
888,6118
888,1893
886,8397
887,9865
889,6612
889,9819
884,7597
880,5697
885,1114
887,6546
887,8030
888,4796
885,1643
885,8653
886,1488
885,1721
886,1146
885,4067
886,3163
885,0521
886,2682
884,5647
884,7141
885,2513
883,4884
888,7338
883,3536
886,8264
884,5391
884,9981
888,3119
886,9206
885,4649
885,1632
887,1024
888,6421
888,9722
891,0374
884,5370
883,1489
883,7216
887,1176
887,8435
887,1901
885,1219
882,0705
886,5294
885,5273
884,9552
886,6885
887,9715
884,6947
882,1644
885,3784
884,2554
885,4158
885,2899
883,7646
885,1814
883,5860
882,2995
884,2773
885,9252
887,2506
885,0719
885,9198
885,6473
888,9806
883,9560
888,6584
887,0171
887,8501
885,2941
885,1710
886,8859
887,0438
884,1153
885,8328
886,8034
887,1626
886,5135
887,5195
887,5771
886,6639
882,7413
885,9387
887,5164
886,2496
883,1492
886,8067
889,1964
885,8192
887,6276
886,1825
881,5911
886,8915
887,7503
880,6212
885,2505
886,4581
886,1712
885,2767
887,1513
882,4448
883,2148
886,7469
887,8111
885,9488
887,3161
887,6027
887,7631
886,3494
887,2002
885,4776
887,3194
885,9568
888,0639
882,6635
885,2281
882,8081
887,1097
889,9773
885,6797
885,8386
886,8664
884,0398
888,5523
887,2794
886,8088
886,9601
887,2245
882,9261
887,1111
886,1613
885,8423
888,9292
885,3903
887,3353
884,3806
888,7389
887,3461
887,3838
885,8452
885,2232
883,5097
888,1831
882,8938
889,9757
887,3701
884,7096
886,9607
885,5560
887,0605
884,3334
884,8732
888,0880
885,4103
885,4297
886,4101
884,4649
885,7920
887,8048
885,4502
885,0028
885,9450
889,5261
885,4407
888,2068
888,3481
887,6277
885,0308
886,3974
885,9231
885,3812
885,9712
886,5959
884,4123
888,4165
886,6110
889,0283
887,3123
883,4604
886,2777
886,2935
890,6659
887,2889
884,3357
884,7005
885,6242
886,4014
884,8222
884,2059
887,7155
888,8585
887,5584
886,3831
889,4466
885,8748
884,8715
884,4217
884,2715
888,5745
884,9964
884,9792
883,7944
887,5031
889,1508
884,9086
888,2383
889,5967
884,4210
884,0993
882,9226
885,6543
888,1628
888,0979
887,5820
884,7131
885,5285
887,7930
887,3889
887,5188
886,7105
890,3554
884,5433
884,7087
889,3684
888,3753
888,9050
885,0403
885,0228
889,6923
887,0846
887,0382
886,2543
884,9916
890,5432
887,7063
885,3626
887,8924
886,2757
886,3117
886,1697
884,6544
881,6999
888,1196
883,6928
885,8259
888,5727
883,2815
887,2858
888,5930
885,1718
883,3552
884,3450
887,9373
886,1183
888,7383
887,4556
886,7849
884,8985
888,4589
884,6628
884,7388
886,7880
884,2607
884,9143
886,9203
886,2254
885,5204
889,2055
887,2662
889,0537
885,2417
887,0934
885,4587
888,4776
886,7282
886,1462
886,4742
888,3764
887,5448
883,7368
886,3549
889,1521
884,0853
886,3294
884,0674
886,7132
886,2824
885,1939
885,1655
883,8004
885,6573
885,5954
887,4847
887,0998
885,8293
884,4272
889,2395
884,8965
886,2022
887,1327
887,4733
887,3167
889,3098
885,6745
882,3861
887,8636
887,1078
886,4487
886,3066
885,7563
884,8389
886,1972
888,5784
885,4874
884,0699
884,9089
886,9116
885,9382
890,0856
884,7410
887,2091
884,9660
887,5141
883,1874
884,0090
884,7146
884,0660
885,0544
884,4433
884,9954
885,3705
884,2420
888,4494
886,1700
885,7440
884,2382
885,7473
888,2754
886,2070
886,3957
883,7780
886,6987
886,5850
884,6568
884,8645
886,7760
888,3677
886,7420
887,2099
883,9360
885,0095
886,1081
884,7425
885,3348
883,4874
888,0395
883,6007
883,6607
884,4707
885,8683
886,2874
883,7027
884,4895
886,6289
884,8125
883,2798
886,4233
884,0822
885,8398
886,3662
886,4564
886,2798
886,2453
882,3421
884,1399
885,1695
890,3724
886,2270
890,1512
884,1160
884,8675
884,9314
886,8708
885,7397
886,3681
884,9219
884,4484
883,9693
884,2530
887,6455
886,6746
888,5127
889,1516
886,1696
885,5189
889,6777
886,7387
888,3210
887,6677
886,8871
886,3363
888,5774
886,3796
886,6713
886,6233
885,1699
887,2648
884,6855
882,3417
884,6368
889,3474
884,5965
884,9847
888,0934
887,0532
886,9830
886,4692
887,0490
887,7803
886,5134
886,4388
885,2641
883,3931
884,6640
885,8144
888,7885
886,4985
884,6388
884,0350
890,4186
885,3020
886,2398
887,2298
884,1138
885,2690
884,0140
886,7611
884,4284
885,6641
888,1108
885,7861
886,7281
886,6910
887,0926
887,3410
885,3899
885,3608
887,3300
883,6669
886,3796
883,0501
884,5521
885,3664
884,6929
888,5313
887,4774
885,5688
885,2579
886,2833
887,0284
889,0269
883,4366
885,9310
886,2791
884,7725
887,7369
883,1291
883,3727
882,6792
888,6132
888,7091
885,2664
889,0082
886,4502
885,9155
888,2977
885,9555
884,6916
885,4314
884,2119
883,8444
884,5961
884,6628
886,2461
885,0746
882,7947
886,1818
888,8011
886,0090
886,3391
885,7017
885,2725
884,5674
885,3671
885,6694
884,3185
885,1753
883,4906
885,0210
883,5959
885,2992
885,8658
884,8885
883,7528
886,7389
885,7090
884,0916
884,0832
884,6300
886,4984
884,6682
886,7739
887,9839
888,6676
884,5994
884,2511
886,6938
889,9777
884,2602
885,5182
888,0282
886,8012
885,9954
886,6507
887,2147
884,3718
884,5771
886,1052
885,3423
886,6454
886,2355
886,6848
887,4253
890,3177
888,7016
885,0740
887,4173
889,0693
888,2257
886,2811
885,3371
888,1539
881,9758
885,6468
886,5801
886,3316
887,6693
885,4904
888,5321
886,9564
884,1019
885,8028
884,6857
888,1794
885,5325
886,3843
886,7682
884,0622
886,3687
883,7908
888,4357
886,1557
883,7179
886,6835
885,1281
885,3852
886,2092
889,0048
885,5708
885,8376
881,3465
885,3134
890,6622
886,4513
886,6249
886,6785
883,3066
887,4199
884,1780
884,0472
884,8498
885,2339
887,7762
887,6078
885,7111
884,6880
885,5560
885,2512
884,1275
885,3556
884,7850
884,4606
886,0656
884,3116
886,7964
887,6361
886,8202
888,3023
888,3873
889,1138
887,3023
885,4340
880,8774
883,2329
884,3584
882,9976
883,5337
886,9010
884,6256
883,1772
888,1427
885,3495
883,7713
887,9262
885,2489
884,3169
886,5307
886,4371
883,2123
885,1094
884,8580
883,5376
885,8738
886,4147
883,7280
888,1671
886,9109
886,1835
885,7571
886,9672
886,8655
885,0261
885,5735
887,6683
885,0360
885,7659
882,8728
883,7487
886,1326
886,1782
888,3334
883,0519
889,9845
886,6936
884,7674
881,2809
884,4772
886,8397
886,8601
885,8593
886,2643
888,2546
888,9112
883,9326
887,6672
885,2592
887,0332
883,3948
881,0371
887,9488
885,4394
887,0959
888,6243
885,4214
883,9029
883,6133
887,0925
886,6482
887,2832
885,4740
885,8706
886,5744
887,8869
886,9113
884,3448
885,7395
886,9869
885,8446
885,2477
885,0277
886,1647
887,7471
882,1638
884,5074
887,0445
885,7398
883,3342
882,5330
885,2297
887,2710
888,4931
886,9245
886,0019
884,8970
885,2967
890,1165
888,2677
889,1597
887,7894
886,8173
885,7121
884,9506
886,2870
889,6205
885,3052
886,0363
887,8542
886,3273
888,4881
888,1978
884,7768
884,3637
887,2466
888,0558
885,5732
886,8236
886,4903
888,9544
883,2773
884,4485
888,1131
885,9267
885,2123
887,1714
886,7615
886,1296
886,9262
888,6161
883,2845
886,5964
886,9031
888,8636
892,1775
884,4613
885,8438
884,6378
886,4817
885,8357
884,0701
885,9384
884,9747
883,9754
884,7979
889,0757
884,6244
888,3415
883,6952
884,7808
891,0122
888,0635
888,6910
889,5363
887,4182
886,1228
888,4417
886,5959
883,8815
884,6140
888,7447
889,7844
886,4370
884,9878
886,7275
886,4404
887,4642
884,9057
886,1864
886,3628
886,7986
885,9588
888,8289
887,0595
888,4641
887,6554
883,9724
889,7995
882,7693
884,8288
885,3762
888,1613
887,8469
887,7052
886,8677
886,9552
883,4105
886,9381
886,1080
883,4577
885,8559
885,7271
884,0504
885,4164
886,3809
885,1813
886,9634
883,8697
885,2870
884,7449
888,3940
886,4025
885,8448
885,7611
885,8722
884,3095
883,7053
884,3368
887,7322
888,6652
884,1188
884,1733
886,5730
884,6854
884,0884
886,4124
885,5961
883,0410
885,7831
888,3175
886,6857
887,1401
888,9262
886,6524
884,4815
888,4427
886,1040
888,3881
887,3117
888,3619
886,1536
886,7325
886,0027
886,6183
885,0874
884,1257
886,9267
886,1124
884,9055
882,9326
886,6511
884,2798
883,5820
889,2171
885,7990
887,8420
887,1539
885,8269
883,8615
886,9002
884,9086
885,3008
888,4918
884,2719
887,1661
886,3808
885,0455
885,8892
885,2867
885,8896
884,9739
884,2833
887,4774
885,4893
887,6551
886,7557
888,0042
887,3166
888,9775
885,0497
886,1519
889,6948
885,5992
884,6701
881,6133
884,9172
887,3341
885,6405
885,7245
886,4336
885,3723
886,3033
888,5546
884,3937
886,0384
886,2322
886,8199
882,6544
885,5795
885,3702
884,5720
884,4761
887,1637
886,5704
887,5855
884,4381
888,8968
887,1023
884,1200
884,2688
888,1514
882,0180
880,8295
886,5212
885,4534
889,6681
888,0283
886,5813
884,5566
883,6322
886,8723
884,3404
887,5777
888,1716
887,0535
883,5138
887,4824
885,7535
885,2567
884,6780
885,7914
884,7779
883,6374
889,2128
884,9128
884,9252
887,0145
882,0174
884,8439
888,8944
883,8924
887,4522
883,6921
885,0277
887,5307
886,5390
887,5175
887,4896
886,7351
883,6323
886,3183
886,0293
885,8602
885,7420
886,1433
884,3993
885,7149
884,6414
885,5827
884,1894
884,1883
885,2517
886,7051
886,4124
883,0706
886,8808
884,4554
886,1333
887,0349
887,8305
882,4484
886,8480
887,6478
889,7108
886,9029
884,4730
886,7920
886,4553
888,4908
885,8161
887,6736
886,6498
885,7136
886,8867
882,6788
885,9651
884,2953
885,2073
884,4708
885,6430
885,9203
883,9658
886,6025
883,1243
883,4585
886,9068
887,9448
886,6625
883,8367
888,1925
884,0660
888,6848
883,9109
885,9719
884,8999
885,3214
883,8741
883,2086
885,0959
884,6862
884,1036
891,1630
886,2036
887,0132
884,6821
888,9614
885,2413
887,9342
888,8943
887,1808
886,5529
885,4412
887,3067
886,7627
885,0942
884,0461
884,9986
887,0516
884,0684
889,1640
885,3760
885,3536
889,2761
884,0590
883,1688
886,1278
888,2647
884,0244
888,0946
887,9784
886,6926
885,8517
884,7124
885,7729
886,6817
885,5256
888,4639
887,7534
883,4334
886,0981
885,0401
884,9526
886,7321
884,1849
883,7240
886,2237
885,6404
883,3627
887,4441
883,0413
886,3123
884,9383
886,3892
883,9634
884,9574
885,4476
888,5245
885,9192
888,9948
889,5661
883,0655
887,5542
886,7680
887,5916
886,5057
884,2496
887,5182
888,6272
881,8574
885,1908
885,7479
885,4045
887,6763
887,6016
886,2417
883,3334
888,1530
890,5476
885,2148
886,1915
882,2463
885,7210
886,1414
886,9183
885,1676
888,8099
885,7536
884,7243
887,4013
884,0175
886,5365
885,9057
884,6137
883,5680
887,4568
885,4148
885,9314
888,5038
885,1061
886,3346
885,3779
883,8667
884,5369
884,8203
886,9938
888,4830
885,9372
885,8035
886,0775
886,5757
886,2155
888,3938
884,9384
886,0937
884,5481
883,2720
883,6844
888,2509
886,4491
887,2766
885,3882
884,4667
885,3877
885,3112
886,8852
885,2440
884,5838
884,5729
887,9077
886,4873
886,1030
885,0660
884,4354
886,0102
886,8133
885,5767
882,8545
886,5331
882,4920
885,5482
883,1659
887,6645
884,1671
886,1330
886,0957
885,4299
883,3613
883,3446
885,8666
885,7807
887,2488
881,5721
882,4464
887,1392
887,3290
889,3715
885,5342
884,7393
884,8953
887,3445
883,3413
886,5389
885,3307
885,6033
884,0738
886,9573
886,8717
885,2025
889,3324
886,5904
887,8188
884,8392
886,5245
885,7425
884,5477
886,3637
886,2902
886,2935
884,7961
888,2041
883,5998
890,4095
885,4238
887,8560
883,8002
886,8447
886,2336
884,3480
885,3140
886,5438
886,4488
886,0075
885,2837
885,5462
886,3118
884,2170
885,8998
886,1394
887,1794
883,3694
883,1014
888,8790
889,5221
885,5764
885,6897
888,8276
887,9723
883,4330
886,9392
886,4984
886,4708
885,0246
884,5006
885,1630
885,9983
886,7312
886,3129
886,1989
889,0462
885,1876
886,7812
882,2671
887,9229
888,0980
885,7266
886,2647
885,1762
887,8397
883,1196
887,1635
886,3508
884,4541
885,4958
886,0712
885,4521
887,7545
886,7148
890,4560
887,0698
884,3391
880,9649
885,4367
883,4586
885,0048
888,5600
888,4960
883,9319
885,1005
885,8422
886,6873
885,8105
888,1893
882,5972
887,3498
888,1547
887,4662
885,2077
884,4344
884,8133
885,7928
887,0646
884,1672
885,6616
885,7130
883,0484
886,2688
887,9445
887,0783
886,7696
886,9083
885,2825
887,1363
886,5059
884,6939
889,8949
885,0178
886,7336
885,7045
887,9095
885,5003
884,7339
889,3075
885,4799
889,1499
882,8943
885,0121
883,9015
885,8073
888,7274
889,3468
884,3755
886,6134
882,4417
885,9443
886,5448
883,9822
887,0738
882,1737
888,4339
886,8214
886,1070
886,6145
885,9716
885,7910
887,7730
882,4409
884,7147
886,6790
887,0301
884,3640
885,3898
887,6568
886,0387
888,8708
887,3058
885,3735
885,0903
887,7889
886,7573
887,6533
886,1447
886,0451
883,4376
887,0283
885,6068
888,9394
880,5424
885,9067
887,8421
887,7197
883,1456
887,2485
886,4442
889,0593
886,9917
889,6909
886,5728
885,7022
886,7907
885,8136
887,0739
887,7962
884,5617
883,3449
886,2500
890,9210
887,3315
887,4974
885,3492
884,7718
888,8726
887,3606
887,6406
884,7332
885,3597
885,4890
888,6381
887,5029
888,8039
885,8023
887,7708
883,8195
887,5425
883,9967
883,7421
884,3487
884,4294
884,8043
885,5058
885,9121
886,9841
885,6393
885,4034
884,3454
884,4693
884,5363
888,0505
887,5703
888,0557
886,8799
887,3850
884,0663
889,1255
886,3827
881,5949
888,5149
885,3382
884,7204
884,9177
884,0424
885,4206
884,4549
884,2840
884,0235
888,8609
888,1169
887,4745
886,5866
887,0855
886,0892
889,6818
887,6555
886,7418
883,1287
885,1245
887,1814
887,6491
887,4846
885,3519
886,9247
883,5465
887,4359
884,4639
883,5575
886,9721
887,3807
886,5855
887,5603
887,7450
884,6845
887,8424
885,7668
886,2042
886,1583
887,0599
887,8546
887,4669
884,5592
886,3197
887,3022
885,0425
890,1441
885,2763
887,7420
889,0501
883,8449
884,0733
884,2189
887,0546
884,6866
884,8357
886,1009
885,6928
886,7121
882,9633
883,6444
884,4364
884,4155
888,3667
885,6130
885,2823
887,0511
886,8498
886,6142
885,2635
884,8775
889,7483
886,2206
886,6032
887,4275
882,7251
888,3174
889,1262
885,8891
885,9373
887,9056
884,7404
882,9839
889,9322
882,8457
887,0195
882,6848
886,1992
886,8107
886,3896
890,1008
887,2486
884,7236
882,8548
884,5770
884,1565
882,8719
889,8522
886,1896
886,5971
889,3375
887,7763
885,5274
886,2624
885,8713
885,3560
887,1483
884,7560
886,3989
891,0860
883,1474
888,3383
884,8523
887,0099
885,7440
884,8612
888,9417
882,0103
885,9552
885,3407
885,4018
886,2246
885,8857
885,6755
885,2045
883,5062
885,8060
885,4434
885,3597
885,1394
886,2579
887,7218
886,3412
883,0187
886,1421
886,8020
884,5854
887,2420
884,5386
886,9803
884,7564
883,2850
887,9116
885,4887
884,3722
887,2410
885,3420
885,9025
884,9614
883,0543
885,1493
884,8863
886,9699
889,9428
889,0187
885,5371
882,4216
885,4858
884,1844
887,7399
884,5425
887,9334
884,2241
885,5593
883,7820
883,7639
887,6110
886,4034
888,4591
885,7751
886,3592
889,1810
890,5310
890,0178
887,4256
884,7965
885,5394
885,2988
887,6931
886,1981
887,2232
886,1523
885,1562
883,4228
884,1954
886,7929
887,1982
883,5809
885,5303
886,2196
886,0650
887,2120
888,5048
887,8674
886,7098
884,2416
886,7829
882,9412
886,9218
885,2550
886,1632
885,5418
883,6135
884,3872
887,1771
885,2604
884,6753
885,3556
886,8565
886,2800
887,1806
882,1874
887,3726
885,3281
887,2150
886,7017
886,1053
884,0938
885,9848
885,4548
889,0214
887,4663
884,1260
884,8401
885,2057
885,9188
887,1936
881,4226
886,9652
886,3339
885,4530
886,4082
882,9204
886,7445
883,4396
887,3199
883,2039
887,1191
887,1143
884,8618
887,0884
884,9072
884,6157
885,5903
886,8471
886,9326
886,6958
887,2088
886,7043
884,0668
887,6385
884,1533
883,8147
887,3581
886,8707
884,5806
884,5336
884,0430
887,0126
884,4513
885,6377
888,0407
885,9565
885,9402
881,2187
884,1258
884,4367
885,5344
889,4562
886,5735
881,9981
886,1878
886,3519
883,7895
886,8193
886,3331
885,8424
889,0548
890,1793
884,3491
886,6188
888,5685
888,7949
889,5889
885,6809
886,5122
885,1083
887,7288
886,7238
885,9163
887,3133
886,1987
883,2959
884,8483
889,1776
887,2235
884,1894
886,8734
887,8043
886,5288
887,1657
888,0676
883,6022
885,7285
886,2969
888,2226
884,3182
889,2173
887,1307
884,5005
883,1968
887,0953
885,9914
886,2548
885,6680
885,5506
884,3848
885,6906
886,1671
884,8391
883,3200
889,1671
887,7046
886,8953
887,4965
886,3819
887,8636
886,3610
887,0423
888,1180
885,8852
888,4716
884,9504
886,9937
886,3848
885,6185
885,8554
886,9786
884,7362
886,0941
883,3591
883,9643
888,1106
887,1738
884,9700
887,1680
887,4584
887,0805
888,0983
886,3022
884,8600
889,6888
885,2533
884,2646
884,7717
885,4084
884,7606
884,2545
886,2307
885,8559
886,1109
885,1031
886,4870
887,0664
885,6261
887,8286
884,5385
886,1132
885,4601
885,7504
885,4369
889,1426
888,8189
885,4202
885,9198
886,6350
882,5735
886,3884
887,4914
884,1632
882,4070
887,1460
884,5510
887,3106
889,7116
886,4318
887,0741
887,5227
885,1769
885,1113
884,7405
882,8334
885,6246
883,4546
886,7397
887,1329
888,0645
885,0464
884,0630
884,5990
886,4251
886,3182
883,7780
887,6501
886,9156
888,0084
884,6904
887,7776
888,7235
884,6347
884,4560
887,5843
883,8932
885,5944
887,1189
889,4603
888,2560
882,3265
885,4273
887,3223
889,5335
883,4816
883,8872
885,8656
885,8988
884,0782
884,6452
887,8587
886,5366
884,8395
887,8221
885,6948
883,9257
886,7623
883,7162
884,5730
887,0368
883,8264
885,1161
884,3303
886,0760
887,4621
883,8142
888,4581
886,0157
887,0434
883,6907
885,8283
888,6864
886,0355
886,8212
886,2983
883,5565
887,9670
885,7527
886,2570
885,2133
886,9979
886,4149
883,2907
887,6187
884,1847
883,6848
886,0405
887,7696
885,5010
887,8346
886,3220
884,6057
884,9429
886,5167
885,8424
885,5146
886,5795
888,1493
884,1170
885,8008
884,0834
884,2920
889,0017
886,4145
887,6612
884,6376
889,8371
884,7204
882,9515
885,2492
887,4130
885,1183
885,6245
885,2259
884,4737
887,8894
886,6958
889,9895
889,2954
886,5860
886,8185
882,6862
883,4622
884,3664
887,2785
886,2021
884,1198
886,8717
886,9999
887,9112
884,0822
884,8097
885,0779
887,1261
886,4634
887,7982
886,4085
887,7845
886,3205
885,1914
885,1085
885,1495
884,3062
885,9152
885,5948
887,5243
885,7787
883,8704
887,4589
885,8153
886,7760
887,1602
885,3078
884,2272
887,0434
885,5908
885,3399
883,5491
885,1477
884,3995
884,8581
883,4593
882,7731
882,8818
887,4953
885,0862
885,2831
885,7304
886,1385
885,3107
888,0709
883,6767
884,5304
885,6745
886,1584
887,6907
883,6563
888,9399
884,7235
886,3572
884,3923
886,4028
885,0956
883,5684
885,7676
885,9965
885,2680
887,1461
884,6152
886,1174
884,3368
886,9108
884,7013
886,1546
885,0755
885,2841
885,6932
888,1840
887,6044
883,8799
886,6739
885,4904
883,7988
886,8466
886,2545
884,7998
884,3442
884,9549
882,5785
883,7751
885,1114
885,8891
888,0347
885,7306
883,6213
884,0281
886,3535
884,2477
887,1090
885,4749
880,8908
882,4335
883,5118
886,6039
887,9971
884,4755
883,5641
887,8878
885,2342
886,8456
889,6932
883,0875
883,9496
886,5934
887,8031
884,2230
890,9361
884,2904
884,9657
884,9272
884,9811
885,8215
887,0108
885,1163
883,6287
886,7199
886,1493
886,3612
882,7223
887,7750
883,1409
885,6414
887,1227
887,3672
883,2710
888,9629
886,9358
881,0890
887,2236
885,9230
883,9787
885,0644
885,0907
888,0896
887,2029
884,5319
888,8593
885,8494
885,6866
885,6084
884,1800
884,6174
888,3566
886,3000
887,7814
884,3574
885,8591
888,8769
886,8374
887,4199
887,5153
885,2796
887,2319
885,5847
887,1884
885,3157
890,1629
884,6023
885,6410
888,2624
888,4867
884,9369
885,3079
886,6501
887,1734
886,2788
888,9486
885,8566
887,4302
884,4674
881,8471
887,3623
883,9738
885,3095
885,1690
886,2912
886,8194
886,8121
886,1734
881,9133
885,0897
887,7420
885,4955
882,0501
883,5234
889,6350
883,5236
884,8552
887,6873
884,5196
886,7773
885,0891
886,6454
885,9486
886,2198
886,3997
883,8654
887,6879
886,5293
884,3271
886,0731
884,3841
883,5545
886,9729
884,9677
887,9329
887,3811
886,3343
885,5324
884,7721
888,4577
884,7067
888,1086
886,4077
885,9089
887,2942
887,7497
885,8263
885,6520
886,4985
884,5412
887,6308
889,1550
884,6926
889,3159
886,4269
885,3569
883,9609
887,4226
883,8701
885,9004
885,6315
886,7596
888,6605
886,5571
888,1778
888,6366
882,1925
886,7432
886,4081
884,8995
885,7805
885,7137
883,9693
886,4864
885,5762
884,8441
885,2144
884,2251
885,2647
885,7762
886,3239
887,6494
883,8706
886,2132
888,2952
885,6321
885,2338
885,3411
886,5703
887,8730
883,2566
888,6064
886,0159
883,6406
887,0941
883,1550
886,3770
889,9529
884,7339
887,5663
884,6771
882,9855
884,7929
885,5307
884,1256
887,5318
885,3665
886,2006
885,2726
886,3095
886,0066
883,3374
884,1683
885,2535
885,5572
884,4177
886,5715
889,3831
883,4331
886,3909
883,7914
885,9952
887,2300
885,2704
887,3296
884,2591
887,9028
882,7026
885,9138
887,0434
887,5294
884,8499
886,5970
886,1380
885,3898
885,9768
885,4875
885,7687
888,8436
885,8274
887,8512
885,0716
883,9133
884,8190
885,6106
882,9303
885,1049
886,5147
888,3267
888,5221
887,5987
888,4054
886,8430
881,0838
888,4991
883,9288
886,5138
883,8096
884,2418
886,6801
887,6976
885,7302
880,8731
885,6642
885,2407
886,6090
884,7788
887,9338
890,9517
885,7172
887,9547
882,1774
883,6833
884,3448
884,9197
888,4740
890,6759
885,6534
887,4688
883,8328
882,4566
887,6356
886,4588
886,7186
884,1126
886,6931
884,3525
887,5173
885,3211
883,7201
887,1031
887,1622
888,9858
886,2849
884,6977
887,3516
886,9056
885,4480
885,6951
886,7384
883,6054
885,8476
884,2320
886,2436
885,6165
887,0420
886,5479
885,6612
884,8115
885,0160
889,0953
884,1503
887,4467
887,1885
885,9571
883,8753
886,3410
887,1043
884,2309
887,8222
884,2289
884,1354
890,3562
884,7511
885,6741
885,0767
887,1127
883,5479
888,9450
888,1276
889,3474
883,7385
884,6066
886,9238
887,7172
884,0321
886,2360
886,4699
884,1139
884,8853
885,5434
883,6232
886,5366
885,1605
884,5419
886,9359
885,4830
885,3494
886,8789
884,9072
887,2337
887,4981
884,4834
885,5706
885,1298
886,1541
882,8661
885,4216
886,8198
888,1503
884,9339
885,5635
885,8629
884,8137
886,8216
885,4113
884,0872
885,6300
891,1744
886,9765
885,3140
884,8795
883,6909
886,2521
885,9780
883,8150
886,6943
884,4969
886,3751
885,2473
885,1253
886,2698
886,9569
886,0206
887,5977
882,0687
882,7347
886,8601
886,3204
886,7846
885,6165
887,8648
881,9552
884,8751
885,4874
883,1428
880,9900
886,9991
885,9135
883,0114
885,9745
889,4480
885,7133
886,2367
884,4166
889,5864
887,3593
883,8093
886,8406
884,7962
886,3803
886,0947
884,9386
885,6150
885,7288
884,1477
885,5175
884,6271
887,1422
886,1975
888,1619
885,9744
886,5249
886,5003
885,6468
886,3036
884,0913
886,0563
887,6269
887,5032
887,1966
888,7346
884,3324
885,1295
884,4571
885,8753
884,9826
886,4271
885,7920
888,0322
886,0977
885,3834
886,8126
883,7757
884,2963
884,9360
883,7261
887,5482
886,5187
885,4753
883,3137
887,2394
886,2141
889,3956
882,8868
885,1805
886,3239
886,0737
886,6679
887,6597
886,5484
887,0728
884,8475
885,8570
890,0587
886,8831
886,5773
885,5526
883,1803
887,8612
887,6355
885,6283
885,4560
884,4383
887,8613
885,5623
883,0346
888,4389
885,7785
885,5229
886,2706
885,7186
883,6408
886,4130
890,9101
887,4043
884,5938
885,2672
885,4466
884,3424
886,9357
886,3055
888,8941
888,2668
887,1071
886,4317
887,3542
885,2405
886,3228
886,3007
883,9712
886,9867
885,9448
886,4792
887,8471
883,9823
888,2418
883,8307
884,0069
886,2520
888,1309
887,6528
883,7206
884,4192
885,3938
884,1855
888,2606
885,9475
886,9268
886,3088
887,0645
889,3729
886,8029
888,9403
886,7604
886,6263
884,3294
885,8838
888,4573
886,4507
886,1593
885,6848
885,2013
887,1085
882,9736
885,5245
885,8938
885,6694
883,6682
885,6760
886,4064
887,8271
886,1273
885,6847
883,9745
884,9889
887,9686
885,2693
886,4820
885,2926
886,1897
886,5508
881,6589
882,0697
888,4439
889,8413
885,0807
886,4575
885,0843
887,0400
883,0658
884,8881
885,5367
885,9351
886,4676
885,2363
887,1707
884,4905
885,2210
886,7037
886,2907
887,0795
887,3293
886,0347
886,1963
884,8061
886,4552
885,8137
887,2368
886,3197
885,2484
887,6415
883,8664
882,8872
887,3236
883,0719
885,1209
889,4031
887,5610
889,0456
888,5979
882,3990
885,4898
882,9033
885,8316
886,1451
885,8053
886,7064
885,2330
888,5257
885,3578
886,7776
884,9846
887,0454
885,5979
884,0421
885,1525
885,6486
886,7394
889,8265
886,3219
886,0985
885,4595
888,1934
885,7384
887,4146
886,9794
885,6150
886,2150
889,0376
888,0387
884,8437
885,0342
884,6858
882,6144
886,7866
885,2667
886,5593
885,0342
884,3594
884,8957
882,2332
890,0303
887,8959
884,0559
886,3594
885,5483
884,9232
883,1554
885,6199
885,7466
886,0110
886,1247
885,3692
888,0967
885,9965
889,0344
887,4005
887,8102
886,9039
886,3011
885,0529
883,8660
887,8258
888,0105
886,9458
891,1230
886,3454
887,4068
888,3024
883,8208
886,4544
889,0991
888,3417
885,8944
886,2396
885,9510
887,1084
884,7611
886,9471
885,7910
887,2121
885,8446
886,6413
886,3552
882,0246
886,5345
885,2307
884,8509
889,2199
888,3814
883,1337
883,9859
883,6492
886,1468
883,0321
884,3518
884,1391
888,4041
885,4016
887,4677
884,6458
887,8017
885,4272
887,9546
884,6204
884,6569
885,2659
890,1067
887,1390
882,6083
882,9504
887,1311
886,6704
885,4759
885,0791
885,6731
885,1416
886,6514
883,5803
886,6066
884,6701
885,2682
887,2761
885,3564
885,5166
884,0496
889,7534
886,7586
886,4262
887,3196
883,3589
887,8017
887,2401
883,9936
888,6431
888,7037
884,4760
884,4464
889,4652
885,7473
884,0222
885,7954
889,3713
882,5125
883,6191
885,2756
886,1575
886,9699
886,6317
891,4332
889,2651
882,2450
884,9590
885,9883
885,6195
890,8442
889,2045
887,4325
886,9123
886,1707
885,4695
888,7683
885,7357
887,8930
887,1024
884,3215
887,0073
883,4018
884,1095
884,2884
888,3263
884,4021
886,0246
882,9220
884,1273
886,5041
886,1655
886,3034
885,5311
886,5895
885,3233
884,0766
885,0074
886,6131
887,4148
884,4990
888,0314
887,0214
883,8533
884,2242
885,4846
882,5419
881,9205
886,7030
884,1078
887,6495
887,8261
886,8215
885,0568
889,8786
883,5262
883,6905
887,4662
888,9902
884,9760
884,5731
886,8735
888,8959
886,0593
884,2149
887,0513
886,8906
886,2499
883,3889
883,1438
885,9065
883,7624
886,4447
885,1351
889,6119
885,6131
885,7912
888,8391
889,7396
887,4333
882,5170
884,3514
884,7364
886,2363
885,3547
888,3840
886,6351
885,3277
887,5979
885,5807
886,6622
885,6010
882,2691
886,6897
887,8939
887,3604
884,0800
885,8592
884,0278
887,2319
883,4476
888,7657
885,9953
886,9596
885,6505
883,7265
885,3143
884,9479
890,9813
886,9194
885,5874
886,6353
887,0269
885,9974
884,0145
885,6608
886,2071
887,9244
884,0903
887,3506
885,9827
883,8628
887,2707
884,9195
883,7353
886,1098
884,5457
886,3071
886,2364
886,4450
885,3761
884,6565
885,0961
883,8424
888,3717
885,4303
885,1590
887,7496
884,9389
883,3160
887,2079
888,7120
889,3197
883,7034
885,7826
888,7884
886,7195
886,6489
882,9181
889,8378
886,6558
886,5260
889,1093
887,9561
886,9103
884,5349
886,2028
884,4065
885,8454
884,0903
889,6951
882,3514
884,2888
883,5243
888,1196
888,1068
884,8890
887,7712
881,9150
882,5705
890,1339
882,4617
883,1401
882,9512
885,0812
886,6232
884,7576
887,5023
882,3523
889,0249
884,9705
886,4790
886,4818
885,9107
886,5129
886,2216
886,4830
886,1439
886,1954
885,3200
886,1298
883,5977
885,5623
886,6316
885,9834
888,2712
884,7956
884,3956
884,8788
885,7518
884,1482
887,3414
885,0039
884,2520
885,4752
883,8016
883,0133
883,8904
885,1895
884,7081
885,6460
884,0374
885,4579
887,3823
886,4458
887,4287
885,1313
886,5822
886,7751
884,3936
883,1608
883,6119
885,1224
885,8554
884,4211
886,1460
886,0943
886,1404
886,8866
883,5257
887,7367
886,5704
886,4425
884,2673
881,0797
884,4391
887,8826
887,1556
882,5183
885,6035
886,2620
883,1283
886,1966
886,2897
885,6783
886,4425
885,0921
885,2630
884,7250
887,6349
882,5835
883,1724
887,6667
888,6755
885,6458
886,4290
885,7889
888,7064
884,9565
883,4151
886,1249
885,4160
887,1231
886,6568
885,7966
885,1719
882,6469
887,1124
888,1758
885,7666
885,1524
885,1876
888,2711
885,2547
887,2910
885,8938
887,5963
881,6420
884,1283
884,6549
884,9210
887,7840
885,1359
885,0818
884,3438
887,9438
886,8136
886,1042
883,9414
886,1297
884,5908
884,5849
886,8192
887,8641
887,0805
885,4774
890,2808
885,3530
884,0159
884,8056
885,9135
886,9668
886,0690
888,3792
887,0380
883,1815
884,4734
885,2346
890,4652
885,5976
886,9023
887,4116
887,4364
884,3928
884,2615
884,3881
885,8562
881,1724
884,5386
887,0216
884,6905
884,4774
886,2404
884,9853
884,2302
888,8118
886,1835
885,5378
883,7894
884,3535
886,8479
887,5681
887,0268
888,1368
884,0065
885,3517
884,1776
884,9781
886,2529
889,6308
884,2699
888,2685
886,3299
884,5147
887,4471
884,3222
887,3793
881,6316
885,1213
885,7442
884,8481
887,8186
885,9510
884,8060
887,5618
884,5099
887,2798
889,4092
887,2338
888,7332
885,6737
883,6092
881,9213
887,4183
886,1036
889,2259
888,3278
885,1158
886,0114
889,8769
885,6522
883,5531
884,8360
884,9240
887,8432
884,3038
883,6218
885,9504
885,6152
884,4481
882,8111
884,0862
883,9670
887,2801
884,5105
886,9146
883,9184
887,9987
886,5048
885,8017
887,5821
885,5449
889,0994
888,7944
886,5547
888,5791
886,9220
886,7340
889,2074
884,1759
883,7422
885,0318
886,6537
884,0851
885,8460
887,9901
883,7856
886,7038
883,6264
885,6649
881,2652
886,0413
881,5477
887,8182
890,0849
889,7378
889,0390
886,9697
886,6963
884,8537
884,1147
884,8814
888,9010
884,2468
885,9198
886,3097
885,3118
888,6615
886,8927
882,5346
886,6062
884,1252
888,6983
885,5283
885,0112
887,4049
888,1453
888,4560
885,9948
885,9823
886,0019
885,1326
882,8114
887,4431
887,0297
884,2734
885,4017
883,0204
885,5592
887,7207
888,5629
888,1424
889,5540
887,4420
884,8611
885,6449
884,3812
883,8632
885,9782
885,8608
888,1933
888,2486
884,6661
885,0972
887,0690
889,4968
890,4866
888,7113
884,5332
885,7897
885,4017
885,3012
884,7102
887,3072
884,5048
886,6220
884,4551
887,2137
888,4826
884,3892
886,0570
885,1616
885,5235
887,3738
887,5262
882,5685
884,5437
887,7029
885,0796
884,5613
886,5378
886,6684
887,1420
884,2592
886,4163
885,3111
887,8288
884,3960
886,8210
883,1675
887,9251
890,7435
882,0766
886,7483
885,8619
884,2086
883,6772
885,9387
885,7381
888,6102
886,1638
886,9432
884,7828
884,8322
886,0925
883,6127
886,0905
887,2803
885,2569
884,5106
884,9163
889,3402
886,0245
883,4352
883,8446
884,3569
886,0112
886,0639
886,9203
884,8668
883,7203
886,1353
884,3850
888,0499
884,1513
882,7878
885,3880
887,9077
886,6201
883,0129
885,4368
886,8116
885,1760
885,3893
885,3622
887,4078
888,3341
884,4284
884,0716
883,1120
884,0208
886,3162
885,4663
890,9009
886,3916
885,3351
885,9710
887,9444
886,3183
884,0789
884,4938
886,7836
888,3538
886,3891
886,9504
887,4540
883,8914
885,9873
887,8876
886,5026
885,8893
882,7862
886,5121
886,6019
884,9801
885,0454
886,8183
883,6924
884,4216
890,6973
884,9998
886,3312
886,4679
884,4082
886,1628
887,3722
886,8287
884,1217
885,8514
886,9423
884,9706
886,2691
886,4651
886,3017
883,9950
883,6264
886,1590
885,2915
888,6591
886,7451
889,3338
886,8633
884,6871
887,0621
886,9704
885,5516
886,6957
887,5352
887,0580
885,0462
885,6936
888,5008
891,1389
885,6401
885,5996
887,2158
885,5357
888,5709
885,1353
882,4264
885,6245
886,5695
884,5646
884,2019
887,4420
887,8062
886,0565
883,8534
884,9907
884,2844
887,6530
887,2905
885,4558
887,1558
883,0353
886,0201
883,5543
888,0382
887,4973
883,9430
888,1472
883,7875
885,9333
885,6747
885,4539
885,5499
886,0756
883,5171
884,3559
884,4499
886,1448
885,6123
885,8640
884,4657
887,4510
886,4857
885,5418
887,3925
886,3868
888,4293
887,9914
881,7703
883,8644
885,6334
883,8849
885,1777
886,3600
884,3688
884,6200
888,9636
885,3169
883,4977
887,1944
888,3359
886,3323
882,8860
886,7315
886,7462
885,2456
886,2292
883,6668
884,7227
888,9724
890,0186
884,2480
884,6145
884,8283
887,8843
884,4333
885,3382
882,5080
885,6081
882,7724
884,3418
887,6614
882,1791
883,8547
891,8257
884,6509
889,0212
885,3726
887,5603
887,4327
885,4181
887,6498
888,0493
887,5931
886,8070
883,6883
886,9999
885,1012
889,5826
887,0997
884,6981
887,5784
884,4424
889,1458
887,0725
884,2717
886,6950
885,9603
886,6096
887,0207
885,3489
884,3688
887,1451
885,1977
882,1366
887,2612
888,8573
885,4174
884,6195
885,1251
884,8989
887,4737
884,3933
887,7474
885,2516
886,1913
883,6644
888,8489
884,1850
883,3334
886,1093
884,5627
886,5088
883,8549
886,7086
885,6727
885,0124
885,1624
883,4170
885,4688
887,9980
887,0026
884,7960
883,3083
886,2003
884,0487
889,1691
886,3969
887,8046
886,7858
886,4496
887,6828
886,4151
884,6941
882,7292
886,7964
884,7039
883,5261
883,7068
884,7852
886,3812
886,1339
887,7477
886,5800
886,6569
886,8194
889,0891
887,0589
885,3955
884,2856
883,2438
884,6552
885,9921
885,1638
883,4820
887,9960
882,6788
887,1825
886,2588
889,4479
890,1789
885,0892
885,7073
884,9360
888,3229
888,7337
887,6962
884,6911
887,5863
884,9789
889,3212
884,6191
887,3845
885,6251
889,2461
884,7522
887,1495
887,5068
885,9220
880,9048
884,9570
886,3202
887,3007
883,3418
884,5800
884,6972
887,8663
888,5819
887,0033
887,2548
886,1099
885,7399
884,6173
884,3277
887,5826
888,1582
884,4704
885,6947
882,5910
889,0957
888,8047
888,2610
884,1593
886,1458
886,6833
885,1835
885,4694
885,9858
886,0898
884,1960
889,6199
885,9653
884,9277
885,7870
886,7086
884,0415
883,9311
885,0874
884,6615
888,0378
883,6500
883,0443
886,7804
888,2930
885,6649
884,2834
884,9243
884,6913
886,4396
884,5996
882,2829
884,5140
886,6292
885,6841
885,5678
887,5689
884,4141
886,1383
884,2509
883,4202
886,2830
883,0448
885,5089
885,4253
887,3528
883,1531
885,0316
890,8633
885,9720
886,3099
886,3410
886,0395
889,7198
885,8993
886,2642
885,0868
884,7893
886,4103
884,1482
884,5414
885,9871
886,8256
889,6261
884,4183
883,2849
886,6017
883,5258
885,5110
884,6401
889,1733
886,3584
886,5050
888,2116
883,5925
883,3105
881,8709
884,4213
885,4524
883,3092
885,9761
885,9732
883,5613
885,4297
884,6311
885,5400
881,8553
885,0552
886,2156
886,2096
881,5022
884,7784
885,9715
882,8401
886,1029
886,0761
885,5922
888,7977
884,9161
886,8768
884,4918
886,3520
887,6350
890,5039
886,9413
886,7579
884,1862
885,3036
886,5840
886,7862
888,0760
886,3213
886,4545
887,7047
888,1850
883,2465
887,8896
886,7496
887,4486
882,9952
882,6797
886,0404
887,9179
886,8705
883,4882
886,7215
883,8983
884,1798
886,4062
886,6095
887,2731
884,5004
886,8783
885,8726
883,9337
886,5916
887,6140
887,2125
885,0851
886,2876
885,8769
888,6527
885,2741
886,1349
886,8351
884,9794
887,7673
887,0932
886,4858
886,5767
883,7335
886,9292
884,8754
891,5362
884,0360
889,7447
886,2776
886,7275
886,5064
885,8429
883,5529
886,8089
886,9287
886,0774
885,2520
885,9733
884,5630
887,0000
884,0496
886,1209
885,5637
883,1981
886,5801
888,9712
882,5383
882,7622
886,8786
887,1074
884,1657
886,4442
889,3806
883,9601
881,5205
883,5021
884,6199
889,3046
888,0584
886,3223
887,9081
884,3397
886,6252
885,9050
888,3561
884,4579
883,8411
887,5795
888,0012
887,4063
882,5016
887,1887
882,8199
886,3431
885,1576
885,1172
886,2942
888,0348
884,7464
883,8774
886,5877
885,6853
884,9136
888,3480
887,0096
886,7438
890,1851
888,3664
890,0600
884,8677
885,8049
885,5428
887,7009
886,7699
884,2950
885,6790
888,7807
887,6910
886,2526
888,0411
883,8261
885,8553
887,4105
887,6216
884,3374
882,3983
888,4250
886,0936
884,6886
885,0370
887,4494
888,1987
886,0294
889,4571
883,5904
887,2550
886,2231
888,5049
883,2856
884,8219
888,9832
884,8214
884,7737
883,5553
884,5310
885,9751
888,8736
884,3729
887,5975
883,9694
885,6709
889,3885
885,4485
885,9516
885,3089
885,4035
886,9642
884,9653
885,3042
882,3850
887,1277
887,7084
885,5428
884,7373
887,6308
888,2350
888,4165
884,5200
887,9919
885,5973
887,1910
886,8723
884,4385
886,5731
891,6622
887,4378
889,9915
885,4285
888,5951
887,0872
884,0509
889,3655
886,5198
885,3007
886,8265
885,6319
886,4283
886,4315
888,9366
883,3059
883,5681
886,7986
882,3643
883,7764
884,3528
884,8763
887,4734
889,7235
884,8268
887,9931
888,2047
885,7776
886,5127
885,4055
889,1472
885,5962
886,7660
885,3904
885,4055
884,1071
884,4548
885,8476
884,9167
885,1063
887,0997
886,2031
883,0608
887,1540
885,2020
888,0383
886,3260
885,4477
884,6118
887,6714
882,2949
887,9833
885,9431
885,4148
887,8069
888,0537
884,8010
884,7551
888,2317
888,2624
887,0463
887,7872
885,0044
885,4830
883,7711
884,0688
883,0653
885,3828
884,0337
884,9667
885,2576
887,2902
882,6699
883,0151
882,1686
885,0698
882,3484
886,6829
888,2979
886,1622
887,2359
884,3970
889,2965
886,1867
886,4484
882,8416
883,7555
885,0806
886,8690
886,1908
886,9764
888,2552
887,8886
887,3824
887,1974
885,1076
888,6023
886,7814
885,6375
885,9558
885,6258
883,6676
885,3456
888,9812
884,1676
883,3648
887,3771
885,6106
885,8258
885,4784
887,9958
887,8343
885,2956
888,5284
883,1471
885,5061
884,9736
884,6912
885,4950
886,3327
887,2779
886,2516
886,7604
886,8719
888,8698
885,3920
887,9474
883,7420
884,8313
886,1297
883,2338
885,5086
884,9169
884,0162
887,1155
888,0723
886,7479
886,6939
884,0888
888,0283
884,4779
887,3078
887,1065
885,6497
886,0420
890,6420
887,4466
885,5377
884,9737
887,1510
886,6756
884,0167
886,7106
887,5264
886,9909
885,6694
887,1010
886,7418
887,9417
883,1221
885,2221
886,7387
887,1350
886,8561
885,2294
889,0496
886,4077
889,3474
886,1930
886,2828
883,9902
884,4366
883,1379
883,0386
886,1528
885,4523
883,6002
886,9254
887,5100
884,2808
885,8829
884,1595
887,5578
884,8014
883,5676
884,3879
889,9300
887,0356
887,1404
884,2665
885,6089
883,0709
886,7663
884,4767
883,5286
882,9583
885,7761
882,0981
886,5195
883,8168
885,8018
885,7859
887,5281
882,8402
888,2759
884,5395
889,4474
886,1565
886,9327
886,6643
888,9184
885,8995
884,5396
885,0632
886,4814
884,8185
886,2664
888,5755
885,0708
885,6658
887,2715
887,7790
887,1501
883,3365
885,6787
886,0770
880,0317
884,2271
883,5214
887,0974
887,0447
888,6421
880,4422
887,1096
886,2521
884,9228
885,2599
886,4556
888,1537
888,7305
886,9379
883,3266
884,7666
887,1164
883,9821
887,6193
888,7850
884,5788
882,0773
882,9199
884,4318
885,5141
885,5537
887,5820
885,3759
884,8557
886,5494
884,5287
885,7547
885,9430
884,2496
883,6175
885,1385
884,2790
885,2868
886,0952
888,4375
885,8900
886,9163
887,7646
884,5050
886,8436
886,4587
885,4081
887,2066
885,6413
888,0789
884,8606
885,8428
887,6664
886,2937
886,8893
884,9040
884,9459
885,4408
890,2548
888,2822
884,9468
884,4116
889,0604
884,1501
885,2798
883,8559
888,7370
884,4657
882,8536
884,6276
887,9915
884,3419
888,6095
889,3287
885,3847
885,8877
884,8047
885,5844
888,5135
886,4829
886,3407
885,9438
885,6925
886,4283
885,9029
884,0603
886,6684
884,2994
886,8379
885,1655
889,0667
885,1319
885,6508
887,3526
888,6599
884,7375
885,2986
888,5506
886,8354
888,4681
890,8433
888,6528
885,5688
885,0432
884,2463
886,2389
887,7418
882,7388
885,3385
885,3168
886,7949
884,4458
883,3888
885,2903
886,1201
883,9499
885,7602
888,8689
887,5375
887,2476
884,6776
882,0483
887,2035
885,8736
886,4800
885,6251
887,9795
883,8652
884,3156
888,0349
883,8299
887,0696
884,6301
884,1723
889,7287
887,1111
886,7998
885,4804
882,8029
887,7992
885,1515
888,8793
886,5940
886,4267
884,5090
886,5067
886,2913
888,8156
886,1510
884,5100
888,7218
886,9042
885,0902
885,1778
885,3132
883,8437
888,8989
883,0613
884,5876
885,1771
885,0662
888,5829
886,4979
885,4324
886,6146
885,7393
888,2351
887,3643
885,2083
885,4928
889,3521
887,4969
882,9596
887,4884
885,8043
883,9081
883,9191
888,8729
884,6079
884,9133
887,4708
889,9578
886,3127
886,1933
883,8085
887,1699
889,8545
889,1142
885,7542
883,9253
883,9223
886,9945
887,4367
886,7871
883,5619
881,9216
884,3928
887,6846
885,1309
885,8994
884,6061
886,9575
884,4074
885,9405
886,0349
889,8676
883,5000
884,0145
884,8901
885,0373
885,1262
886,3591
887,1072
883,3002
881,7937
885,1314
887,6726
886,6827
885,8705
883,3346
888,7900
883,0994
886,2965
887,7179
885,9804
888,3354
886,0029
888,3828
886,9218
888,2519
883,8056
884,8140
885,0280
888,0294
884,9839
888,6515
886,0417
885,9394
885,5678
887,5719
887,8378
885,8744
884,7778
883,5345
887,1442
886,1075
886,8151
885,0955
884,4044
887,3030
886,7500
886,9401
883,3978
885,6330
887,8923
887,0348
887,1023
883,9877
887,1528
885,5709
885,6034
887,9746
886,0288
887,1594
887,3609
885,3116
882,9862
883,4978
885,1947
884,9243
887,0140
889,2271
888,1029
887,4520
886,0081
885,3680
885,6502
885,6749
884,0473
886,5894
884,2323
885,1643
889,4297
881,6997
886,6178
887,2154
884,6689
883,4535
882,7075
886,1703
886,4595
884,6789
883,6270
887,8893
884,7627
886,3466
884,2176
886,3921
885,5358
886,7183
885,0631
885,9083
887,4295
885,2729
883,5681
886,7420
885,4773
884,0215
885,1021
887,4646
884,9846
887,1038
884,6358
888,5990
887,3956
884,4306
885,0092
880,5527
886,1579
887,1030
884,8433
884,5761
887,4280
885,6349
885,6995
885,5278
884,8950
883,1901
884,9012
887,3950
887,3542
886,1215
884,9021
883,3760
888,2688
883,4211
886,4196
885,3056
884,0392
887,9816
887,5962
884,9956
885,1575
885,2735
888,1308
887,5037
885,0122
886,1858
883,0395
882,5308
887,9428
886,8468
884,1017
886,1895
885,4859
885,1809
887,5554
883,1426
887,3997
886,2704
886,9484
886,6473
887,3747
885,7458
882,7733
886,9029
890,0460
886,2798
886,2902
883,1643
883,7025
884,5130
888,5121
887,0284
885,7261
886,3064
886,4542
888,1107
884,9255
881,7361
887,0297
886,7155
889,0732
884,9050
886,3167
886,3346
882,9714
886,1873
886,7921
887,9402
886,5257
889,2519
884,0317
882,5010
882,4741
887,6404
883,6539
885,5271
887,7785
885,8471
884,8357
884,7226
884,9302
886,0505
886,2067
887,6806
886,7918
887,0664
886,6554
883,6095
883,0892
885,1046
886,5274
888,1130
887,2341
887,5460
883,8061
888,5726
884,9814
887,7945
887,5224
885,8465
886,9509
886,7950
885,3966
884,8765
883,2488
888,2478
884,4451
887,3540
882,6926
888,2308
883,7630
887,1580
887,0367
881,4550
887,8133
887,1059
883,3127
885,3144
883,8772
884,6579
884,8776
882,8925
887,0442
885,6157
886,2020
885,4424
887,5629
887,7139
884,8235
887,3000
888,0287
884,6080
884,9697
886,4957
885,9833
886,1141
887,1835
885,4175
881,0522
883,4946
886,6575
884,5557
885,8011
884,9498
887,0713
887,7452
885,6741
887,5491
887,1737
887,5028
886,1024
887,3939
885,5263
882,1786
885,3738
887,7958
884,2854
887,9529
885,0679
886,5792
887,2558
883,9595
883,5361
884,5973
886,8905
884,6584
887,4778
884,2993
886,0954
886,4447
886,6141
884,0509
886,5280
886,2611
887,4035
886,6514
882,8198
885,5067
886,1833
884,8907
885,9984
884,2474
886,3691
886,5667
883,7826
887,9245
889,5887
890,8711
884,1545
884,5201
885,9523
886,3465
886,7715
883,8519
887,0183
887,1077
885,8932
885,8975
887,3770
886,7447
883,0390
888,2500
885,5224
885,3761
888,6033
885,8347
886,0210
887,6558
884,4997
883,9876
886,7383
885,7741
889,1346
888,0698
886,2062
884,6477
887,8007
885,0050
883,6936
884,5579
887,0659
884,6818
886,9879
885,1610
889,1940
887,4664
886,8124
887,9673
885,1848
885,1750
883,9555
884,5902
885,2103
885,6246
888,8903
884,6142
883,9082
887,2082
887,5333
884,1265
886,2681
885,7479
887,8246
887,2628
889,0249
889,5234
886,9957
884,9962
887,3598
887,6557
882,7039
885,5881
884,1196
886,1833
887,7018
886,8817
883,3314
886,2894
887,8110
887,3959
884,8110
885,4375
882,8843
886,8893
887,9090
886,5142
889,3283
884,4728
885,0185
880,9135
887,5474
885,8101
889,0343
885,5547
882,3948
884,6412
884,9733
887,2209
882,2481
890,8620
887,1772
886,0088
885,4887
883,6535
889,2939
885,6506
889,4851
886,1364
884,8095
885,1451
884,8717
885,8061
885,8889
886,7092
886,4525
885,0575
888,5143
887,1497
886,5525
882,3884
887,5691
886,3459
888,3915
884,0454
885,7933
886,4767
887,0529
883,0268
882,3365
886,9922
883,8033
885,4029
883,8429
888,4158
883,5306
884,9353
886,7850
883,9234
883,7043
885,9413
884,5669
884,9289
886,5451
883,3671
884,5496
887,1079
886,7633
885,5927
886,8570
883,7887
887,0596
885,9857
885,3763
886,9586
883,3240
886,6858
885,0642
886,3601
886,5937
888,5405
885,6465
886,3229
884,9974
888,2011
886,1833
887,1600
884,5647
887,7180
888,0590
887,8908
888,9207
885,7944
887,1646
884,1907
884,7859
886,7597
883,1059
883,9977
884,6104
882,9458
885,5904
888,1001
887,2570
884,2402
886,7211
885,9433
887,1405
883,9914
887,0782
885,3430
889,4326
885,9328
887,3610
889,4762
883,2707
887,6901
886,8217
885,4359
889,6572
887,7919
888,5987
886,7913
883,6615
882,7951
886,0891
887,2183
885,9442
886,5012
887,3353
889,1302
887,8919
884,2356
884,7685
886,8981
888,3337
884,1875
886,5842
887,1226
889,0751
885,0694
885,1638
884,4452
886,7314
884,7766
885,1854
886,8621
885,5680
885,9788
887,1613
885,2292
884,6156
885,2623
884,5199
883,0718
888,5383
885,0277
884,0108
888,9103
886,5285
887,7777
887,8105
885,4541
886,0441
884,4108
884,3128
883,3394
882,7671
889,1255
888,9693
886,2541
885,6755
886,4150
889,1539
885,6554
886,2737
885,2882
889,4054
887,9027
885,2571
886,2078
885,5960
886,3021
885,8958
885,9725
883,4575
887,3870
889,2239
885,1806
885,1861
888,6637
884,3202
889,0565
887,1032
884,9365
884,7425
888,2765
884,8594
885,3353
881,9803
887,6073
885,6581
889,0222
886,2493
887,5789
886,4725
886,2052
882,4294
885,2503
886,9674
886,3641
885,0335
884,0770
886,1755
887,3242
886,6237
884,7913
885,2149
887,4252
888,6936
886,1460
884,0761
887,9143
885,7087
886,4122
884,8333
882,7760
884,6000
883,8703
889,0206
884,3201
884,5434
887,4220
887,6338
885,0059
887,2225
883,9223
885,0250
886,6876
887,2710
887,8088
887,0381
888,8292
887,3845
887,6471
886,3981
884,3043
888,0146
887,5736
885,7808
884,9870
885,2862
884,7394
884,1512
883,4874
887,2826
883,5538
887,0459
888,8970
889,3044
884,7592
884,9941
889,1760
888,9370
888,5063
884,6070
887,2143
886,5236
883,3211
888,8606
887,5562
885,8313
885,9488
887,8589
885,8806
888,8347
889,1975
886,5290
886,9918
883,2331
885,3185
886,3747
884,2524
885,2358
884,5371
882,4957
884,5819
884,8096
886,4365
881,5745
884,8009
883,6057
887,2227
887,1833
884,7720
885,0590
888,0893
883,2822
887,9517
882,0098
886,4003
887,2891
884,1325
886,1451
887,5799
886,7856
885,3951
890,3800
887,5425
883,4327
888,1328
883,0876
883,9736
886,6747
886,2755
887,8940
885,0819
884,2162
882,2287
886,3539
886,8707
885,0386
886,5481
886,6773
884,8397
883,1709
883,2716
883,8257
887,0966
887,5366
884,2558
886,2549
888,5790
884,3416
884,4260
885,4353
887,3785
888,2580
885,6298
886,0282
882,5897
885,5691
883,4989
885,7953
884,3544
887,1870
884,1262
884,5736
884,2426
885,6038
885,6978
886,0383
883,7520
885,1695
886,4283
884,4692
886,1309
886,2613
889,0566
886,1235
887,2899
886,9345
885,2967
888,5904
886,4252
887,0009
885,6536
886,3958
887,7112
885,5197
887,5931
886,2104
887,3145
885,6570
883,4752
886,3865
887,6209
887,9364
885,0486
886,6945
888,7643
883,0777
885,7539
887,0117
888,0744
882,6301
884,5911
883,8637
885,2072
883,1641
888,0233
884,5492
888,3011
884,2908
886,7076
886,9417
884,3039
887,4435
884,2125
883,1447
885,4944
887,6688
885,9904
888,6217
885,9931
888,3195
885,7879
885,1724
886,4108
885,0448
886,1644
887,0263
886,2116
886,9766
884,5044
887,9045
887,1961
885,9210
884,9607
886,1343
888,4621
886,4119
888,6118
888,2501
884,1583
885,0842
884,2615
886,9159
887,7857
884,6515
885,5327
883,3819
884,8016
886,1974
886,3618
884,5543
885,1465
886,6121
887,7770
885,3168
884,1458
882,9725
886,7222
885,6770
884,4783
884,4347
882,0501
887,4809
888,7622
883,2692
884,4145
888,3607
887,8428
886,7128
886,1391
884,4787
886,4849
882,8393
884,9962
882,3876
885,5703
883,4459
888,5330
882,8026
881,6042
888,0709
886,9892
886,3546
884,3185
882,5397
884,7205
888,2553
884,7606
883,5604
883,0661
891,1400
884,3906
886,5080
888,0770
886,3614
888,7399
885,9518
886,6444
885,2817
884,2912
884,9971
886,0732
886,8657
884,7690
884,1961
884,4920
881,7309
882,4834
883,2576
887,1579
885,6614
887,7588
885,4714
883,4757
886,9591
885,7954
886,8965
888,0482
886,3488
886,9665
885,9676
889,4169
887,0935
887,7602
885,9783
888,7084
888,0261
887,0091
887,1862
888,0225
888,1727
883,9012
884,0610
886,9458
884,3122
884,6486
888,2736
888,0805
885,4867
889,6085
885,5766
886,0463
884,4082
885,4803
885,8847
886,3938
888,4350
889,1126
883,4503
886,5928
884,4981
888,9088
883,4820
886,5361
882,4265
884,5820
883,7287
888,4278
885,8360
885,0622
886,5986
885,2358
887,7170
884,5785
889,3446
885,0701
886,8001
884,5347
886,1255
886,9668
886,4366
885,2202
885,1276
886,1868
885,6856
884,1975
890,9150
886,6232
890,3323
885,4650
886,4954
887,3515
887,4913
886,5586
885,3011
885,6220
887,3199
883,8513
887,3597
887,6110
886,8343
888,8450
883,0197
889,8777
886,9466
886,7973
885,5804
883,9169
884,0714
887,1721
883,7553
887,3340
886,4094
886,9049
883,7361
886,8067
887,4768
886,7575
886,3621
887,6001
887,4826
883,6633
887,5502
884,9728
885,7100
886,2580
883,9491
884,4409
883,0766
886,6107
885,2771
885,4780
889,5924
883,8470
884,4703
886,3331
884,4331
883,1241
886,3545
885,0680
886,3963
886,0615
885,3983
885,2562
886,4514
885,6834
883,9065
885,5619
886,2282
884,8444
886,9263
888,3462
884,2855
884,9440
887,0198
884,2771
886,2074
885,7531
886,9341
884,7305
886,6855
886,1173
887,7103
883,1218
889,2625
885,7810
887,1488
885,6985
886,0342
883,5056
890,6300
885,0555
886,7264
883,8906
885,1152
885,8927
886,1692
884,2843
885,0074
886,1962
890,2826
885,3469
887,3938
884,1535
886,3968
887,2923
882,3088
888,1225
888,9452
888,0687
885,2583
883,9258
885,8082
885,1847
884,6351
888,0547
885,7975
884,7476
885,6368
886,9874
887,8096
885,9099
886,1410
887,5800
885,8923
887,0260
884,1098
888,2254
888,8204
882,0817
883,6612
883,7172
884,4201
884,5320
884,3099
888,5987
888,2880
886,6983
885,0293
885,6314
887,5688
887,1639
886,3259
888,0836
887,6671
887,7611
886,1167
882,0082
886,2111
884,8938
886,8926
887,0881
887,9502
889,4318
888,5771
885,3557
887,6472
883,3853
889,6697
885,0702
887,3394
888,0382
885,0864
886,5394
885,1703
884,5094
887,5901
887,7412
889,2843
883,8826
887,1086
882,1796
888,3029
888,7456
887,4290
885,3443
885,3635
887,5193
886,5706
886,8181
886,2179
883,1473
887,3627
888,9243
883,9967
885,8285
887,8917
885,6908
891,3096
887,1028
889,3134
884,8300
883,6064
884,4356
885,4738
886,5164
886,2746
887,5572
881,5164
885,7414
885,3220
888,4322
887,0951
882,3115
887,2600
883,6324
885,6159
886,6138
887,6363
887,8234
888,1794
888,9614
886,5068
886,1817
885,8457
885,8434
886,2038
885,4651
884,5326
885,3293
886,1565
887,8523
888,5225
885,9502
885,7194
887,0645
886,2839
885,9353
885,7475
887,8718
887,6151
886,0431
889,1577
884,1888
888,7650
888,5416
884,2074
886,3991
886,6815
881,5139
884,5084
891,3282
886,2093
886,3654
884,4967
885,0648
887,7927
885,7406
882,3442
887,2356
884,4017
884,8454
883,4443
884,7456
886,2699
886,7078
884,5173
886,0186
886,6129
882,7130
884,2488
888,1507
885,1053
885,6109
888,1388
884,9688
886,1480
882,4388
883,6937
885,9160
887,2893
887,1931
885,3527
886,3636
887,7172
883,5701
885,2414
886,6854
886,0372
884,4424
888,3589
886,5182
884,6465
887,8096
885,5630
883,5915
882,0597
886,2633
887,4200
888,2404
886,1450
887,0327
888,5588
883,5199
886,8998
887,4115
889,5762
886,8512
885,7435
886,2425
885,7518
887,2219
883,8360
887,9964
886,0750
882,5580
885,1742
886,6947
882,0901
887,7438
885,7952
885,5911
885,4053
885,6146
886,7869
883,0349
885,2227
883,9150
890,3640
887,8370
883,8344
884,4300
885,9764
887,0748
890,0306
885,1747
884,9921
887,3116
884,2630
886,9392
887,0073
887,7121
886,6887
885,4971
884,5204
886,2534
888,5459
885,2332
887,8291
886,6618
885,2070
884,3431
885,1643
882,4415
885,7014
884,5848
884,8996
883,5363
885,2471
887,1701
886,5149
887,6040
883,7358
888,4308
885,9414
888,0696
887,3580
884,7757
886,3843
885,7205
881,2546
885,6024
890,5212
887,6753
886,1608
884,6642
883,3490
887,7812
882,5532
887,4703
887,4272
885,9148
885,5699
882,4378
886,8461
884,9946
887,1755
884,2053
886,9981
883,9059
885,0462
885,8659
884,1121
886,9303
885,3358
885,7871
885,2336
882,9939
886,4599
884,6150
888,3719
885,5589
882,8952
883,2032
886,8023
889,3828
883,2759
887,1448
886,6468
888,0862
886,6542
883,9473
886,8689
884,7893
888,4762
885,0706
886,0284
885,8184
884,2122
889,1304
885,4498
883,7027
886,6677
888,1432
883,9269
881,9261
889,7415
884,6291
888,7443
889,2107
884,8705
884,5289
882,2106
887,4830
886,9117
888,6061
887,5810
883,4792
884,3948
885,6101
886,9026
884,7586
880,3068
884,2180
886,7750
884,1613
888,2639
887,1904
885,7639
884,9634
884,7882
885,9386
884,4568
884,7367
886,7546
887,6975
886,2364
881,8514
887,0302
886,5856
887,3194
883,5856
883,3156
885,1620
885,1396
883,7337
885,4406
886,7531
887,9634
887,7859
888,0718
885,1689
885,6855
884,3920
889,5199
883,6200
885,0672
885,1707
887,3238
884,6146
883,8024
879,4760
882,5873
884,6853
885,6810
884,7037
885,5778
886,6208
887,2140
887,7943
886,7203
886,9448
886,5184
883,4834
883,0859
888,2231
884,3813
891,6524
886,1860
886,4820
887,0889
886,4904
885,9785
884,4111
885,1150
887,6572
886,3690
882,8655
884,4884
887,8210
888,4719
883,5355
887,0018
884,9259
888,4620
888,1989
886,5029
886,6929
885,5992
885,3605
887,0203
886,3856
887,8471
884,5106
889,5516
890,0386
884,2843
887,3003
886,2152
887,3560
889,5060
883,7636
882,8923
886,0759
885,0437
886,5297
886,9290
888,4102
884,1274
887,2973
887,4441
884,2588
885,4442
887,3704
888,9175
885,3524
885,7433
886,7185
886,6191
885,5753
884,1894
887,1310
884,7356
884,3572
887,6699
889,8783
885,5104
885,9993
885,2627
883,2088
882,2160
889,0572
885,2965
885,4964
887,4236
888,9598
886,5069
886,1438
884,8194
885,6651
882,0912
886,9892
885,9772
887,3502
886,1048
888,0684
881,6123
886,0967
887,8552
887,8042
885,7090
886,1665
886,0130
883,7039
884,4732
888,6843
887,5577
881,2982
885,2867
885,7111
888,1919
882,7451
885,4977
887,2518
883,1636
884,7935
883,4524
887,1450
885,1246
883,6425
885,8095
885,5729
884,5713
889,5538
885,8457
881,0382
882,7275
885,7094
885,5999
885,6527
886,2594
887,9199
888,3658
883,8472
885,7759
884,9681
886,1461
887,3909
889,6597
885,2198
886,8301
885,5963
887,1866
885,3997
886,6269
889,4561
886,1530
882,9213
885,1556
889,5587
883,7286
884,8648
887,8418
883,6830
887,0139
886,2313
884,7824
885,4588
884,4723
885,2978
887,3135
884,9514
884,0058
883,1414
887,1029
883,8699
890,1102
888,0436
884,0852
885,6429
886,6088
885,9491
883,3403
887,5434
887,6889
885,3015
884,6722
885,1261
888,2512
886,5074
884,7736
885,6282
885,0671
886,1096
885,7539
885,8628
884,5542
884,4139
888,1255
885,3213
885,8253
885,4530
887,2012
882,3735
884,6845
885,6778
887,3057
888,0618
884,5927
890,2726
886,4670
882,5903
887,7142
886,2273
888,4151
885,9849
887,8411
888,5486
886,2916
886,2515
886,7542
885,5743
887,4980
885,3883
881,2283
888,2052
883,7021
887,1532
884,1276
883,4280
887,6688
885,4934
882,9061
885,9078
883,8169
883,5670
888,6971
888,2110
881,9052
885,7112
888,1679
882,0459
885,7224
888,4090
883,7784
885,5080
892,1505
886,9002
887,3073
882,9051
882,3133
888,5448
888,3232
887,7167
885,8831
888,6577
888,0831
887,9742
886,1465
887,0562
882,9148
885,8607
884,0956
883,2626
883,6846
886,2873
883,8337
887,6645
887,6910
883,9012
886,1617
886,7661
888,4160
888,1126
888,8429
885,4709
887,6067
886,0077
881,3965
885,5956
885,2409
886,7406
884,7617
885,2605
888,6109
885,3282
887,5191
885,6388
883,5292
884,1849
885,6508
886,2652
884,8175
886,6056
883,8768
885,9465
886,6416
887,2303
890,8405
884,0630
887,6149
889,1898
884,3084
887,4177
884,4892
886,5833
887,6051
884,6498
884,3449
886,1612
887,1651
888,3136
884,0349
888,5171
887,2151
885,1368
884,2675
882,0017
883,1153
888,7105
885,7285
883,9193
886,1294
885,9294
883,8017
885,7667
883,8801
887,8584
884,9508
885,9243
888,5491
884,6242
888,1330
888,6027
883,9602
886,1467
885,3828
883,7900
885,3292
887,1506
884,3574
885,9830
885,1350
886,6824
885,0145
885,3782
883,6137
888,2822
884,6077
885,8667
885,9315
884,4948
885,4790
884,3600
885,9940
884,0642
881,5476
883,5677
887,5994
886,0428
886,2846
883,0208
884,9589
886,7601
885,3159
888,1966
884,7168
885,8731
888,1779
885,2916
885,0620
885,3095
888,3316
887,0671
888,0002
888,0072
884,1765
884,4968
886,1884
887,9824
886,1722
882,8314
885,9605
883,2014
884,0216
886,4091
887,5137
883,7352
888,5574
885,0390
889,8695
887,2527
889,5684
885,7959
887,9632
884,2962
888,3969
884,7791
881,4468
885,9516
885,7818
888,2309
886,5563
883,1582
883,1464
882,2682
884,9967
881,7141
887,2404
889,4824
887,8811
883,6836
886,2639
883,1250
880,7762
886,4604
887,6526
883,1391
886,4876
887,2665
885,1973
888,4798
889,0854
886,4114
884,6908
887,8978
886,9740
881,3764
882,9651
884,4564
884,9204
884,1830
885,5541
883,8421
887,0994
883,7045
884,4972
883,1669
885,0039
889,8871
885,5056
885,0691
890,5426
884,3602
887,8338
886,1560
885,7860
884,5904
887,5444
888,6951
887,0072
883,3269
885,1518
888,4422
888,7354
887,1067
889,9023
885,1007
884,7785
889,1781
882,9656
885,4480
884,7571
888,0713
886,2354
886,1630
888,0221
885,9219
886,8414
886,6431
883,6356
884,2667
886,6222
888,8077
885,3429
884,4645
886,8502
886,9669
888,4555
885,7665
881,5962
886,2350
886,2633
882,6041
884,6243
888,9188
884,6491
887,0834
882,9627
884,0019
886,5137
887,4430
885,9884
887,0582
886,3289
884,2921
886,4396
885,4626
887,6466
889,4960
889,7596
883,4688
885,6149
884,3879
884,6452
884,8980
884,5300
889,0925
885,2654
883,7578
885,9519
885,4730
884,5331
885,4179
888,2833
885,6270
886,8917
889,5663
890,3898
884,2880
885,1039
883,3169
885,3916
883,0580
884,3278
885,9765
886,4784
886,7986
882,1903
885,3617
885,1548
883,7458
886,8136
885,8765
887,3055
886,4476
886,6585
883,2990
889,3625
886,6151
883,1457
886,0662
889,3715
883,5952
883,8482
887,9432
882,6942
885,5546
885,4815
886,6855
887,0397
884,2104
885,4179
884,1846
884,3767
888,2926
887,9312
885,9310
887,3482
887,6075
884,5183
884,3184
884,1570
884,6989
884,9525
887,5399
883,2352
886,5907
883,8728
882,8368
884,3282
889,4568
886,7926
886,7787
884,4009
884,2224
883,9391
885,1544
883,9644
886,5675
887,0124
886,7348
885,3228
885,2328
884,3017
886,5212
887,2041
888,4241
884,9409
884,7611
884,4329
884,0071
888,5985
886,0921
884,6422
885,0426
887,7311
886,7099
886,1819
884,6814
887,4548
888,5275
885,3172
883,6256
885,6446
890,3000
887,3923
883,5861
885,9904
886,6285
881,9412
884,3104
883,4203
884,4846
884,9988
887,3381
884,7526
884,4312
886,5549
886,2229
886,8184
885,3892
885,6943
884,0709
884,7171
884,6881
881,4653
885,4337
885,3289
885,9001
887,3540
890,1971
884,8358
891,0664
884,7312
887,5549
884,4528
886,0613
882,6450
888,3188
887,3488
888,2175
889,4070
886,3102
885,7886
887,3276
884,2668
887,4054
888,5486
885,1651
882,7864
883,3683
887,3202
885,2583
884,7518
885,2768
883,0044
887,2959
885,3804
887,8495
884,8640
887,5839
886,3859
888,0898
884,1428
885,1329
883,0258
887,8325
886,5947
888,0506
885,9730
885,4288
886,3364
886,1064
883,6530
884,0123
884,0867
884,7968
886,8953
887,0634
884,7477
884,3931
884,0417
885,1880
886,3870
889,4822
887,7989
887,7201
884,7208
882,8733
886,1328
888,8620
884,2774
885,5799
883,3274
887,3517
883,9362
885,2105
888,9377
887,4620
882,5382
884,0538
883,9864
884,3397
888,5581
887,3200
890,6993
888,8948
889,0446
887,5793
884,0146
885,9947
884,9411
886,1750
887,2170
882,7234
885,6743
885,3349
888,2456
886,9168
886,8133
884,7747
885,1170
881,4996
882,6688
884,1976
885,9102
884,7931
887,0487
885,6026
883,0593
884,5769
884,5862
885,6677
885,6027
884,8183
883,4275
883,7526
883,3080
885,1540
886,3803
886,4110
886,0882
885,0220
888,3975
885,8378
884,9820
887,1042
883,5747
882,3847
884,9408
886,4397
887,1339
886,0051
886,2332
887,4885
888,2172
885,6111
885,9890
887,0515
887,1063
888,9820
885,7937
887,8100
885,5264
884,4000
884,4572
882,8898
882,2853
888,4053
886,7055
883,2858
885,1486
885,2543
887,6050
885,5844
886,8567
885,4202
885,0057
884,8383
887,5993
886,2230
889,0152
886,5950
885,3865
888,4000
881,8576
886,8025
886,8963
884,5902
888,9960
885,2511
884,5738
885,7730
887,6591
886,3482
886,6703
889,1621
889,1505
887,6632
885,1019
887,1634
883,0178
888,1884
883,7519
883,8961
886,6873
883,8144
887,0973
887,3146
885,6007
888,0804
887,3026
886,4614
889,1425
888,4297
884,0261
884,5458
887,0287
889,1776
884,1126
884,7269
892,1708
885,6453
883,0807
885,9092
885,8317
890,6815
886,8806
886,7933
886,5612
883,7745
884,9237
884,6129
883,4725
887,1686
886,1736
887,6340
883,3213
887,6080
884,0735
886,8662
887,4751
884,4892
884,8152
886,1470
887,9192
886,2673
886,3038
888,1713
886,5217
889,0105
885,4338
887,3528
887,9960
884,9175
885,8196
890,5387
886,4914
888,0338
888,0334
886,3703
886,9287
886,7097
886,1199
886,1824
886,2787
887,3048
887,1797
883,8392
887,6490
885,9619
885,4903
885,4846
884,2898
883,3192
884,8059
887,0302
880,9430
880,3762
885,5310
887,1709
885,4583
887,6112
885,3249
888,6988
885,4713
888,2221
886,3685
886,5435
886,9321
884,3501
886,3688
884,1947
887,9962
886,3150
884,8990
886,1850
884,0883
887,8638
886,4273
886,4431
886,1659
889,9923
883,1664
884,8205
889,0166
885,7183
885,0128
884,6101
885,8090
885,5377
885,4790
885,4014
886,5080
884,8929
887,6336
885,2297
884,5241
887,8517
884,0065
887,0041
883,7168
888,3758
887,5944
883,9428
885,0820
886,9473
881,3606
887,6523
884,1141
884,8861
884,7692
886,1253
886,5708
886,1086
886,4053
884,5017
884,2028
886,8760
884,7636
884,6638
884,3975
888,2833
886,3065
885,7608
888,2211
885,0566
886,8791
880,0934
884,8473
885,9099
888,2234
884,6819
887,8118
885,6749
889,8712
888,1930
885,8440
884,2817
885,3172
883,6641
884,5964
883,5402
883,6776
888,0000
889,9850
889,3794
886,0129
884,6623
883,6972
882,8180
882,7294
887,6471
886,3904
883,2949
885,1511
885,2619
885,0148
888,4603
884,4539
888,4920
886,8119
885,6967
886,2516
885,8427
884,9097
882,7529
885,4794
885,9550
886,2632
887,3913
885,8285
885,3825
885,3322
884,1521
884,9266
884,7159
887,0976
885,2652
887,2235
884,3352
885,7105
884,2365
888,7469
888,3796
884,3074
886,3568
885,3408
883,4055
882,4333
885,7162
881,5150
884,6903
883,0287
888,1705
888,7700
886,3062
887,3782
884,7475
883,7539
886,8199
889,2440
887,3852
886,5794
884,8482
888,2854
884,7191
886,7816
887,1001
885,8780
882,3964
887,4305
887,5429
884,3618
885,0675
887,8193
886,0025
884,4951
887,9993
887,4666
885,8319
888,3280
887,7267
885,9888
882,7996
888,6445
885,1436
884,6807
889,5625
884,8030
887,3123
885,2188
882,8508
883,5509
885,1205
887,2408
886,4122
885,4953
884,2506
885,8627
884,7730
886,1822
888,3970
883,3318
887,3704
885,1433
885,4352
883,6465
885,0886
885,6555
885,5925
889,5160
889,2469
887,5569
885,1971
883,5316
881,9882
887,1194
882,4831
886,1377
884,0799
885,5496
883,5701
887,4323
883,1430
889,9850
886,1252
886,0928
886,7190
887,6127
885,9042
886,0326
886,3723
884,2940
885,7747
886,8479
887,5987
883,5336
887,9156
884,1833
886,2239
886,6442
885,9048
886,0633
880,1949
884,8911
885,9870
887,7333
884,5339
889,2066
887,4771
885,5018
885,4971
884,7948
886,6666
884,2824
888,8113
888,0826
887,3627
888,0515
889,1275
884,2355
885,3063
885,5047
888,5208
885,8116
885,4013
885,3085
884,7964
886,5644
887,1048
886,1245
885,8619
886,3153
889,0758
885,7664
888,4060
884,0244
885,3903
887,5967
883,0869
885,0228
887,2121
883,6859
887,4139
891,9368
883,2267
885,9368
882,7978
884,5860
885,4725
887,5428
885,4668
887,0350
885,0419
883,8845
885,3763
883,2366
888,9592
887,2149
886,0036
884,5000
885,4741
884,0256
887,6766
888,2859
885,0818
883,9991
887,2284
886,0054
887,4852
885,2530
883,9703
885,5605
885,6987
887,8064
888,0814
886,2990
888,3750
885,4420
884,3309
883,5172
883,0039
883,5069
886,4348
885,9698
884,8601
884,1077
883,9555
885,3824
885,8254
883,8810
885,2527
886,8863
887,2814
887,0398
887,1920
885,9438
887,1018
887,4087
886,7363
885,5039
885,7990
887,3672
886,2783
886,6126
886,8879
885,4550
886,6378
885,0532
887,9308
884,3614
885,6349
886,9522
883,6662
885,0998
883,8414
883,3052
886,7540
887,6079
885,8974
886,8564
886,8183
883,2305
885,9304
883,3871
885,4106
888,7120
885,6196
887,1694
884,3059
883,5003
885,9450
886,0284
887,3015
885,2493
887,0064
886,0278
888,4564
883,0075
887,6558
884,4386
887,7902
886,2370
885,3088
887,3165
883,7733
883,1303
888,0645
886,8814
889,5106
886,1658
887,6463
885,8956
883,9726
884,5362
886,5271
885,9366
888,1725
883,4457
888,2553
885,0474
887,6557
885,3975
884,3875
886,2559
888,3340
885,5595
884,6274
882,5245
887,1614
887,3257
886,8510
883,2886
886,4692
884,5324
882,6597
886,6280
887,9056
884,5197
886,2274
885,4925
886,7331
887,0073
886,4748
883,9380
884,3560
886,9688
885,7758
888,1323
886,6018
884,6353
887,6556
882,3166
887,6609
887,2266
886,0847
883,9317
883,8585
883,4495
886,8085
886,2552
886,2791
881,6064
885,5079
887,0003
885,4532
883,7221
889,0319
885,4420
887,9943
885,8062
884,8970
884,7901
886,0015
888,2924
883,0189
887,4027
884,8987
886,3835
885,2120
885,3408
884,9517
890,2554
886,3959
887,4459
886,7910
889,4624
888,7581
890,1770
885,3280
885,5115
889,3289
889,7429
888,2973
883,9622
887,6075
883,5800
885,2520
883,8573
887,3672
888,7551
883,5396
884,8792
889,3328
886,2588
888,2365
885,2561
889,5522
885,4100
882,7091
885,8510
884,7597
885,2710
885,8104
888,8967
884,3796
884,7405
886,9965
882,8804
886,3510
886,0601
884,5646
885,5128
884,7067
885,3777
884,4809
886,9857
885,5175
885,6782
884,2500
888,2633
882,9572
887,8209
887,7904
884,8571
885,9861
888,0687
884,0023
886,6879
886,7052
888,0585
885,5827
885,4322
886,3512
890,4227
883,2947
884,6633
886,5779
884,2349
883,9513
885,2681
884,5928
886,6973
889,2004
886,3998
884,8638
886,0079
885,8933
886,2298
885,8574
888,4477
883,8279
885,1970
884,2531
888,1030
889,2069
882,2839
885,5959
885,2796
886,4073
884,4228
884,6647
885,1222
886,3981
887,9180
886,6010
887,8944
889,1501
886,5667
884,8768
888,4663
885,9902
886,6728
884,8718
886,2449
886,8606
884,0242
886,2311
884,7951
886,8866
888,4213
886,1006
884,5757
888,7351
887,6539
887,0242
886,3687
888,5022
885,2835
887,7399
889,7258
883,2169
888,2647
884,9042
882,5314
885,7103
883,3528
883,1603
889,2689
885,8166
886,6750
886,1341
886,2620
886,0734
889,9827
884,7552
886,9526
885,5972
885,9049
887,2562
885,7232
883,4492
888,5247
887,1676
889,2071
880,4141
883,3640
886,0481
887,6827
887,5632
887,4529
888,0356
887,5001
885,3749
889,3806
883,8863
887,3765
887,9293
889,2677
884,1018
886,7008
886,6459
884,5849
888,6352
882,5527
886,9209
884,9425
887,1886
888,0271
884,3591
882,1066
883,1296
888,1435
883,0450
884,4727
883,4052
884,7537
883,8435
885,3894
885,9225
888,6585
888,5892
886,9615
886,2929
888,1191
886,0812
892,0413
888,2273
885,3117
884,2945
887,6191
884,2921
885,7011
885,2192
885,0551
886,0935
886,4328
885,0079
882,5054
888,4962
885,6077
885,3240
883,6141
884,5730
883,9794
888,6847
884,4501
888,7647
887,1721
889,1676
884,7957
888,1329
887,7800
884,7878
885,8878
885,3130
884,3348
891,1526
884,0705
885,5869
886,9604
885,1593
888,2622
883,9564
884,3958
882,8358
885,3516
881,9768
885,8449
885,0034
885,0336
888,0760
883,8423
887,8249
887,1586
887,1384
887,4011
887,6502
885,2791
883,6559
889,3585
883,3735
883,9848
886,4890
886,7835
885,1187
888,5672
886,1116
882,5076
888,0713
886,8669
885,7480
884,8927
882,0828
886,4931
887,0124
885,8001
888,4561
886,4383
888,9907
886,7773
886,7200
886,4433
888,3725
886,5687
886,2519
885,8857
883,4609
884,0669
885,6959
887,1210
886,8628
883,9079
888,6588
884,6316
885,6584
887,9240
884,5539
887,1077
885,5809
886,7954
886,7063
884,6026
885,3772
885,9096
886,3761
889,3999
885,8055
883,8282
886,3550
886,3474
886,4711
885,8865
884,5353
884,6369
886,4180
888,8444
887,6934
886,3277
885,6859
888,5239
885,6284
888,1557
882,2293
886,5029
886,9777
884,6788
886,8914
883,5667
888,6172
888,2088
886,4861
888,1162
888,0895
885,6623
887,5935
883,2323
887,8024
884,0577
886,5428
887,8184
887,2618
884,7850
888,5545
884,1736
883,4983
891,1940
888,6939
885,6069
885,8445
885,9562
884,7261
886,5374
883,2605
888,9408
888,2931
887,5025
884,7070
883,8161
885,5792
882,3235
885,8892
886,2525
885,8845
888,3119
887,3851
885,2727
885,5631
883,7638
886,3402
885,1779
886,4777
884,3482
888,4638
882,8384
886,9459
884,0415
882,0135
887,8023
885,5886
886,9713
885,0979
884,6259
889,0095
885,4507
883,9518
883,8082
882,5962
886,8250
887,4265
885,4007
886,6464
883,0625
886,8109
883,7622
884,6734
884,7070
887,7852
888,6469
888,4436
887,5741
886,4894
888,7959
886,1687
883,7855
885,1360
886,2296
887,1890
886,5697
883,8518
885,0961
883,8687
889,2469
887,6317
887,1325
886,7214
885,4770
887,7845
884,7334
885,1503
889,3611
884,6676
884,0979
885,9266
886,3651
885,3214
886,8317
886,1824
887,3835
883,9549
887,8710
885,7258
885,1864
888,7171
889,3152
885,6795
885,3056
885,5889
886,2498
886,7498
886,1673
887,4028
887,9231
886,2159
885,7879
884,9034
887,8522
884,6303
884,9024
885,6653
884,7852
887,5353
886,5949
888,6280
889,6873
883,1069
888,5326
884,5066
883,8197
884,2687
887,0040
886,8642
882,0118
887,9427
886,1062
884,3596
884,8365
888,1215
888,5898
888,0758
887,7840
887,2773
885,1418
883,6298
886,6552
881,7226
885,5191
887,0349
885,3506
884,9899
886,9776
885,0211
884,8736
886,3499
883,6714
887,2815
883,6290
883,1850
884,4515
885,5419
884,2173
886,2812
884,0772
885,5800
885,5224
886,3573
885,2685
885,7110
885,9646
886,4920
884,5884
884,8810
887,5094
888,1384
884,2592
888,5892
884,1884
884,0717
886,9225
884,1640
885,3380
883,8498
887,9109
883,9896
885,1862
883,4778
886,3521
887,2989
883,6482
885,0111
886,1632
889,3092
886,6103
887,0169
885,7957
888,5991
885,1669
888,2790
885,9444
887,7037
886,9977
884,5475
879,7018
886,3617
886,4680
885,1826
886,6871
882,8054
888,3202
887,3121
884,3541
883,8286
884,6801
884,8675
890,8675
884,8560
884,1644
886,8009
889,5345
886,8358
886,1862
883,6582
883,1995
885,3474
886,5028
889,9020
885,1420
887,5101
886,5635
887,7751
884,9893
885,9418
883,7540
885,5409
888,0819
885,2437
887,2346
885,4889
886,2004
884,2983
884,5407
888,0210
888,9877
886,5759
884,8420
888,0599
886,7788
887,3510
884,7930
889,1274
882,9995
884,9050
884,1147
886,5765
885,6307
886,6108
887,5682
886,0313
887,1102
883,7172
883,9539
883,5301
885,1026
887,2997
887,8238
888,3146
887,4695
885,3122
883,8090
882,5412
884,7190
888,1491
885,5748
884,6287
887,4109
883,1078
889,5767
886,3925
885,4168
884,9150
887,1500
882,1711
886,0035
885,9752
881,2563
885,8280
887,2843
887,4841
885,0683
883,4580
887,6460
885,4684
886,6185
886,9276
888,8604
885,7003
888,8495
886,9262
884,1637
883,9181
885,9653
882,4068
887,2228
884,8011
889,2051
885,8489
888,0859
888,3482
885,6395
883,7657
883,2756
883,1813
884,8315
889,3193
882,5753
883,8972
888,2006
886,5449
880,9945
885,1292
887,0115
884,2456
885,8969
889,6989
882,6512
886,1633
884,3339
884,7410
884,5796
883,5518
884,1560
886,1868
887,3025
885,9802
887,8648
884,5363
885,2962
885,8299
890,4803
884,3963
886,1116
888,3919
883,4799
886,4379
885,4272
884,1970
886,7177
884,0008
886,5176
885,9624
887,8011
885,6819
884,8687
882,5835
883,6699
889,2683
885,5171
887,0150
887,5781
886,7056
886,8514
882,4071
884,8270
889,3623
888,8884
887,0351
885,6578
884,4858
882,9409
884,6413
883,4415
884,3910
882,7698
887,2562
887,6873
886,8312
886,2490
888,7206
889,6304
885,3660
884,9192
887,2223
884,9102
887,1301
884,6804
887,5030
887,7157
882,9768
888,9861
886,1510
884,7184
883,9527
887,2485
886,0687
883,9132
886,7191
884,9936
883,9065
886,4491
888,4899
884,7922
887,5404
885,7943
885,2973
888,1108
883,7589
884,9297
885,9798
881,0842
884,8449
885,6904
883,6326
883,6550
887,7131
886,5382
882,3892
888,5656
885,2781
885,6793
886,3374
884,8481
887,3521
886,0267
885,7786
886,9446
886,1448
885,0147
886,2475
884,6965
885,7483
881,6699
889,3046
885,0221
885,9618
888,4121
887,5068
887,2055
889,9696
884,6998
886,5880
882,0684
886,0139
885,2463
890,5025
885,5287
887,2328
887,0820
883,1490
886,6715
887,0118
883,7906
888,8863
883,7729
887,4282
885,1040
882,4693
887,2338
887,3476
884,7133
885,0129
885,7497
886,0594
885,0271
886,6076
886,9057
886,6157
889,0630
888,1280
884,4842
887,3511
886,7941
885,6953
888,7547
886,8648
884,1173
882,8462
886,9879
884,8399
885,4590
885,5253
886,7109
882,1505
886,0540
886,7371
885,7522
883,9027
887,6483
886,8175
887,9536
883,0605
883,4359
888,5474
885,0315
886,8046
885,0315
886,6346
885,3496
886,7274
884,5838
885,7254
884,5640
886,0696
885,7031
887,4135
886,1165
885,1777
885,2068
886,8485
886,4204
886,5478
886,0659
887,8895
884,9909
887,2188
886,0876
889,5017
887,2876
882,7418
886,9331
884,9981
883,4487
886,6095
887,2307
889,1298
888,6195
885,5214
887,0597
885,7146
884,4964
884,7030
886,6787
885,2564
886,6456
888,3039
885,4158
884,3339
887,0434
884,7366
884,7667
885,6636
886,1469
886,0038
884,8775
884,1426
885,5703
885,2971
886,7582
887,7339
889,8237
887,6061
886,2068
885,4531
888,4551
885,9668
888,4789
884,5579
886,8485
885,6110
884,9027
888,2644
886,0225
886,3896
891,9838
886,2364
884,6643
887,1175
884,7933
884,4653
886,5074
885,3925
886,2110
884,9514
886,0197
885,7438
881,1969
884,2333
885,6174
886,8466
886,0842
882,6477
884,8707
889,1981
889,1878
886,2401
885,2682
882,7945
887,4497
883,5662
885,8575
882,6926
885,5684
887,8927
888,0985
886,8368
887,2308
886,8135
885,7246
887,5315
888,3880
886,7354
883,5488
888,5815
886,7208
884,2058
887,7256
887,5706
885,6456
885,8350
886,4337
885,9512
886,9218
885,5458
886,0151
883,8940
887,3371
887,6817
886,0023
885,3994
887,1562
884,9149
884,7099
883,6849
888,6767
888,4583
886,2225
883,9058
885,3458
885,7415
883,3740
886,8362
884,9416
885,5048
886,4799
884,8608
885,4565
884,5974
885,8701
886,1654
886,4134
885,2555
883,7729
883,7636
884,0435
884,0999
885,2818
885,2472
884,9892
885,1994
884,5511
887,6897
885,6090
888,2843
885,7210
885,7773
885,0861
886,9292
887,2506
889,0502
884,0479
887,4359
884,8222
887,7328
885,8537
885,7238
886,0169
889,4433
882,6986
882,7707
888,7832
885,0681
883,5446
886,7676
887,0985
888,6951
886,1126
887,0578
887,2394
887,3784
886,4845
889,2757
886,7573
884,9481
886,1439
883,8137
885,7070
886,0582
884,5690
889,1974
887,3683
885,8852
887,8185
887,1730
886,0274
885,7582
885,2317
887,4115
883,7268
887,7122
883,9183
883,5469
886,2383
882,1962
887,0667
883,4589
884,8792
888,2488
884,8377
890,4014
884,7240
887,4897
886,0461
888,4350
884,4651
886,3479
887,3256
887,4174
884,4497
889,2140
887,7674
886,0628
886,3590
883,6736
884,1491
885,6996
884,8735
886,0706
885,0213
887,8750
885,7594
885,7036
882,4603
884,7773
883,2906
887,6285
884,6060
884,8919
884,9813
885,1054
889,1280
886,2504
885,4405
885,7932
883,7832
886,0203
885,7703
885,5263
888,0245
887,7995
886,2797
887,8691
885,5334
883,1612
887,0309
885,5070
888,4401
887,3717
881,8328
888,5529
886,1460
886,9174
885,5143
886,9404
885,6475
886,6268
885,3726
884,2950
888,1427
884,8366
885,6146
885,2987
885,2927
886,5553
887,4921
887,5791
886,6693
889,0110
884,1553
883,9888
887,7671
883,7441
887,2822
886,8212
887,7323
884,0045
882,8090
886,9773
882,0438
884,6670
886,2052
886,9162
885,5060
886,2230
886,9641
885,2876
882,6015
886,0309
885,4049
884,1582
886,9266
887,8753
880,7869
885,4888
884,4324
887,9477
887,9252
885,6690
887,4480
884,1755
889,0324
889,3152
885,4965
885,5096
885,1854
888,5978
887,1326
885,3457
885,6099
884,6502
887,8769
884,4151
886,6975
889,0156
885,2401
883,3032
886,8541
886,6123
886,3501
885,6805
883,5401
885,9508
883,6543
884,4732
886,1156
886,6622
886,7338
887,7083
884,3002
886,5127
885,1504
884,9647
884,9855
886,9905
887,9008
885,0794
889,3125
886,9080
882,8199
884,5365
884,9297
885,2372
888,2192
884,2009
884,7657
888,7762
887,9722
882,3322
885,4053
886,7915
884,4238
883,6237
888,5611
885,9492
888,3794
884,5399
886,2908
883,8368
886,6191
887,5774
887,7748
889,2839
888,1563
888,7048
886,4483
883,5684
886,9912
885,0102
886,5719
885,2362
886,0440
886,4666
886,0647
887,7017
887,4077
885,0908
886,8688
883,3305
884,2143
887,6696
881,4344
885,1636
887,4789
884,5303
888,0660
883,9350
885,8429
885,2070
883,3424
887,3466
885,8871
888,1639
884,3059
886,7574
885,8462
885,8126
887,6298
884,9002
887,1392
885,3235
887,9483
884,9935
884,3357
888,7067
887,5802
887,8929
885,6926
889,6628
885,8324
886,0056
886,9172
884,0823
887,4672
884,2985
884,3666
887,7466
887,2198
885,7512
888,1110
883,8457
887,3219
882,5934
883,8309
886,9017
884,6085
886,8338
889,0989
883,4442
886,0830
884,6661
887,7184
886,0103
882,8655
886,0432
888,1069
882,9473
884,9595
886,9004
886,6351
885,6609
887,3542
887,1224
880,3215
886,1783
885,3127
884,6210
886,5053
885,5028
888,1568
883,1545
885,4038
886,3671
885,8738
885,9788
884,0961
887,0471
885,5659
886,7637
884,4297
885,9003
886,4227
887,3784
888,1711
884,5651
885,9904
885,4074
887,8006
885,9188
888,4948
889,0607
887,6054
885,8601
885,4025
887,8540
886,1145
885,0022
889,3331
886,4027
885,5937
883,9402
885,4786
885,1086
888,1224
887,5639
884,5107
882,2776
885,8936
884,5103
885,2496
887,2652
885,2920
884,2957
884,8377
886,3948
888,5685
883,0807
887,1421
886,9001
884,8198
888,8989
887,6157
890,0739
888,3788
886,7784
886,1424
883,7740
886,3862
886,1647
886,1034
884,7275
884,1762
886,0409
884,5569
885,6995
885,1902
886,4324
883,9144
888,9594
885,1895
888,4862
886,5550
885,8069
886,2551
887,8487
887,8729
888,1961
885,5288
886,2016
886,1183
884,8738
885,1546
884,6738
888,1248
886,3608
886,2495
884,8880
884,3206
882,5518
885,8903
885,8297
885,8892
886,2546
887,0739
886,8672
885,7166
887,4011
885,1658
883,8603
888,9622
885,7840
888,1819
886,5829
887,1202
885,0437
882,9710
886,6829
884,8443
889,0510
886,9266
885,9302
887,1946
886,1463
886,5757
886,9791
886,8414
884,9518
887,8579
886,4318
889,0607
883,5441
885,7828
884,2364
884,3577
887,6318
887,1456
887,7366
883,7604
884,7048
884,5309
885,3650
885,6055
888,3767
883,0938
886,9652
883,2510
882,5489
885,1891
885,3292
886,4937
886,6698
885,7002
884,5658
888,4531
885,9212
887,8550
886,5623
886,1834
886,6067
889,3972
887,2287
888,4143
884,3891
885,0390
886,4469
887,8933
885,1136
886,2722
886,2250
885,6280
884,4743
885,4818
887,1634
885,8171
887,5061
885,9227
885,4117
888,0650
883,5494
887,2237
887,9021
885,0077
886,4236
886,2201
889,3632
888,9690
885,4562
886,8834
882,7767
888,9143
885,4632
888,7809
884,4414
888,1727
885,7550
884,4938
886,1159
887,6126
884,2751
881,3805
886,1336
887,5063
886,6146
886,3692
884,0624
884,7231
888,8533
885,9820
890,4006
886,3170
883,6715
884,7423
885,2538
885,2327
886,5616
887,9057
887,2581
886,0184
886,6869
887,3217
887,7486
884,3310
883,4934
886,4658
886,4379
889,7567
885,8288
888,6955
884,3332
881,8516
886,1921
884,4302
886,6722
885,7410
885,0098
885,7064
887,8411
885,9147
887,6128
886,1244
885,2662
887,0692
885,3303
885,9846
885,3770
885,2117
884,8212
886,5676
886,7966
887,3235
887,8627
887,2362
884,3722
883,8526
888,0275
888,8708
887,8682
884,4072
887,3406
885,1813
883,9567
887,8165
886,2080
884,7184
884,6064
887,6174
886,8867
887,6281
886,2078
886,4651
884,8161
889,2415
884,0752
885,4566
883,6125
882,5033
884,0708
883,8985
883,5846
885,0387
886,5100
887,7479
885,6264
880,7862
882,8847
885,6988
886,9596
887,2684
887,9274
889,2581
886,5044
886,1271
884,6031
889,3242
884,6694
883,7594
885,9876
886,0584
883,1852
887,2351
885,1012
884,3249
889,2377
885,6124
885,2120
883,3282
888,5604
882,7813
886,2412
888,0360
884,1460
886,8083
887,3113
883,2798
885,7695
885,3752
884,2750
885,7403
884,8728
883,1821
885,9542
886,4925
885,8036
884,4559
885,0805
886,9363
887,0112
883,7859
886,7822
886,4499
888,0756
883,7115
885,8433
884,8640
883,2397
885,9474
883,8295
881,5115
884,1268
886,8963
888,1234
887,4726
889,4641
885,1746
888,1302
885,2959
888,4708
883,7757
887,0100
884,8863
884,8893
888,2436
886,9254
886,5919
887,1630
887,1231
886,9919
883,2637
883,0091
888,0013
887,1933
882,2340
886,0200
885,6463
890,7109
888,1278
884,7717
886,8531
885,5343
885,7432
886,2172
885,0089
888,1025
882,2737
885,7118
888,1865
884,7001
888,8013
887,3568
887,2084
885,4046
888,5482
886,4429
886,4322
887,7270
888,9518
884,7221
886,7657
884,1939
886,4269
885,5299
884,6986
885,6485
885,3303
886,8588
886,5777
885,8313
889,1942
883,7578
883,8691
886,2786
885,6621
887,0396
887,9365
887,6917
887,0568
887,7343
886,0713
885,9649
890,1477
885,5849
884,5566
887,9467
885,2520
886,5723
884,7456
887,9089
885,3919
883,3010
887,9043
885,2888
885,2394
886,5734
884,4633
889,7592
883,2896
885,3660
883,7994
887,2877
886,5043
886,8440
886,4406
887,5623
883,7392
886,1420
887,0540
883,0741
883,1521
886,2746
887,4188
888,2991
889,5676
886,8070
887,6488
884,5653
884,9874
886,2265
886,9583
885,6961
887,6231
883,4415
889,5302
884,5011
886,5162
884,0126
884,5070
889,1823
886,2093
883,9773
881,1237
884,6778
890,1672
888,4429
885,3266
887,6599
885,6200
885,7970
887,1239
888,7346
885,6589
885,4811
888,4948
886,6592
887,0004
884,1262
885,2058
886,5742
887,6240
887,6686
883,5014
885,3830
886,1049
885,0997
887,7096
888,6687
887,7602
886,3849
887,6977
887,0273
885,5583
886,9032
889,1477
886,1466
884,4253
886,6893
885,8661
887,4264
884,5899
884,2507
886,5461
886,0639
887,4549
881,8853
887,6348
889,0578
883,3051
885,6203
886,3081
885,9973
884,4752
884,8167
883,7987
887,8048
883,9712
889,6384
887,5004
889,1985
886,0062
884,3335
883,3276
883,4793
887,2593
889,9402
885,0779
886,9001
885,4495
886,8299
883,3692
883,4955
884,1843
886,1557
886,1711
887,2912
884,9801
884,0298
885,7906
886,4333
884,2133
887,5398
886,1536
886,0481
885,1406
885,4605
884,3332
887,6476
885,5424
886,8159
885,9709
888,6778
887,2950
886,3328
886,2391
886,2387
888,7601
887,3745
885,5750
886,7553
887,3871
884,1521
886,2017
886,9977
883,6130
884,1248
883,1747
889,4010
884,0426
885,6690
887,3464
885,5208
888,6916
887,5420
892,2405
886,7748
887,3549
887,5212
886,3400
885,4247
887,1140
885,7890
883,1981
888,1503
885,8422
885,6020
885,5678
886,1447
884,3239
885,6727
882,7840
885,7987
888,7701
884,4049
886,8330
882,3637
885,9054
885,9951
887,2071
886,5979
885,1839
884,5030
888,6915
886,3486
887,2775
884,9422
885,5387
886,5746
886,7729
885,4740
882,8959
886,5825
885,0969
886,3726
886,6515
885,0611
890,0998
885,1943
886,6703
885,3058
887,2352
884,2815
883,5010
888,2424
885,9936
885,2528
884,5546
885,3398
886,0953
890,7370
885,9074
879,2300
885,4934
883,7175
883,1765
885,9665
886,5845
886,2877
884,5964
888,7969
885,7814
884,9939
888,1053
885,7872
884,4626
889,7391
884,4366
889,1712
884,2008
884,4744
887,5794
884,0754
890,7451
886,4701
888,3399
885,2484
887,4676
890,2320
888,4137
886,5910
885,6666
888,8037
887,0821
887,3921
888,7181
885,8012
886,0073
887,6944
886,0471
887,6228
888,0255
884,4300
887,0922
885,6157
885,7767
884,9275
887,7185
887,3277
883,8208
884,1417
886,1934
886,0652
886,3165
886,5069
888,4246
888,9916
887,1283
887,5726
884,3763
888,0949
885,8256
883,3184
884,7731
888,3528
882,6018
886,1109
886,8272
886,2918
887,0493
881,9873
885,1816
885,4396
886,0021
885,3867
882,2753
886,2319
885,6199
886,8378
886,9641
889,6984
885,8407
885,8943
886,3398
882,7466
885,3069
885,3540
885,1132
885,6209
887,9292
885,0458
884,1821
883,7754
883,7426
888,9625
887,2427
887,7411
882,2848
884,4883
885,1859
884,9378
884,2930
882,9628
887,7753
885,7311
882,8990
884,1394
886,2352
882,5155
884,2682
885,4605
884,7512
885,0166
886,6071
885,1461
883,4344
887,2596
888,8929
886,1190
884,9823
885,7695
884,2482
885,2219
887,9409
886,2771
887,0273
885,8313
884,5664
886,7274
884,2806
883,5268
884,9656
886,2947
886,1599
887,1718
885,9787
885,3537
885,8785
887,6910
885,3139
883,6022
886,3209
885,9559
887,2339
883,3566
886,0856
883,1838
887,2149
886,6936
884,1017
888,3133
884,5052
882,7283
886,4669
882,9271
886,1729
885,3812
886,3435
886,3017
886,7623
884,9869
883,8022
888,5994
886,6798
885,0384
887,6274
887,9455
884,0712
888,1234
886,9731
888,4291
888,7534
883,9116
890,2403
887,2899
889,0800
884,5789
887,2942
886,1321
882,2265
887,4633
885,7940
888,5986
884,4080
885,9604
883,6237
885,5711
887,0030
886,2352
884,6811
884,5909
887,6315
887,7297
883,3579
883,6241
887,6697
885,4914
883,9512
884,6862
885,5063
886,9857
888,6241
886,7426
883,7984
884,5311
884,9727
885,5702
887,7851
885,3689
885,0826
884,0964
890,5819
887,2868
886,5306
886,1286
885,8390
886,2930
885,2725
885,5384
885,9428
885,7925
885,8039
884,7242
886,9251
884,6377
883,9726
885,2388
887,4404
884,0223
884,8199
887,8820
889,9787
885,2997
886,1076
889,6749
884,7381
886,0079
888,5824
889,5198
886,3115
885,2971
888,4169
882,6945
884,7508
886,0745
885,3115
886,8663
884,4619
887,8128
886,0619
884,7530
882,3642
885,5932
886,0980
884,7888
885,9286
882,5015
886,4619
887,6097
887,0504
884,5287
883,5675
889,1034
887,3565
886,7045
886,4039
885,1313
888,0073
886,0613
887,1811
884,1600
881,0330
884,9012
886,0700
887,2450
884,3443
887,3552
886,1764
888,0407
884,9874
885,6242
884,0545
887,2856
888,5475
888,3100
885,7820
886,8802
886,5125
886,6236
884,7270
883,0558
883,6729
887,0724
881,5012
889,1984
886,7141
888,1622
887,7189
889,2583
886,6686
887,7741
885,0092
886,8490
888,2797
886,9746
886,2827
889,4452
885,0980
887,4007
884,4007
885,3292
882,2646
885,9112
885,4944
888,6202
884,5970
887,7687
884,8412
885,8439
884,9808
886,4500
885,4700
887,8874
885,1916
882,0133
884,6904
884,7548
884,3286
887,3354
883,7264
883,5512
886,8129
885,3700
888,1583
887,0095
882,2887
883,5456
882,2022
883,0953
883,7176
885,2942
885,8975
885,7972
884,0927
883,6024
890,5396
887,6970
883,5104
886,2958
887,1382
884,2457
887,8543
885,2105
888,4375
882,7631
885,7880
885,3842
887,8887
883,5847
885,9858
882,0866
888,1296
886,0550
888,4013
887,3945
887,7941
887,6959
884,4041
882,6731
886,8389
885,6631
887,4832
887,2370
885,7091
884,7739
885,1713
885,2260
886,8665
883,8575
885,2936
886,5517
887,8769
888,4956
889,2153
886,1874
882,7668
886,8306
885,3712
886,3648
886,7207
886,5969
887,5972
885,9546
888,3120
887,2119
887,8542
885,0160
882,2159
885,0214
884,9194
884,2606
884,2877
884,8056
884,1336
884,2037
885,4607
884,3508
888,0569
884,6431
887,3807
885,0908
884,7058
885,7008
885,5212
885,2262
887,7430
887,0920
886,0517
884,0641
887,7521
886,4238
886,9014
889,8499
885,8178
886,7814
886,2138
885,6755
886,1241
885,7376
890,8193
887,3524
886,5134
888,3601
885,1564
889,2005
883,8790
882,7059
884,0656
883,2062
883,9655
887,2513
888,6939
884,8256
886,4802
883,0150
885,2847
891,9144
886,4751
883,6480
882,9903
886,4076
889,1757
885,7070
885,3247
886,1409
890,1480
886,3442
886,4667
884,1682
884,5490
884,8671
886,1396
884,2832
886,5901
887,4549
889,6589
887,4695
885,0878
887,2167
886,5919
883,6677
885,6781
886,5482
883,3165
886,6185
886,2468
885,7202
885,4558
889,3055
886,6236
887,8180
885,5341
886,2869
885,7937
885,1908
885,3914
883,4226
888,9386
884,9796
884,6712
889,3563
885,8545
886,9892
881,9223
887,1398
887,2644
886,5664
885,8395
887,6470
885,0358
886,7249
883,4312
884,9588
884,6285
886,8670
886,7440
884,1878
885,1125
888,2894
882,9527
885,8957
890,1137
885,4133
888,5275
888,1691
890,7492
888,2085
887,3739
883,0964
887,2752
887,2147
889,6988
888,0393
885,6655
886,5288
885,1253
884,6275
882,5893
881,6700
886,2942
883,7310
888,1874
887,4366
884,8731
886,3777
886,0073
885,0111
882,7948
887,5263
884,5589
883,8796
886,2520
884,7756
884,2633
888,2405
889,9542
883,1221
886,4254
887,2889
885,6560
888,3419
882,1206
883,1976
884,7549
887,4387
888,5033
886,5020
887,0150
884,1689
886,8388
886,4518
883,2408
887,4545
887,6386
886,0691
886,2193
884,7976
886,9303
884,1072
885,0382
885,8709
886,0569
883,8510
883,9884
884,4967
884,5808
886,4785
886,7829
889,0390
884,6232
884,2498
887,8570
888,4143
885,6875
888,5898
884,7658
887,4429
886,8131
886,8637
885,1275
885,4454
885,0308
886,6056
884,2954
887,1484
888,0700
887,2332
886,7910
880,8150
886,7616
884,0363
888,7544
883,4720
884,9498
887,4986
887,5088
888,0500
889,2918
885,5459
884,4957
887,5147
885,5733
884,6180
885,8797
884,8616
886,7067
887,2104
885,0591
885,6981
886,0156
884,2926
884,0936
887,9762
886,4505
881,3129
883,2769
883,7687
886,5323
882,8205
884,9728
881,5817
883,6232
886,6966
883,7007
885,0208
887,1686
885,5687
884,9145
886,1461
885,1230
886,0672
884,8288
885,6544
885,9893
887,5105
880,6327
885,7283
886,3460
886,4381
885,3095
884,4690
886,0120
887,0363
887,9002
885,5836
883,7698
887,1236
885,2686
885,2740
886,5564
882,5787
884,2615
886,4072
887,4174
883,9863
888,6772
883,9040
887,7118
887,6235
887,7155
886,1423
884,4853
885,9129
888,9500
886,0786
883,1169
884,6064
885,8493
887,7383
885,3199
886,9018
884,4812
886,2422
887,5647
883,7955
887,1614
885,5530
888,7204
885,0467
886,0849
886,2700
886,6549
889,1391
887,4355
887,8388
887,8463
886,1366
888,4749
886,6678
884,1472
885,0339
885,9744
883,7364
884,9481
883,6807
884,6318
885,5385
885,6864
884,1251
884,6999
887,5613
881,6393
884,7514
883,1439
882,6433
886,0645
886,9366
884,7658
884,7816
887,4934
884,9214
882,6757
882,8891
884,2166
886,0813
883,7726
885,6657
885,3505
885,6148
887,3079
885,5712
885,9146
884,8491
885,7930
885,0527
884,2028
886,2475
886,0067
884,0176
887,2452
885,8652
885,9899
888,4691
886,2671
886,9364
885,1554
886,1501
886,1018
887,2625
884,8153
885,1843
886,8154
886,6941
886,7692
886,3482
886,2726
886,7370
886,0582
885,5311
884,1456
885,9504
883,0493
886,8188
884,0811
885,5496
888,2291
884,3277
889,6290
883,7334
883,1566
884,4426
885,9219
883,2433
888,5561
883,9049
887,0933
887,3394
884,5855
886,7000
883,1965
886,2084
886,0518
886,0700
884,0184
886,5668
884,9393
887,5585
885,9722
886,9108
884,4347
887,8144
886,2490
885,1797
885,6054
884,9441
886,1229
883,9479
885,1788
887,4034
886,5961
888,1263
885,5844
885,2462
887,7842
888,2524
884,4967
884,5838
882,0904
887,1829
888,4735
888,8234
884,0778
888,2072
883,9515
883,4662
888,3747
883,8603
886,9924
887,1661
887,2021
885,2934
881,3657
882,4112
887,5724
886,2686
888,7335
887,8615
882,1218
884,1504
884,3134
886,3750
885,9467
883,6245
887,9744
884,6470
884,6537
885,5251
885,1367
883,1400
883,2024
885,3684
885,6170
886,5513
889,2360
888,1714
885,0064
884,2480
886,6003
887,4304
889,2510
881,6412
885,6364
885,4963
883,5413
886,5635
885,0735
883,5677
885,0350
885,7234
887,0803
882,1852
886,4628
886,7964
888,5476
885,8540
883,8160
887,3739
885,8046
883,8062
886,1437
885,4681
884,6550
884,5689
885,5995
886,1642
884,6518
886,1939
886,3599
884,1043
885,6483
882,2306
887,3436
886,4674
886,8704
886,6290
884,5482
885,7099
887,3499
885,7785
886,4806
884,6832
886,8161
883,1286
887,2315
886,3879
882,9901
886,1694
885,4686
883,8245
884,6550
880,5029
884,9622
883,9709
885,4189
885,1607
883,0076
885,4236
883,3929
886,7823
886,8159
886,0669
887,2959
883,4839
888,7795
882,3377
882,7095
886,4121
888,8600
885,7532
888,0717
884,1930
883,0400
885,9930
888,2055
884,4689
885,4100
882,1602
885,7438
883,7899
885,6143
884,9773
886,1495
883,3420
887,3757
887,1132
883,8608
883,4636
884,0766
886,0648
886,5762
886,0987
885,5684
886,0082
887,6392
886,5517
882,8343
887,5871
886,0179
885,8561
886,1710
884,4588
888,9082
886,7401
888,1529
883,4434
882,2826
886,2461
890,8180
885,3343
886,4042
884,5059
883,7380
884,5837
887,2954
888,8653
889,3227
886,2616
888,0063
887,7438
881,3638
887,6998
883,3187
884,9985
886,5407
887,3286
881,2663
889,6178
889,7708
885,7963
887,1536
890,9897
886,1320
884,1418
886,1948
886,7222
887,3846
890,3173
888,1917
886,4998
882,9548
883,9744
884,7077
885,3060
882,6711
883,9686
884,9284
883,4209
885,3875
888,1198
884,8224
888,8631
886,4283
888,2008
892,7562
884,2242
885,5486
885,7870
888,3473
887,7530
885,7721
886,7833
884,0936
885,1425
887,9226
884,5612
885,4096
884,8412
885,6132
885,6661
886,0184
884,0303
886,7781
884,3770
887,8591
883,6357
886,5033
887,2644
882,0241
885,5435
889,2269
883,7759
889,3101
884,7398
889,1349
889,1778
887,9654
884,7573
886,9419
886,3490
884,6312
882,7959
884,9255
882,3280
887,3716
886,1428
885,4629
887,3523
887,9048
883,8219
884,7971
887,7858
887,0740
888,5183
889,0449
886,8684
885,8706
884,3213
886,4783
884,4581
884,9218
886,0206
886,3948
884,3481
887,8751
884,9491
885,2810
884,1306
884,9081
886,1548
887,7857
883,8504
883,1701
888,1711
886,3186
887,3183
888,0591
885,6277
889,2211
882,5874
884,8795
887,2752
887,2542
886,6483
880,8789
886,5036
889,8548
884,1156
886,1905
884,3432
888,5899
886,1011
887,0549
890,0332
888,0000
887,4744
887,4770
885,5749
885,6129
887,6365
885,2801
887,4878
883,8266
885,4473
887,8293
884,7096
887,6514
884,8935
882,8636
886,6724
884,3901
887,0402
885,6310
888,3481
885,1174
883,9471
887,4374
888,0498
883,3278
886,6226
885,2658
883,3854
887,2812
884,5647
886,4195
884,7608
886,4840
888,6216
886,0669
886,2855
887,7083
885,7777
887,9980
883,9816
883,6149
888,2291
884,3036
887,2178
885,6141
887,5318
884,9251
887,7441
884,2786
887,3569
885,8919
887,8200
886,4460
884,9292
885,7793
884,9639
887,6237
886,1448
888,4681
885,4214
889,2966
887,2529
885,5600
890,5121
882,9088
887,8708
884,1420
882,8933
887,4934
886,3926
886,2771
887,9328
885,2943
886,4897
886,9743
886,7486
883,0737
888,5540
885,3678
886,0728
882,4305
886,6791
887,1925
886,0853
884,1142
883,8436
887,8971
884,7007
884,6033
886,5460
884,6222
886,2181
885,6840
886,4842
885,2301
884,1576
887,2599
886,8051
883,9819
885,4327
886,4598
884,2394
889,1141
883,0533
882,5052
885,1962
885,3115
890,4537
884,9920
885,9435
886,1235
884,4217
881,9321
885,8837
885,1571
886,6801
882,0105
884,7096
885,9041
883,5241
885,5441
885,6311
887,0698
883,4513
887,3369
889,0214
886,8519
885,3065
887,1855
887,1612
888,0845
885,2327
884,7532
883,9630
883,6915
883,6105
888,4773
886,2060
883,8811
884,7762
885,4554
885,5050
886,0997
883,7466
885,8633
885,1414
888,5884
884,9279
887,9900
885,9499
886,0663
891,2897
886,1233
883,4086
884,3072
883,0457
884,9515
888,8418
884,5934
882,9123
887,4049
887,3826
887,2891
884,8985
887,3393
886,5699
886,9725
883,9290
883,5250
880,6185
885,9564
886,5786
886,2422
886,7686
882,0471
888,0354
883,5059
886,6727
888,9036
887,4445
886,0343
884,5626
884,7288
884,7139
884,9885
889,2643
887,4801
882,9277
883,8365
884,3353
887,0049
884,4680
883,5431
884,8714
888,3963
887,2378
887,1228
887,7866
885,7220
886,0102
887,1386
887,2972
886,6015
885,3685
884,2199
886,2071
885,0174
884,8491
882,5890
887,6121
885,2720
886,0959
885,1833
886,4617
884,1305
884,8898
885,2090
886,4069
886,0267
884,4202
888,2079
889,5962
886,7216
886,6669
888,3911
888,9469
886,8244
887,9626
885,7581
886,0895
884,8069
886,8910
884,8891
887,7842
885,8258
886,9616
882,2757
884,7913
884,4599
888,7039
889,3271
889,7390
882,0003
884,7729
887,2952
884,6226
885,4210
882,6986
888,8088
882,9502
888,6187
885,2719
884,6286
885,8926
883,1036
888,1370
886,0724
887,4499
884,6290
885,7568
885,0689
886,3106
885,3499
884,8902
884,3930
885,6035
884,2332
885,1721
887,2395
886,2047
882,7631
885,6499
883,4786
885,7454
887,5108
888,3596
886,8235
886,5695
884,8495
886,3880
882,7475
883,1698
886,4790
884,6615
887,8499
889,0197
884,0778
883,9869
890,6680
883,4735
885,6865
884,7050
885,1793
886,9687
883,5956
885,1888
885,8962
885,2096
889,7775
883,6056
886,8377
885,4707
885,1558
886,1932
886,3599
884,9100
882,8713
889,5405
885,4609
885,3958
884,6194
887,0221
883,5995
884,3990
885,1288
883,3930
884,0901
887,9419
886,7555
883,6526
886,1257
886,9357
886,4130
887,7237
887,3372
888,7711
887,3214
887,0201
885,4218
884,2815
885,6632
888,6721
883,9626
889,5063
884,0076
886,7373
887,0277
886,4127
887,3823
888,0285
887,1772
885,8421
885,6489
884,5004
883,3486
886,0213
885,0573
884,1040
884,6843
884,8616
886,8806
888,5596
884,0816
886,6320
885,4432
885,2190
884,3908
885,2820
887,7218
886,0861
884,2840
888,1509
886,7752
889,8421
887,1064
884,3548
882,8551
888,8516
884,3817
888,5368
885,7481
884,0225
884,8620
884,6675
886,0597
890,8430
884,9827
883,8166
884,1309
889,6783
881,9814
885,0783
885,8851
885,7907
881,7092
886,8882
882,2600
886,3536
890,4765
886,8557
888,1566
886,6092
885,4030
887,0189
886,7903
885,3946
882,1091
884,6004
886,7442
883,8410
882,6126
885,1216
886,1307
886,5292
885,1712
887,7083
884,9449
882,4688
883,9229
884,0710
887,2847
886,3025
888,7187
888,3499
885,5888
884,7224
884,2934
882,8989
885,4827
885,0422
886,2742
883,3625
887,3646
882,5725
886,0820
887,4452
884,7815
887,5432
882,6002
885,2431
885,6799
887,1351
888,2805
886,6315
887,7464
886,5582
884,0535
888,6753
885,9758
882,6150
885,2929
883,9133
884,1223
887,8110
885,8107
885,6567
885,1917
886,4264
886,8579
885,4096
887,3326
887,0032
884,9415
883,8584
885,4174
884,5980
885,0142
885,9965
883,4924
887,0088
886,9533
887,2283
884,7699
884,2492
886,2630
884,4960
886,1038
886,1532
885,1010
887,5300
885,1382
888,7944
888,0996
885,2047
885,2837
886,2040
886,4310
887,5804
886,9151
886,8659
887,0670
888,8204
886,0612
887,6264
886,1761
884,2774
885,7992
889,1264
886,1950
887,8741
886,4940
888,6559
885,7673
888,6691
887,2490
883,5576
886,8179
884,7207
885,6567
889,4686
888,2087
885,9901
884,5247
885,1801
886,0390
884,2377
888,5710
886,2378
885,6602
886,6729
888,4613
888,0178
888,2846
884,6384
884,8085
884,0790
889,6603
887,0413
886,0323
882,7398
883,7523
886,2346
881,7693
887,4095
885,3377
883,5252
886,4993
888,4827
887,0934
884,8020
886,6496
886,8627
886,0513
883,5653
883,9059
887,5534
882,7135
887,1245
887,5588
889,7272
884,1187
886,2377
885,5095
883,4245
888,8198
882,3985
888,3117
883,3782
884,3152
887,5032
889,1823
887,0458
886,0014
887,1456
885,6125
886,4140
887,1179
888,4195
883,8232
883,6952
886,1611
886,0925
886,7879
884,7511
887,4613
887,2513
884,9168
886,3376
884,6941
885,9527
884,7015
887,7583
886,9846
884,6047
883,2957
885,4302
884,1948
883,8353
887,4809
886,4989
886,5062
885,4986
886,6027
885,6889
885,4966
884,4926
884,2417
885,0648
885,4298
886,6600
888,7338
887,6196
887,0722
884,4561
882,5398
882,8920
888,5239
884,1933
886,4208
884,1684
887,3910
886,7361
884,9946
888,2844
884,8758
884,5550
886,8940
883,5159
884,6574
886,1439
889,8746
885,2129
885,2335
885,4436
883,4614
886,3908
885,6255
884,6873
886,0952
887,5692
884,7229
883,9758
883,6068
886,0034
885,1179
883,8666
882,0835
885,1731
886,9916
885,5634
884,2840
883,2395
887,3198
887,3234
887,9774
888,9836
886,8001
886,8604
885,1773
884,7569
884,6773
886,2851
888,5326
885,2691
884,4020
886,0662
885,0813
885,9364
887,2878
886,1396
885,0347
886,1445
886,2404
889,1543
884,9148
883,2997
887,2410
886,6154
887,6522
886,8816
887,4774
885,5462
889,2697
883,6936
885,2558
884,6286
885,3693
887,8982
884,4976
883,3994
885,9597
886,7889
889,4191
886,8898
885,9341
886,1889
884,8172
884,4010
886,0101
887,5075
886,5791
882,3793
886,7755
886,4741
889,4916
884,0712
887,1517
886,6919
885,6361
886,6273
889,2217
884,8145
885,5367
883,9371
885,2091
885,0322
888,6790
885,8514
885,1235
886,0642
887,4036
886,3883
886,6121
889,3946
886,2771
884,6694
883,2999
886,3114
889,2362
884,8592
883,3086
886,9033
885,9529
886,7439
887,9996
888,5380
884,3495
883,4401
885,9769
883,9697
884,9133
886,8041
883,0652
886,6313
886,2255
884,8163
886,7046
888,7470
885,6934
884,5940
887,8082
885,0954
886,1031
882,5093
887,8392
890,5958
886,9806
886,3768
886,8266
885,6214
886,8141
884,1235
885,1111
886,7152
885,2061
884,2395
884,6009
884,8448
887,6396
886,2238
888,4071
886,4040
884,6737
886,5477
885,7664
887,5337
885,4537
885,3027
883,8624
888,3275
885,7419
886,7341
881,9774
886,6721
887,7321
887,3814
887,3450
886,5269
887,3909
889,2404
882,3189
885,2685
883,7585
888,5342
888,9088
886,0275
883,4384
886,4706
885,3802
886,2418
888,1141
883,4465
886,6110
886,6797
889,8789
886,2526
883,7556
886,8159
884,7138
887,5901
885,5800
884,5218
885,6560
884,8033
884,1098
884,7461
886,5749
883,3963
880,7529
886,9423
885,1268
886,8110
885,6421
883,7378
884,4114
885,7360
885,5984
884,1358
885,3889
884,0463
889,1994
887,6145
885,1081
884,4960
883,9909
886,7991
884,0368
885,7106
880,7737
889,1897
887,7158
884,8245
887,3499
885,5388
885,2173
885,0110
887,8461
887,3592
887,2849
886,1980
885,7622
885,4511
883,4785
887,8932
886,9270
887,9449
888,7186
884,2799
885,6206
889,1250
886,4540
885,2999
882,1150
885,0234
884,6770
886,5765
886,8424
888,7760
882,9593
885,7833
884,5939
887,8464
883,6608
882,6163
883,3288
885,8144
890,5379
883,7433
885,6256
886,3728
884,6743
884,3201
884,6961
887,8239
883,3311
887,1091
886,3216
885,3991
888,1199
889,1688
886,1894
884,8875
887,2105
887,9525
883,5445
888,8242
885,7957
886,6335
888,2024
884,0396
886,0087
884,0756
889,8515
886,2011
886,3372
884,2116
883,8598
886,1277
883,2328
883,9136
885,0959
886,6267
883,8022
889,3044
886,9343
886,2151
888,1703
884,0057
883,0559
885,0769
887,0147
885,2809
886,3681
886,9694
886,6847
886,4629
887,2816
882,7248
888,7286
888,1633
884,3786
884,0735
884,3509
883,7273
886,4393
887,0882
884,6625
884,1960
885,6954
883,8963
886,7165
887,4520
884,8884
885,4002
887,7613
885,1152
884,6123
883,5932
884,5599
883,8965
886,4639
887,8866
885,4002
888,0411
883,6531
884,4868
886,1810
884,6753
887,4521
886,0071
885,3147
883,9937
881,8980
887,6354
888,1583
888,0726
887,0125
885,9200
885,5900
886,2045
885,5633
884,5291
885,2816
885,2903
888,8532
886,2571
883,3841
884,6037
884,8079
884,6065
888,5155
887,0595
887,1649
881,0958
886,9863
883,0566
884,4519
886,9086
886,4745
883,6535
883,2038
885,9080
887,9577
884,2790
883,5513
884,5523
889,0417
885,8747
885,6084
886,3487
883,5903
887,2701
886,7875
886,1230
887,0536
884,5766
884,2364
885,1869
884,7434
885,1932
887,0479
887,7003
883,0642
890,5426
886,9279
885,6709
883,2237
883,6846
888,9483
886,3433
888,7884
884,7351
885,4894
885,4937
884,3357
888,6229
886,1678
885,0360
882,8681
884,9523
887,9595
883,4189
887,9403
884,4553
885,6562
887,5653
888,0377
887,9279
885,8569
889,0944
887,8378
884,1722
884,5878
884,8872
888,0067
885,6683
888,1505
886,2101
884,5340
886,3830
885,6387
886,9792
885,5361
885,8245
884,7563
885,8482
888,4075
887,2256
887,7015
887,3517
887,8208
884,3784
886,5411
888,1189
886,5981
885,9303
885,9307
886,0668
884,6011
887,4826
885,3053
885,5008
883,9960
887,0479
885,8331
888,9064
884,4629
886,6028
889,1824
884,1063
888,6297
885,4888
887,9141
883,3319
887,0523
885,6849
886,8040
886,4451
883,3140
885,7296
886,6911
887,3059
886,9415
883,4709
885,8863
885,5349
886,7661
886,2977
885,5518
887,9314
887,3157
886,9269
885,1300
887,7171
885,8566
885,8012
886,7642
887,4660
886,7344
883,1657
887,4354
887,3154
885,6107
885,6954
887,0591
886,4507
886,1233
887,0244
884,4817
885,1622
888,8548
886,3897
886,1638
885,8794
886,3410
885,8345
885,4173
886,0155
886,3360
885,1130
884,4109
885,7420
884,8688
886,1353
882,5894
884,6038
886,8883
883,5343
885,9620
883,0309
884,6790
886,8063
886,3608
882,5273
887,4247
882,6091
884,0723
886,5897
887,6179
885,8673
886,5724
886,1405
884,2056
888,2626
883,6197
886,8419
887,2877
883,8575
885,8542
885,9873
888,3406
886,9148
888,7284
889,4405
887,6845
884,1972
884,8857
886,4223
887,0320
881,7326
885,9634
888,0533
885,7430
886,8729
888,3330
885,6006
887,1252
886,2226
884,1695
884,7849
888,2276
882,5427
882,8756
885,8061
886,1886
886,8292
884,9639
886,0880
881,3183
885,2601
882,8765
885,6405
885,9972
885,7657
882,5557
885,5299
886,7686
884,8924
884,9781
887,2056
887,6287
885,2098
881,1272
887,9983
884,8678
883,4152
886,7478
883,9367
887,2802
888,5056
884,2209
886,0908
887,1922
886,8724
885,6389
885,7468
886,3241
887,1509
885,9237
884,1390
885,5723
886,3633
886,0493
882,9114
886,9241
886,8560
888,9443
886,7351
890,0284
887,7357
886,3401
886,8485
885,1788
887,2792
884,7973
885,4743
885,9073
884,9211
887,8517
888,0232
886,4918
890,1292
885,4906
886,9535
883,4588
883,4798
886,7631
883,9959
884,9346
887,5878
883,9982
886,5289
886,4003
887,2848
885,9839
887,6621
884,7642
883,7957
886,8919
885,7912
885,3033
887,3963
883,8177
884,6438
886,0027
885,9621
884,6361
882,1884
885,5814
882,4229
883,0341
884,4126
888,3868
888,0227
882,1122
888,1379
886,0045
883,5343
887,6019
885,5484
886,4458
884,1522
884,8292
884,1647
887,4361
887,0532
885,8034
886,3017
884,9446
886,5950
885,8970
887,3422
887,9197
883,7012
886,6755
886,2096
886,6170
888,4129
885,9601
887,1458
884,4599
882,6399
882,5472
885,7448
887,3652
885,1572
886,6634
887,4706
886,2787
884,5127
884,3005
888,2604
881,9662
887,7479
884,3751
885,0289
884,8078
885,2998
886,9736
886,0423
885,6179
884,8723
882,9278
882,7774
886,6080
886,6380
886,9224
884,9323
886,5415
886,3174
883,3383
888,9271
885,9459
885,1190
887,4541
887,4873
887,8668
886,2330
888,1722
887,4191
887,7912
887,3445
888,0110
884,4836
884,2402
884,4945
883,5691
884,1372
885,1927
885,8345
885,0900
888,1884
885,5214
885,6021
883,6112
886,7147
884,9579
889,3617
886,6145
886,0966
884,4521
884,8362
884,1936
886,0491
886,5339
886,5925
883,5611
887,1181
884,7163
887,2925
887,1608
887,7062
888,2860
885,4399
885,1610
887,4706
889,0653
888,6981
888,2204
886,9639
889,1696
888,6015
887,0909
884,4307
888,5569
887,0047
887,0419
885,2518
885,4210
887,2622
886,7095
885,4266
887,8752
887,4630
888,3702
883,1866
886,5645
884,7877
885,3011
882,8729
882,0668
885,3103
886,1824
885,5672
888,2807
885,8107
889,3767
885,4649
888,5414
883,4555
884,3269
885,7809
884,2205
886,1957
885,6448
886,8689
883,8537
888,5671
885,7115
887,6292
885,4053
886,2045
884,4848
886,4112
884,7261
888,5028
886,5291
886,3798
884,7142
886,2769
886,0749
884,8165
883,9724
884,8248
887,4435
884,3890
884,6564
884,2207
885,8499
887,5003
885,1532
887,2720
889,2563
889,0273
884,6888
886,0017
886,9963
883,8012
890,3025
887,5022
884,2605
885,6368
886,1276
887,0673
887,8513
886,7103
883,8390
886,4830
887,6241
887,1027
885,3118
886,4804
888,7501
884,6045
882,9881
886,5837
886,2202
889,0312
886,3993
884,8272
888,7049
883,1919
886,9462
886,4716
886,3407
883,0357
886,3117
886,0964
887,7505
883,6260
884,5495
886,5658
887,4196
888,7322
884,5263
888,9114
884,0707
886,7243
884,8117
884,8797
884,7428
885,7574
882,8839
885,2784
885,6112
884,5343
885,7668
886,8986
887,1990
883,1437
886,4264
884,5249
886,4156
887,3884
883,4370
885,1785
887,0759
886,5501
886,0231
884,6363
886,8734
887,4723
887,0044
884,8228
885,9353
887,5314
887,0137
883,7251
885,3873
885,5696
884,4831
889,2342
887,4010
887,4470
886,8098
886,2074
887,6487
883,8755
886,8476
883,6342
887,0595
886,6336
885,8633
887,9203
886,0411
887,4921
885,9860
886,0626
887,5992
887,9841
886,6731
881,8098
883,5730
887,3793
885,6059
886,6506
886,6668
883,0893
881,6874
886,1807
885,1398
885,8035
884,0516
885,7040
886,9936
882,5109
884,2485
885,6510
886,2669
886,8925
885,1981
886,9876
881,4474
885,8620
884,7801
886,0537
887,5826
884,0889
887,6513
888,2008
884,4577
881,6592
886,9084
886,9801
882,3013
882,2310
889,1669
884,1975
886,6405
887,3965
886,1619
886,5592
884,3971
885,7319
888,3070
884,7182
885,5294
887,3228
882,7958
888,0179
885,5687
882,8791
885,1594
887,5735
890,0634
884,2583
881,9995
885,6971
887,1701
887,4543
887,1844
883,6506
888,1811
887,2039
883,7259
886,4847
887,0298
884,6835
884,6739
884,6807
884,8251
886,3454
885,3623
888,4326
883,8501
884,6594
885,8809
885,0891
882,2148
886,8986
888,5493
889,4440
882,5056
887,4192
887,4419
885,2681
882,6356
886,0401
882,3155
888,6656
884,5375
885,5570
888,1597
888,7012
888,5178
884,4722
886,3327
885,7067
886,0339
885,9258
884,1735
883,2861
884,1545
887,7282
886,6489
886,4623
884,0296
887,0418
886,2022
885,6271
887,3945
887,4273
891,0820
886,6664
889,4018
890,0713
885,9729
884,3857
886,6187
890,4203
888,5858
885,3776
890,4818
886,6691
888,2668
883,0449
884,6173
885,9014
885,3339
886,1995
885,8006
888,8523
891,0920
885,9995
883,4035
887,7452
888,2656
887,3397
884,4445
885,9374
886,4619
888,3765
887,1400
885,1619
883,2829
888,5980
885,8519
887,0817
887,5749
885,8367
886,4416
884,5785
887,4863
887,1802
886,3404
886,2774
886,9933
884,8001
888,1775
884,1433
888,0747
885,8848
885,7758
889,5342
889,9631
884,7658
885,1781
888,0041
886,5042
887,5613
887,6535
886,1883
884,4345
886,7483
885,8375
888,1836
883,1628
883,7078
885,1496
882,5872
887,6523
885,1706
889,3007
885,5939
889,8558
886,4476
888,7090
887,2814
887,6703
886,4703
884,4016
884,1258
888,6086
884,8157
884,0974
887,6149
885,0908
887,6665
885,5537
888,0042
884,9820
886,9827
882,9282
884,2789
884,2077
884,2284
887,9579
887,7452
887,7586
887,5250
884,0716
883,9040
884,5046
884,8459
882,8396
884,5806
886,5190
887,3282
886,0332
887,2556
889,4869
885,0816
886,1107
887,0144
889,0222
884,6042
886,6006
887,8643
886,0909
886,8808
888,2459
884,3127
883,3693
883,4193
885,5024
881,4212
885,6176
885,8633
885,4755
884,3005
888,8793
886,0724
886,7287
884,4435
884,5263
883,3017
883,3576
888,1414
887,4381
885,6918
886,1212
885,9288
890,2786
881,8492
888,5449
883,1718
886,2913
886,3565
885,8992
884,7180
885,3448
884,6140
885,5285
886,9054
883,9583
882,1719
888,2099
884,3866
886,8857
885,7072
885,2276
887,7192
882,5188
884,8843
884,7867
885,2466
884,7658
887,4755
887,8465
886,7103
886,5972
890,9684
885,0118
885,2325
884,5972
883,5735
887,3142
883,9590
883,8637
883,9180
883,0427
885,0702
887,6826
886,7801
884,5688
885,2438
888,2667
883,5614
891,3554
883,8144
886,4932
887,5460
884,5926
884,7526
888,4091
887,4308
885,7806
889,8872
884,9231
885,1509
885,9999
886,3056
886,6159
883,6360
886,2952
888,9705
884,1764
884,3036
887,4103
888,6862
888,2916
884,5170
885,7918
883,5084
886,2594
886,1331
883,0390
886,7663
884,7573
886,9840
884,2257
889,3558
887,9156
889,7912
884,3541
885,0744
886,3663
885,8470
886,1474
886,9560
886,4159
881,9768
883,2934
886,0333
887,3972
885,4540
886,4781
887,1223
885,9395
886,8255
888,3397
884,7479
882,3678
886,7759
888,5277
887,0775
887,0721
884,3987
884,0846
887,5696
886,5513
887,2153
884,0164
886,3144
887,2498
888,4227
883,0030
884,5785
883,5297
888,2974
889,4117
883,4896
885,5331
886,0556
883,5553
885,9015
885,9214
885,5828
886,9679
885,8046
885,0908
885,4143
883,0701
885,3218
883,6409
884,0735
884,9592
888,0836
886,5811
883,0866
885,3658
889,1037
883,5477
885,9795
882,2984
887,9099
885,3948
888,5047
886,4414
886,1580
885,8664
890,5306
889,2837
885,9650
885,7820
887,0189
886,5842
884,2215
886,8671
886,3775
886,3669
883,6627
886,6539
886,1079
884,4264
883,8784
884,8445
882,4912
882,1264
884,2032
885,8101
885,0087
885,6064
885,0747
888,3470
886,1114
885,8848
885,2849
887,7337
885,7829
887,5684
883,4078
888,0315
886,6363
886,2748
885,4761
885,4673
884,1625
886,2654
885,8157
885,8095
886,6386
890,6327
886,7583
887,5495
889,8320
886,1933
886,1009
887,1727
887,7288
885,0389
884,1042
886,4997
888,1192
886,4713
886,2681
886,8704
886,9257
888,0893
886,6995
885,5399
887,1182
880,7118
884,1372
888,2872
886,2593
885,8941
884,8990
883,7798
885,8717
884,0146
887,5678
885,1810
886,4341
887,9537
888,2493
886,7844
888,4699
886,8382
883,0600
885,3108
885,8661
886,1432
886,3374
886,5153
883,4815
887,3496
887,6009
885,1781
885,3947
887,3554
883,6292
881,9211
886,5254
885,1661
889,8747
886,8090
884,6239
886,0706
885,0306
885,2017
882,3437
883,3137
887,3762
888,5255
886,3841
886,9816
886,9114
887,4674
886,9710
889,5577
886,7632
885,3832
885,0591
885,3921
889,0563
886,5858
887,4771
883,9710
885,9544
884,7692
885,9646
885,7180
887,7365
886,0861
886,8380
884,9535
882,8560
885,6145
885,8731
885,4149
884,8591
888,3959
885,3237
883,0679
886,5086
887,3270
885,5362
886,8771
886,0216
886,6616
888,2949
885,2265
884,9506
886,8186
882,7975
883,3322
887,3980
887,3611
884,8495
884,0721
883,6479
883,5605
886,7550
883,9713
886,7622
882,4997
886,9695
882,2022
887,8775
885,7873
885,5767
885,9634
884,6705
885,4892
886,8978
886,5694
884,1638
886,9647
884,9880
884,0834
885,7235
886,8281
884,8468
888,3495
881,7456
883,3640
884,5932
887,8625
887,8357
887,9651
886,9408
886,5611
888,1952
883,7808
885,3806
886,2017
889,3321
884,2108
886,3246
887,0972
883,6529
885,7365
886,5025
884,7977
886,0316
887,9754
884,7314
886,8283
883,9448
887,5280
886,4122
886,2080
884,2328
883,9062
885,0611
885,6223
887,4213
885,5378
883,3536
887,7419
885,3059
884,4782
885,4012
886,0254
885,3106
883,3931
885,0776
887,5193
888,6949
881,8972
885,2158
884,8325
884,7616
884,6256
887,9422
885,8949
887,8476
884,9334
884,3885
886,0151
887,2020
885,6562
889,9114
887,3885
884,4599
886,6988
884,5807
884,7683
887,0407
885,9131
885,0783
886,9840
885,3720
886,3456
887,1485
885,9534
886,1218
887,1657
886,1926
884,7507
886,1438
884,7669
884,4511
884,1781
883,1430
886,5601
887,1983
883,9908
887,4260
882,5074
887,2143
887,2183
883,5465
885,4041
889,3025
891,4410
887,0965
887,0105
885,7703
887,4966
886,8257
884,7732
886,9468
887,4866
886,7578
884,4790
888,0741
884,0213
886,4194
884,8593
883,1687
886,1021
885,5993
887,9563
887,0647
885,3874
885,3541
882,7665
885,0309
886,1813
890,9834
885,9832
889,1134
885,5725
884,5084
888,5819
887,1447
885,0268
884,5636
887,0934
888,2507
885,3130
885,3906
886,9318
885,9272
884,0501
886,9506
889,3554
888,5832
884,6967
885,0467
885,0927
882,7382
885,4470
888,0237
887,8087
887,1576
888,2444
887,3658
888,7629
882,4129
886,6053
884,5860
885,2627
883,0596
887,4681
881,5015
884,4185
884,5741
888,2865
883,4813
883,0497
888,6404
887,9350
886,8822
885,3260
886,7397
884,9247
885,9305
887,1169
885,0935
885,1272
882,9895
885,2259
886,9970
883,2023
890,5294
887,6618
888,7907
888,1582
883,1636
885,5836
886,5367
881,9652
881,8409
885,0558
886,8748
885,8655
887,1041
884,5689
886,4476
885,1861
886,3488
886,8704
887,4346
885,1586
887,9983
885,4977
888,4828
884,8059
887,3231
885,0796
887,2163
886,5758
886,8961
885,4436
883,6915
883,3861
886,2721
886,7466
883,9282
887,4703
883,1249
884,6286
886,3829
884,1594
885,4186
885,7451
884,0480
885,6967
886,3397
887,6771
886,0514
887,8325
886,2441
887,6463
883,3512
886,9827
888,9282
888,1906
887,2760
886,0020
890,8083
886,5225
883,7679
886,9577
887,7562
886,7371
884,5718
887,0980
884,9347
883,7744
883,9259
886,0039
884,8726
888,5848
887,4843
886,6436
884,3911
885,2770
884,6372
887,3308
885,0712
887,7653
887,6922
888,5587
888,5883
882,3014
886,9216
884,9824
884,1642
884,2127
887,5347
886,2289
888,9429
883,3084
887,5850
885,0582
886,4331
885,5645
886,6577
886,6941
887,0615
887,9646
886,7407
886,2339
885,4037
887,6368
886,9876
886,9865
880,9271
886,9462
885,7518
886,6776
886,2119
885,3589
882,6082
885,3277
886,2506
887,0810
888,0687
885,0916
888,5113
886,6227
887,1539
885,2941
888,5220
885,4049
886,1813
884,3567
885,6563
881,8370
883,2391
886,5144
885,2039
887,4391
882,9175
886,0060
884,7872
884,4566
885,6296
886,4125
885,0515
887,2066
882,7786
889,1481
888,0411
886,9153
886,4615
888,8928
885,5273
887,1602
884,3706
883,7135
887,8808
884,6812
885,6685
883,8417
886,3408
881,4635
886,6675
887,3966
884,0510
885,2283
888,1411
883,5977
887,3435
886,5330
885,3367
885,5887
885,9934
888,2877
885,3622
884,9822
886,3615
883,8780
885,7947
887,9642
884,5883
883,7237
885,6801
886,8265
888,2790
887,0631
885,2660
888,5775
885,4971
884,3614
888,5014
884,8254
884,6499
885,3179
884,5736
884,9525
886,1618
886,3418
885,0982
889,4215
885,4070
886,0109
886,8118
888,2665
883,7384
886,1072
889,0960
886,2887
885,5175
886,8567
887,6636
885,4168
884,7039
887,2714
890,5216
888,6695
884,3493
883,8761
883,7479
884,6711
888,8281
886,4165
887,5136
888,1687
887,2278
883,9372
886,6940
885,0378
886,9121
885,3132
885,8699
884,6684
886,4967
888,6369
884,5000
885,3313
886,0065
886,5652
888,0047
885,8724
885,0552
887,2397
885,1335
884,3467
885,1951
890,2224
884,6153
887,6340
885,2312
890,5549
886,0252
885,9879
888,5276
889,1501
887,8152
885,0544
887,5161
885,9162
887,8401
884,5988
888,4975
886,4656
886,8786
885,5815
888,8079
886,6353
885,2398
883,8006
884,0425
886,2279
888,1380
888,5043
887,6723
885,2759
886,4469
885,3396
884,9985
883,4561
884,8672
885,6001
887,1553
887,0693
884,7427
889,6350
887,9456
885,5901
889,4083
883,9474
885,4290
885,2794
887,0419
888,3244
885,6277
882,0126
885,1129
883,6356
888,5059
885,8997
884,5448
884,4692
884,2556
888,8986
888,2090
887,7602
886,8143
885,3035
887,8956
886,2616
889,9507
885,4762
886,6822
888,2570
885,8593
885,8134
884,7866
885,3937
883,3727
886,5153
887,2143
885,7839
884,3672
884,6680
886,8363
887,5742
887,9160
885,3897
884,3657
884,5939
886,0820
887,1412
886,8716
887,7838
884,2200
888,3326
887,3420
888,5263
886,1594
885,8627
887,1951
889,2211
887,2265
884,4352
883,2362
885,2763
887,1972
885,4553
884,4504
886,4862
885,3107
886,0548
886,6426
885,1769
884,7737
888,0133
885,1842
886,7470
888,1148
884,1993
884,9782
887,0142
886,4035
887,3184
888,2264
884,2833
884,6683
886,8663
881,1492
886,3519
885,0834
885,0037
883,5444
884,4571
891,0918
884,0065
885,8834
887,2868
885,7107
884,1432
888,5880
881,9249
885,0118
885,4414
887,0973
887,6628
886,4702
887,9019
886,0973
885,1809
886,8402
886,4922
885,4856
883,4465
884,3720
886,6046
883,6414
884,5083
883,6195
884,1791
888,3805
884,9458
885,5612
886,6798
883,8533
889,5062
886,6313
885,2235
885,4831
885,3414
885,4953
884,2374
885,0027
884,5422
885,9170
884,1398
885,3607
886,3282
885,6163
887,7099
886,1965
886,0771
888,1482
884,8387
885,8105
884,2049
885,2487
887,5427
883,0653
885,4930
887,6395
888,6105
882,1305
887,6450
884,1919
885,8361
884,7548
883,4981
883,4910
884,4869
883,1172
882,8734
889,0976
882,8726
886,5078
884,9760
886,8720
883,3347
888,4615
883,0038
882,7151
883,8566
884,9468
884,7388
887,0229
884,2079
884,5311
884,5968
885,4333
887,7813
886,2027
886,3137
884,1395
887,0036
886,6250
888,4168
885,4763
885,2747
884,4581
882,4764
884,3515
885,3866
885,7968
883,4750
885,3399
886,2863
887,4120
886,0047
886,4469
885,4097
886,8770
884,9882
884,2592
885,3345
885,8196
884,7926
887,0272
886,6050
885,2936
884,6577
883,8793
885,2382
888,8199
886,1253
884,0654
885,9525
885,1671
889,8196
889,3270
888,1852
885,3907
884,1066
884,2070
887,8238
887,0153
887,8644
886,5027
881,3852
888,6237
886,2828
884,2543
885,8992
888,3418
883,3294
885,3376
885,7642
886,0270
885,2832
882,4705
885,9150
887,6713
889,1131
886,6497
886,0785
885,0865
885,8093
884,9020
882,2067
888,0238
889,8008
888,9500
885,0282
889,2836
884,0393
890,7494
888,9665
885,5325
883,4854
886,8806
883,7376
888,5155
886,9062
886,7507
885,0759
888,3256
886,7474
886,1270
886,9757
882,6283
884,2233
885,9913
886,1861
887,9820
885,1454
888,3455
887,1629
886,1694
887,0755
886,5649
890,2506
885,9547
885,1609
885,9245
882,9938
888,9312
886,0556
886,9185
884,3455
888,8888
886,8008
888,4162
886,6794
884,1084
885,3915
887,1567
886,8374
884,1775
887,2466
887,0702
886,7619
886,4333
886,4322
885,2719
888,4745
885,7971
884,6991
885,3319
886,3777
887,0901
887,2337
884,4874
883,6374
887,9384
885,8946
887,5475
890,2135
885,0914
888,6459
887,1716
885,6733
886,4664
885,9695
884,4559
889,3495
885,5643
887,1351
886,8177
885,1177
886,9887
885,4615
884,3942
883,7358
885,8982
886,5944
889,4159
886,7249
886,3946
884,4303
887,4710
885,3415
886,5827
880,6836
883,7609
888,8803
889,2882
885,0505
880,7243
886,8791
886,4404
886,0589
888,1543
885,4391
887,9064
883,4627
886,1998
886,2261
887,1137
886,4606
883,0370
887,8282
886,4349
884,3471
887,1475
884,8307
885,2018
882,2620
885,3255
885,4768
887,3132
882,3597
886,4976
883,7643
887,2862
887,3222
884,2068
884,1955
886,9080
886,3555
886,6555
886,3840
884,0922
888,1752
886,3140
884,1600
884,6653
886,8951
887,0047
885,8468
886,7575
888,7015
886,7743
888,0920
882,3852
886,0359
888,4672
886,7752
888,0225
886,3685
888,4747
884,8074
887,5933
885,2614
884,1609
884,4251
888,7458
887,4533
886,4090
884,8179
885,8873
886,3400
885,8462
881,0367
887,7992
882,2599
885,2028
885,2762
885,5326
885,0810
885,2712
885,0422
885,1644
887,6199
887,6580
886,8119
885,9686
888,0480
886,0423
884,9797
886,3169
886,5215
884,1104
883,5703
885,2621
887,3190
885,2998
884,4267
885,9385
882,2319
885,2409
889,0417
888,5850
885,0106
885,5251
885,0293
885,9055
888,7938
884,6750
886,0955
886,4105
887,3486
888,0695
887,2863
885,0292
885,6411
885,8668
888,2482
886,6189
888,2683
884,6019
883,6947
886,4552
881,7883
886,1302
885,8514
883,1838
887,0575
886,2592
886,1581
886,6276
886,2630
883,5951
886,3630
887,3919
885,5120
887,4346
885,9851
886,2521
888,4004
883,2026
886,5990
887,3787
886,6661
886,5507
885,6670
882,9809
886,1059
887,4713
885,8488
888,6782
884,5657
884,2253
889,7878
888,0643
885,9163
883,8208
886,4447
886,1288
889,0526
884,0303
885,5224
885,4967
889,7579
889,6160
886,2674
888,5211
885,7124
887,0085
884,9568
882,0085
886,3469
885,7935
885,5347
883,8912
886,4383
884,2268
883,6631
884,7076
882,3411
887,1506
887,7936
887,8741
885,4334
886,0292
884,9819
884,9354
887,5317
884,4641
883,8495
884,0667
888,3445
884,5232
886,6028
887,5957
886,7557
886,1886
885,7565
885,3374
886,1444
886,9127
887,9431
887,5675
884,4857
882,8567
886,0801
888,5437
887,4479
888,6993
887,1499
884,8720
887,2441
886,8061
883,6415
883,0340
885,2850
883,4938
884,6817
885,7787
883,0575
886,0494
886,7794
886,8439
884,0178
887,7132
885,8913
888,7637
886,2488
888,9933
884,9531
886,5174
888,4511
884,3681
891,2876
881,8057
883,1835
885,1981
886,2511
884,3711
884,8615
886,7428
886,7440
885,4153
887,4758
886,3546
885,8928
885,4299
884,0047
888,3331
886,6923
886,1775
887,3940
884,2977
886,6136
889,0444
886,8362
885,3624
882,7193
887,2051
884,4174
886,5378
888,8827
888,7076
887,6119
887,3729
884,3679
886,3714
885,7695
885,0861
885,9260
885,3808
884,4118
884,7724
887,1500
889,1858
885,9385
887,2345
883,9031
889,3900
886,3426
884,8924
885,2992
883,2541
885,8103
884,9715
886,3821
885,7291
885,3472
886,2708
886,2656
885,1410
884,7074
884,6330
884,6552
885,8932
884,9806
884,8722
885,7084
884,7860
887,7590
888,0073
888,6651
883,2946
884,5582
886,5508
887,1757
886,2416
886,1223
887,5650
884,9282
885,4975
886,9949
887,3946
884,5440
884,1506
885,7549
890,2502
884,4200
887,3402
885,6262
884,8822
883,1847
886,0252
884,1848
884,5106
886,8572
882,8003
882,8144
882,6936
886,0111
885,7860
887,9233
884,8296
886,4982
885,0937
889,8601
885,8181
887,5729
888,2766
884,0401
884,4437
885,1587
884,6595
885,7076
884,9854
886,3726
886,8426
890,5507
888,1061
885,8907
888,7179
884,5968
884,6829
885,6251
884,5710
887,4026
884,3788
886,1468
887,4294
886,6114
887,1272
887,4178
886,3537
886,5213
886,3362
883,8430
885,8254
887,6089
885,3991
886,2095
883,3494
885,3459
882,7214
884,9784
885,4932
889,2008
885,0850
885,5166
885,6768
884,5108
886,7704
887,3068
883,9121
886,6494
885,6205
883,7765
886,2633
886,0052
886,4352
886,4987
885,0262
885,5046
886,8562
886,9445
889,5797
885,8273
888,9849
886,1165
886,1996
882,1141
886,8863
881,9962
888,3095
890,1873
886,5858
884,9973
886,1102
884,8445
887,2715
885,6465
886,2582
886,5516
886,3995
885,1456
886,7004
890,4180
887,0306
890,1527
885,2619
886,2851
884,7394
887,1639
885,7755
886,4377
887,2129
885,1098
885,3435
887,4242
883,7324
882,5928
883,0494
885,0856
885,8382
885,6002
885,3586
886,1922
885,8771
888,1209
888,2423
887,7507
886,9839
884,5706
887,9235
885,9953
884,3447
883,7126
886,5334
885,8139
885,8393
884,1268
888,4499
885,8333
886,4618
885,3474
886,6243
888,6955
886,1361
886,9711
883,3563
884,4025
888,2904
883,5195
887,2685
887,9329
886,4767
885,1422
886,7751
886,2589
884,6966
885,9902
884,2064
885,6837
884,7671
889,3915
886,1631
888,9927
887,3286
888,4787
886,5379
888,8028
885,6897
887,8697
889,5683
883,7949
886,0203
889,7608
883,0465
885,4128
885,4420
888,0897
886,3401
885,4825
889,1495
884,0563
891,5057
887,6148
883,8540
885,6544
886,1001
886,5372
887,2248
887,4754
886,8642
887,2233
886,9048
889,4636
887,0998
884,2748
886,2848
885,4810
886,6493
884,8384
886,3358
886,8033
885,9003
884,8642
885,3207
883,5663
884,7479
884,8538
887,2190
884,9600
890,2874
886,3738
888,8787
884,7278
885,1429
886,2979
888,6818
885,8453
888,9729
886,2494
883,1282
885,8544
887,7512
885,8894
889,4129
888,3367
886,2842
885,3226
887,5377
887,2385
886,0924
885,7570
886,4797
886,2665
884,5809
887,1329
884,8401
886,3141
883,5917
887,8058
887,5022
885,9375
888,7794
885,8949
884,8717
887,3121
886,8339
885,9328
883,1731
886,2266
885,9850
883,9327
884,9664
884,6912
885,7192
887,5167
883,4241
885,1953
887,2057
885,7788
885,4235
884,0820
890,0949
887,5951
883,2407
886,6903
885,8372
884,2833
884,5311
882,6774
884,7275
885,7108
883,6237
884,2514
885,4815
890,2894
885,4399
883,1508
885,4135
881,9253
883,7958
883,8454
885,7784
888,3740
886,6376
888,8006
887,2941
892,1568
886,0241
887,7872
885,5192
887,9584
886,0708
886,8782
885,7160
886,6204
885,8165
882,8353
885,8693
886,3480
887,0180
883,6574
882,0595
886,0364
882,6371
887,5963
885,6783
885,9455
884,4747
886,2222
882,7210
882,2740
887,2077
887,2270
886,8383
885,0859
887,1458
885,0869
885,6108
885,7823
884,9445
887,5436
885,0761
887,2953
887,6915
888,1338
884,4378
885,7148
885,9168
883,6136
886,2063
883,3682
885,6794
887,7614
884,4067
884,1545
886,0785
886,5685
888,2028
884,9527
889,1509
885,4628
882,6174
888,2153
887,6182
884,8189
883,8559
887,2337
885,9466
887,5482
888,8617
888,1628
883,1343
888,0058
888,2688
886,2968
889,1164
884,9158
887,5727
887,5868
885,8634
884,5140
887,3390
884,8647
885,9604
888,0848
886,9395
886,2009
881,5505
884,7892
890,8328
888,9075
887,2476
886,3938
884,7597
887,4290
885,9605
886,4420
886,8400
884,0660
883,5744
887,9108
885,8215
885,7451
886,2055
883,5452
885,6602
886,6476
886,8417
884,3395
884,3388
887,2859
884,3539
882,9663
882,8883
884,5440
884,8788
884,7440
882,6689
885,5178
888,2034
882,6051
885,5617
886,4119
887,2752
885,6129
886,0293
885,2918
889,5499
885,8497
884,7482
885,1884
888,8903
888,7418
885,0039
886,3512
887,5370
885,9313
885,6414
885,1297
886,3460
886,4696
886,2911
889,5661
887,2189
886,1802
886,9274
883,2178
885,5508
887,4025
883,7921
884,2020
884,8181
883,3311
884,0116
881,9643
885,0320
886,7394
887,9153
884,8251
886,1694
886,0429
885,6226
885,3159
884,5565
884,6312
883,4837
886,5897
885,2188
889,0971
885,3434
886,7525
885,7485
887,3360
885,6154
886,3820
887,4506
885,3939
887,5759
884,3429
886,9325
884,5835
885,9512
887,1712
882,5327
887,1990
886,7681
884,9943
887,4884
888,5015
883,1024
887,0587
883,2462
885,4524
885,9928
884,4306
886,2816
887,2585
883,4971
886,7712
885,6029
882,2710
884,9616
883,2703
890,8690
882,3407
887,7333
887,6742
885,1758
889,4600
888,6419
882,4397
886,0560
885,3018
881,6342
887,6008
889,0388
888,1102
883,0094
884,0958
884,3836
888,3810
887,4185
885,7614
885,1257
884,2803
882,2526
885,9865
886,2230
882,2850
890,2603
888,1940
885,3444
885,5494
884,1817
886,8438
884,8365
885,6495
886,8488
884,7596
884,7811
881,3580
884,6571
888,1813
883,7946
887,9822
888,4671
881,4273
885,1824
886,4404
885,5364
887,7718
886,0044
886,9170
886,4569
884,1065
884,9172
885,9957
884,1104
887,7179
883,6186
883,4168
885,8860
885,4751
886,9724
883,6606
885,0876
889,0143
882,0888
888,4972
883,9574
885,4135
888,2047
886,9294
886,0983
885,0654
882,1465
884,6900
885,7162
890,4969
885,1421
884,9040
884,7233
887,7516
886,1884
884,3852
886,5170
883,0330
886,0030
887,9904
885,1040
885,9285
883,7615
885,5126
888,5169
884,3833
887,3565
887,2024
884,5435
887,5204
885,9175
885,5865
885,4352
887,1144
887,1299
885,3676
888,8933
888,9067
886,8611
882,7415
885,0304
884,1801
884,9997
887,1421
887,2140
886,4823
885,3922
884,7190
885,5633
887,8809
886,8015
885,2820
886,0496
885,4283
888,0454
883,2341
884,4853
887,5167
883,7321
882,2869
884,1251
887,1497
881,5587
887,3888
886,4855
887,9299
886,7861
887,1142
884,4509
886,1733
886,9207
886,8509
885,4852
885,6867
886,3633
884,5841
885,1083
885,5603
883,4932
886,0618
885,7725
885,6263
884,4362
886,5558
886,6946
886,6927
885,5925
884,3691
887,8162
885,1074
885,1601
885,4127
885,2116
884,6469
881,8823
885,4070
883,2962
885,7698
887,4325
884,7764
886,0686
884,7639
886,1974
887,7641
886,8370
887,5537
887,0127
886,5816
883,7444
884,6647
886,5630
884,7780
885,9512
885,7033
888,5864
888,5871
886,6420
884,5197
885,7504
887,1108
887,8154
883,5170
886,0315
889,1000
887,2943
881,4418
885,7054
884,7926
885,9546
886,7195
886,4690
884,7814
888,0476
891,0400
888,2890
885,3147
886,4304
885,6238
883,4984
883,9934
886,9586
886,3846
883,2812
887,3193
887,3652
886,4690
887,6990
883,9963
883,6283
885,6384
887,3790
885,5048
885,9403
886,8237
884,0664
886,4508
885,1506
886,4834
885,5371
888,5734
886,5497
886,4259
886,2318
886,0219
884,3874
884,9744
885,2421
885,9611
885,2243
886,4334
887,4568
887,1055
885,4610
887,2469
885,8376
886,8279
885,6272
887,8080
885,3376
884,8239
887,1365
885,2422
885,4780
888,9549
887,3487
887,4967
887,0693
890,6139
888,3792
886,2827
886,6316
887,9005
882,3099
883,4193
880,0576
886,4214
887,4612
885,1185
883,5305
881,8926
887,6033
890,0003
885,6202
886,6939
886,2143
886,0080
889,4505
885,5446
885,4650
888,8313
884,2208
883,1402
887,6528
884,9850
883,2532
885,0615
887,8161
882,2374
886,9945
884,7966
881,8481
882,7997
885,1776
883,1640
887,7171
884,1723
884,4560
882,4764
884,0599
884,2430
889,2610
885,3861
887,2452
889,0020
883,4996
888,7100
883,6781
884,0450
886,3625
884,4794
887,0300
884,7139
887,0595
884,6598
885,2892
885,0707
884,8612
886,9763
886,8292
881,6426
887,4579
887,5953
886,6378
886,6372
884,3503
883,1759
884,7146
884,1173
885,5364
883,7112
887,7291
887,0883
886,1443
883,0962
890,5419
886,5900
887,5277
888,2814
888,1905
884,2828
886,6987
886,8435
884,9916
889,2392
885,9483
887,2845
887,0427
886,0460
889,4731
887,6368
887,7733
886,4374
884,5112
887,0001
889,5332
884,8213
886,1446
887,7557
886,6745
885,8340
886,2866
884,7692
888,1623
886,9678
885,1027
886,2368
889,3627
886,5862
888,9254
882,6457
884,2307
886,6896
885,5890
887,2057
887,5810
884,4540
884,8049
885,5570
886,7944
886,0697
883,7962
881,6046
885,6222
885,4726
888,5238
886,2006
887,1109
887,8608
883,8610
884,0197
884,9986
885,4932
886,7174
884,9041
887,8741
884,4483
885,3102
885,4607
881,7599
882,7241
885,1553
886,3566
889,6243
888,9727
883,3474
887,4530
886,8343
884,4819
885,1000
887,9019
886,2427
881,2631
882,8906
884,8163
886,6491
885,8586
888,7748
886,1042
887,7563
885,6005
886,9901
887,6987
886,5207
886,1371
886,6906
887,0473
887,6206
883,4445
885,6403
887,0358
889,2467
886,3660
886,4207
887,5733
885,6131
887,2026
887,3228
885,4667
884,6812
884,3649
885,4025
886,3728
889,3825
883,1693
888,5884
887,9888
886,7055
885,3978
886,5431
885,9965
884,6008
886,0297
888,1882
886,0425
885,8464
888,0582
887,4628
885,8553
885,1418
888,6471
886,1519
886,6345
886,2191
884,2920
883,1495
881,5353
887,8457
883,0667
887,1969
886,1226
884,1867
887,9389
884,4583
886,2213
886,4271
889,5091
884,1376
888,3215
886,7674
888,5411
887,1669
886,4972
886,6223
885,4410
885,2664
883,8982
885,4107
886,1812
884,8222
887,6675
885,6327
885,2725
885,7634
884,5828
884,6194
886,3348
888,2546
887,1506
884,9753
884,0170
887,9380
890,0145
884,7224
886,7638
886,9760
884,7764
886,7952
884,7544
884,1489
884,7710
886,2906
884,6138
885,3620
885,3221
883,3775
889,9961
887,2662
885,8314
887,3988
886,8247
887,4608
887,1450
890,4331
885,1715
887,9441
885,6763
884,4081
886,7752
885,2715
889,5384
887,2996
889,8228
886,2292
887,4770
884,4555
889,0227
884,6949
888,1070
885,9725
886,1965
885,3414
886,0127
883,9812
883,7569
888,1823
884,6867
884,8920
885,5317
885,4856
886,3657
885,9911
888,9384
886,5554
887,9219
883,7306
885,1600
886,8714
886,7218
887,8578
886,0465
886,5743
884,3703
885,3280
885,3656
887,2630
883,6858
886,7675
886,8669
886,2363
882,4633
885,4390
883,5637
887,8928
887,1901
882,5747
885,6074
885,6721
885,6348
884,9903
884,1212
886,1735
887,4014
890,3135
887,5367
886,4783
885,1765
888,8135
887,3823
886,8812
886,1410
887,3564
885,8389
885,2698
886,8231
890,2143
885,0359
883,8050
885,9770
884,9432
882,9708
886,0657
887,1942
884,9834
886,7823
885,7629
887,0427
887,5048
885,4963
884,2350
888,3583
885,2574
885,7480
883,8397
885,7409
887,6338
884,6048
885,6051
887,9128
887,6318
885,8774
884,5906
884,2659
884,8677
886,4380
887,4645
885,1131
884,5366
885,7648
888,1469
885,9997
882,0792
883,9851
887,2480
886,6569
891,1252
882,3481
888,5790
886,9392
888,3819
887,8017
884,2525
887,4161
886,7038
884,8917
887,4272
887,8453
885,1394
886,7140
884,1969
885,3489
885,6045
884,8382
886,2964
888,1834
888,6904
885,6568
885,7646
886,3192
889,6102
885,5439
883,4044
886,7640
887,7288
884,4497
886,7948
885,5924
887,0156
884,6665
887,1288
883,4764
884,6596
884,6073
886,2481
882,6755
886,4951
883,7637
888,1199
881,9257
883,7473
887,5087
882,9670
883,5899
884,9821
884,8699
885,7530
887,4488
885,7021
887,3041
888,3536
885,4222
889,7600
882,8487
886,4734
884,5225
884,7330
889,4130
886,8373
886,8848
884,7453
886,4217
883,7009
883,6664
884,3042
885,5754
886,9947
884,8051
882,2417
884,5406
886,4655
883,6388
886,1479
886,1224
883,2905
887,5575
889,6722
884,5182
884,6950
886,3610
884,4500
883,9834
885,1584
883,3160
888,3944
888,1814
885,9902
886,9123
885,2421
888,0401
888,2461
884,0816
886,8808
888,2085
887,7515
882,0971
887,3006
887,9756
888,1101
886,4722
885,2218
884,0911
889,1510
886,2735
888,2847
886,2361
883,5365
885,1573
885,8276
887,3092
881,5040
887,1354
888,3497
888,7533
885,1466
885,8115
886,4098
883,9545
884,7797
883,1055
887,3267
888,3928
886,0155
884,0435
886,5381
883,8297
888,4137
884,5163
884,1012
889,2429
885,7780
887,2551
885,7956
887,1991
887,0526
885,7742
883,4532
883,6728
886,7247
887,6769
885,2086
886,3433
884,1364
888,8561
884,7474
886,6633
885,3955
886,0253
884,2804
887,0180
885,7994
886,5504
886,8431
886,0085
887,2319
883,1676
885,3682
884,9316
883,5351
885,5945
885,0049
887,4587
884,9627
886,2896
886,7070
884,7130
885,6124
883,6856
885,6109
885,7823
886,0011
886,3400
888,6352
883,5650
885,1774
885,9484
887,1145
888,6960
886,8492
883,7812
884,9982
887,3325
884,7781
889,3960
887,8099
885,6085
886,1219
887,2092
886,2644
883,5554
886,6262
888,7864
886,7344
884,3973
883,6078
886,3892
884,0321
884,0261
885,0077
888,9536
882,7371
884,6241
883,0491
886,1473
886,5044
887,5155
888,7447
887,8847
883,9837
889,0641
885,3438
889,6273
886,6645
885,0011
889,0293
881,4154
885,2806
882,9830
884,6390
885,6060
883,6724
887,2518
886,6941
887,6976
881,2236
889,4840
885,6541
884,8788
885,4938
888,0693
887,6473
887,4978
884,4169
886,7170
887,7449
886,4089
887,2946
885,7158
885,0175
886,3947
884,9122
884,4619
886,0959
886,0125
887,9205
887,7633
883,1961
886,9343
885,7559
886,6733
889,2010
884,7171
882,9516
886,4567
886,4610
885,1226
886,6030
883,5982
890,7065
886,6161
886,6661
885,2919
886,4595
886,1611
886,5559
884,5793
884,3825
884,9499
889,1495
889,0465
884,8219
883,6439
884,3579
887,4691
887,1455
888,5186
885,9239
887,2347
885,0987
880,9153
882,5518
886,2702
889,6762
887,9597
883,4480
885,7928
886,0665
882,7502
886,5679
885,2722
887,2991
883,7946
884,5468
889,1932
886,2073
889,4887
884,2179
887,3717
885,6752
888,4501
885,2061
884,7173
885,0299
883,3972
883,8908
882,8276
887,6206
885,8533
883,1778
886,1359
888,2938
889,3455
882,7602
886,8702
885,5853
887,0306
886,4670
883,2187
886,0879
884,9160
883,7926
883,4834
886,4665
888,6827
884,3043
885,1315
885,7141
883,8840
886,8421
885,4788
887,5975
886,8657
886,8768
886,8020
885,7324
885,3580
889,6605
889,1992
883,4219
884,9989
889,2545
884,7616
888,7356
885,7928
886,7980
886,7399
884,9743
883,2022
883,7022
884,4478
888,0370
884,1999
886,8024
884,6829
884,4989
884,9755
885,4084
886,8978
887,6330
883,4492
885,3251
884,5986
885,5705
884,2978
882,7678
886,9956
885,4719
885,0374
885,7519
887,5454
887,5823
885,2167
884,8563
884,9755
884,4904
882,4725
887,8384
885,1631
886,8113
885,4966
884,5350
886,0252
887,6360
884,4305
886,6395
887,6925
882,2116
885,5764
888,1003
886,8259
884,9107
886,2974
883,1345
886,2949
887,6430
883,4609
887,2045
887,1729
887,9842
887,4802
885,1211
884,5209
887,8351
886,9560
884,7654
885,7553
886,3497
888,5946
886,8220
886,4038
885,8731
885,5839
887,9063
888,0674
884,1724
889,6687
888,4754
886,1367
888,6840
887,0440
889,9587
886,2550
888,7468
888,4958
886,0572
886,7075
887,5283
887,3948
885,7556
888,1632
888,9405
886,8773
882,8524
884,2698
887,0402
885,1594
884,1520
886,4564
885,1805
886,7584
889,3637
887,4196
887,9551
885,4097
886,5018
885,6897
885,5951
887,3950
884,1621
887,0030
884,8025
884,0218
884,2311
889,5356
885,6630
885,6364
884,4984
886,7212
887,5407
886,2345
888,5237
885,3422
886,1275
884,5670
884,5367
885,2656
886,3608
887,1521
889,5430
887,1249
886,4511
886,4548
887,8106
888,6897
886,6598
884,5501
885,6426
885,5525
886,8542
888,6436
884,1525
883,8562
887,0246
886,3205
885,9238
884,0298
885,2009
885,5184
886,6603
884,0133
886,9446
882,7730
886,7987
887,8662
886,1052
888,3628
885,8476
882,9441
886,7134
885,1092
886,5536
886,9231
884,4318
884,8694
883,7298
883,9772
884,8856
885,2868
889,3514
885,9400
885,8380
884,9248
885,2849
885,9972
885,1871
886,9730
887,8306
888,5114
890,0301
887,0438
885,9193
883,3791
885,2067
888,1420
885,3088
886,9284
885,9372
882,8717
886,1297
882,4963
889,0470
883,8915
884,9311
884,9763
887,8802
886,3806
884,3883
887,3488
887,1817
885,9719
885,6082
889,2168
887,6853
884,5252
884,7941
883,8825
889,1879
886,4430
886,1177
886,4259
886,0322
883,4634
888,6529
886,0318
885,1662
889,2904
885,4700
885,2198
890,0545
883,7200
883,9097
886,9950
885,9336
887,2359
889,1451
883,4460
888,1335
888,6978
887,0080
885,0282
886,6200
884,7798
884,7071
889,2691
884,4205
886,8895
889,2757
887,7666
885,8332
886,6859
886,2158
884,0401
886,6750
884,4404
885,5788
884,1581
887,3500
884,5724
884,4588
888,0529
882,9576
886,9726
885,2247
884,8335
885,6270
886,7934
884,4117
884,6815
884,8070
886,1930
885,2483
886,5652
888,9093
884,2395
886,1779
889,0051
885,3239
887,4508
883,5358
885,4106
885,1476
885,6601
887,6133
884,7018
884,6223
886,3280
886,6615
885,7589
887,2694
883,0870
883,0759
887,4342
886,1349
887,0298
885,7304
885,7460
885,0314
885,7961
889,5965
886,8909
884,7461
884,6690
886,3144
887,5589
887,3832
884,4644
886,6021
885,3713
888,9226
886,9347
883,2386
887,6850
885,3860
884,5982
886,7244
884,8826
887,2449
887,5103
886,6623
884,8369
885,3966
888,0260
888,8705
885,9602
882,2215
886,0248
889,5505
885,4488
886,8656
888,1880
886,3823
887,1244
883,5214
885,2478
886,4579
885,4335
888,0593
885,2872
888,9697
884,4979
884,2348
883,8915
883,9987
885,0313
885,9571
884,9033
885,8352
888,6804
887,4074
884,7686
887,0226
886,0230
884,3608
886,2951
883,8092
889,8906
885,4653
887,1560
884,1515
884,9176
881,1820
885,6059
886,7333
887,6765
887,0063
883,4650
887,0179
885,3727
886,9426
888,4516
886,0281
884,2139
884,3876
884,4517
886,9684
886,3624
884,5999
885,5907
885,2430
880,4697
884,4902
886,7246
887,6289
891,6626
887,3056
883,8412
887,4916
887,0750
885,7528
884,4111
886,8101
885,6777
885,6416
886,6128
884,7661
883,0482
885,9548
887,1675
886,6019
887,9183
883,8543
885,9064
885,7801
886,1956
885,5191
886,1592
888,6024
887,6467
886,0334
887,5925
885,9112
886,1318
884,9773
888,2594
888,2825
886,1162
885,6822
885,0821
886,6229
885,9051
886,1143
886,8211
886,5615
883,4258
887,2752
889,1772
885,0354
886,2478
888,9331
889,4652
886,4620
886,2718
882,3141
886,7265
887,3357
888,9940
886,4257
887,2117
884,2080
888,8432
888,4376
882,3324
884,8628
888,0522
887,3404
887,3058
885,4753
886,4880
885,5964
884,7068
883,6775
887,6758
883,9846
883,5352
883,2836
884,0616
888,2747
889,2330
886,5421
882,9067
886,7099
886,1013
886,4414
887,3757
886,9159
887,2428
884,0633
882,0232
886,2400
884,4102
886,0846
885,8267
888,3722
886,7327
888,2616
886,0763
883,1997
887,4542
886,9778
885,8974
885,8554
886,6470
885,4864
888,5029
883,6528
885,6816
886,1065
885,6850
886,1786
886,2776
885,8119
891,3388
884,1927
885,0152
883,4950
885,9866
885,4607
887,6422
885,5618
886,2199
885,9317
887,5362
885,4145
888,3417
884,8350
886,7969
887,8764
885,2506
886,0732
884,7759
885,7358
883,3895
884,9921
888,9878
885,4976
885,2335
885,7096
888,0220
884,8610
889,7228
884,4030
886,0762
883,8077
885,6475
884,6026
888,1254
884,5277
885,5377
887,0072
886,3943
888,0277
885,5886
886,1367
882,4223
886,3852
882,2777
885,7779
887,4386
886,4372
886,8047
883,4191
887,2365
884,7853
883,8244
885,6118
884,7498
886,4669
887,6251
887,7640
884,0025
887,3915
886,5416
884,9359
885,6521
887,4702
886,4464
884,1375
884,3242
884,7475
882,6741
886,2471
884,2476
885,4917
882,2900
887,8490
886,3042
885,5502
883,9113
885,4357
886,4679
885,9442
885,0299
887,5349
884,3724
884,7394
886,2162
886,5644
884,3073
886,1705
884,9449
885,4372
887,2408
885,7536
886,9673
888,1238
886,9301
883,1247
883,8895
885,9335
884,9382
886,5211
885,0098
886,0490
883,9361
887,8829
887,5587
882,6940
885,1586
885,3290
887,7631
883,2950
883,6625
884,6022
885,9733
886,4586
886,7286
884,3883
883,7507
889,2959
885,0863
885,1867
882,8927
886,1979
885,2724
887,9455
887,3847
884,0869
885,7044
885,5841
887,9208
888,4483
886,3284
887,6570
883,7023
887,0940
882,5810
885,5023
884,4604
889,0456
885,5944
885,2178
889,2882
885,5058
888,0869
887,3577
888,3732
888,7981
884,1936
887,1895
886,4388
886,8469
884,7322
888,1192
882,4733
884,0093
888,5465
882,3940
882,7756
886,1147
886,5627
887,9255
886,6769
887,9049
887,8648
886,5236
886,1080
883,6584
887,8470
887,6677
888,0058
886,4757
887,6863
884,7909
886,4486
884,5206
885,4559
885,0808
884,8197
883,9154
885,0999
886,9862
883,8341
888,2992
885,8689
889,4807
886,9908
883,4933
885,9525
885,8944
886,0295
885,1729
886,1964
884,9089
884,3869
885,5330
882,0386
888,6213
886,6511
884,6663
887,4967
887,8564
887,2188
889,8157
887,6600
885,5757
883,8838
885,7220
884,4352
881,6386
885,3097
885,8055
887,4432
885,2645
882,4758
887,4282
887,4058
886,6418
889,2909
889,9485
886,4448
885,4172
885,1241
884,4665
887,3631
886,2084
887,9261
886,9520
887,4681
886,5987
886,2193
885,7082
884,7201
887,7738
883,7140
887,5715
886,7184
884,5088
889,8514
885,6759
887,9612
885,4820
887,4088
882,0718
886,1600
884,3033
885,1575
887,7723
883,8439
885,2255
884,5245
881,7211
885,1236
882,9094
885,9131
886,0448
887,3533
886,8978
884,9977
884,9182
885,8582
885,5669
886,9842
887,6118
884,7433
886,4767
886,2759
886,2966
886,4340
885,5457
887,6557
885,4703
887,4011
886,5389
883,4125
886,2172
884,3711
886,0360
882,1356
883,2099
883,9969
882,0496
883,5040
890,2060
887,6599
887,6737
884,0973
887,1344
885,5711
888,1587
887,5123
884,9413
885,8989
885,5777
882,5154
887,9277
886,0991
886,0407
883,4199
886,2680
887,9633
885,6468
885,0350
884,7742
886,5972
887,3708
889,8102
886,1819
887,8580
884,9070
885,4786
887,0320
887,1784
888,0426
885,6347
885,6628
887,2150
883,1557
884,9904
882,7156
885,3057
884,8727
887,0397
885,2414
889,1548
884,6810
887,0129
887,1481
887,2384
885,2047
882,4474
886,4767
885,4122
885,5461
882,7843
886,7610
885,2217
887,2489
885,2157
885,2503
887,3816
883,4597
888,7301
885,3203
882,8372
885,1083
885,3266
884,1930
884,0122
887,2451
882,4942
886,7945
886,2983
886,6471
883,9846
889,0465
883,8963
886,1769
885,8850
884,6934
884,4227
886,1813
885,1468
886,7304
883,2374
884,6622
885,2038
887,2927
883,9061
884,6099
885,8640
886,2544
883,5569
887,8613
889,0372
885,1377
885,5042
886,4137
885,0930
887,6789
883,3665
883,2142
883,9860
885,5636
887,6782
886,5918
885,0208
889,0801
885,2028
887,3651
885,8824
886,4601
884,5400
890,0299
889,1523
886,0528
885,0535
887,7334
886,9973
884,6511
882,1004
885,4951
884,6296
887,5644
886,1462
883,8091
884,3825
888,0434
887,8013
887,2083
883,0865
888,0053
885,5078
883,5119
885,3652
886,7734
885,2633
885,3143
882,7652
888,8420
886,3557
885,0159
883,8895
884,2927
886,6191
885,7161
887,6593
886,3906
886,0798
883,8766
884,2156
886,8286
882,5194
887,3469
885,7351
885,5389
888,7728
884,9069
887,1381
886,8466
885,3575
884,3020
887,4580
883,8077
882,0752
886,4263
887,3968
886,7760
888,7477
885,3692
885,5007
884,6063
888,1874
886,0104
885,4259
886,1990
885,7938
887,7452
887,1620
883,4828
886,2633
883,1299
886,2343
886,7921
884,1778
884,1383
885,1381
888,7076
885,2393
886,7512
888,1964
885,9259
886,1714
889,6516
891,1722
885,1790
886,6866
885,5232
885,5920
886,0458
887,8026
885,5968
886,4041
888,5116
887,2426
884,5601
885,9932
883,4061
887,2531
888,7034
886,8143
889,0046
885,8839
880,1084
885,0725
889,6577
886,4181
885,2386
889,0413
883,5118
886,5827
886,8848
886,4965
886,3026
887,0520
887,6223
885,8993
883,6092
886,8344
883,8628
886,6921
885,1181
886,5673
889,7472
883,7687
887,1063
885,3191
888,1271
883,0934
886,9118
888,2806
885,0833
887,2508
884,3968
884,8054
888,3282
884,0757
885,7290
886,9763
887,4267
886,8992
883,4048
884,7412
887,3050
889,6589
888,7143
885,8616
884,7411
886,1142
885,1708
885,9888
885,9423
885,7834
883,6469
886,4052
885,6047
884,0011
887,6134
883,6270
888,1705
884,9185
884,2110
884,9401
888,3071
884,0341
885,7623
885,8587
884,9125
882,9330
885,0665
886,6516
885,1406
885,3040
887,0949
887,6983
884,9057
883,3223
886,8767
887,5303
884,2817
889,6958
886,0945
884,6686
886,7572
886,5177
884,9532
884,9444
883,7546
882,9742
889,8148
888,9105
883,6275
886,8587
886,4563
886,1882
881,5815
884,7716
886,1479
888,1437
880,9829
884,4994
886,4212
884,1961
885,3003
886,9568
886,0268
885,2926
887,6806
886,8215
888,1355
888,0659
884,1337
885,7725
887,5324
887,5376
883,5018
882,4820
886,3384
885,0869
886,3654
883,7300
886,2353
889,9290
883,3601
886,7102
890,6789
884,2131
886,8836
888,4390
884,8690
884,8581
884,4316
888,2768
884,0065
885,6420
883,3933
886,2636
888,4995
887,9745
886,5371
887,9815
884,9791
884,9946
884,6173
886,2445
884,6351
882,6588
889,2234
886,4374
885,3668
886,8210
886,3915
887,5919
882,1887
885,9279
888,7690
888,6462
890,6807
885,0488
885,8760
886,2488
885,4111
885,9732
886,2105
885,5123
885,4587
883,6931
887,6518
887,8989
888,4597
882,8885
883,5838
886,0574
883,6455
885,2348
891,3430
887,9320
888,3226
886,9190
888,0405
888,2870
885,0627
887,4731
885,4024
885,3706
885,8118
885,1041
888,5596
885,5229
886,7267
886,5011
884,9530
887,9725
885,9649
889,1938
885,6675
883,7527
887,7739
889,2587
885,2677
884,0053
887,9814
885,6697
887,6834
885,1469
884,9020
883,8338
886,4733
887,5981
884,9744
885,9053
885,1470
887,0809
883,6264
882,6488
886,0893
885,1118
885,1599
884,3290
884,9881
890,1430
883,9825
887,6468
887,0394
883,6088
884,5608
884,3285
885,8951
887,3244
883,3983
889,3930
886,1586
885,9986
886,2283
886,2103
887,4275
886,1624
887,0778
885,4630
887,2213
887,6755
886,6168
885,5722
884,8251
887,9928
884,9192
885,3580
886,1797
884,0136
888,3526
884,0540
884,6130
889,1362
886,1827
884,0759
882,6351
889,7342
885,3045
885,1077
884,6733
886,4187
887,6891
884,5249
887,3655
884,2614
885,8313
886,4650
885,0608
883,2685
888,2881
885,5573
884,1552
884,4014
888,3000
880,1828
884,2168
883,4872
889,7589
884,6291
882,0529
885,5422
883,7474
890,8892
886,8265
885,1805
888,9091
887,3438
886,9582
887,6639
887,0902
883,9250
886,4422
887,9430
883,5647
888,1269
883,7164
884,8434
889,5322
885,3983
888,2671
882,5282
887,2862
884,6113
886,3958
888,4610
886,1285
885,0998
883,4500
886,5222
886,8615
886,1383
886,6289
885,2195
884,0147
885,8254
887,2952
884,9823
888,7969
886,2397
883,0216
882,6591
886,4391
882,9231
885,1675
885,1204
882,9567
885,8744
886,8737
886,8355
887,3990
886,6652
883,2852
885,4009
887,2404
885,7070
884,8608
886,5269
885,0617
887,1755
888,8306
888,2856
888,0366
885,6979
888,7371
885,4956
886,2330
885,2365
884,0091
888,4578
887,8630
884,6288
884,5896
886,3073
887,2593
886,5450
888,9896
885,0155
886,7362
885,1842
885,6736
885,8506
883,6567
885,5176
885,2210
883,1529
885,9446
888,5737
882,8621
884,6921
888,2945
886,5585
887,4607
886,9316
883,9449
884,2777
886,9280
885,7185
884,1754
889,9819
884,9648
886,6378
886,7167
883,8157
886,3785
885,2570
883,4841
888,2703
882,5604
884,6129
888,0089
885,2977
883,6571
887,9405
884,1875
884,8945
883,6634
885,7463
886,2688
887,4298
886,3162
885,6452
886,9285
886,4284
884,9204
886,7453
887,6530
891,1292
887,5925
885,2980
885,9619
886,5663
888,1270
884,5939
889,2117
886,5490
886,3807
888,1433
888,7251
883,8396
887,8884
889,4150
885,0763
884,3441
885,3230
884,9055
885,6866
885,5162
886,5301
884,6056
883,5344
885,5584
884,9301
886,2127
885,4669
885,8377
886,7206
887,1824
883,3327
886,4206
887,3283
885,1813
886,4940
881,7344
888,4527
885,9784
887,2138
884,6052
884,2330
884,3760
887,8583
886,5077
889,0329
888,1143
888,4216
884,8995
885,4614
883,3820
885,9739
886,8797
883,3937
886,0649
886,1019
885,2686
888,2393
883,7564
884,6975
886,8858
884,1697
886,4030
886,8552
887,2384
887,8982
885,6673
885,2037
889,8118
885,8369
889,0263
888,7082
887,3038
884,6391
885,6398
886,1642
884,2384
885,9984
888,1777
887,4217
884,6956
885,2950
883,2343
883,8367
887,1831
885,0509
886,5792
882,3879
886,0211
887,0631
885,8668
883,6308
887,1456
887,1309
888,0965
885,0071
888,9083
885,7081
882,6960
886,2238
886,9920
887,1186
886,6548
886,0766
884,3265
886,6365
885,4571
886,1064
885,0117
886,3048
888,2230
885,8652
889,0671
885,4438
885,8039
884,8018
886,3488
885,6844
886,8566
884,5551
884,1214
886,2495
884,5924
887,8951
889,6588
885,6314
885,6813
886,9989
885,1244
884,2888
883,8692
887,8245
881,5684
887,0020
885,1852
890,7080
887,5100
887,1244
883,9469
885,9168
888,9136
886,8435
883,0393
885,3599
885,3270
884,7374
885,5163
883,9948
883,8307
885,8696
885,9403
885,9866
886,3753
884,0502
888,3119
886,2883
888,0636
884,1495
887,0343
886,9428
886,3326
883,9418
883,4788
884,1541
887,8776
884,0591
885,6447
886,1207
885,8084
885,1882
883,7194
884,2724
884,2468
883,2776
889,1126
886,4350
885,3001
886,2318
886,1352
884,4874
886,8284
886,1954
884,4080
884,7844
887,3707
883,6288
885,6574
885,8027
885,0128
883,8703
888,7469
883,1277
886,9353
885,6872
888,2540
886,5007
889,0596
881,9164
884,5434
881,2411
883,8861
885,6443
886,6657
883,0032
888,4649
889,4158
886,5126
884,8245
883,6755
889,1591
887,4535
888,8862
887,7940
882,4127
886,9324
885,8544
886,0250
883,8588
886,2702
881,4656
884,2603
884,3657
885,0822
884,3970
885,9040
884,4861
889,0866
886,6091
888,7887
884,0899
887,7688
885,8594
886,8245
883,1495
883,2292
882,3917
887,3275
886,4995
884,2858
885,5851
890,2359
885,9305
887,1719
887,4973
888,8361
885,2990
886,2372
886,6739
887,9312
886,6777
885,9413
887,1507
882,7232
887,4333
886,6919
886,0407
886,3219
886,1362
884,5883
884,8499
885,4820
886,3728
883,9509
884,0125
885,6727
884,9930
885,6260
885,2998
883,7570
887,5348
888,1347
886,3381
886,5192
886,6457
887,9368
884,5057
887,3269
887,7699
885,7296
883,3725
884,1636
883,5799
890,2695
889,5295
886,0534
884,9456
884,3144
886,6955
885,7468
888,4877
884,7750
889,5085
888,7538
887,8228
883,5339
884,3952
888,6117
887,0559
883,9187
886,4157
883,6997
885,2396
882,3815
886,8810
885,3050
885,8829
886,0898
884,3159
883,3399
886,3291
889,3113
886,7166
888,3415
887,5688
888,1670
887,5946
888,3011
888,1383
887,2698
886,2325
886,3459
885,5811
886,0110
887,6595
887,8456
884,2346
886,0735
885,7351
888,2865
885,1586
885,8919
888,0833
883,4306
889,3510
889,2053
885,5844
882,9625
884,8309
885,8356
884,0470
884,6962
886,5536
883,1473
886,6951
887,5604
886,4282
887,5583
884,7705
884,6190
885,6788
884,8964
886,3159
885,6765
884,2418
884,8692
886,8799
888,7071
882,5992
885,4868
885,2353
886,0976
884,5274
884,4578
884,1202
887,9972
885,6188
882,5474
884,2098
888,3240
887,1427
882,9397
884,6841
886,5883
887,8175
887,0498
885,5442
885,4255
886,3177
884,3402
883,3665
885,8882
889,4563
883,5701
886,9563
886,9814
886,1152
886,7079
886,2285
887,1664
885,8856
883,9125
887,9418
889,2440
886,0843
885,7110
890,0832
886,2014
885,4712
886,3132
888,6547
885,4925
887,5274
886,7341
885,6196
886,7061
883,3413
885,8294
884,9278
886,3037
883,3736
887,4892
884,5143
887,7465
886,2474
884,7765
882,6963
883,8107
883,2530
887,1813
883,2459
883,9216
887,4497
884,7221
887,8892
886,7243
883,3373
890,3521
886,1708
887,7856
886,0227
886,8222
882,0930
887,9836
887,5998
886,9788
885,8863
886,6487
886,6599
886,1077
885,9255
886,8201
881,2052
884,3638
883,5659
883,3107
887,9563
888,2795
885,2994
885,6797
888,1045
883,7718
885,5951
884,6221
887,9736
883,7745
889,8664
885,7206
885,5320
885,6422
890,7380
886,8921
886,7349
886,1347
885,1880
886,8816
884,1224
885,3981
883,5909
886,2882
886,7257
886,9669
887,2330
884,7564
884,5062
887,3577
887,1456
885,3791
886,8101
886,2989
888,7822
888,5282
884,4733
885,5353
883,6845
886,8047
885,5911
886,2111
885,8724
885,3607
880,0915
888,3351
886,6158
885,3615
886,5132
884,7091
887,3163
883,2725
884,5043
887,9680
887,5609
882,8309
888,4649
887,6611
885,1376
885,9227
886,9072
882,2428
886,3858
885,3262
884,9703
886,6169
885,9740
887,9566
884,4007
885,8087
887,4944
883,2570
887,8942
885,8434
885,8908
885,6624
887,5055
886,1898
884,5563
883,0153
885,0631
887,3084
889,0273
886,9051
884,4275
884,2777
886,8046
885,0967
885,5790
887,4366
884,8375
888,3239
887,9220
886,2771
884,4572
887,5053
888,6954
884,9173
886,2399
885,7350
887,9441
884,9180
884,9975
883,2211
884,8004
883,7241
888,2667
886,6512
887,9406
886,2494
886,3064
885,3606
889,2658
887,1484
885,2355
886,4408
885,5907
890,5568
883,6611
886,9533
884,7032
890,3635
887,1104
884,1250
886,4825
887,3755
887,9512
886,1858
886,2600
888,2554
890,1658
889,1841
887,4741
885,0763
888,3244
883,1725
886,4083
881,4075
886,8220
884,7892
887,2630
885,7835
883,2401
885,4944
888,6615
882,6318
887,8418
883,1056
888,4226
886,3112
886,1573
888,1926
886,5095
884,4051
882,5848
886,0057
883,5309
884,0486
885,1666
886,2712
883,5884
888,2073
888,3940
887,1568
884,0595
887,3921
884,0188
883,0432
887,9134
884,9544
889,1135
887,7008
883,7806
885,9836
884,3837
887,8571
883,7577
885,5931
884,5444
886,2718
886,0364
888,8647
885,1314
883,6134
883,9977
883,3151
889,3922
886,4066
886,7186
884,7371
888,4135
886,9203
888,1041
885,7080
885,4311
886,9630
885,2270
883,0738
885,4133
890,5882
885,5652
888,0201
885,6122
885,1332
888,7576
882,9984
883,9490
886,4796
886,5334
887,5214
884,7473
888,2790
883,9176
886,8412
887,9467
885,3203
884,8132
882,9691
887,4815
886,1525
886,8697
887,3540
886,0978
887,2371
885,7177
887,1102
883,9072
888,9088
886,1959
888,1350
884,9189
884,2490
888,0285
887,4210
885,1404
885,6945
884,5641
883,5717
884,9664
885,7175
886,4234
884,4267
882,4850
883,7420
888,6383
887,0617
883,8728
885,1014
887,5893
886,2368
888,8493
886,7696
884,1392
884,4946
888,2884
885,7105
885,8206
886,5091
882,8157
886,9646
885,8116
886,2357
885,4877
886,4388
886,1967
884,7793
885,0760
885,8464
888,8046
885,7039
886,4705
888,8395
888,4442
888,1124
886,9794
887,2300
888,1901
884,7796
883,3614
885,2430
886,4604
887,7485
888,7795
884,4286
885,6392
888,0370
885,3397
885,6137
887,1388
885,0490
885,6109
887,4702
885,7539
885,0316
885,1564
884,8160
885,5113
885,3969
886,0113
884,5706
887,2513
887,9850
885,1370
883,7858
885,0189
884,8360
888,0105
886,1279
883,4753
888,7455
885,7502
886,9426
886,3818
888,0640
884,4923
887,3439
885,7096
887,5783
887,2478
886,3949
883,8826
883,2899
887,7054
884,0070
885,0295
885,3629
884,8952
884,6357
884,9435
886,1910
888,1508
884,0074
886,3406
888,9039
885,9197
885,9960
888,9359
879,1492
888,1390
886,7484
885,8833
883,1290
885,7537
885,2515
885,2936
886,3641
885,1635
885,3183
889,7007
887,5579
887,6322
888,6231
887,0855
886,0193
884,6789
886,4820
888,2406
887,9394
886,1412
887,6261
886,4351
884,7868
887,3998
882,4816
889,9983
885,0105
890,0327
887,2691
884,5942
883,5822
886,9197
887,8261
886,7118
890,4886
884,8679
887,3144
884,1068
885,2065
886,0441
888,0483
888,5790
883,4105
887,2374
886,9069
886,4620
883,1633
889,9054
885,4908
883,4256
886,1241
886,8874
887,8408
886,4217
888,2891
888,0152
885,4821
883,5856
884,8929
885,0971
886,3339
888,2975
885,3634
883,3266
887,5875
885,8329
886,7978
885,4287
882,9642
883,7629
884,6596
886,7021
888,5523
886,5829
889,2551
882,7732
886,0284
888,3819
885,8093
886,2794
885,7177
886,8302
884,2190
885,1131
886,0384
888,0840
883,9038
886,1526
885,4053
886,4736
884,4501
887,6930
884,7627
885,8895
882,1809
883,2117
884,9296
886,3106
887,5850
885,7596
884,4824
888,8151
888,3903
887,0341
887,4694
882,8510
883,5696
888,2921
887,9046
885,2328
885,5657
885,7155
886,6913
885,0309
888,0678
883,1235
886,6657
882,4752
885,2335
882,8549
884,0233
886,0964
887,0344
885,7686
885,7286
888,3969
882,7710
888,7090
881,1706
886,3199
884,1577
885,5005
885,1392
885,5457
885,8815
887,3714
887,9127
886,2429
885,1383
886,2564
885,9010
885,9451
882,2561
885,4290
888,2222
882,8473
885,7051
882,6582
883,8419
883,9455
884,9308
884,5574
885,9658
884,2069
887,5292
888,1005
884,7491
885,6131
886,8596
886,3590
884,2280
886,5687
884,8872
884,7979
887,4656
884,7729
886,0363
886,7552
888,3419
885,0092
887,0508
884,1541
886,0848
884,1293
886,4282
886,2150
880,8421
885,2863
886,7826
887,8731
882,6237
882,8394
884,8197
888,5505
887,6970
883,8368
885,8713
888,5918
887,9408
884,9055
888,8369
884,0928
886,6474
886,4442
886,4011
886,7144
888,0911
889,5099
887,4537
885,1561
886,6409
885,0746
885,8430
885,7298
886,9610
883,1526
883,8607
886,9055
885,7893
885,8644
885,5990
888,2166
884,5223
888,6817
883,8323
885,9604
885,4053
887,0156
886,8663
888,3768
885,1643
886,9454
886,2676
885,5670
888,9094
886,6782
883,8289
883,6567
885,5615
885,0122
887,9070
885,5279
887,5253
883,7661
886,9112
886,3635
887,4434
889,8200
885,7082
884,0104
886,8416
885,4555
887,9298
884,3757
887,1835
883,5793
885,5691
887,1767
887,3394
884,5771
884,0799
883,3761
886,7979
888,4326
884,6895
885,7598
886,8097
888,6852
885,0016
885,8645
886,9270
887,0595
886,1153
886,4216
883,9925
885,2985
883,4075
886,2380
882,4706
884,9907
890,3148
886,0584
883,9534
886,1787
883,8357
887,4706
885,4488
887,1882
883,5313
884,1916
888,5375
890,5516
886,0999
888,2015
884,8391
885,6177
886,6851
883,4240
888,7382
888,3528
885,6087
884,3010
887,9174
883,2904
889,2757
884,0732
885,5662
886,1829
883,4782
884,6128
886,7267
884,3639
887,9774
888,0319
885,3890
884,5431
885,4537
887,2342
885,8825
886,6047
882,5046
887,6695
886,4959
882,5912
885,4358
887,4143
887,8143
889,4741
883,2631
888,3150
886,5234
884,0573
887,4099
886,0811
885,3715
887,9176
885,9188
884,8202
887,0556
884,7888
885,8063
884,8755
886,8611
882,7084
886,8630
884,9210
884,1157
888,3845
887,1016
886,1788
886,8603
884,4835
887,1709
887,7714
885,3770
885,5702
882,4616
890,0263
885,8161
885,9548
882,8556
886,2273
886,9309
883,6092
884,2261
888,0124
883,5569
882,8157
888,5359
885,0691
885,1400
889,1062
886,0719
882,1628
885,0196
888,7883
886,5014
883,1187
889,8944
888,3103
882,5025
885,7506
886,1893
883,6835
887,0451
885,0572
885,4010
882,9587
885,5180
882,4996
881,0883
886,7427
887,0840
887,5584
883,1354
886,5254
887,0552
886,8287
885,4572
886,0975
886,8188
884,5404
885,2335
883,0268
885,4191
885,3648
886,5599
888,0485
882,7352
885,8904
883,7084
886,3342
888,3494
885,6949
885,0183
887,2563
885,6194
885,2597
884,3908
884,3522
885,3117
885,4146
888,2356
888,2622
883,3012
889,1892
885,9197
885,5768
882,0962
887,6229
885,0383
885,0045
886,3403
886,2103
887,5080
886,1801
885,4199
884,0701
885,7537
884,9598
885,2261
887,4238
881,0171
886,6392
889,6314
885,7043
885,2303
884,9589
886,2741
888,9031
885,7075
885,7299
886,6936
888,2654
886,7147
886,3528
885,3814
885,8813
883,6588
886,6248
886,8201
884,6111
887,0189
885,1851
887,6976
882,1995
884,7563
886,5127
887,0705
888,1366
884,3300
883,0321
888,5789
887,5334
887,9575
887,6664
884,5972
884,8007
885,9889
885,0975
886,9563
884,1429
886,6619
884,3601
885,7897
887,0543
885,3324
884,6332
886,3943
887,3099
885,5895
884,8633
887,1398
887,2851
884,7203
885,2226
883,6530
888,6368
886,8024
885,6281
885,7293
890,6490
883,2503
888,3506
887,6528
885,5579
888,7469
887,4242
889,5951
889,0001
890,5968
886,0613
886,6628
886,3574
884,9334
888,2053
884,9008
884,1324
888,1078
888,6436
884,0741
883,0988
885,4131
886,4908
885,0257
884,9857
883,5754
886,2008
886,5586
883,0641
887,5477
884,7017
883,3629
884,0244
885,1141
886,5453
885,8023
885,9442
884,0768
883,8466
884,0918
885,9084
885,4969
886,0207
885,4437
885,9285
885,6298
882,3957
882,5355
886,1369
886,6442
886,1591
886,1916
886,0805
889,0025
886,4546
887,0893
886,1156
886,3272
883,6416
887,9871
887,3861
884,4022
882,8915
884,4127
888,4789
887,8233
888,6220
885,8846
883,0529
887,6451
888,1324
887,3977
886,8881
886,6803
883,2993
886,6548
886,4852
885,3046
883,4621
884,7913
884,9151
886,1685
887,1084
883,0440
885,3592
886,1083
885,6834
884,1573
883,5749
885,8785
885,4494
886,2558
886,9939
885,8588
882,7470
889,0518
883,8131
884,1541
884,6211
884,9242
884,5507
885,1464
887,9238
886,2422
884,0136
885,8767
883,4823
888,7120
883,6929
885,6847
885,7978
884,6350
882,3847
891,0270
887,6478
889,8052
885,2573
885,7947
885,9053
886,6586
883,2240
883,7142
889,8372
885,4989
885,6019
888,8197
886,6346
886,6655
886,5752
887,8553
885,2881
887,2490
887,7108
883,6847
887,7812
886,7672
888,9650
885,7255
887,4286
889,0930
884,7159
884,9481
883,8951
885,9176
882,5271
888,8665
887,9401
889,0487
885,4074
884,9678
884,7607
884,5015
886,8131
884,9374
887,4177
884,1531
885,1637
888,9556
889,2539
883,6836
886,2583
883,0358
886,3996
885,9853
886,3014
886,0496
886,7240
888,1184
890,8389
886,0508
883,6217
889,6923
887,0893
885,3987
887,9590
885,6591
885,4526
881,1167
884,6550
885,3056
887,9167
889,5909
887,7453
888,6106
885,5283
884,3600
883,4391
885,5204
886,1175
888,4911
887,2116
888,1151
886,4802
884,4423
884,5671
885,4638
885,9886
889,0058
884,8921
885,3002
884,4262
889,5808
887,7340
884,2527
882,4345
886,1224
886,1368
885,6170
887,5394
883,8045
886,3428
884,6053
888,7862
882,5710
882,7150
886,7249
885,2203
885,6172
882,8144
882,8887
887,3379
885,8243
885,2049
884,4862
886,8572
885,4085
887,3412
889,8118
886,0378
886,7158
884,3574
889,3104
888,0129
887,9466
883,9084
887,1425
884,9568
886,5072
886,0122
886,3967
885,9138
885,4764
887,1224
886,2797
885,4516
887,9044
886,8886
881,4192
884,2450
885,5074
882,7493
882,9558
887,6916
884,3644
884,9448
886,0259
886,5491
882,0545
888,0128
887,7540
890,2060
888,3792
887,1348
885,6854
883,2902
887,2702
885,1344
886,5722
882,1574
887,7822
883,9990
884,8160
886,7949
886,2950
888,0437
886,7967
881,6719
885,8759
887,3349
885,9621
884,4714
889,3981
886,1834
885,4197
886,9406
887,6650
884,0541
884,9446
887,6204
884,5382
883,0286
884,2864
887,0804
885,0664
885,8194
887,3680
889,1369
886,2454
886,3927
879,3230
885,6796
885,4033
885,6625
883,0861
887,1534
886,2978
888,6933
884,7166
886,6614
882,9896
885,3431
889,6375
882,6622
885,1879
883,4040
888,3734
884,3733
887,1743
888,4586
884,1103
886,5811
885,4445
886,9978
885,4284
883,9402
884,8741
887,7168
886,7743
887,3963
883,7244
884,5155
885,2168
886,7429
885,3768
885,0187
886,7676
884,0263
883,6150
888,0293
889,6216
887,6128
884,4372
884,5284
884,2581
884,8634
887,4711
886,0898
884,9331
886,0187
889,5473
884,4165
886,1420
883,7319
890,0884
886,7208
884,3325
886,9223
889,2155
887,3418
885,6727
889,2532
884,3365
882,3987
882,6901
884,9028
886,9358
886,3548
883,0379
890,1992
887,3252
888,2578
884,5764
884,1421
886,8336
883,9807
888,7090
883,2728
886,7983
886,3962
884,8716
886,4441
886,0107
886,6964
888,0904
888,9125
887,4813
888,9132
882,9735
885,5075
886,2576
886,0521
887,4887
885,5081
888,6667
887,1973
887,8708
885,8499
887,3358
886,9378
887,2762
887,3338
882,4025
887,3730
886,8697
885,8689
883,4963
885,9728
882,3551
885,7047
882,3077
884,5264
884,0281
886,0536
887,6442
888,0774
885,8185
885,9604
889,3411
882,9873
886,5241
887,1770
885,0863
885,0498
884,6907
887,0735
887,8874
884,6156
883,4572
883,6366
883,4456
885,2941
888,2924
888,0031
888,7504
884,9444
884,7862
885,9884
888,9390
886,9410
886,1037
885,5500
885,7350
885,0269
885,8498
883,4821
884,4111
887,9053
887,0715
886,4813
885,3304
887,0533
882,6845
885,6488
886,7678
887,3286
884,7729
886,5415
883,2915
887,2295
885,9703
882,6441
888,1301
881,7109
887,3740
886,5524
885,8541
885,4349
885,5915
885,5869
887,2507
886,8814
883,0144
883,5852
887,9239
885,9714
884,9073
884,9643
887,5882
887,8445
885,2273
884,8065
885,1617
889,0953
888,8455
886,2639
886,4814
888,4379
888,2215
886,1057
888,5544
882,8360
887,6261
885,9620
888,5065
886,4439
885,8762
884,7537
881,9771
886,6377
885,1205
887,8396
886,4173
888,5024
884,1546
885,1218
886,4739
885,4571
885,1749
888,7024
887,9146
887,9968
886,3304
887,7180
883,7709
884,7975
882,8492
887,1779
887,4750
890,1695
885,8063
884,2543
885,8372
886,2074
884,2830
891,0666
886,9193
889,0248
887,1872
886,0090
888,6264
887,2569
884,4808
885,6715
885,8067
885,0084
884,7341
884,4772
885,3044
885,9738
884,3071
887,9220
885,1106
885,9684
888,6444
883,0829
888,0401
889,3383
884,1192
887,5525
886,9687
886,1657
886,9847
884,1690
883,4204
889,2203
886,3272
886,4575
887,6521
887,5192
883,2465
884,7091
883,8847
884,7171
883,5341
886,6071
883,6903
882,9173
886,3561
888,4821
887,3915
887,2053
886,1484
886,0957
885,0817
887,2724
884,5081
883,3405
886,5212
886,4756
886,7227
884,8875
888,1996
886,1146
886,8531
886,7884
883,5188
890,2618
885,2280
887,5548
885,8511
888,0331
885,9095
885,9077
885,3155
884,9715
888,3187
886,9136
884,7698
887,7493
885,2975
886,1447
888,0864
884,4397
885,3231
884,5616
883,4704
887,0023
885,9364
887,2407
889,1695
885,5417
886,4462
884,2421
887,8376
886,0922
884,6285
886,5097
885,2200
886,4565
884,7101
887,8186
887,0566
884,2022
887,2140
886,9358
881,1143
885,7629
885,9459
881,1832
887,0460
889,5311
882,5795
886,9791
885,7462
885,7976
885,5959
887,6896
887,3401
886,7850
882,1235
883,3309
888,3712
888,5170
884,3422
890,2699
886,0632
887,1775
886,0558
889,9240
886,2328
886,4263
885,5009
884,5486
884,1550
889,8960
887,8088
887,7636
882,6402
889,7420
889,3474
887,4460
885,2489
884,6675
884,2499
884,6067
886,2888
886,6491
888,2788
887,3503
887,0591
888,4017
885,8633
882,4417
885,3375
885,7797
885,5613
886,9675
886,4703
883,9427
882,8699
883,2905
887,5997
882,8725
885,5109
885,8177
887,3880
885,2047
888,9771
886,6034
886,0975
885,8795
886,2893
887,3883
885,3730
885,1965
887,1203
883,5152
886,3335
884,2690
885,1232
885,8186
887,4957
884,3174
886,8831
889,5394
885,6353
885,6548
888,5883
887,6091
883,3282
886,8156
884,4691
884,0815
883,8300
887,4757
885,7891
885,6717
884,6440
887,8489
887,9814
885,9217
886,6897
888,4826
884,8499
882,5894
888,8167
885,7793
887,8626
884,9281
884,5543
884,6517
883,9887
885,7808
884,7316
883,8216
887,6281
888,8717
885,5884
888,0427
885,7915
887,2664
884,2038
887,2926
884,0999
886,5190
887,1623
884,7917
886,6890
884,1897
887,7467
886,9629
883,7088
890,0791
885,2190
884,0724
888,4783
883,6170
886,4788
884,0114
884,4177
885,7536
886,4043
885,8945
888,3973
885,5258
882,4375
886,3449
886,0086
886,5076
886,8551
886,7102
886,2536
888,5001
887,5383
883,9978
885,5203
884,9616
886,2670
886,1386
886,4723
885,5800
886,4191
886,4589
881,9338
884,7716
888,0889
886,5074
884,5724
887,6285
884,5543
887,3625
884,7371
886,0621
886,7013
885,1797
881,8373
888,1153
887,2833
886,8487
885,6319
886,5685
888,4693
884,0096
886,4478
882,5689
886,0178
887,4049
884,5283
888,2050
886,0266
883,7799
883,9179
886,0719
886,1326
885,5189
883,6301
887,3643
884,1874
885,0032
886,0995
884,4877
885,5003
887,4844
888,4474
882,9380
887,4750
881,9638
889,4162
886,0133
888,8323
881,8055
887,9904
884,4184
887,6025
883,8841
884,3739
886,2825
886,8909
884,1438
887,1607
885,9562
885,4303
882,8316
885,1013
889,1543
885,8396
886,6895
884,6921
886,0900
887,6763
884,8267
886,4429
885,1182
884,9006
887,6673
883,3518
884,9359
882,8209
887,6770
886,7638
886,7951
883,8215
884,9187
884,5305
884,4910
887,3620
884,0719
886,0838
889,1433
884,8600
886,0535
888,8762
888,0448
885,6282
884,4500
880,4780
890,9706
882,6686
885,2869
887,9231
887,2897
888,0002
882,9950
886,6080
886,2618
883,8654
886,2141
882,2870
885,3904
884,4917
884,9750
887,9622
888,8240
882,6651
890,9198
886,2680
884,5950
884,6378
885,6387
885,7633
885,9694
883,5486
887,3349
890,2926
885,0092
886,0132
885,2370
885,1973
885,4221
886,1574
887,8033
884,3940
886,6271
888,6266
886,6172
888,6728
887,3976
884,6844
888,2429
884,2673
889,0573
886,4559
887,5460
882,8189
886,4215
891,1827
886,8008
880,7485
886,6216
889,3416
885,9731
886,2270
886,3542
884,0274
885,4481
886,8469
888,7282
887,6330
885,6985
886,0989
884,7563
884,4631
886,1629
884,1079
888,0195
887,1938
886,1167
886,8898
888,6312
887,0031
886,8446
884,4806
882,7773
885,1302
885,3961
888,4152
885,1934
886,1544
889,9459
883,1739
886,6879
887,8492
885,5061
884,5764
887,2746
884,9082
886,4500
887,6301
887,4457
886,4573
885,9973
886,9656
886,0217
887,3990
886,0713
886,7023
885,7999
890,3190
885,7121
887,1675
886,7184
886,1491
884,4951
885,0277
883,5758
886,2906
884,9284
886,0918
887,0944
886,3730
884,6581
888,5332
885,1411
886,7980
885,2561
888,7670
886,2759
886,1165
888,1714
886,7247
883,7153
884,9486
886,5767
884,8750
887,7548
888,9657
886,6300
885,6112
886,5649
887,7631
884,8179
888,6486
887,6168
888,5729
889,3063
886,2771
885,2365
888,8125
886,3834
888,3374
887,4198
882,9771
887,4095
886,6155
887,5728
885,7655
886,3011
886,4360
884,4310
888,1072
886,9279
882,4224
885,5374
885,8110
885,5491
885,4764
886,7328
884,1145
886,2100
883,5936
885,3737
886,1600
883,3264
886,3725
888,6122
885,7210
883,2922
886,2717
885,8839
882,6457
885,2582
886,1155
885,2068
885,7918
883,9392
882,1004
884,2065
887,4931
886,5441
884,9422
889,6596
885,6334
890,5233
888,0304
883,3532
888,3201
882,7222
883,9945
882,8329
888,0476
885,0171
885,5272
886,2426
884,2543
882,8157
884,8980
886,7984
885,8539
885,6328
886,4992
885,3236
884,8023
884,0919
887,6297
886,3236
888,3870
886,5851
885,1126
885,3001
885,0824
883,6553
888,2381
888,0363
890,6413
887,3114
884,0679
883,4061
885,7052
884,4972
887,1118
885,0628
886,8968
886,5130
888,4320
889,9053
890,1972
882,4901
885,0971
884,9319
885,6914
886,8857
888,1944
885,1003
887,0442
889,5601
886,3201
883,7824
885,3140
888,1798
885,5995
885,0928
887,4943
887,4862
887,0488
886,9214
884,4247
886,0556
885,9949
885,3584
887,5049
887,6187
884,9287
889,5847
888,3737
889,8263
885,8495
884,1905
887,3200
884,1819
883,8065
886,9373
887,8793
885,8122
886,6065
886,5784
889,3241
885,5023
885,2275
883,5460
883,2529
884,5919
886,1893
887,2151
887,0006
890,1746
886,1607
885,6920
888,0179
883,4454
887,8494
886,5012
884,1112
884,6586
887,8838
885,9626
887,0772
885,8936
885,5634
886,5153
884,5281
886,5198
888,7491
886,9983
888,0317
887,7280
885,0222
884,1491
885,5632
888,8644
884,7082
883,6196
889,4371
883,9751
890,2389
889,5101
885,0516
885,7424
885,4325
883,5078
886,5243
885,7899
886,3194
884,4742
886,4640
884,4756
885,4705
887,2583
884,5827
884,6133
883,5214
886,9494
888,5612
885,0436
887,5790
885,1313
888,3844
882,9971
884,7947
884,7229
885,5037
884,0350
886,6065
886,9692
884,3041
883,7756
884,5046
886,5638
886,6308
885,1123
885,6760
887,5133
886,9269
885,1375
886,1052
888,6838
885,2282
885,2377
882,8375
885,7028
890,1696
886,9209
886,9808
885,7651
886,1739
885,1568
886,1047
886,0445
885,2654
885,3706
881,7837
885,4853
881,5273
882,4835
887,4041
883,9442
884,6158
888,7476
888,2055
885,0065
888,3818
884,4269
887,4115
883,2442
887,1847
887,1939
885,7915
888,0906
887,9251
883,4822
881,1754
885,2193
884,7811
885,4336
884,1696
885,9545
887,3594
886,8567
885,9358
886,6103
886,9549
886,3642
885,0547
882,4403
888,9900
887,7797
886,0100
886,1669
881,3893
886,5515
884,5931
888,0557
887,3209
883,7227
887,9657
886,0614
888,1116
886,6278
884,7130
885,6093
886,0775
888,0027
885,7294
887,6043
886,9359
885,8849
884,5657
887,0578
883,7952
883,1782
886,4632
885,8684
883,8589
886,2972
886,1280
884,6064
884,9728
887,0208
883,7785
885,7625
887,4881
886,6186
883,0441
885,3738
886,9530
885,6464
886,3533
887,3258
885,6054
888,5708
885,5968
886,8197
888,7482
883,2755
885,8517
885,5573
887,7897
883,8595
886,4822
883,1409
885,0644
890,4773
886,0136
887,0232
886,2971
884,9674
886,1332
887,9483
885,1450
883,8265
888,1398
886,6166
885,7152
882,6644
882,1965
886,2541
884,8446
888,5045
883,2516
885,1765
885,0688
885,9758
886,8674
887,4734
885,3987
885,7586
884,5046
886,9573
886,0102
887,9080
887,5779
883,2231
887,1488
883,7952
882,8163
883,9116
885,3727
881,6103
883,1785
884,8097
884,1746
885,2508
883,3401
882,8696
886,1715
885,0004
886,8556
881,7690
886,7379
883,8679
884,1745
885,1701
887,4607
885,3936
885,5484
884,2227
886,2066
887,3945
884,3638
884,0878
885,1571
886,9054
886,0755
883,8609
884,5720
886,3379
885,6970
885,8445
889,7974
884,9748
885,0978
887,0080
887,6074
885,8510
886,5683
885,7327
885,7484
886,2745
882,5472
887,5746
886,6782
883,9385
887,5194
885,9158
884,2207
887,4504
884,7734
885,6370
885,3125
886,8422
885,1050
886,5510
885,2321
886,0553
886,6108
885,9890
888,0830
886,3870
887,8270
885,4554
888,1957
883,4406
882,8305
885,1641
886,3429
886,1378
883,0051
886,6758
889,0021
883,2924
885,3024
887,8907
882,6489
885,5358
887,6657
881,7570
885,2240
886,1685
883,1615
885,2766
887,4960
883,6795
882,2540
886,1752
888,7203
884,4076
889,1451
884,8226
885,3962
886,5086
885,6541
888,0744
884,8040
884,3001
887,5299
886,4884
887,2029
886,2114
885,2549
884,5430
883,8587
885,0201
887,2222
886,2928
886,2966
881,2891
885,7069
887,5451
886,2486
887,9477
884,6995
884,0317
886,3570
886,3334
883,1963
887,5344
886,8204
889,2535
887,0956
886,2496
887,2206
882,8409
881,6412
887,4053
884,4066
886,3760
885,7168
888,8483
889,7749
888,2904
884,6826
886,7067
885,6736
885,5351
888,6337
886,6890
888,8827
886,1947
887,8679
886,2940
884,8629
887,5762
886,3222
885,1385
884,8538
885,1431
884,1583
885,0990
887,0792
887,9993
890,1507
887,5558
885,9333
886,1004
887,3388
887,4856
889,9630
886,4596
884,3804
885,6965
883,8494
883,3470
884,7606
888,6221
884,0027
887,5429
887,4328
886,3240
886,4263
885,5050
888,9473
884,9353
882,7421
884,9338
885,1247
888,1868
886,4653
890,3554
885,8726
883,3973
884,3897
889,6757
888,1905
885,3603
884,8710
888,1832
885,7699
886,4572
887,2967
887,4585
884,8375
887,2111
883,0037
885,5010
884,1583
885,1110
884,1317
885,8074
886,2480
886,9776
886,8876
884,5017
887,2306
886,2119
888,5384
885,6531
884,3921
887,4376
885,6068
885,4216
887,5075
885,9830
884,9859
888,6582
887,1550
884,7602
885,8647
886,2300
884,8703
886,3237
886,3064
884,5009
885,8087
887,1951
885,4477
885,3782
885,9704
885,7288
884,1367
887,1196
885,2807
886,1617
885,5387
885,5454
889,9336
883,7437
885,4235
887,2550
885,4202
883,8674
885,3638
885,8073
886,1804
887,6498
885,1547
884,9991
889,1278
880,5380
882,9039
887,3352
886,4594
886,5726
883,5806
885,1855
884,1922
886,2358
880,7726
886,0894
885,5159
887,2729
884,3485
886,2035
884,7496
887,0828
884,8766
887,4431
885,7955
886,7080
886,6473
887,0884
886,5121
884,9633
886,7185
886,1753
885,3807
887,6555
889,4898
885,5040
885,7872
884,1087
885,9680
886,2043
886,9746
886,0119
883,9159
883,5377
886,0640
884,0140
886,6117
883,3930
883,8096
886,6117
884,0699
886,7179
886,0768
884,4088
885,8248
888,4079
883,2491
887,0519
887,2183
885,1123
885,6200
885,5272
886,9561
886,9005
881,8021
886,1467
886,1091
887,0162
886,2978
885,4000
890,1652
888,1774
882,7594
885,9531
886,9107
888,1581
883,8001
888,0725
884,7251
885,3873
886,9146
886,0367
887,5310
885,8297
886,1289
883,8158
884,2057
884,6200
886,8516
887,3352
884,5296
888,8098
885,1829
886,7711
882,8460
884,7927
886,2010
887,2037
885,5275
886,1070
885,2399
885,9659
884,0377
888,1311
884,5640
885,7943
886,2734
882,8797
885,1501
881,6976
885,4148
887,7053
884,4551
887,5797
888,1577
886,2711
883,4180
885,5771
885,0067
888,6875
884,8392
886,7054
883,3637
886,1355
888,3820
884,8729
886,5161
884,8936
886,0025
885,9894
885,7003
886,2130
884,6539
885,9433
886,3059
884,6578
885,5147
887,2584
883,8084
884,8748
886,7989
887,6251
884,2806
886,2740
886,6925
887,1777
883,8739
884,2037
881,3015
884,3987
887,9663
883,1599
886,8222
886,8589
883,3224
884,9064
882,8489
884,6199
885,6831
888,2786
883,6100
883,8348
884,0685
887,4885
884,6671
884,4558
887,3330
889,7930
885,2936
883,2887
887,0129
885,1042
887,1453
889,3405
881,5090
887,0237
886,7142
883,1218
886,1716
888,8579
884,2016
888,1746
886,5227
887,1824
884,3054
887,4080
887,0039
884,2970
886,8738
886,4353
887,3015
884,9030
889,6530
887,3341
885,1181
884,4399
882,7884
889,0664
885,9752
885,9308
886,7729
880,8438
883,3591
884,8451
886,2555
883,8251
886,3558
882,5758
884,5033
887,3701
885,7997
885,6788
884,1418
884,6127
889,0408
882,9187
887,7491
882,9848
883,5442
888,4948
884,9572
885,3019
887,8067
883,6016
886,9866
886,6572
884,4879
887,3238
885,3264
886,0603
887,1260
888,8864
887,9987
885,1949
887,0992
882,9633
886,0863
883,9730
887,0203
885,6950
886,5841
888,7076
884,1839
886,7043
882,8366
886,0984
884,6451
885,4499
885,4725
882,9761
886,8558
886,1153
883,1073
884,7308
885,5005
883,9464
886,1664
886,7896
886,6065
885,4336
880,8173
885,2769
887,9285
887,1683
886,9907
885,4531
887,4646
886,7949
888,7770
886,7460
886,8206
888,8243
884,0136
888,0156
887,6407
884,8172
887,4443
884,3900
884,9118
886,2488
887,4348
886,0183
888,4497
886,7743
885,1793
885,9515
885,7280
886,3609
884,7787
884,4776
884,6521
884,9837
886,0126
888,2400
885,8079
887,5451
880,7436
887,6921
887,9722
884,9809
887,7257
884,7515
884,5873
890,4963
882,5385
885,7053
883,5373
886,4225
883,1218
884,0420
886,0853
885,4414
885,2904
886,9664
886,8211
886,1148
886,7998
887,9056
884,2934
888,7274
885,1271
883,8247
886,8463
887,0091
884,0502
887,3680
885,8744
886,7109
886,1861
886,5781
884,6524
889,9234
882,6261
886,3484
884,6170
886,2003
887,7072
885,7394
884,6124
887,7290
887,5715
883,4124
885,7458
887,2477
886,9106
886,9570
890,4528
883,6789
887,7591
886,6212
887,0451
886,5037
884,8422
886,8160
885,0389
885,4566
885,2608
885,3742
883,3500
886,2186
886,0790
885,4136
888,0440
886,2503
883,1961
883,7162
883,7381
886,0213
888,1681
885,0631
886,4626
885,7839
883,1723
887,9746
885,1953
886,9521
885,0184
885,8523
886,2207
884,1435
888,1405
887,7864
884,6718
889,3054
885,0968
885,0290
886,8202
888,7936
884,8173
885,6238
886,6157
885,9984
886,0338
884,0748
884,7075
887,5282
885,3127
886,3208
885,0508
884,0563
886,9351
886,8516
884,1955
886,2573
884,0638
885,0124
882,9118
888,0199
883,5206
885,0517
885,0210
884,7121
884,4181
886,8826
886,2680
885,3738
883,4985
886,0075
887,0164
887,7667
885,5811
885,6944
884,1172
885,8794
887,3220
886,8284
886,0531
886,1290
884,2170
887,4148
887,3314
884,2833
885,7702
882,4647
885,2996
886,2795
883,8509
889,3262
883,3005
886,9223
888,1417
888,9198
883,7174
885,3796
886,4764
888,8149
890,5548
886,7514
886,9586
883,1893
888,4645
887,3919
883,8754
888,5806
887,5863
885,7446
881,4905
884,7203
885,0470
884,7199
888,0889
883,1171
888,1346
886,3492
885,3272
886,5938
886,1428
885,9641
884,8887
889,6031
885,4668
883,0619
887,7895
881,6920
886,5177
885,0588
888,9741
885,5363
886,1161
887,0132
887,1045
889,4909
882,8801
883,4325
886,4272
885,3747
887,1312
884,9971
883,3780
885,9570
887,2658
888,4497
886,4903
887,6258
888,5985
886,8834
886,9720
884,4359
885,8781
887,5007
885,9151
886,4380
886,2893
885,9234
889,5605
887,3210
888,0933
883,9504
886,4066
884,9653
888,2658
885,8402
887,2465
884,8164
884,5573
885,7430
884,6971
885,8503
885,9208
885,9331
884,3580
887,2332
882,4929
884,4216
888,7296
887,6406
885,1241
885,7506
888,1864
885,6625
885,0283
884,6559
885,5046
884,3555
884,9079
888,6213
885,4963
890,1371
884,2013
884,7704
886,7809
887,1197
887,6569
888,2335
888,1950
885,6381
882,7544
886,4007
888,6487
882,0174
886,5064
885,9181
885,0410
883,5289
887,4364
886,6781
886,6547
887,3951
888,3190
886,5424
888,2528
887,7670
885,6575
884,4555
887,2591
886,4403
887,3588
883,5983
889,5349
887,2697
886,0715
887,7191
887,3847
886,9177
885,8567
884,5138
886,0196
887,8213
886,1805
883,8923
884,6054
885,7186
884,6066
886,3602
886,5864
885,7835
888,3967
886,8649
884,4226
887,2308
889,2245
886,6794
885,5750
883,8607
886,8830
885,5614
885,9116
887,2984
885,7379
886,1108
886,8245
886,0551
885,7799
884,1423
887,4486
888,5568
889,5508
887,8603
886,9595
886,4980
882,7192
888,2083
886,2990
886,4594
885,9480
883,9362
882,8191
889,0362
887,4657
885,9076
886,1184
883,8504
887,7007
885,5023
885,0447
887,6708
885,1272
885,4702
887,0297
885,2521
880,5304
885,2079
884,1198
889,5998
886,1055
886,4220
885,0285
887,5730
887,9406
886,9775
888,9882
885,6992
881,7069
885,6330
889,3235
887,8498
888,4692
882,9197
884,5554
885,0267
886,3789
886,5751
886,4420
885,4586
886,2964
888,0575
885,3069
887,6539
889,1681
887,9480
884,5130
886,2836
886,2841
885,8301
885,5177
882,6131
883,4162
886,9763
884,7506
886,9777
885,1863
887,6943
885,7440
887,5312
885,4286
887,5618
888,5572
885,4291
887,1289
888,8151
886,6195
884,5306
884,4627
885,5912
885,3491
884,2603
887,5016
887,8893
888,6318
887,2593
884,2523
888,4102
884,4629
887,6205
886,2667
886,3343
886,4294
886,8307
885,6179
885,1530
883,2178
885,1346
886,2502
888,6457
886,1297
884,5979
887,9545
882,5125
889,1105
888,5850
886,6448
885,9900
888,9028
886,5007
884,8059
886,3477
882,0246
887,4859
889,0856
884,0711
884,2755
886,5531
886,1651
883,9988
885,8986
887,1583
887,4168
885,1202
885,1064
885,9768
887,3724
884,2066
888,0767
883,0412
886,9699
885,9025
885,1810
885,2486
888,2236
890,2055
886,3738
885,9150
886,4709
886,1139
885,4736
887,4781
884,0342
883,3262
888,7861
883,6036
884,2477
887,6524
885,8375
884,3180
887,4523
885,4100
884,9078
888,0504
884,5280
885,1327
888,2780
885,0925
885,5558
888,4915
886,8711
885,5140
887,3538
888,0503
883,4204
887,5326
881,5316
886,5731
887,3541
881,4538
885,3052
887,3684
886,8781
884,1580
887,3278
886,2288
886,0318
887,3866
884,2738
886,2094
885,1990
883,7041
886,6759
886,3532
886,8173
886,4985
886,2414
883,6261
884,9143
883,2596
887,4840
886,0032
885,5826
885,0055
888,3555
886,6532
885,6092
887,4919
881,2066
885,9728
885,1090
885,3776
885,5596
884,3342
884,0863
886,8828
885,9450
884,3455
888,3628
884,2833
884,7854
884,2595
887,4336
885,8795
885,0338
884,2989
886,6455
884,7105
884,2477
884,4825
887,2720
886,7592
883,7702
885,6310
885,1580
889,5210
881,4895
886,7230
885,1363
883,3121
884,6126
884,6277
886,1913
884,7784
888,4196
890,8903
882,1583
887,0131
885,2205
883,8869
888,2472
883,8721
886,6765
888,9976
884,2192
883,9513
887,8927
884,0139
888,3527
884,6938
887,5383
884,7506
887,9472
884,8638
883,7370
888,5730
884,4641
887,4090
884,5709
882,3717
886,0568
885,3495
887,1980
886,9243
886,3011
883,8833
886,7202
883,1708
884,4048
885,1485
888,3042
882,9949
885,0238
886,3965
880,2576
885,9872
882,8915
884,0016
885,6599
888,4924
883,5025
886,4002
884,2579
885,7839
888,3186
886,0244
886,7823
888,4236
884,6470
889,0996
883,5359
883,4745
885,0800
888,0856
885,7753
884,2767
886,8703
886,5942
884,9095
886,0207
887,2720
885,5388
890,9954
884,2426
885,9344
885,6562
886,5483
888,9363
884,4997
890,3395
885,9135
884,7777
884,5091
884,0494
886,5179
885,7900
885,4905
887,3959
886,0384
882,6352
886,1718
885,3716
885,4920
885,0503
888,3823
884,3858
887,0209
885,7124
884,0371
889,2473
885,2356
887,1093
887,9512
884,8551
888,1049
884,4002
886,6461
888,7714
889,5889
882,3447
886,7859
887,2855
883,2404
884,0955
886,2101
887,5141
885,7883
885,2938
888,0197
882,9751
887,1267
884,3501
887,2213
884,0937
890,1745
881,1684
886,0029
884,5780
885,7695
885,5282
888,8262
883,9590
886,1076
885,2581
886,9832
885,1031
888,4814
881,6019
883,8317
886,1151
888,0883
889,9998
883,1731
885,3450
883,3048
887,6184
887,0394
889,4189
886,2110
887,7688
886,8529
886,5105
888,6823
884,8998
886,7766
885,1397
885,1815
885,8660
886,9338
883,0874
887,5387
886,0451
887,3253
886,8201
885,2074
887,7183
887,3173
886,1973
886,4504
886,7594
888,1617
886,6437
885,4193
887,4480
885,1522
882,0962
885,3981
883,2871
886,5942
883,8446
888,6440
885,1792
884,6726
884,4321
885,8533
885,9372
884,0552
884,0496
885,0962
889,0990
883,7471
883,6506
885,5383
884,4503
889,5111
885,8398
885,0482
885,2956
887,4320
890,1044
886,6268
883,1899
889,9107
884,2798
890,2794
883,2947
885,8481
885,2639
884,4117
887,0750
885,7331
886,2109
889,7349
885,0362
885,5494
887,1357
887,1665
884,7073
886,0387
888,2902
884,2849
888,4249
885,3714
883,2256
884,5489
887,5238
883,1349
885,3206
887,3748
886,0331
888,9214
886,5139
882,8545
887,4419
885,6215
883,6655
887,7144
888,2703
884,5012
884,5997
887,2162
884,4986
885,9917
886,0845
886,3517
887,6213
884,8046
885,5121
884,1814
886,3871
884,2502
886,4289
884,5085
883,5295
884,3996
886,3798
884,9542
885,7569
889,8292
888,1277
884,0451
886,3047
886,2397
886,5030
887,9558
889,1828
886,9148
886,2774
884,9908
884,9742
888,1563
891,7460
886,2529
887,0625
885,5131
887,4350
884,5560
888,8497
883,2738
885,5895
884,6789
881,8884
886,1574
884,5824
884,3295
884,1287
886,9900
887,8044
888,1863
886,5128
886,6045
887,7197
885,8460
888,9192
886,3946
883,7956
888,6179
885,0949
886,3799
889,3384
886,4188
886,8955
888,5254
885,8658
885,5400
886,4050
885,9773
885,6189
887,4822
888,1955
882,9733
888,0824
884,7943
888,0336
887,0911
884,7446
885,5891
887,0780
883,8034
885,8594
883,5504
887,9751
884,9690
886,6613
887,1156
887,8859
886,2173
885,9383
883,6315
887,3767
890,2776
887,7574
888,1452
887,7963
885,0387
884,5978
887,1353
887,3413
885,5336
886,9485
886,5214
884,1559
886,8717
886,9851
889,2739
887,5217
887,7610
886,8181
885,5010
883,1813
886,2371
887,3645
883,9722
886,6140
889,1057
884,6766
887,0705
885,0296
887,7297
885,3007
883,1650
888,2279
884,9548
884,8980
885,6022
884,8585
885,9839
886,9210
886,8974
887,4807
884,5037
886,4332
885,5676
887,3488
885,2290
886,5231
886,6120
885,1786
884,6549
883,4585
886,9921
886,0106
887,0532
882,2392
888,3208
886,4616
886,7199
885,5967
887,3323
886,3626
885,6202
885,8922
887,4685
886,3954
884,9281
884,2445
886,9770
883,0411
883,0783
882,1845
887,9839
886,8040
887,5074
884,2780
884,5876
885,4860
887,5610
884,5496
885,0971
887,7382
882,8031
886,9776
883,8287
884,8755
884,3660
888,3014
887,2125
888,0415
889,0647
887,3612
884,7667
888,9970
888,1838
887,6995
887,6218
886,9815
887,4757
885,2878
884,0628
888,3238
889,4592
885,5513
888,8711
887,3344
888,2132
884,2294
887,7214
886,4740
887,5025
887,0231
884,6869
886,5405
880,1615
889,2735
886,4290
884,1139
885,8740
882,8940
883,5985
888,0653
885,0789
884,8968
885,3204
884,4706
888,5094
885,5497
885,7882
886,0775
886,9641
887,0621
887,4069
885,0297
888,6277
887,1431
886,0607
883,3438
886,8889
888,0613
887,5657
886,2978
884,5329
891,4528
889,1705
883,2636
886,8478
885,9610
890,1487
884,4628
887,6007
887,2068
888,7696
884,7720
884,6656
887,8595
887,5600
884,9260
882,4394
885,1975
886,6282
886,8539
886,0456
887,5749
889,4578
886,8830
887,6246
887,8605
885,1174
884,7216
886,8228
887,0352
886,0903
887,8633
883,4758
886,5081
883,9918
888,0897
887,0111
887,6455
883,8795
882,1722
886,6470
887,9794
883,7132
881,9857
888,2344
887,3865
885,9516
882,7698
886,1712
884,8576
885,6739
885,3062
885,8379
884,0174
886,5582
886,5646
885,9869
887,7459
883,2488
885,2640
883,8519
882,8353
885,5646
885,7007
886,0506
889,8846
885,2848
887,7190
887,4688
888,7754
885,4678
887,5215
881,2697
888,7001
890,6771
886,0446
884,3541
882,4781
887,1914
885,2823
883,8749
883,6546
887,2721
889,5158
887,7762
884,2555
885,5410
887,2272
883,6746
882,7274
888,6931
884,6745
886,1067
884,2930
884,8310
886,3745
887,3084
885,0285
883,3883
887,0756
886,9270
887,2716
885,6299
882,5605
884,9970
888,8423
882,8468
886,3206
888,3487
888,6292
888,6650
886,1598
886,8883
882,9116
882,6279
888,3352
884,8086
885,2799
889,1251
885,6074
884,9219
887,8827
887,5662
887,0213
885,3145
884,3343
885,8393
884,0382
886,0895
887,2002
884,7219
885,5100
885,2083
884,3852
886,2292
882,4061
884,4557
885,7613
884,8969
888,1138
884,3731
886,4674
886,3187
889,4056
885,0932
885,1864
886,1829
885,9086
886,7081
885,9198
887,6147
884,7952
885,8510
886,0495
884,5940
882,9708
883,9854
886,0343
886,5471
882,6673
886,0885
887,8433
883,6724
885,3433
885,8991
888,7292
886,6124
886,9093
886,1463
885,2259
884,1465
885,4327
884,3386
883,3934
887,9553
886,1348
887,5566
884,0825
885,5061
881,8467
884,9373
887,0146
885,8674
886,2339
884,8101
884,0632
885,5231
886,6476
887,9207
885,1587
887,1332
883,6697
885,6764
885,8496
883,4343
885,9051
886,4605
886,3914
885,8083
883,9255
885,1918
884,7955
886,8123
885,0451
887,4443
885,7558
885,6049
884,6907
886,8677
887,3273
887,4211
887,0682
884,8373
886,2561
887,5636
886,5966
884,2987
885,7013
886,1249
886,8607
882,8935
884,3801
886,7917
884,4923
885,3191
886,2769
885,2717
885,4843
886,2086
889,3049
883,8521
885,4045
886,3276
885,3331
887,7614
890,2339
886,9901
885,5659
883,3054
886,4620
884,3644
886,0286
883,3946
884,9273
887,7051
887,2686
885,1037
887,4945
884,6947
886,5296
884,0556
885,8586
885,2885
884,9371
884,3257
886,2461
885,3370
887,9289
883,9757
885,1648
889,7900
885,1487
886,3868
887,9428
888,5043
886,4651
887,2129
889,2102
888,4568
887,3828
882,8936
884,0994
887,7681
888,5891
885,9080
888,7753
885,7843
883,5025
886,2384
884,2325
886,9321
882,9531
885,8766
886,9022
884,2119
886,5520
885,9892
886,7994
886,5120
885,6787
889,2217
886,5774
887,7198
885,7106
887,4845
889,8018
890,1070
887,5785
887,2145
885,6047
885,1400
885,3638
884,1638
884,9152
887,2012
884,7054
885,4099
885,0762
884,5470
885,0209
886,1721
886,9203
885,4832
887,2366
885,6467
887,0767
887,7233
886,0190
887,7874
883,9930
888,1494
885,4943
888,3056
887,2714
885,9328
885,9233
888,0699
885,7651
885,2054
886,6799
886,9185
885,9856
886,1121
885,0224
886,5976
884,3733
886,1521
886,8454
885,6302
887,6843
885,3935
886,2200
883,6418
888,5808
884,5161
886,0231
886,9780
885,3915
883,4483
884,8674
884,9468
885,1575
884,0104
889,7099
882,4542
886,1581
884,8626
884,2136
883,8101
885,1295
887,0293
881,8088
886,4528
885,4543
883,5178
886,2620
885,5570
884,3186
884,4381
887,0692
886,2179
883,7142
886,4987
887,9299
886,0768
886,3726
886,5511
884,7982
887,1512
885,5682
887,2528
886,8582
884,2408
887,8433
888,2335
886,5821
885,6430
886,0693
887,6437
886,8027
886,3206
882,5453
885,9159
887,0952
889,6376
884,9939
888,0934
887,6044
884,5824
886,4953
884,5609
884,5297
888,7007
886,1249
885,2321
886,5957
887,8233
886,0192
886,2765
885,2751
887,1628
886,1557
883,8162
886,3945
887,1969
886,0108
884,8869
885,9914
886,8784
886,0277
882,2458
883,8776
885,8405
885,7757
884,3328
884,5125
884,6794
883,4950
885,1327
883,5137
883,8994
885,1769
884,7011
889,7522
886,7039
887,3362
884,8117
885,0470
887,2170
886,2049
884,1959
886,8241
883,8365
883,1541
886,4666
888,1696
883,1345
887,0687
883,8406
887,8037
884,1558
885,8275
884,6741
884,9386
885,3906
883,1851
887,0561
885,3817
886,8070
887,1205
886,3530
883,4473
888,4024
887,8090
885,9757
886,7830
885,0187
887,6546
886,6108
888,7061
886,1788
885,4124
888,7256
885,3925
887,8431
885,8964
885,5328
888,3664
886,3956
884,5609
885,9641
884,3973
887,7191
887,0179
887,5562
885,4746
883,1295
883,4081
887,5198
888,4390
885,0217
889,0171
882,2151
885,5492
886,8182
886,4689
887,7494
884,0504
884,7667
887,1608
884,9799
883,4715
887,2186
883,9967
885,4577
885,2889
887,3076
882,7910
885,6605
892,5139
886,5482
887,0608
884,4648
885,1190
886,8562
885,6237
888,1006
886,0379
892,8319
885,4958
886,4285
889,9058
886,6561
883,9199
886,2243
886,4420
888,1441
886,1041
888,0416
885,1349
885,4619
888,5020
883,6623
883,5335
891,1829
885,0978
885,5341
885,0441
885,7532
885,1633
887,4098
886,8388
884,8289
885,6451
886,1043
885,1973
886,1598
885,9997
886,7611
886,7603
885,0018
884,9152
885,9700
886,4049
882,7369
886,5088
884,3754
888,6635
888,5549
886,8645
884,5058
886,5950
887,9992
888,4733
887,8299
886,8266
890,3466
883,3238
888,3813
884,9732
883,3071
886,3719
886,1620
887,7094
889,8193
884,5021
885,3024
883,3372
888,5678
883,9203
884,2458
886,3448
886,2900
885,9512
887,6583
884,1025
885,7162
887,8236
886,9766
886,8335
884,5521
884,2766
884,5686
886,5677
886,6736
884,6556
887,1789
886,9403
888,3962
884,4927
885,9857
884,7488
885,2803
885,9054
883,9909
885,5221
883,8663
886,9998
882,8358
887,7812
885,5120
884,8947
883,5269
885,8170
885,4398
884,5254
886,6882
884,0987
886,6882
885,9393
887,9639
886,9992
887,0745
885,4288
886,2271
886,7239
885,6414
885,9047
885,5866
886,5733
886,5096
886,8893
885,9052
889,9231
886,6180
886,2286
886,5133
887,0092
881,1237
888,2852
888,7074
886,6976
884,8455
887,4717
885,5293
890,7491
887,5563
888,5539
882,9525
885,7971
883,7712
884,2027
888,5831
884,8437
888,5048
886,6940
888,3498
887,9790
887,6638
882,6322
888,0894
885,2026
885,7056
887,9825
887,7525
884,5219
886,0832
885,3531
888,2014
887,8270
888,7939
884,9072
888,2445
885,9538
885,8247
890,1177
883,9335
885,7051
886,5770
884,9066
885,6982
887,4640
884,1427
887,1112
883,9743
884,5302
885,2126
888,2402
885,0552
886,1271
886,9343
884,2784
884,0087
883,7324
886,1123
888,4343
884,7004
885,7594
885,0400
885,4770
886,6056
888,7187
882,0206
884,2408
885,5316
887,6717
882,4238
887,3887
886,3939
885,3299
884,7390
887,4430
886,3180
885,2793
885,9794
885,1650
886,7277
886,1058
884,1573
884,3752
885,6120
884,8130
883,4246
883,1446
887,9786
887,9298
885,8625
887,5445
885,0399
888,4775
886,1733
886,1434
887,7117
886,0082
886,4983
883,0819
887,2214
882,9456
887,8820
888,6375
885,6686
888,9161
885,2528
884,6982
885,2786
887,0842
885,1156
885,1140
885,0650
889,0112
887,0061
889,2839
884,6471
887,2420
883,1835
883,0666
886,6636
886,2250
884,5451
885,2204
885,7266
885,3213
885,5131
888,2143
886,4692
887,7782
886,9226
886,4539
886,8993
886,8779
887,7689
887,2276
886,8375
888,2233
883,7960
883,9130
886,4234
884,7908
886,5002
884,2655
885,4465
885,1927
884,7978
885,0350
881,8368
887,0335
888,6314
885,0511
888,9639
888,5652
889,6904
886,7524
886,3273
885,6698
885,8395
888,8308
884,8780
884,4715
887,3569
886,9273
883,0188
885,5247
884,5551
884,7600
886,9971
888,3329
891,6114
884,4136
889,6252
882,5880
888,2542
889,1791
885,1097
884,7390
886,9460
886,4148
885,9363
887,7485
886,3465
887,8191
881,5020
884,2839
887,5624
885,5926
887,4462
885,3049
886,9292
886,5795
885,6720
884,8754
889,5144
886,0048
887,6128
887,8286
884,8154
886,1906
887,8889
885,3197
885,6155
885,0115
883,2413
885,4718
886,8590
884,0755
885,2848
885,6339
886,5130
885,4193
884,7193
885,9808
886,7486
886,9399
884,4786
886,5824
886,7512
884,2465
889,4441
888,3983
884,4546
885,4998
883,8979
886,8189
884,7666
890,1412
885,1818
888,1235
884,9451
884,7251
886,2912
886,5848
885,3703
889,6616
884,5324
883,9324
886,9568
885,3241
885,3949
884,3345
886,9519
884,2340
884,1234
883,3977
885,9891
885,6898
885,3056
887,0230
883,3472
885,3081
885,2120
888,5961
886,3010
883,4748
884,8557
883,7091
892,6153
886,7531
888,2405
887,3409
888,5770
884,1271
889,3049
889,3954
884,1826
885,4591
886,7523
886,9300
889,2419
884,2761
885,6910
884,7745
883,7225
886,1852
884,6387
887,9256
880,9199
886,0948
883,5903
886,1105
887,6686
889,9542
885,6992
885,4351
882,8631
885,2842
886,3009
885,1092
890,1771
884,3766
886,1365
885,7571
886,7362
888,6034
884,6754
888,3781
884,4114
886,4741
887,8959
888,2492
887,1228
884,0160
883,7385
885,5396
885,4910
887,5940
884,5692
888,5692
886,1117
885,5926
888,2944
886,4290
883,0292
886,3666
885,3963
888,4010
884,7243
884,4038
886,7585
883,1673
886,3476
885,6086
884,2354
886,7706
883,7949
885,3084
881,7706
891,3579
885,1519
885,0661
886,5654
885,2907
887,8428
887,3757
887,4328
881,7807
888,7361
886,6693
886,6442
883,6584
887,3844
885,1387
886,3994
885,8521
888,4180
883,4763
884,1757
886,5713
886,8375
886,0220
884,5506
886,9289
883,4866
886,8148
883,1519
885,6542
886,0344
882,2139
887,6855
884,8489
883,4884
887,6717
885,1209
886,1956
889,2588
888,6317
884,6286
886,8119
887,0380
888,2307
883,1106
884,8350
886,1296
887,7082
884,9293
883,0830
885,9586
884,8984
888,4836
882,6709
886,1093
884,3500
884,3885
887,7563
885,8643
883,3052
884,5972
887,1774
885,3471
888,2339
886,5854
887,9237
887,6306
887,5971
886,2558
885,9912
888,7818
886,3238
887,2562
884,0345
885,2540
883,6422
886,6105
886,7470
887,5507
885,5813
885,7917
887,6010
889,3514
890,1473
881,9825
885,8011
884,6468
884,2632
883,6817
884,3366
883,6570
885,5900
886,4649
882,8615
885,5498
888,7031
885,0223
886,3021
886,5254
884,9263
885,6325
887,9179
889,1089
883,0873
887,9926
887,1075
886,6317
889,0057
886,2906
887,1222
881,4894
885,4122
884,9282
885,2651
886,2491
886,9424
884,4065
886,4962
885,6314
888,1198
883,3211
886,5332
884,3612
883,0884
886,2244
882,0746
884,3077
883,8003
886,0113
885,5451
885,0466
884,9951
886,0001
881,6179
885,4782
887,7175
885,8426
885,4101
886,5618
887,0449
883,2459
885,8228
886,7274
887,1896
881,2294
888,4563
890,0709
888,2061
887,4624
883,2813
887,3383
887,0380
882,0837
887,0626
882,6200
888,7461
884,5211
885,0463
884,7300
885,8699
886,2968
887,2759
887,0401
884,2778
885,2291
887,1235
888,7769
885,8102
883,5881
884,3208
890,7172
886,5345
885,3488
884,7703
886,3016
885,4510
884,9642
886,6855
885,2789
891,4570
885,0503
887,0501
886,2390
881,8132
888,6949
883,7907
886,5762
886,7815
883,4526
888,9177
884,6926
886,5594
885,0738
884,7527
887,9542
884,0393
889,5706
887,1832
884,9979
886,3648
885,8982
888,3347
882,9155
886,8609
883,7834
885,2593
885,1742
888,1494
889,4667
888,8973
887,1191
884,1787
887,2435
889,3916
884,5886
888,7836
889,9167
889,2887
883,6943
887,5833
884,4214
886,7115
884,8057
886,5807
885,7748
885,9510
884,5416
887,0383
888,5336
888,3014
885,0321
884,8781
884,0034
883,2375
886,1724
887,6118
885,3636
885,2886
887,5185
887,3206
887,1558
886,4219
883,9998
888,8028
886,5523
885,1825
889,6627
887,2755
887,3701
887,2198
887,6770
884,4405
888,3107
882,9676
881,6618
885,8812
887,9107
890,2173
883,4279
888,3050
886,0258
887,6033
887,3705
886,2378
885,3940
886,5300
885,3354
884,9271
887,6942
886,8436
884,2024
886,8900
885,7889
883,1207
883,2147
885,2811
888,6491
886,5026
886,1476
883,9574
885,7132
883,7257
881,8064
886,3875
888,0394
887,5444
886,9737
885,6717
887,9313
886,6592
887,1468
884,3347
884,8301
888,0778
888,3638
885,4361
885,5177
884,4237
884,9374
885,4685
885,5917
885,7272
885,9363
885,3612
883,7827
886,3873
885,8768
883,0979
885,1635
888,4807
885,6341
888,4065
887,9509
887,1550
885,4119
883,5494
886,2070
886,9559
884,5691
887,8239
885,8433
884,4259
885,5759
882,9150
887,2295
886,9422
884,4453
886,1245
881,6327
888,6275
886,8319
884,4055
889,2789
884,6848
887,5778
882,9210
886,2044
888,3309
889,4476
888,1306
885,3726
887,4733
883,0865
884,9304
885,4961
886,9377
885,5137
887,4025
885,4990
887,8668
884,2888
886,4338
889,5073
883,0359
888,3899
886,1028
887,1627
889,0159
885,9878
886,7940
884,0500
881,4773
883,3461
886,1131
888,7108
886,4984
886,0537
890,1696
885,0619
884,7194
884,9109
884,2993
886,0717
889,6274
888,9286
885,6118
886,7863
887,1611
884,8572
886,7278
889,9447
883,6911
884,3414
885,6591
887,8907
885,1563
887,3176
888,5136
882,8986
884,5924
887,1354
887,0268
887,6630
890,3824
882,8375
885,6769
887,9372
884,8154
885,3293
884,4360
887,5810
881,5607
883,6384
884,8003
882,7643
887,6872
886,8788
886,9521
885,7333
884,4416
887,8535
886,3243
886,0696
887,8005
883,5712
882,5319
884,4003
883,9689
885,4679
887,8717
883,4773
884,8601
885,9513
889,0357
886,9838
890,1139
884,7223
886,4406
888,1239
885,0882
884,1459
883,7192
888,1799
885,4612
886,1223
885,8755
883,8489
886,1816
885,2017
886,8340
886,6172
886,1022
887,0426
885,2082
887,0551
883,7714
886,9503
884,0094
884,6326
885,3445
883,9342
887,6955
888,8254
883,5103
887,7102
889,5536
883,7421
888,0428
883,8560
884,5987
885,2032
887,4081
887,5380
885,6367
892,0820
883,5280
886,7677
886,8489
881,8069
886,8790
884,2215
886,4887
884,7084
886,9321
886,4339
886,7418
885,4114
886,9689
888,9194
889,3738
884,6425
885,2564
883,8319
886,8564
883,4607
886,4065
886,6040
884,2782
885,1651
885,3895
886,7829
885,2393
884,4754
885,8893
885,4215
888,1849
884,9922
885,1908
887,2141
885,8634
885,4733
889,6168
885,9407
883,8148
885,0740
883,5213
886,2250
885,6397
885,9672
885,2576
890,5479
885,8928
890,2034
885,4317
885,5249
882,1867
887,0148
884,7625
884,8208
883,5928
886,6804
886,0160
884,9318
887,5580
888,1896
885,0858
885,7467
887,7226
888,0180
884,6342
887,4744
887,0968
883,3655
885,6032
884,8116
885,0263
884,1820
887,1590
883,5878
885,8498
884,2549
886,3607
884,2985
882,6131
884,0466
884,4632
885,1604
884,1687
883,0273
888,2844
887,9667
886,2707
887,0105
886,9421
889,0074
886,1080
884,5262
885,3843
884,5607
886,0822
888,0815
887,0538
883,3375
886,6185
886,2466
888,6724
886,0580
885,0802
887,9663
885,3928
888,5507
885,9961
885,1286
884,5207
885,7452
884,0032
887,8051
885,8898
886,4843
886,1113
888,1410
886,6341
885,7364
885,3348
886,6164
888,6514
883,7991
885,8160
885,6487
884,0373
885,7789
885,1749
886,5928
882,7509
888,9023
885,1572
885,2596
886,5159
884,9561
889,2484
884,6161
883,9482
885,5535
884,7311
888,7940
888,3434
884,6539
885,9857
887,7381
883,8023
888,2519
885,7408
885,9700
886,8351
888,5256
887,6710
885,0429
886,5613
887,0945
888,6011
885,8859
885,4596
887,2956
886,3683
884,2816
885,1665
883,4699
886,3931
884,0341
883,8629
885,8484
886,2058
886,7095
884,5003
886,1147
883,8640
885,8008
886,6940
885,6011
888,0622
883,2991
885,8089
885,3007
884,3219
885,1006
884,9919
884,3373
884,7255
885,5090
882,3251
887,5544
889,1685
884,2286
885,8025
883,8976
884,1007
885,3180
886,6095
888,9653
886,7207
886,5596
886,3406
886,6847
886,8460
888,4882
886,5232
883,9725
886,1749
885,4702
883,5645
884,3884
885,2272
885,5468
883,6204
886,2218
886,9322
882,6700
886,8906
885,6424
885,9402
887,6486
889,8678
888,3175
881,7590
886,3400
885,6408
885,5803
883,6978
883,5428
884,0828
883,6885
882,3657
885,5094
887,6597
884,8232
884,5972
886,6399
885,2706
887,9315
885,5245
885,5582
886,4481
885,0040
885,0793
886,3870
884,2914
887,3842
888,3876
885,1492
887,2625
884,6545
886,3778
887,2667
886,6460
883,9484
890,8817
885,5292
887,5220
885,0905
888,4330
887,0894
888,3181
885,0749
883,2851
881,8064
887,9665
889,7240
885,4745
887,2762
883,7296
887,3958
885,8859
886,9284
884,0054
884,2883
885,4922
885,1467
885,0333
886,1760
887,7875
890,0280
888,6264
887,2373
884,8866
888,3536
884,4467
885,7692
888,7038
883,1078
886,8608
884,6498
884,8146
880,9489
888,6751
885,0316
886,7172
887,8905
886,9414
886,0393
886,4425
888,7816
886,5040
883,8922
883,1683
888,0431
884,9202
884,6080
887,5519
885,0028
886,2509
887,0529
888,1799
880,3873
886,3581
887,4434
890,1047
890,0313
883,0001
886,1529
885,3284
888,0520
884,1850
883,3003
887,0890
887,5417
886,2800
883,8810
880,3241
884,1862
888,2936
884,8469
886,7975
888,0469
887,4736
887,1744
885,8728
884,7717
885,1373
885,6258
885,9860
888,3916
883,4462
886,3401
889,6713
886,2897
888,3163
883,7056
884,5907
887,7260
884,2216
887,2764
885,1069
886,5263
887,3772
884,8922
890,2732
888,8668
883,2111
883,9229
886,5879
882,8834
889,5063
884,4476
890,4883
886,4968
888,0591
886,2019
883,3307
884,6500
884,2246
885,8854
887,7606
886,0997
882,6714
885,8437
887,2373
884,6295
886,6903
887,0798
888,9144
888,2755
886,6646
883,8170
884,8461
885,2190
882,1029
886,4706
886,5562
883,7101
884,2609
884,9179
884,2843
882,4215
886,3422
883,9958
885,1143
884,7459
886,4172
887,0999
884,3105
886,1372
887,6260
886,8630
886,3333
886,9442
882,8547
888,9160
886,3246
885,9821
886,1897
887,7825
884,9518
885,8403
881,2119
883,6160
886,1914
887,5357
886,1323
887,9344
886,0432
886,2559
886,4778
885,9933
887,9578
886,4418
889,5341
886,6226
884,6605
882,9901
885,1047
886,1264
886,0718
887,6038
881,9947
887,9497
884,9900
883,0556
887,3493
886,8296
886,2785
885,6298
886,9395
884,7631
883,2369
884,4724
886,5101
883,3407
881,7610
883,5451
883,5404
886,3817
885,0872
888,5633
887,1872
886,7769
887,4924
883,7982
885,9395
885,6293
884,4833
884,0611
885,2795
885,0701
889,7440
884,8054
886,2308
887,6528
884,3941
883,7973
885,3147
889,5837
884,5393
886,5259
884,8993
885,8415
886,9038
886,5722
883,7482
883,9323
883,9571
885,1276
883,7766
885,5250
884,2709
886,4952
886,2685
884,9477
884,5474
888,3513
888,1878
885,8862
884,9253
887,8008
885,5576
889,7942
882,3245
886,0354
887,3787
887,2038
886,7471
878,9998
886,9520
888,7820
886,9289
884,3366
881,4204
885,5950
887,0851
886,0177
885,1676
887,0050
885,3896
881,1096
888,5770
882,7372
884,5799
884,6370
885,9333
885,8016
885,6709
886,7194
886,9594
887,8400
885,5145
883,2595
886,7063
886,2586
888,5864
887,1631
885,2903
887,9692
888,8584
886,4628
886,9319
886,4278
888,2630
884,8078
887,4259
887,2651
885,8355
886,4331
883,8893
885,3150
885,1209
887,4704
885,6521
886,3572
887,6195
886,6971
885,9650
887,9474
885,3585
884,8795
885,9375
884,7215
885,7079
883,4306
887,8594
886,7009
887,4748
884,6315
886,9128
890,2455
887,4583
884,1310
886,4235
887,4007
882,5621
887,5834
884,7057
891,4811
887,1051
886,8741
887,0102
886,0183
884,8349
884,7077
885,4044
886,9256
885,7355
885,3267
883,4070
889,7412
886,9990
883,4468
887,0195
885,9125
886,3423
886,4360
885,3961
886,2696
884,0904
887,5551
887,1230
884,9490
887,3425
884,3500
885,9178
883,2714
888,4306
886,3120
885,1274
886,8773
885,7843
885,3595
886,2653
887,7503
886,8834
884,9796
885,4841
887,2284
887,1464
886,8832
888,3049
886,7119
886,2676
882,5025
888,2855
886,8606
887,2753
884,1955
884,2217
887,0433
884,5022
887,3197
885,8187
885,6851
885,1281
888,7747
888,7847
887,7107
887,0667
886,2282
884,5152
884,2406
887,0525
886,0373
884,4486
883,5564
885,4859
884,2264
884,1105
883,1319
886,8448
884,4529
890,0290
886,0474
885,7828
883,3332
886,7846
887,7954
886,4013
882,5360
886,3591
885,3755
883,8487
888,8710
887,8120
886,3539
884,3794
885,2846
885,9352
885,6173
889,1649
888,5204
886,7013
886,7617
884,1641
883,9121
884,8676
885,7763
879,8409
887,3880
886,3925
886,8148
884,1526
886,6827
886,6136
888,3189
885,4218
887,2039
885,0992
884,3397
886,8831
884,7411
886,2398
885,7163
883,5461
887,0875
886,7409
884,4326
884,5504
887,5115
884,0646
883,5243
884,5195
885,5951
890,0483
887,9015
887,2301
886,0296
885,7630
886,2647
888,8511
884,8130
886,7716
884,8060
884,6603
884,7947
886,2231
887,1045
886,2966
884,9780
883,0597
883,9552
885,7405
885,5925
888,9070
888,3273
884,9428
885,5562
884,9808
886,0721
887,1458
886,5138
890,3034
888,1389
884,0113
884,4701
886,2007
884,7914
886,1833
885,5622
886,7867
886,9873
887,1880
885,1486
885,0357
886,9207
883,4843
884,3094
883,9926
883,9589
889,9570
889,9528
886,4718
882,1159
883,2441
886,3874
888,3337
884,7579
887,4101
887,8250
882,9134
887,1544
886,5945
887,9465
884,4252
885,2650
889,5101
885,6159
885,5745
886,9655
883,6616
886,4258
884,6092
883,4777
886,8035
887,1646
886,5019
885,9830
886,1905
886,2798
883,2555
885,7354
882,5567
885,0466
885,3346
882,6957
888,0126
885,8792
884,4584
884,7549
884,2164
887,2315
886,1868
887,7734
887,2320
885,1468
887,0464
887,4371
882,5368
888,9896
883,8913
887,1351
884,6407
887,8748
885,5074
884,8694
884,8026
884,5392
884,4137
887,6301
884,9573
887,0138
884,0436
886,6888
887,9659
886,7091
887,6356
883,7964
884,0376
883,9443
888,0726
888,8218
885,3905
886,8649
882,1875
885,9323
884,4926
885,4118
887,7671
883,7086
884,4679
885,4664
883,5108
883,8567
884,8313
889,4437
886,6578
888,0096
882,0559
889,1381
885,7602
885,6490
887,2191
886,2402
886,3501
889,5147
885,8002
890,0379
885,2988
886,0122
884,3768
884,5638
884,0003
883,5998
885,0698
889,2448
888,9102
886,6345
885,7915
885,1108
886,4518
887,9194
889,4157
884,5981
886,6440
884,2775
882,0530
884,3217
883,8806
885,7839
886,9344
886,1064
889,9574
883,9290
882,4527
885,0875
887,0264
884,7499
886,9240
884,4839
885,4654
885,2486
885,8860
886,1905
887,9462
887,3241
885,5672
885,9412
886,1464
886,1748
885,1993
886,9965
885,4396
886,8424
887,4915
886,5719
885,1956
884,6705
885,3878
887,7027
882,7758
882,2615
885,6662
884,6369
883,1503
886,6279
887,1133
886,8354
886,7348
883,9848
886,3919
885,6202
885,6805
885,7975
885,2933
888,8731
887,0179
885,5494
888,2110
883,7365
884,7782
883,6285
885,2569
885,2237
886,4030
888,1715
886,4034
884,7199
885,1226
886,9041
885,1582
887,3158
883,9473
889,3602
886,0987
885,1232
882,6344
883,6966
885,2082
887,1703
888,0551
884,4708
888,3862
885,0267
884,3001
885,4960
884,3178
885,7615
883,7062
886,8670
886,9424
886,0149
887,4932
886,4130
888,2656
884,8570
884,5198
886,8322
887,1566
888,0535
887,0475
886,4175
884,1349
886,2260
883,5499
884,2054
886,8341
886,8787
882,4585
886,3551
886,0044
886,4020
883,7011
886,2498
887,6994
885,9170
887,1496
883,5522
888,3915
883,8891
888,1571
882,9255
886,5528
886,7161
882,2522
884,4790
886,7128
883,1203
881,9007
883,3682
885,4779
888,4450
885,7992
886,3839
882,7636
886,9879
886,5081
886,4001
884,3958
886,7321
888,4045
888,4243
883,8525
885,4503
884,5425
888,1415
883,2648
886,3374
886,2558
888,4413
885,1683
886,4321
883,9183
887,9472
885,0596
886,2105
885,3870
884,1767
882,0487
886,9664
886,7912
885,1425
886,9344
885,1916
885,5054
884,2460
886,5920
885,9635
887,5934
883,9539
887,5330
889,6827
889,2677
884,3427
885,0323
889,3298
886,4312
888,6583
884,0704
885,8451
882,5162
887,2812
887,1965
883,7962
882,3735
889,5977
884,9317
886,5942
885,2790
886,7346
885,4805
882,1089
886,6413
885,6090
886,7285
887,6925
888,3711
885,8701
887,0104
887,3334
888,0198
885,9375
884,9941
887,4554
885,3444
888,3491
885,3630
885,8916
884,9961
883,1622
884,8605
884,9233
884,8328
885,3016
883,2086
892,3743
887,2410
888,5487
888,4750
887,0952
887,9480
884,2068
885,3436
886,3584
884,1510
888,8966
886,7176
887,0183
887,2578
888,1931
886,9861
883,4461
882,7757
883,2190
885,5020
888,9394
883,7559
886,3316
885,0386
885,7440
888,3392
886,9162
889,1121
888,0172
885,8292
883,2105
887,2605
885,5847
887,1074
887,3425
887,2350
880,9487
886,0210
887,5761
887,9744
885,6804
885,8725
884,9867
886,2795
886,4072
884,0738
886,6463
885,9520
885,0909
885,3022
889,4078
886,3441
886,8776
884,9498
886,2552
883,8493
885,1769
885,3869
885,9673
885,2587
884,5254
885,4387
886,6896
885,5556
886,8820
886,4317
885,7580
883,1335
887,1566
886,3756
887,9327
890,5268
886,7215
885,8278
884,5695
887,0151
885,5269
887,0382
886,6570
884,6384
884,4979
884,9151
885,5273
885,9482
883,3460
886,6985
883,2044
886,3873
885,1021
886,8316
884,8663
881,9339
885,4091
888,0335
883,5920
887,1937
886,9622
883,9236
885,7274
886,4008
885,9519
887,3430
887,0679
883,0089
883,0615
885,7763
887,9735
884,7268
892,4931
888,2884
887,6027
883,4154
887,1506
886,9715
886,9577
885,8557
887,2402
886,9036
888,8345
887,8336
885,4283
883,9896
886,3746
888,6250
889,8573
884,8242
884,3436
886,1658
883,9081
883,8025
885,8434
889,0937
883,6972
883,6707
887,2388
885,8802
885,7171
887,1029
884,6916
886,0678
887,7702
888,7036
886,4696
884,1086
885,9745
887,7904
883,5364
887,8709
887,4442
884,5843
883,2791
887,0424
885,4768
884,9741
887,6488
884,1946
888,5941
885,9192
891,1347
883,4684
886,6974
884,7144
887,6728
889,7691
884,9930
885,3652
887,8717
883,9854
886,3994
885,7349
885,6702
884,3108
883,8703
887,3338
887,4531
883,5570
885,2982
883,4999
885,5964
882,6800
884,5727
886,2155
885,7373
881,1538
885,2304
887,5971
888,3356
886,5723
884,0124
886,3452
885,0151
889,3064
883,4352
885,2550
889,6417
883,9821
887,6907
883,8340
883,3961
886,0748
884,9271
882,9520
884,5513
886,0045
885,4313
886,8610
885,1639
886,8207
883,5992
884,1688
885,3748
885,7433
884,1463
886,2837
888,0167
883,2232
885,9418
887,2301
888,5118
884,9633
885,6840
888,3145
886,0505
884,4194
887,2245
882,3673
884,6378
884,1452
885,2726
886,7090
885,7208
887,7170
887,5112
883,3970
885,7756
888,0529
886,4513
887,7687
883,5390
886,8133
884,1187
884,3286
881,5514
885,9820
887,2919
884,5690
885,3848
884,2931
885,3748
885,1239
886,2282
887,6288
885,0022
888,8206
885,3739
886,4336
885,7113
885,4478
887,2575
887,9859
885,2899
884,7256
887,7885
885,8843
887,5660
886,4822
883,9608
884,5110
886,8220
886,1527
888,2447
884,3569
886,1839
886,2189
882,9211
885,8962
883,2864
883,1813
885,3121
884,4934
887,1875
891,2782
885,8507
886,0070
887,9757
885,9721
884,2576
885,1574
883,6781
887,0489
886,4406
885,8895
889,9600
885,3745
883,5556
886,8344
885,8785
887,7566
889,5743
884,2423
881,1292
883,5587
887,4742
883,1826
887,9772
883,4552
885,2263
888,1226
886,6368
889,7850
886,5179
884,5746
883,8270
885,3362
886,0526
887,0554
884,2922
884,2701
889,2627
884,7505
887,9379
886,1400
885,8028
884,0596
885,7403
884,0197
888,1357
885,2688
887,6265
887,2848
884,3816
887,9488
887,2612
884,8557
885,3452
887,6764
890,0182
884,5053
885,9454
884,2643
886,4531
883,0834
885,3770
885,6192
886,3687
887,5000
885,1724
884,9242
884,0457
885,0679
885,5333
885,5303
885,3995
888,0086
889,1321
884,7440
886,9970
882,3729
886,9563
883,5933
884,7424
886,0327
886,5064
885,8309
888,3367
885,6218
885,8574
884,9670
886,2535
883,2934
886,2220
886,5741
885,9209
889,4329
888,6327
886,5046
889,5984
888,9282
884,6841
882,7366
887,0741
889,0551
886,1239
888,0709
885,1845
885,9513
888,6320
887,3147
886,2225
885,0429
888,2680
886,8124
887,6853
886,4827
888,2042
883,5726
884,6349
889,3642
881,0762
883,8454
885,6962
888,4582
884,5728
884,4550
888,4206
885,9286
888,4786
884,4143
883,2929
887,2202
888,6727
889,1970
887,8879
888,3215
884,0239
888,7465
888,7681
885,3082
883,4868
883,7540
888,9346
889,3238
885,2297
886,7680
886,8587
889,4704
884,9079
888,3142
889,4376
884,1092
887,3127
886,4872
884,6348
885,1264
887,9720
886,8149
884,7669
884,5055
884,2632
888,2452
885,1456
887,1590
884,5851
887,8373
884,0965
887,7406
888,6113
886,6943
885,0290
886,9452
884,8483
887,6679
887,2462
888,3812
882,6209
885,4933
884,3128
881,8569
884,4690
888,1800
884,3251
882,7941
885,2843
885,7234
887,8344
885,4028
888,2603
883,9415
886,2200
886,4073
883,8687
886,5247
886,8608
884,3674
888,6931
884,3655
882,4360
885,8095
882,8048
885,2605
883,9911
886,5216
889,5099
888,1904
885,1855
884,7022
889,2860
886,7587
886,4433
888,1214
886,3095
886,8576
886,0387
886,6479
885,8220
890,2422
885,3944
887,3935
883,8424
884,5092
885,3486
886,2285
887,0063
886,4571
886,0857
886,7311
887,0755
887,4673
885,1010
884,9576
884,0076
885,4675
887,2059
883,7971
886,4195
887,5253
885,6444
889,7684
888,2556
883,3737
884,7772
887,0036
883,4674
885,9854
886,0281
887,0277
886,8327
883,3449
886,6812
885,3716
888,7555
886,0951
886,9556
886,7699
885,8715
884,7589
885,0795
883,8223
886,7021
885,4257
884,9292
885,5337
882,0536
886,1995
883,7690
885,8261
886,6482
886,2085
886,2828
885,1212
886,0907
888,6366
884,2340
885,1505
890,3767
884,3964
885,9503
885,8271
885,3758
889,1329
886,6168
887,0541
884,7247
883,5356
885,6135
884,5620
883,6154
890,0621
886,7070
882,7556
885,4663
884,5460
887,0015
890,0839
888,7056
886,3700
885,4557
888,2967
885,0884
885,6564
886,3853
887,2953
886,7498
886,9404
884,2271
888,7443
886,0293
884,0666
884,8211
884,4656
889,3915
889,1116
885,8214
889,0425
887,1827
884,7401
886,5319
887,0235
886,6848
887,1370
885,5041
886,5056
885,6443
884,2053
888,4960
886,4732
885,1626
883,9742
885,9265
885,7985
886,2768
884,0921
882,6872
890,5347
885,1322
885,8868
888,4215
885,3089
887,3117
888,3292
884,2293
888,0399
884,3414
885,4805
889,9781
886,0620
889,3560
886,4164
886,8607
888,8815
886,8612
885,0099
886,3861
887,6826
884,7577
884,2544
887,1938
888,4772
884,6906
889,0624
889,5485
886,6730
886,2769
888,4674
888,6927
887,1456
885,5096
885,4107
884,7563
884,4162
884,2092
885,5514
886,3197
882,8841
885,5085
883,5531
884,3083
885,6680
883,9609
887,1631
886,8693
888,0600
885,5436
884,7926
885,2903
888,4627
883,6657
887,8714
885,5329
884,2608
885,4506
888,2703
885,8934
886,4464
884,8031
884,8642
886,1851
886,9823
885,3373
882,3520
883,2689
885,3749
889,8956
885,3414
884,3455
888,6847
889,7681
883,0794
887,5146
886,2422
887,5775
884,8026
883,0338
886,1634
885,6159
884,8267
886,3961
888,2223
887,0571
883,5830
888,8377
885,5045
884,9871
885,1065
888,9919
888,0355
887,7546
889,8626
888,3815
888,9803
884,9854
884,2675
889,6384
888,7413
888,9466
887,6389
886,6945
883,1236
888,6691
883,0816
885,6801
883,7281
887,6111
883,6056
885,6712
884,4123
884,7362
885,3682
885,3347
886,2114
884,1283
887,4072
889,4149
885,3894
884,5558
884,8510
887,6971
886,2303
885,2199
885,6130
883,1219
885,1252
883,5717
886,5824
887,6575
885,6616
885,8590
886,7088
885,7042
885,2973
882,8457
888,7014
884,1244
883,7377
884,0408
882,6202
887,3841
884,0399
887,3805
884,2664
883,6241
886,7555
888,5877
884,2341
881,8017
885,2820
886,9069
885,2673
882,1379
885,4496
886,4493
883,5161
883,8598
889,1224
885,7174
886,6193
884,2115
884,4229
886,0186
884,2894
884,7580
887,1761
886,9943
884,7107
885,2620
884,4164
886,3916
886,8805
886,1154
889,2431
890,2868
888,1360
885,5840
887,0227
886,4488
885,6910
888,3842
884,6267
884,5261
884,4887
885,7234
887,3564
887,2455
886,1001
888,0088
885,9332
883,5551
884,6970
882,2302
888,9080
884,4655
885,2331
886,2112
885,9271
884,7118
885,9291
885,3940
882,5031
886,9230
887,9216
885,1658
883,9849
886,1282
886,9637
888,6676
890,6565
885,1684
885,3736
882,1703
882,6179
883,3762
884,5749
887,2768
885,1859
886,1882
885,5353
886,0725
880,8797
884,2996
886,0547
889,4980
882,7237
885,9167
887,1220
883,4922
885,7193
884,3525
883,1103
883,9113
883,6139
886,4845
888,0163
887,5401
887,5199
886,2899
888,0831
888,9048
886,3933
887,7371
886,9838
886,1395
884,6166
884,4479
889,8466
885,2665
884,2708
887,5528
885,0304
886,0848
885,5206
887,5291
886,1002
885,0534
884,5496
884,3048
886,3095
885,4609
888,1787
886,2928
883,7835
885,0796
885,6662
884,7114
885,3969
883,4005
887,2284
888,0649
883,1223
886,1309
886,5057
886,3864
886,8150
888,3681
885,5659
884,4090
886,3968
886,4505
884,4185
885,1527
885,3945
884,7384
885,1619
888,0573
888,1332
886,1742
888,9694
887,5599
888,3764
884,8924
887,8225
883,5948
887,9961
883,9706
888,3059
887,5064
885,3988
884,7297
883,5315
885,4954
882,2981
886,8758
885,0458
885,5658
888,0440
883,7880
883,8110
886,4922
887,6094
887,1053
886,9510
885,1589
888,0460
886,5680
884,6057
883,9924
889,1326
887,1010
882,4792
886,0377
887,7868
888,3362
885,3103
885,6175
887,1159
887,7534
885,2482
885,3175
887,2939
885,8030
886,6385
889,8487
888,0645
887,9761
888,1959
884,9800
886,4156
884,5982
887,9342
886,7751
887,5405
885,5110
886,4416
887,3285
885,1749
883,4058
884,2524
887,1003
887,9049
885,8054
883,9040
886,1799
888,5081
885,8367
889,0593
884,6888
890,5024
887,7178
887,2413
886,9105
887,2562
884,2324
889,3356
885,2877
885,8579
886,4801
885,1646
888,1443
885,1091
888,7215
883,9246
886,0826
885,3112
887,7000
886,3281
885,3873
884,6142
889,5610
885,1018
882,2679
888,2222
883,9856
882,5473
885,6350
886,9115
887,7974
889,3808
882,8941
882,6569
884,7971
887,8752
886,0813
884,5757
884,6252
885,7274
889,8873
888,2001
884,9999
888,4578
884,6262
886,9180
886,3018
889,5722
884,7993
885,3766
884,6433
882,7775
884,1317
885,3286
884,5777
887,3533
885,1867
886,7321
886,7828
887,2654
886,1340
886,5247
888,4257
887,4585
887,2691
889,2586
884,5589
884,8476
881,7200
885,8224
883,5323
887,5852
884,1802
886,4600
888,9723
884,3860
886,7027
884,3911
886,9136
887,7280
886,9859
884,8635
887,7792
887,0817
887,4544
886,9534
886,9116
886,6341
886,6749
885,0156
881,5543
886,3015
886,0928
884,8062
883,4737
886,6533
886,7543
885,9844
886,1182
882,7639
886,2653
886,2816
883,3408
888,6980
888,8469
880,1302
886,2779
886,1406
885,0250
886,8762
888,0928
885,9881
885,0005
885,9895
885,4983
885,3569
887,1980
883,9893
886,1122
885,1742
887,5101
887,4331
884,9081
884,4044
885,3713
884,3789
886,4678
887,4301
887,4979
888,6701
884,1455
885,0824
883,4585
885,6861
887,8736
887,8619
884,2504
886,2178
883,7168
884,3453
886,8349
885,6402
886,3240
884,8556
887,3043
887,8705
883,6274
883,0209
887,1230
885,4763
882,4629
884,5936
886,4899
887,1620
885,3779
886,3712
885,6043
883,4240
885,3095
887,0188
884,6284
884,1950
889,0025
883,0637
888,0518
886,1727
890,4069
886,8148
885,8624
887,1656
889,5809
885,8124
887,7933
887,4009
883,0026
886,4471
888,5469
883,3249
885,0591
885,8749
884,7929
883,3092
885,0316
886,0314
885,0399
884,3511
889,2864
885,7359
882,8370
889,8100
883,6097
884,7279
886,1482
888,6771
886,9144
885,8321
885,8297
885,5522
885,4353
886,4611
887,9231
882,9383
886,5476
887,2422
887,3227
887,5572
883,6927
882,7152
887,1689
888,4340
887,0193
885,1620
883,5209
888,0041
890,4718
887,5988
888,4266
886,0984
888,4182
889,3616
885,4666
888,4257
882,8873
887,4722
884,8868
884,4708
888,6024
882,9652
885,7844
883,0312
888,1844
886,8916
886,2603
884,7969
886,4323
883,9121
885,7137
886,3912
886,1037
885,4703
885,4262
886,2787
887,5877
886,8425
883,2273
888,8389
885,9104
886,4624
886,4628
885,8863
883,8814
884,6016
887,9375
883,6362
888,2126
887,3600
886,0558
887,4124
884,6540
886,7430
885,4607
883,7211
886,1337
884,2496
888,8925
886,4653
885,1386
886,2199
885,9874
886,3150
884,6034
886,2625
883,3649
886,0587
885,0943
888,3223
882,7481
884,9159
886,9270
887,7736
887,6689
888,7543
884,3421
885,7140
885,4644
885,0274
885,4328
888,7032
887,7812
889,1485
884,8132
885,4585
886,1697
888,3851
887,0221
884,2567
884,9926
887,0741
886,6745
888,9508
881,3719
888,0064
885,6214
884,9809
883,9531
883,4302
886,9696
884,3284
884,8250
884,1302
887,5415
886,6099
885,7121
884,0062
885,3989
887,9504
888,4029
884,6425
885,4130
888,8316
887,5455
886,1824
884,8212
882,8531
885,2663
881,8012
888,0583
886,2321
881,7807
884,0359
887,5014
890,3884
887,0331
884,4347
885,5107
885,6650
884,2937
888,3317
883,7485
884,3073
885,6211
882,9251
886,1865
884,3520
884,7238
883,6830
885,8184
889,3300
885,6284
888,5925
885,2863
888,6208
889,1228
888,1181
886,8828
883,8114
888,0693
885,6513
883,6991
887,7251
886,3088
885,0582
887,9598
886,8851
886,7519
887,5466
886,5612
882,5247
885,1253
885,1198
886,2459
885,8191
883,8862
884,5938
886,0525
884,6928
889,6412
885,2291
887,6798
886,9234
886,4108
883,8015
884,5692
888,0059
885,8533
888,7070
884,4973
883,9485
885,9244
887,6247
889,0954
888,3235
885,4288
886,3885
885,7477
885,5305
886,0527
885,4543
889,0491
882,8274
885,1124
884,7527
886,3827
884,2074
885,9492
890,5502
883,6983
887,1904
885,8084
884,3017
887,8532
883,1697
886,8909
883,9162
886,7105
884,0529
885,8989
889,0982
885,5568
889,8576
888,2257
883,7007
886,4196
885,2445
885,0983
886,1523
885,1527
887,7799
884,5403
885,0125
886,5624
883,8137
885,1419
887,9073
883,3191
887,5706
883,9894
885,2657
885,7506
886,9642
887,4531
883,6839
883,7475
885,4100
882,5224
887,8963
885,4705
882,8409
886,5541
885,1809
887,1248
885,6170
886,7199
886,2208
886,0665
883,7281
886,0317
886,6454
885,1518
888,6211
884,0724
886,1504
885,9422
888,1544
880,5748
886,3572
888,4184
884,9124
885,7437
885,1713
886,0521
883,1944
886,5537
887,0804
887,0203
883,7711
885,4193
887,8119
883,8551
887,7208
884,0694
884,8876
885,8343
888,6384
885,3020
887,2711
886,9889
887,7498
886,9406
883,6318
885,6949
885,2841
883,1851
884,5406
882,5291
886,2214
885,2256
889,4111
886,4959
888,3795
887,7137
884,6556
885,3882
882,5993
886,2202
888,3014
885,0812
886,3107
886,9723
888,4878
883,0589
883,9893
887,6835
887,5556
884,3866
883,5973
883,3415
887,3226
886,4265
888,1093
883,7519
885,8156
886,1196
888,0854
884,6198
882,1391
883,5777
884,5922
886,4098
885,7798
883,8519
885,4138
888,1636
886,1262
883,7459
886,9389
885,2803
885,3322
886,2138
888,4299
887,9108
886,7907
885,2681
885,0345
887,9576
885,1568
883,3956
888,6710
884,6275
883,9748
884,9527
884,8178
884,4664
887,1745
884,5859
885,0799
885,7205
883,4334
886,0308
887,7173
886,0354
885,8602
886,5310
886,4309
888,5647
883,6264
886,6120
881,7322
886,6074
881,3283
890,3227
885,3693
884,4083
885,6137
886,2750
884,5558
886,1569
882,6137
885,3155
883,5673
888,3920
887,4419
886,6992
885,7038
885,6222
886,9919
884,6380
884,9535
886,0204
887,1625
883,2409
886,3056
886,2905
888,1788
888,0979
886,1010
887,4313
890,1597
889,0518
886,0905
884,9906
883,3899
887,1217
885,8692
885,2253
883,2541
884,8878
886,1092
884,8568
885,1684
887,6456
882,3192
887,0302
885,1090
883,8972
884,9313
885,7882
885,1977
885,1871
884,3577
888,0553
887,8127
887,2575
887,4954
885,6325
883,6842
887,2158
884,9806
882,9809
883,7528
888,9166
885,7696
886,8503
889,7702
884,1619
888,8648
887,1400
885,5647
885,0911
884,1915
886,6402
884,1545
889,0514
885,5233
889,0985
884,9568
884,1867
885,7389
882,9130
889,2709
889,7286
887,7563
885,4216
884,2968
888,8915
884,4681
886,4343
885,9379
885,6883
885,2017
886,6626
887,8287
881,2616
887,3913
886,9162
884,9743
887,1554
888,5884
886,2860
886,4774
883,6322
886,3852
888,1590
889,2229
887,0851
882,7070
883,0253
882,9856
887,3576
886,3596
886,6295
885,7025
887,6038
884,1491
884,9884
888,1352
889,1080
890,0830
886,1645
886,6416
884,4010
883,6168
885,7476
884,5431
885,5273
885,6110
886,6181
887,6989
884,3307
888,8558
890,5274
887,1692
888,2698
885,4359
883,0911
885,7353
889,2533
885,9710
884,5232
886,4998
887,8679
885,3894
882,8842
885,5154
883,4376
887,9630
884,3094
885,9986
883,6593
886,7457
885,9570
886,2937
885,1508
883,5875
885,8690
884,3149
885,2469
886,5403
885,0958
887,3714
883,6510
883,6870
885,8427
884,4323
885,8433
884,3054
885,2723
885,3090
887,7976
884,3582
885,1267
885,0365
886,3868
885,9426
884,3925
888,4248
886,6486
887,2128
889,6423
884,0913
885,4722
884,5987
887,4481
885,0047
888,4631
885,6680
887,7225
887,5652
883,8463
885,4654
887,5084
883,8874
886,2856
887,6853
882,9885
885,5002
888,5379
884,4298
886,7042
887,7288
887,2561
885,8219
887,1407
885,0105
885,5848
886,8309
888,9866
884,7801
887,1175
885,9288
883,8111
887,8783
882,9469
885,5755
887,5150
884,5193
886,2468
886,5088
887,2936
888,0270
886,6052
889,3612
885,8800
885,8813
887,9908
884,7927
884,7696
884,4998
888,6002
886,7696
886,0139
882,5679
888,2458
884,6754
880,9570
886,8208
885,9723
886,6458
884,2514
885,2444
884,9145
885,0591
885,7028
884,7597
886,9471
886,7154
885,5419
887,0061
888,4853
886,4460
890,1765
885,0248
884,1402
887,4575
886,9373
886,9563
884,7462
885,1359
885,4836
885,9659
885,7744
887,6473
888,4514
887,0276
889,1372
886,0339
887,2905
884,2189
886,1078
883,9746
883,6777
886,8560
886,6884
883,8197
887,2056
887,4931
887,3571
886,2635
884,2886
888,5578
882,8017
886,0393
885,9365
887,9017
883,4126
886,3159
885,3692
884,2572
888,7282
887,1111
886,3965
884,1058
885,9446
886,5067
885,6010
886,3882
884,7964
886,2439
885,6727
887,4095
888,1403
883,3771
886,8007
882,9987
884,7629
884,7528
882,2096
883,4105
887,0929
885,4028
885,4213
885,1628
885,5703
887,7697
886,6946
885,1945
886,1134
887,4218
883,6193
885,3653
888,6732
885,1442
888,9545
884,6661
886,9965
885,1396
884,4418
886,3438
886,7564
886,7725
883,9862
883,5263
885,9279
887,0774
886,8331
888,7065
887,5671
885,8761
885,1771
886,9038
884,8352
885,5988
887,4557
885,3093
886,2782
886,1807
885,3356
887,0743
885,2389
884,3115
885,4459
884,6323
887,1501
884,8646
886,3246
887,4104
884,5179
889,7089
884,6212
885,8809
884,9574
887,1521
882,8152
887,5849
885,4535
884,4207
884,3235
884,1275
887,3224
886,1308
888,0334
883,9382
887,0702
888,6550
883,6052
885,5758
887,4135
886,6477
886,3600
886,5813
885,4264
881,7958
888,2614
887,9332
885,2032
884,5852
884,1104
885,7114
883,3507
885,2774
884,8597
886,0168
886,4664
886,0469
884,8142
885,9894
885,5386
881,1822
887,4096
887,0447
887,0730
883,0970
887,0162
887,6299
884,3237
881,9786
883,1444
885,4511
887,2015
884,4875
889,1352
884,9861
886,1151
886,4934
886,2912
888,2626
883,7955
885,0974
886,9797
883,5009
886,6404
886,5385
885,0225
889,5547
885,0011
886,9072
885,5781
886,8572
882,9174
888,0887
885,0100
884,7371
885,7015
888,3398
883,3347
885,7214
890,2260
886,2886
885,4333
883,5224
886,4383
887,1828
882,4367
888,3583
885,7006
888,0630
885,8719
885,8722
887,5007
881,6101
887,3755
886,7307
884,5302
884,8636
886,7540
887,5761
886,8724
884,5855
884,8018
882,7882
887,0426
886,6790
886,4730
886,2159
886,6360
886,5924
886,4891
885,6590
882,9223
884,9137
882,2249
889,5304
886,1466
885,9843
885,5183
888,4512
885,5417
886,7661
886,1993
886,2419
884,2079
884,1935
883,6656
889,7008
885,9387
885,5465
886,2255
886,3230
880,6153
889,9031
884,7575
883,8874
886,8836
885,8793
880,6488
885,7177
887,9443
885,0462
885,9256
884,7827
886,9637
885,7907
882,7826
886,5454
888,3273
886,0365
886,9051
883,5044
888,3796
885,1403
886,3831
887,8101
886,3297
886,5012
884,5774
885,3712
886,8478
887,5307
887,4643
883,8658
882,3667
887,3608
884,6731
886,1521
889,1940
886,1918
883,2956
886,7658
887,2470
889,8908
884,3271
884,6931
884,8925
885,1558
886,5272
885,2973
885,5811
885,5465
886,6418
887,0517
883,9262
883,6166
883,8291
887,1327
886,6902
886,1340
888,5285
884,6382
884,5751
887,3183
887,4741
884,1596
885,2612
885,1589
883,6089
885,7624
885,3672
888,1643
886,7052
885,7358
886,3758
883,8937
888,2372
884,6861
887,9779
882,7762
885,6028
888,1438
882,9605
887,2970
882,0389
887,4697
886,5440
888,9466
884,6114
883,7483
886,6667
886,2871
885,6891
884,0938
885,7229
884,8456
886,0600
889,7682
887,1868
884,6358
885,2049
883,8802
885,4040
881,0154
885,9754
887,6694
883,1333
883,5258
885,3673
883,7506
883,9806
886,6381
891,9294
885,5710
885,5667
885,8536
884,4297
883,4643
886,6976
888,2795
886,4294
888,7299
886,8202
885,4627
885,4381
885,6892
884,3434
882,0313
889,0048
886,1341
886,4247
886,4787
886,0837
885,2756
888,0398
885,8689
887,5221
886,1418
887,7461
886,1757
884,1158
884,5522
887,1409
888,1065
885,9476
887,9853
888,8653
887,1951
883,9873
886,8435
886,7756
887,8403
884,9188
884,8618
884,5495
884,9545
882,8093
888,9686
882,2728
888,0468
883,6413
888,9744
883,8893
886,2726
885,5317
883,5289
888,7503
888,5552
884,1808
882,9017
884,4910
887,1905
883,8935
881,2404
883,1171
885,9998
884,4650
886,1078
888,8549
884,2901
889,3211
885,8947
884,8639
884,1861
884,1259
885,4087
885,8337
885,3130
885,3067
885,9596
883,7065
886,7984
886,6995
888,7813
885,8425
886,9343
885,9916
886,5865
884,4036
886,9714
884,0942
886,1610
886,6654
883,5252
886,8759
886,2707
886,4802
883,2388
884,4642
885,6723
885,7141
887,4143
883,6860
884,4661
882,6659
884,9053
887,4241
885,2710
886,8622
888,2207
886,9598
883,9934
885,8413
889,0782
883,2855
888,8147
885,7083
886,0425
886,5430
885,9278
886,1918
886,1508
885,4930
888,3716
884,7920
883,4491
883,3511
885,3446
883,5533
887,3017
886,0239
887,2171
884,1137
883,4441
886,3499
886,0811
885,4955
887,0197
887,7896
890,0724
884,4471
886,2878
885,1513
885,4752
884,5217
885,5872
885,8066
888,1198
883,2284
884,5455
888,5254
886,4741
886,0904
886,0633
886,7803
884,7853
887,2949
891,2802
887,4945
886,0770
882,8423
886,1884
885,2234
888,9668
885,2968
887,9683
885,3688
884,3343
886,6431
884,7747
884,3407
886,0088
887,0077
886,4741
885,2665
886,0691
884,8140
882,8431
882,6092
884,4292
883,8421
885,8131
884,7276
886,8548
888,6134
886,5209
887,1867
884,7111
888,9994
885,9785
884,0281
885,7684
887,2333
883,3045
885,0352
886,7775
888,2809
885,5731
883,3929
885,3120
885,7281
887,6703
883,1343
886,7142
888,6254
887,1678
885,9109
887,3591
888,7848
886,7345
886,1149
886,0923
886,6812
886,6508
886,9846
883,7018
886,2415
888,9774
887,5625
886,5608
888,0084
887,0501
886,4233
884,4487
882,9351
888,3924
882,2311
887,3936
886,1774
883,9852
885,7882
883,5097
888,5950
886,9034
889,6607
887,7260
886,0746
883,0392
885,7977
886,1491
887,7878
884,9882
884,3829
884,5333
888,3811
886,2915
885,2454
886,5882
888,9906
885,7991
886,2085
886,1484
888,2253
886,7484
885,5762
884,3689
886,0523
886,7724
881,8384
885,1480
885,6304
889,1910
887,2971
887,2441
886,2332
885,2524
885,2155
886,4131
888,7018
884,4515
886,1614
883,7810
888,0878
888,4131
885,1489
887,7170
886,8283
880,9908
887,4054
885,4665
885,3583
890,1728
886,1608
887,1302
884,9427
886,2964
884,7323
883,6930
885,9606
885,4423
882,0238
887,5615
885,5866
888,9111
884,4734
884,0127
884,2979
891,1940
885,5475
885,2003
884,5438
884,0124
887,6732
886,4045
886,9519
887,0422
884,4644
885,9743
890,1619
885,4225
884,3468
884,8667
887,0187
884,1527
890,1824
886,1784
888,2160
886,4348
885,2798
887,4104
886,9820
884,8291
885,5433
885,3055
884,8055
889,7105
884,5308
883,3411
884,8914
887,4113
886,2607
885,8361
885,8844
886,8914
887,6744
886,2394
883,8947
884,1626
884,9752
887,4314
884,1985
886,2357
889,6447
886,8675
887,3074
883,1285
885,6141
881,7778
887,4121
883,9296
886,4500
884,6580
887,1522
884,4258
886,0618
886,4703
884,3367
886,0821
887,8033
886,4976
886,5621
888,6973
884,1715
887,9085
888,4876
885,6486
885,5535
887,1610
884,8080
888,3219
888,0056
886,6549
884,0396
888,4049
886,6024
885,5975
884,9868
887,0828
887,1897
885,7021
885,2546
885,4408
886,2165
885,7861
885,2192
883,4944
884,5828
883,3300
886,4191
886,1207
888,1363
888,4740
884,7462
885,4050
885,2933
884,6846
884,9069
884,9863
884,5309
887,4042
885,1215
885,7900
882,6455
882,7013
883,1873
887,1324
885,0209
888,0788
886,1001
888,5451
884,7967
884,7942
887,0209
888,1476
888,1750
885,6698
884,2492
885,6812
886,7669
888,2671
886,7766
886,0855
881,1300
884,1872
886,7161
886,8887
884,4297
885,2939
881,4881
887,0044
885,3628
885,6496
884,9656
888,7970
886,0313
885,6022
887,8519
888,1420
884,7780
883,8604
885,8975
884,8595
887,1271
888,1619
887,2278
885,2552
885,2790
884,2418
884,1535
884,6569
887,3020
883,5944
889,6123
888,4192
884,6109
886,5464
888,1726
887,6065
883,4821
885,0092
883,5326
883,9589
886,0323
886,3657
881,1980
884,1700
885,1687
887,2909
885,8399
884,8113
887,5593
883,6108
884,4693
884,0494
888,1208
886,4540
885,5846
885,0880
886,3122
884,3806
884,3167
885,5441
885,6097
886,4675
886,5353
887,7192
884,4803
886,1231
885,9973
883,8269
883,8459
886,6578
886,4012
889,0797
885,5271
882,2547
886,6714
885,0757
883,2092
885,2770
889,5988
884,5714
884,6595
886,8327
887,0962
885,2223
888,2734
888,4414
885,1452
888,0894
882,2469
886,9575
887,5347
883,5680
885,6039
888,9005
889,5422
883,8834
887,6137
886,2120
886,7495
885,6960
886,1241
884,5030
888,0425
882,7717
885,7645
881,8191
887,3751
885,2762
885,0440
886,6237
886,8917
885,3761
888,8287
885,2452
887,2676
887,5577
884,6783
886,0875
887,2533
882,6773
884,8348
886,5477
888,9292
887,1260
884,9641
886,2415
884,6997
884,5971
887,3355
883,5759
883,4400
888,1611
888,6100
883,5668
886,5108
888,3163
887,1756
886,7978
885,1276
887,3273
887,7486
887,6821
889,1454
885,2465
883,5880
889,8653
884,7436
884,7399
885,3320
884,8215
885,5003
885,3440
885,1737
887,5815
887,2525
886,0688
887,9151
890,2699
885,2045
885,8175
885,1791
885,1090
889,1358
887,0419
887,0531
885,1344
886,8357
886,5259
886,4963
884,0449
884,3131
886,1263
885,1706
882,1166
886,4859
886,2420
886,4213
887,1299
888,5360
885,8523
886,8437
888,5544
882,7501
886,9997
884,2582
885,5796
884,0900
885,8314
886,0692
883,0979
886,3909
885,7426
886,0405
884,8118
885,9704
885,1811
887,9620
886,5718
882,9496
886,7826
886,1526
884,2896
882,8335
888,8101
885,5083
886,6546
883,2457
887,6227
884,2348
886,6874
884,0319
885,8864
885,8702
887,6395
884,7179
885,4843
885,4819
883,8676
880,9941
885,6772
886,9076
885,8201
885,9377
885,4267
888,3565
885,5252
886,9084
885,0929
885,6459
888,5742
885,2140
887,5990
887,3922
886,2694
883,5292
885,9410
882,0999
884,7665
887,3302
886,5226
887,5380
885,9777
887,8455
886,5106
884,2554
886,6557
885,2372
884,9673
884,9493
885,9019
889,1078
887,2676
889,0462
885,9624
886,0667
884,4692
884,6419
887,7978
886,0393
886,3749
884,9375
885,9756
885,2866
885,2355
888,8629
885,5568
889,2568
884,6865
887,2922
887,0826
883,7906
888,7289
887,7862
884,9542
888,4128
885,9650
884,6578
887,2505
884,0198
887,0657
883,7150
885,0811
885,8976
885,0210
883,2815
888,4949
886,4429
884,4457
886,5203
889,2178
886,1465
884,6968
886,5191
887,6584
888,8142
887,6337
885,8651
886,4360
885,9393
885,3580
885,1340
884,6679
885,1155
886,9075
886,2910
887,6877
884,3971
887,9941
888,6368
886,8226
885,6609
885,0808
882,7506
884,4195
888,3008
888,1172
884,0971
884,2457
887,9164
887,1472
883,3914
885,9046
885,5528
887,1254
887,1810
886,2350
885,4238
887,7379
886,3973
885,6578
885,3210
885,9980
886,2346
885,9645
887,3325
884,5296
886,5120
886,1393
884,7795
887,8871
886,5156
885,6573
885,6228
888,0649
885,9816
887,3800
886,8359
887,2078
884,8203
886,1510
881,9407
886,8815
883,3443
883,7347
882,5268
885,9395
886,5989
884,0856
887,3936
888,0444
887,9852
887,5706
882,9777
887,2735
885,3077
884,3974
884,0318
886,7838
885,9946
885,0307
886,6245
884,6409
883,0371
890,1685
885,7520
888,7777
884,4508
883,9456
885,4392
886,3721
883,9705
889,7857
887,2030
887,6735
888,5974
887,7804
885,4144
886,6855
886,8972
886,6891
887,9991
886,0732
887,8475
884,7365
884,0983
883,9967
886,7767
885,1177
885,1179
888,5285
887,5397
883,4238
884,4058
884,8147
886,8974
884,7144
887,0425
881,3521
887,0805
884,9570
883,5838
887,0001
885,9218
884,5492
886,7742
886,0486
886,6062
887,3198
884,1579
886,2605
887,6759
886,9914
887,9034
884,8866
886,6561
885,1594
885,2661
888,5873
886,4173
886,2470
885,0794
884,4809
885,7375
886,8602
885,6302
886,6204
885,1388
889,3938
886,1818
883,8334
887,5660
885,9921
887,1446
886,5584
886,5136
881,0197
887,8936
888,3856
883,8076
884,8348
885,6585
885,5268
887,6760
884,4651
884,0920
887,3263
884,6822
885,7994
888,0929
886,0368
885,6713
884,2622
885,9199
887,2335
890,2430
887,3611
884,9514
884,6901
886,0370
883,0541
881,8896
885,8017
887,4616
890,5294
887,0613
885,2566
886,1380
885,8203
885,2466
887,7019
885,5189
887,1625
886,1239
883,9463
885,5147
884,8586
886,2329
886,4087
887,4989
883,9461
889,7393
885,5376
885,6578
885,3009
886,9925
885,7622
891,7081
886,1915
886,3771
885,6183
886,9607
884,2249
881,4216
886,7451
887,3137
888,5053
884,7748
887,9717
884,9714
887,0472
886,0032
885,4171
889,4394
885,7366
886,0871
885,9605
889,3023
884,0348
886,0905
886,4376
886,9363
888,0531
886,5229
884,0605
884,3070
883,6826
884,5802
885,7326
885,2395
886,0225
883,8017
883,4257
883,6423
885,1528
884,2685
885,0768
883,8624
887,7422
887,4369
888,6053
885,4210
885,8357
889,7294
885,2038
888,1685
886,7666
886,8657
882,6027
889,3832
884,6494
884,8003
888,1283
884,1804
885,1828
882,7558
887,8178
885,4206
883,2738
887,1838
885,3829
882,6460
888,2414
887,0758
884,4337
885,2312
885,0316
890,1056
890,2326
887,3018
885,0213
886,1328
888,9286
883,6109
887,3326
885,0500
885,3510
888,0949
884,4373
886,2536
884,0381
882,5335
888,7080
886,0254
881,4330
884,4329
884,7017
885,6721
888,4113
886,6847
886,4992
886,0434
885,7786
883,3506
886,3309
886,8044
884,3993
884,7225
885,2227
885,9110
885,1546
886,0468
885,7777
885,2708
888,3253
886,6583
886,1863
885,9032
884,5224
884,2472
886,3408
884,6287
887,7074
888,5876
883,5611
885,1142
886,5149
888,5480
884,5131
887,4569
884,6468
886,1397
886,2164
883,1574
885,6590
884,6021
887,5251
885,2866
886,0972
887,1135
888,2415
887,1475
886,5928
887,5556
883,2026
885,2540
888,4998
885,8641
883,7082
883,7242
886,8277
884,6120
885,5371
887,0208
886,1249
886,7750
883,5844
885,6802
883,2496
884,7621
884,9447
885,8566
886,9162
883,8931
886,1855
884,2806
887,2222
885,2365
886,2424
884,9347
887,6541
886,4034
888,1928
887,8703
885,2724
886,3686
886,2005
887,1425
887,0088
888,5613
886,7375
885,4864
884,2637
884,9938
885,6548
881,7273
887,0027
884,5676
886,4115
885,7910
885,9410
884,4619
883,0788
885,3607
883,9836
885,7671
885,2953
887,7710
885,0015
884,9074
883,5317
885,6275
884,6065
887,6505
888,3760
884,1631
884,7955
886,2373
886,5545
884,0471
887,0366
886,7969
884,9269
885,5589
883,8425
883,8827
886,0355
885,8154
886,1515
884,9979
883,7288
886,3672
884,5162
884,0293
884,7543
887,2534
883,6274
884,6078
884,0154
888,5080
885,2994
885,5360
881,2297
886,8178
886,9349
884,7019
883,4579
884,1885
885,4493
887,1277
886,5971
890,0757
883,9439
885,7728
886,4610
885,5712
888,1702
885,7106
885,1359
888,6308
885,8091
887,6094
886,2417
886,8873
885,3557
885,6947
886,5075
885,8381
886,2850
885,4836
886,9024
885,2918
888,1601
886,3515
886,9997
886,5602
884,6286
884,6316
884,9388
885,7123
886,4395
887,2630
881,7422
888,4842
887,5272
888,2281
887,9021
884,5919
887,5364
887,6010
887,2122
885,0350
888,7313
884,3158
884,0794
887,5688
887,4888
886,4045
886,3172
886,2907
888,6559
883,7771
885,4171
885,4475
886,6124
884,2964
883,0587
883,3460
887,5151
883,8326
881,8253
885,7196
885,5551
886,2226
886,8162
888,1338
887,0567
886,3283
884,1404
885,0740
886,2696
890,1246
886,1367
886,0933
889,2860
885,3069
888,7278
885,6215
883,8878
886,5535
884,7458
884,4920
885,6776
888,4292
886,8679
885,0443
883,2373
888,2893
886,1363
885,7720
887,7884
889,4376
884,9417
885,7890
887,9828
884,6405
886,8574
886,9504
885,2547
884,0449
885,7287
885,8606
886,6462
886,3784
887,6647
886,3682
886,1582
884,7815
883,9917
883,2777
884,4530
886,7708
885,5828
885,1315
885,6037
889,8390
881,2402
882,2906
884,2226
886,4699
889,2972
886,5764
885,6962
886,1763
888,3977
884,5279
886,9934
884,4747
885,0679
884,7225
887,6033
885,9434
889,0188
889,9305
886,0718
884,5189
885,9653
884,3031
886,4132
885,2157
884,8940
888,2479
885,5784
886,7484
886,6629
885,9121
886,3292
886,1732
885,9260
886,6027
885,6948
885,3340
886,4752
886,9104
887,5687
884,9612
884,4094
888,4635
884,5787
888,7052
886,7313
884,0240
885,8703
885,1743
886,3949
886,7396
887,3201
887,0821
884,5026
886,2038
883,2641
886,4112
886,1985
886,4852
888,9167
885,0202
886,4133
887,3528
886,8283
885,0861
888,1069
885,4051
888,4127
883,1156
888,0637
884,9553
884,6211
886,0134
886,2557
887,0317
886,0176
884,8284
885,3872
885,3405
889,6991
885,8224
885,5192
884,6450
885,6622
881,7261
887,4439
888,2849
885,6853
888,4611
884,9870
885,7902
884,5440
888,7815
884,4712
883,9088
887,8754
888,7752
886,4389
887,7584
886,0404
883,8076
886,9707
884,5779
884,6148
885,9298
888,2902
885,5215
888,5201
887,9807
883,9676
883,3926
885,4644
890,8425
885,8300
889,1047
886,3649
884,5210
888,7360
885,9432
883,7031
885,6714
886,3974
885,6736
886,8228
883,5032
885,2969
884,1354
886,3071
886,8829
886,9119
887,3301
888,2667
886,5972
886,6669
885,6603
887,0305
884,9626
887,2363
884,7126
886,9637
885,2986
885,1893
886,0406
884,8329
887,6083
886,0793
885,9173
886,9852
890,5219
881,4105
888,5340
887,6815
886,0912
884,8137
885,7916
888,0795
885,2900
884,9766
887,5700
887,6336
886,7769
887,7029
886,5211
888,2362
886,8604
886,3840
889,0761
888,7292
884,1386
883,1984
886,1869
886,5817
885,4702
885,8094
885,5596
883,9335
885,4945
886,2839
885,1867
886,0919
884,7525
885,5524
885,5125
886,2080
887,6549
883,8991
887,1677
887,3725
882,9996
881,6591
884,0084
885,4589
886,3108
883,3615
890,9833
888,5934
889,0901
887,4234
885,4467
888,0802
883,2662
883,6926
884,1390
885,1034
882,7444
886,3090
887,5301
886,3375
884,3110
882,5926
886,5250
885,6770
886,8370
884,8955
884,2296
886,2084
883,0456
885,3335
884,2812
885,6252
887,2107
883,1423
885,1996
888,1339
884,5677
885,4454
883,9346
887,1107
885,0865
886,2388
888,0104
886,1879
885,5103
885,7486
888,6104
885,2163
888,1242
883,6320
884,8801
885,7722
886,9884
885,9528
887,6886
885,3025
884,3096
886,5771
884,7802
888,1291
887,2183
885,2136
886,5810
883,3833
884,5907
890,2245
883,9984
883,3041
884,8356
885,2986
887,8376
886,5552
885,6397
883,4299
891,7467
884,7561
884,6346
888,0870
885,7053
888,6252
885,0909
885,9879
886,5581
889,7843
884,5158
882,9215
885,9784
884,8717
885,6226
886,7765
888,4356
885,9792
885,8208
884,6932
886,9654
887,0555
886,2194
885,5410
883,7270
888,6488
887,0832
887,0616
886,9271
884,7088
887,9700
886,2233
884,0609
886,6376
884,7175
887,1962
887,6544
889,1992
887,4048
884,4181
882,3228
887,6526
885,5563
887,0825
887,7721
885,8286
886,5381
887,7628
888,7489
885,6423
884,8580
886,2923
885,1721
885,2813
886,1710
881,9446
885,5789
887,2853
888,5407
882,5823
887,1636
888,7201
885,9482
885,5489
884,0112
882,6314
888,5913
888,6546
884,7141
888,5498
885,8265
886,9430
885,2889
886,6324
885,9536
884,4452
886,1176
881,3617
885,9350
884,7420
885,1014
888,7472
884,0822
886,6835
886,9694
886,2059
887,5917
888,4791
882,9207
888,9509
886,0456
887,8002
886,2468
881,8185
883,2612
887,5366
884,8689
884,1161
887,1877
888,6197
884,2695
886,3486
884,8010
885,5280
887,4698
887,3086
887,1733
885,6119
888,1381
887,1220
885,8800
885,7874
885,1792
885,0877
884,5121
885,2553
882,4937
885,6639
887,3528
885,0573
885,5080
884,6959
881,5795
885,0306
887,7938
885,8129
886,6509
887,4972
884,5963
888,1464
887,2977
885,5964
883,0525
888,8429
888,0923
881,1497
886,4118
884,7076
884,3888
885,3812
886,5957
884,0496
883,8201
886,1277
883,9924
879,6996
885,5651
887,4365
885,5546
884,8009
888,2877
883,4000
885,6158
891,1793
886,3180
890,0234
888,5565
883,1726
887,2392
889,3296
886,1983
890,8346
885,5568
884,1050
883,4344
884,5459
885,1392
889,5593
887,0162
881,9111
887,5924
889,8716
885,5502
884,9792
884,3894
883,7011
886,2931
884,0323
882,5694
885,6437
882,3947
887,0561
884,7955
884,4625
884,5332
887,1646
889,1299
885,1208
884,2385
886,3664
886,0004
886,6852
885,4193
887,5563
887,4053
883,9118
884,3847
884,0875
884,7530
887,6541
888,6822
884,7139
883,3181
888,0045
886,8569
887,2321
885,8474
885,4884
885,9664
885,3955
887,8039
885,4785
883,5579
885,4173
884,7191
884,6219
885,8430
886,2627
883,1435
887,9528
884,8722
884,3492
886,6149
883,7184
887,4892
885,5243
885,0485
885,2649
885,4597
883,9318
886,0043
886,6234
886,4521
882,6652
888,2022
886,3699
883,6732
882,7910
888,4717
887,1096
885,0024
885,5616
885,8207
885,0641
888,0710
884,3866
886,1708
888,5745
885,1380
886,4929
885,4115
883,6625
883,7580
885,8220
887,9350
888,7899
886,3339
883,3025
883,0799
883,4159
886,7167
884,1598
886,0585
887,1148
886,1769
884,8173
886,8126
886,3712
883,8273
881,5296
887,0813
887,6070
888,3285
887,2457
885,9954
884,9379
884,7711
887,5363
886,3435
885,2115
886,1688
884,8108
886,9611
885,5377
886,7193
882,3702
885,3058
883,0511
886,4321
884,4296
886,4986
886,6934
889,7339
886,7050
884,3436
886,4337
886,5144
884,5535
885,3943
886,9838
886,8730
887,6612
885,0130
884,9441
885,8847
885,1518
886,4527
888,8109
882,9912
884,8705
885,4696
887,4420
884,1117
889,7945
884,0627
886,8548
883,9900
886,6196
886,9634
888,3177
890,1190
887,3212
883,2250
885,9531
885,8451
886,9962
887,7977
885,8964
883,1751
887,9063
884,4739
885,4219
884,9796
887,8014
890,2908
884,4501
888,6505
886,1575
883,1532
886,2198
887,1765
888,6589
885,1824
884,0291
885,3679
885,9227
885,4806
883,5789
883,8833
886,5393
886,2305
881,2705
887,1991
886,8989
886,3205
889,0051
884,7456
883,4045
886,9804
884,8516
886,9446
889,5299
886,1228
887,9969
883,3077
886,2776
885,1948
887,0511
889,1814
886,8287
885,0241
887,4217
884,6410
890,5835
884,6333
885,7076
885,5883
887,5834
881,4025
886,0113
887,0408
886,4646
886,0676
887,3978
887,9972
884,8682
886,6041
884,6321
888,6361
883,7540
886,3250
884,7899
886,6003
887,2136
885,7388
887,4061
883,2912
885,1821
887,3955
887,1577
885,8975
886,5878
885,3451
888,7417
890,3664
887,0626
884,2868
886,5541
884,7231
887,2112
889,3178
885,8165
884,5624
886,9381
885,1106
889,4845
885,5036
886,9003
885,6430
882,1178
888,8364
884,1179
884,3990
887,2054
884,3368
886,1766
886,0016
886,2364
884,7759
884,6502
889,4052
888,6791
883,8036
885,4334
887,1894
886,9931
886,9881
886,6037
883,2878
887,0066
886,2173
886,8548
883,5077
887,0906
884,5472
883,7307
887,8599
884,2690
886,6487
883,3361
884,8318
886,6706
883,8926
885,6609
886,1663
885,7734
883,7917
885,4730
883,9766
887,2141
887,5307
888,2252
886,7757
888,7649
885,7508
885,2590
884,7448
883,9425
886,7932
883,8818
884,8530
882,9428
886,9489
884,3593
887,6924
888,2432
885,7426
888,4104
884,7653
887,2280
887,8989
887,8043
887,9046
886,3435
884,8346
886,7972
887,3661
886,9136
890,1033
887,2250
888,2853
884,6964
887,5839
883,4166
886,2452
886,0281
881,7414
887,8856
887,1670
883,2101
886,5376
883,7490
887,4635
888,1840
886,1130
887,8425
885,3887
885,7465
889,7022
885,7442
886,3487
888,2549
885,1591
887,4659
884,4042
888,8282
883,7217
886,6058
885,5179
887,3813
887,6867
884,0817
886,6663
886,1854
888,6178
883,4495
880,9308
888,0094
886,7432
886,7814
882,5717
886,2395
884,7928
884,6837
886,4557
888,8307
887,1030
889,2825
889,0134
885,1939
885,8812
888,1688
886,7547
884,9874
887,0067
885,6549
886,1352
885,1149
888,6122
884,7193
887,7965
884,2826
889,6127
887,3240
884,1734
881,6750
881,3293
886,4398
883,0079
881,0167
885,2794
886,1323
885,1249
886,0597
887,5611
885,9124
884,6689
887,3580
887,1083
887,9202
887,3621
887,7224
882,6013
884,6075
886,6360
887,9561
884,3189
884,9762
884,4117
885,4203
888,7880
883,6299
886,3106
886,3820
885,3085
888,6518
886,7331
886,9209
883,6066
884,1388
884,1019
887,1125
885,3117
884,7564
887,1979
887,4540
886,1433
887,2747
886,4440
885,9826
886,4382
882,1874
886,7852
885,2048
886,9975
885,4272
886,8330
888,0664
884,3287
886,4080
884,7154
884,4042
885,4193
888,4058
884,2920
884,0089
884,7887
884,3961
886,0488
884,7465
881,3970
887,3435
885,2826
883,8375
884,7522
884,6083
886,4856
885,7832
883,7821
883,7901
883,1551
886,2475
883,8798
888,1637
887,5643
884,9931
885,3013
888,1257
886,2770
885,3134
883,4694
884,9246
883,2208
887,8264
886,8860
886,5150
884,4662
884,6248
886,9544
887,9982
883,1533
884,1025
889,3665
884,6595
886,9415
885,9395
886,5881
885,8396
886,7815
885,9642
885,0241
888,5982
883,5876
884,6215
888,3548
886,2233
883,5121
884,0584
888,3474
885,4647
885,2392
887,1145
886,2346
884,1920
885,4943
882,1322
885,7579
884,4400
887,1819
888,1338
887,1883
886,1762
884,5907
883,7547
886,6543
886,2343
886,3952
885,1047
883,2989
889,3864
883,6861
882,0580
885,1007
887,5916
886,8349
884,9400
882,1567
882,0361
884,7096
888,1038
888,2840
888,5412
886,5462
884,0275
881,7031
883,8585
885,0067
884,7768
888,0209
884,8686
888,7195
885,6662
886,4609
883,6501
889,5506
885,8431
886,3097
885,2694
885,5884
884,4789
885,7712
885,6331
884,6424
886,3745
886,9161
886,6889
884,9065
888,1219
885,0410
889,1524
887,5675
884,4743
889,6374
885,8670
888,4224
885,1872
885,3307
889,4970
886,2443
880,7959
886,7217
888,1170
885,4467
883,4355
890,2570
888,0834
884,8694
884,3935
884,8835
883,7849
883,7964
886,4148
887,0177
887,8061
886,5879
886,1807
888,8904
887,7260
883,2856
884,7568
884,5154
887,8361
886,2062
887,7954
886,1562
887,9474
885,6503
885,3824
885,6765
885,9607
884,8008
888,5395
885,7729
885,7224
890,2899
884,2478
888,0530
887,0658
884,4478
885,6803
885,2941
885,9003
884,0624
888,5683
887,8517
882,8757
887,9836
886,3094
883,5461
885,3705
888,8051
885,4867
886,3583
886,2274
883,3322
887,2313
885,3277
889,9740
884,8512
886,0192
887,4920
883,2196
885,1067
883,2608
886,6366
885,7526
883,2565
883,7021
886,7604
886,9922
887,3642
883,8234
889,7862
886,9713
885,9000
881,3924
884,8423
886,2757
884,1760
886,6295
886,8693
883,9450
887,0339
886,7697
885,9776
882,7834
891,8006
881,9711
887,3766
883,0847
888,5924
886,3064
884,6497
885,7643
885,8153
886,5762
884,5388
888,7439
888,3657
886,3369
890,3235
887,3942
885,2393
885,0410
887,6782
886,0340
884,8407
888,2908
883,2473
884,8031
884,8882
883,8900
887,9663
884,9891
888,1756
889,0227
887,9784
884,7243
886,3296
890,2091
888,1447
885,0690
886,1939
886,5154
883,9989
889,1758
886,1475
883,6489
888,1317
883,1700
883,7548
885,5463
887,6789
885,3943
888,9370
887,1460
887,2227
885,2455
887,4005
887,6102
886,9258
882,2197
885,3890
885,3122
882,8331
884,1466
886,9639
886,2948
888,3971
887,1958
885,0214
886,9557
890,4094
885,3440
887,9929
887,0764
888,2672
884,9610
886,7742
886,2197
886,3221
887,7305
888,4662
885,3407
886,2991
886,3951
882,5044
885,2588
887,9990
890,2038
885,1646
884,3040
881,4073
886,4970
885,9278
887,3865
884,1496
886,8161
886,7669
889,1417
887,2920
885,9231
886,0959
886,1446
885,5864
887,5491
880,6475
884,5105
881,6801
886,1780
887,3534
883,6353
885,7885
885,9781
889,5741
883,3986
884,7244
886,0327
886,2630
883,5609
885,8557
885,4193
888,5435
886,6140
885,8478
884,8684
884,0924
886,5106
886,0206
887,1970
881,9939
886,0840
883,8169
885,3891
884,1801
887,2629
886,4858
885,2268
886,5523
887,2653
885,0235
886,4595
884,6151
885,9646
886,8118
885,1883
885,7157
887,6007
885,8040
888,4452
885,3036
884,1750
885,2187
885,2152
883,3859
886,0667
882,1219
886,3851
885,9656
888,2048
885,9204
885,9005
885,6725
885,8856
886,6301
887,4484
882,4739
887,1084
884,7663
886,4507
887,7657
883,8789
886,7919
886,2297
886,8782
885,4407
884,0242
886,3778
888,1005
887,7227
884,9258
885,6955
885,4938
882,9816
883,9073
882,7225
884,4652
887,4004
886,3668
884,1509
882,6468
885,1943
887,0938
885,6475
885,2979
886,0944
886,6808
883,8685
885,5835
886,1211
885,0233
886,8939
887,9866
886,5198
883,6158
886,1324
885,7510
887,9419
886,5489
885,5528
885,6121
885,8028
885,6940
884,5901
880,5364
881,6843
889,1259
885,9732
887,0260
887,8246
885,8176
887,0462
885,9490
892,6375
887,5018
886,0470
886,3514
888,6488
886,4423
885,6243
885,4992
884,6103
888,1999
888,5170
885,7635
884,4740
885,6503
886,2954
884,1001
885,7058
884,9656
887,7275
885,5027
887,1912
886,1575
883,0999
887,5546
884,4080
886,5472
884,5140
884,2572
885,7064
883,0181
886,0112
883,7823
884,0428
884,9735
887,5205
887,4165
886,0223
886,9992
884,4762
883,4373
884,9869
888,7088
884,7858
887,1725
886,2460
885,9640
886,0478
885,6909
887,1246
887,4409
886,0779
888,0413
887,0334
889,0614
886,8213
891,0442
885,2708
886,3499
886,0634
885,2999
885,3319
886,0370
887,1626
883,7917
887,1530
887,0332
887,5573
887,1983
887,3126
885,0565
886,0594
885,9101
887,0204
885,0984
884,3156
881,9635
884,1060
889,3197
886,8957
884,1760
884,7188
886,3641
887,9226
885,8087
884,1404
887,8802
883,9365
883,7575
886,9550
887,8816
889,0029
885,9000
883,9123
887,4313
888,5687
885,0532
884,9026
887,5017
886,1726
885,2957
886,7771
884,5896
889,4309
887,1696
889,1618
887,2805
885,2525
884,9912
882,9357
888,0184
884,1491
883,4627
884,6303
885,3123
883,4200
885,8753
885,4562
880,1513
886,7305
884,9068
884,1450
884,0489
886,5610
886,0399
882,8215
886,0452
882,8837
885,1721
884,9249
884,0320
885,6250
886,7739
886,7303
887,8278
889,6133
889,5999
885,2158
885,2583
887,5607
885,1680
884,0732
888,3566
885,6022
887,9104
885,4860
885,4147
887,1406
885,7095
885,9503
887,1643
886,6295
887,3401
887,4294
883,4273
885,7818
886,3038
884,9821
888,2166
885,2813
884,3902
886,0087
884,6187
885,5738
888,3646
886,2639
886,4892
882,2413
887,1266
885,5516
884,3358
884,0912
886,0253
882,7180
884,6006
883,3182
885,0615
884,2591
884,7261
885,1788
889,7214
887,6764
888,0249
885,4664
885,7815
885,5778
886,9278
883,8468
884,3227
883,4964
887,6189
886,1262
882,4585
884,0159
885,2916
888,2171
886,6427
885,4230
887,1181
881,3050
883,4808
884,9561
889,0186
886,3404
886,0411
885,5339
883,4987
887,9095
885,5524
886,4046
885,2248
884,6964
885,9387
886,1279
882,3946
883,0477
886,8070
888,0649
885,2932
888,6436
889,6859
886,3922
884,4318
883,4310
884,3092
888,5153
883,0736
887,2448
885,1071
886,2347
886,0397
885,2245
885,1936
889,1235
885,1018
886,7438
883,3775
882,5005
884,9293
885,4034
887,1670
883,9229
885,1189
883,3144
886,0246
888,4979
884,6770
883,8098
887,1690
886,0777
886,1407
886,2511
885,0714
885,2692
886,7493
886,8820
887,4163
886,2232
883,6174
885,9000
884,8370
884,9247
887,2431
883,3091
886,8463
886,4153
885,8962
885,0704
887,1650
881,5632
885,8308
882,1017
884,0417
884,3614
888,0625
883,6928
885,1788
885,6738
883,6755
888,3383
886,3054
886,9486
889,4384
885,9710
888,5713
886,4073
882,1109
885,0699
887,1518
888,2092
885,2907
887,4740
882,8457
882,0541
885,4884
884,5889
885,2990
886,3859
887,4115
882,8938
886,0172
887,6705
887,3919
885,8613
884,9779
887,9298
886,1334
887,1576
885,2725
885,3474
883,9796
887,9634
887,2089
888,3313
883,1764
885,4765
885,5372
887,8175
885,9181
885,5247
883,5301
885,9985
887,3452
886,2324
887,2790
887,4513
885,7262
886,0766
885,0464
887,2964
889,4504
883,7251
882,7371
880,6564
883,3245
885,6987
886,3344
884,5968
885,6786
882,9314
890,8186
886,2883
884,1695
887,0602
884,4672
889,4680
889,8567
887,3674
882,7698
883,3188
889,2384
884,4553
887,7747
883,6894
889,0965
886,5217
880,5462
886,8056
891,0152
886,7183
886,5157
886,1529
884,0418
885,4771
886,2313
889,3061
881,8673
884,4447
886,7382
887,2675
891,7022
886,7341
886,2741
887,0637
885,1092
886,1392
884,9742
887,5526
887,9451
884,2252
887,4352
889,9360
886,5926
886,1014
882,8227
886,2068
886,1930
884,5416
887,1577
885,0505
886,6182
885,0500
883,4655
884,1604
884,2822
888,0293
885,8534
885,3032
887,1627
885,3113
886,0072
887,9383
883,2523
884,9583
884,5750
885,7230
885,2521
885,3236
885,8727
888,9156
883,7376
884,6595
884,2015
888,0840
882,9399
882,8002
887,0895
888,9075
886,4580
887,5153
887,7827
886,8884
888,0488
887,4748
883,2291
885,0076
885,3473
886,0262
884,1983
884,5938
884,5288
886,0446
886,5505
885,1264
887,4481
882,1184
889,8036
888,6009
885,9601
887,3973
884,2710
885,4292
886,8853
882,6682
885,0041
887,7407
886,4557
884,0678
885,4205
884,4562
883,8815
885,0947
888,4539
886,5366
885,3691
886,4793
885,7940
887,6640
887,2983
886,3067
885,1985
881,4570
886,7621
883,0886
886,0563
886,4072
887,9509
884,6955
882,8005
885,4274
886,0701
888,5303
885,0012
884,1918
886,4452
884,1844
884,4766
887,4327
888,8878
883,1315
889,4711
888,9220
885,9193
886,1369
886,2306
883,8292
884,9228
886,4317
888,9733
887,8777
883,3056
885,3598
884,2000
887,3119
883,1392
888,8848
888,3827
887,4472
888,2073
884,8014
888,9415
889,6625
886,5259
883,1850
884,4114
887,7060
885,6152
885,5742
884,7381
888,2219
884,3122
888,2277
887,2506
887,2323
888,2869
889,2498
885,0346
886,5364
885,7893
888,6240
885,0088
885,6156
880,0199
888,6171
885,8805
884,6489
885,8862
882,4674
888,5626
888,4603
883,9885
885,7287
885,4370
886,9358
882,2821
888,1649
886,8082
887,2345
887,5397
886,0883
884,8565
889,0636
883,2908
887,0960
887,5201
884,8578
887,2965
885,3165
886,0693
885,2541
882,3709
885,3212
883,2837
884,4488
884,4505
885,6544
888,4695
886,1250
886,2296
886,0035
883,7676
884,5367
885,5636
884,2050
885,2454
888,3715
886,6839
884,5359
885,9051
887,4190
889,8296
884,9508
884,1145
886,5495
887,8029
885,6526
887,1787
885,2433
886,9298
886,4002
887,6250
887,2390
886,1499
886,9170
885,9841
883,2414
886,0533
886,8229
888,6284
887,2494
886,7922
885,5091
889,3363
884,6817
885,7326
886,9717
884,3414
886,2518
885,9790
885,9599
885,1992
884,4850
883,8102
887,5931
885,9509
886,3056
888,6501
885,3955
885,2168
885,2964
886,8505
885,2329
886,7446
885,3694
885,5230
888,1576
885,2322
883,3108
885,1684
887,2644
885,5153
886,2084
887,9558
887,8105
883,4186
883,4187
888,0744
884,2546
887,1670
887,4311
886,0743
885,1778
887,6836
884,8032
885,1963
888,1994
885,6947
881,8710
884,0003
884,1282
887,5018
881,6481
885,5922
886,6981
886,7299
887,0330
887,9864
887,8152
886,2603
888,7783
885,4792
886,7773
885,4170
890,2824
886,8551
883,7189
885,7795
885,0935
884,0768
885,2180
888,1753
883,9228
887,6089
884,9236
885,1915
885,8142
882,9718
882,8232
884,0774
882,9848
883,9374
884,0893
886,6510
882,9320
882,3600
886,1178
885,6981
883,8535
889,6564
886,2561
884,5815
888,8916
886,2400
885,7655
889,3502
886,6925
887,6403
884,5946
888,0768
883,3069
889,0666
887,9529
886,3084
885,8134
886,3581
886,0379
885,7046
890,2411
886,9355
886,1159
885,4190
886,4208
885,7941
886,9558
888,4014
884,6211
888,1634
887,9731
885,8330
886,4926
884,5956
889,3872
883,3298
883,2446
886,5587
889,6671
886,3781
887,3556
883,9044
887,0048
885,2614
885,2536
888,4361
886,1859
888,0304
886,1704
884,8464
887,3982
885,8519
886,7751
886,8805
884,7098
884,0675
888,3641
883,4116
887,4681
882,2010
885,1084
884,9891
886,9698
889,8251
886,2797
887,0339
885,7612
883,9311
885,8709
883,3859
884,6000
886,0478
888,0308
886,6525
887,3978
886,8255
886,3897
885,9311
883,9944
885,5251
886,9935
886,9743
884,4727
887,3826
887,6464
886,5749
882,9522
882,8213
888,8367
885,3076
884,4257
884,4044
881,8920
887,0940
889,9283
884,3847
885,9238
884,2819
887,9555
888,5179
886,6404
884,9544
885,0431
882,8870
886,4534
884,7143
884,9726
885,1558
886,5778
888,5340
885,3869
887,5263
885,7119
887,9154
887,4181
887,2801
883,5827
886,6032
888,5603
884,9027
885,0755
887,0319
887,4466
881,7948
882,8534
886,8402
888,1157
886,4384
884,1880
887,7000
886,4480
884,6484
887,7209
886,0679
886,6004
884,4806
888,2288
886,2460
887,0898
883,1457
886,2130
884,6646
884,8574
887,5805
885,6804
883,9851
888,3043
886,7906
886,8503
886,2746
883,9328
886,7590
886,4117
882,8649
885,5355
884,5134
887,3093
887,6917
885,7963
888,2775
888,1143
884,9577
885,7719
887,9085
884,9888
886,4608
890,0154
884,8232
883,9761
884,1481
885,2273
886,5991
884,1897
886,6012
884,8518
887,6260
886,8565
887,2826
883,2862
886,3685
889,7279
882,5155
887,8072
886,7991
887,3746
888,0352
885,1427
883,6170
888,4150
884,1087
885,0033
886,3835
891,4948
885,8852
885,9557
884,0645
882,0374
886,6122
888,0998
883,9083
884,3575
886,0892
887,2619
885,5034
884,6728
883,1332
885,2733
887,2757
885,2991
886,9323
888,5226
884,0507
884,2213
883,9215
885,9698
885,4977
885,6422
885,3831
884,6741
885,8954
886,7568
887,3880
886,1905
884,2271
886,6159
887,4043
886,8918
881,5464
890,1240
886,3536
883,5118
886,5345
882,0403
881,7755
886,5952
885,2088
887,1516
885,6256
887,7008
883,8167
884,7738
884,3208
887,5720
886,4006
886,1709
886,3590
885,6470
885,0668
885,4394
885,1447
884,6668
885,0281
888,0474
884,1054
884,5907
884,7323
886,3882
888,7715
885,9636
883,1961
886,5429
885,7770
887,0356
886,7167
885,7673
884,1879
888,5567
889,2831
885,3390
885,2460
887,3339
886,8832
885,1990
885,5468
885,4070
886,2342
886,2662
884,3060
886,2770
887,9141
884,3994
885,8643
887,2052
887,1594
883,4766
887,6183
886,4200
886,4533
888,4695
883,5070
883,5796
885,8892
884,9026
887,3609
889,8487
884,1139
885,6555
886,7872
886,5701
884,1200
884,0619
882,7610
885,2414
885,9728
889,0766
888,2803
887,3935
886,1428
886,5427
887,3067
884,5955
890,1526
884,5439
884,2596
886,3589
888,0608
885,0808
886,1666
885,3696
886,6495
885,1464
886,2304
884,3165
885,4378
886,8707
887,2129
885,1505
885,0183
885,4030
884,6622
887,1578
890,0117
888,8943
883,6290
885,9254
887,4093
887,0533
886,3709
888,1823
888,9934
885,9780
885,7565
885,2759
887,2522
887,0730
886,6139
886,8943
885,1051
885,1810
886,6942
884,0294
885,4550
886,0720
886,5555
886,2697
886,7605
886,8387
884,9229
887,6204
886,5649
884,5573
885,8421
885,6536
887,9787
889,8911
884,6586
885,5140
886,4899
886,5219
890,5017
883,1462
883,4428
884,2881
885,8490
885,2289
886,2619
888,0689
888,2646
884,6529
887,8545
883,7705
885,7989
886,9489
884,2709
885,7628
886,2346
888,0258
884,9784
887,7082
886,2642
887,4897
885,3291
886,1166
890,9568
886,9320
883,3942
886,7908
887,2223
887,1593
886,4766
884,5319
885,3061
886,1894
890,0308
886,0193
884,5706
888,9660
886,3404
889,2143
885,4143
887,9104
888,3923
887,5859
883,8311
887,1125
886,7338
885,5646
886,4021
888,6938
889,7220
883,7653
887,2759
886,3194
884,8764
887,0607
885,0731
886,4010
884,9707
882,9287
885,3011
886,4022
885,2175
887,6860
885,4588
887,0717
888,5994
883,8532
884,5206
884,1619
883,6652
889,6402
886,4103
886,2874
886,3813
886,8372
886,5189
885,8964
886,1300
886,0108
887,5438
886,5510
887,3138
885,5551
887,5395
887,3319
886,5912
885,4454
882,7631
883,9238
884,6337
887,5290
883,7701
886,9941
885,8558
888,9384
884,5574
890,1422
885,6518
886,3478
888,1471
885,5649
885,2851
885,0762
887,7698
887,3181
885,0594
885,6612
884,9680
888,3093
880,6621
884,7823
886,4655
885,8887
887,4686
885,3525
888,6459
884,5682
885,3623
885,9753
884,5969
885,3987
884,8485
883,6197
883,4817
886,0208
885,7207
882,6834
886,9352
884,0378
888,3110
886,6005
886,9480
888,0878
887,6433
885,0312
887,7106
886,5383
883,8045
887,3019
885,5121
886,4989
886,3493
887,0713
885,7586
887,7315
884,3032
887,2980
884,0387
885,7688
888,7143
885,7913
886,0597
883,1377
885,7764
887,7517
883,4509
887,7239
887,7720
887,1169
884,5468
885,8929
887,1426
884,1112
886,8550
884,3651
887,7062
884,0440
884,8788
882,5590
887,6006
884,1275
885,0926
887,2451
882,7923
885,4934
885,3523
886,9816
886,7246
882,9102
887,5402
890,2211
885,7033
888,3088
889,0138
886,3490
884,5942
884,2830
885,4814
883,0638
885,8376
887,6722
886,3408
882,5223
887,5940
884,7660
883,8554
891,3174
886,0159
889,3551
886,8754
885,2498
888,6287
886,5130
884,4864
885,4746
885,2318
884,2480
883,3059
884,9469
884,8422
885,6777
884,6559
885,3371
886,5359
885,3816
888,6602
889,6844
886,8062
887,6559
886,1527
887,2491
887,2033
887,5538
883,7571
886,3571
885,7778
887,9421
887,0025
888,2130
883,3233
887,2875
885,8558
888,8271
884,2149
883,8883
884,7643
883,6149
885,6753
883,8571
885,2164
883,9463
887,5785
887,6862
883,8523
886,7349
884,4349
886,2225
885,1875
881,7252
884,0701
884,6281
887,7225
888,5462
884,3087
886,4735
884,8791
883,8009
884,6342
884,5683
883,6362
885,5961
884,6536
884,9599
883,9697
885,8556
890,7994
884,8107
884,7098
885,2451
885,6050
888,4512
886,2156
885,1280
887,0305
887,0641
885,7298
887,8682
883,1810
888,5599
885,8567
887,7547
885,7357
882,1097
887,0778
885,6738
885,2703
887,8483
885,4798
885,3832
883,4704
882,4572
885,0326
885,7847
884,5771
881,5113
888,5030
887,2399
886,3670
882,3591
888,8161
886,0101
886,1072
887,1030
885,6327
885,0489
887,2208
886,1389
888,3897
888,1593
885,7145
888,1369
884,7682
888,1391
884,0509
883,1994
885,1932
885,0476
882,6332
886,6487
884,6371
886,2665
886,3433
885,6614
884,5417
885,6037
887,8543
887,5697
889,0123
887,6122
884,4503
886,9239
887,5820
885,8857
888,1051
886,4947
886,2905
885,1133
888,6219
886,8011
886,3379
885,7154
884,6522
887,5615
887,2931
886,1567
887,5821
883,7741
889,0700
885,9116
885,6103
885,5419
886,6913
889,0110
886,4155
887,8359
886,7955
884,8115
885,8605
885,0816
888,1315
889,6237
884,2555
884,8100
886,6167
886,9123
887,4728
883,9112
888,1210
885,1349
888,3249
885,4534
888,3487
884,3964
886,9666
885,9676
883,6453
883,1710
889,8810
889,1552
886,5155
888,4859
888,7050
888,0923
885,6322
885,4940
884,3761
888,4414
884,9524
884,3459
883,5459
883,4472
885,8417
886,3348
883,7442
886,8106
884,7329
885,2693
888,2122
882,9015
883,5948
885,5550
885,4170
884,2663
886,0861
887,3806
885,4173
887,0853
883,0717
888,4285
888,2564
889,7040
886,5642
883,7336
883,4894
885,7600
883,9026
883,8780
885,9050
887,8085
887,4756
884,0019
883,4870
884,8323
885,0969
885,5184
886,1840
887,3978
888,3732
885,1982
883,2550
885,0305
887,2314
883,0540
883,2782
885,0139
888,5218
886,3460
885,4057
886,3934
885,6187
885,8995
884,4223
887,4807
887,0420
884,1968
885,2634
886,6046
885,6954
887,1494
884,0563
887,1638
889,3724
884,6650
885,3517
888,4877
887,4577
885,5304
886,8010
884,5473
886,7572
885,3808
887,3063
887,8653
883,4637
886,2682
886,6174
886,6425
887,5909
886,8121
882,1063
884,2550
884,1135
884,3737
886,5128
887,9928
883,9381
889,6530
888,5289
886,4513
885,4007
883,5907
885,9729
883,6745
884,3708
885,0980
883,1147
884,7370
885,2523
885,7732
885,7839
884,1139
886,1128
888,3679
888,1684
883,2589
883,7205
885,3319
885,1889
886,6598
886,1693
885,8500
885,7739
884,0741
887,5520
886,0503
885,3236
885,8188
886,2882
888,3805
883,7128
886,7813
886,5843
887,9241
888,2908
886,2202
886,9698
886,8731
884,8234
886,2703
885,6529
886,4955
885,7691
886,8863
887,5560
883,1402
887,8156
885,8798
885,2502
886,1516
888,4798
886,3070
884,1247
888,5001
889,8079
881,8948
887,2506
884,5056
887,5716
884,4083
886,5260
885,4082
884,0771
885,9096
886,6063
887,8659
888,8411
884,6502
885,6858
884,9010
884,3317
883,9916
887,0556
887,5130
885,2746
887,4984
886,4884
883,9350
886,0658
887,7508
887,9186
885,5013
882,1823
886,3200
885,1098
884,8501
885,4780
888,1382
888,7008
887,1615
883,5478
881,8463
884,5459
886,7525
885,8915
886,0844
885,5994
884,8799
888,1797
883,4318
885,5468
885,3117
887,3126
888,7197
884,1289
887,5612
884,3159
884,3224
887,0467
884,1673
887,5029
886,0714
884,1627
883,9828
886,4596
884,1772
886,2266
888,7203
884,8776
885,7296
885,5347
885,4588
888,5323
883,1945
885,7183
885,2573
882,4738
887,1257
885,9626
883,4127
887,2215
886,5822
885,6069
888,0523
883,9828
886,4369
888,0096
886,7105
885,3349
883,6447
886,3482
886,1303
881,5583
884,9054
883,5218
883,8891
881,0337
884,5692
884,4600
885,8188
887,1389
888,2082
887,8436
886,4773
881,7031
881,8048
888,4791
881,7962
885,9474
888,3429
888,8338
887,0108
885,2353
887,6937
888,0405
882,9050
885,5194
886,6994
881,7152
885,7559
885,5867
887,4288
884,1300
883,1432
886,1204
882,9981
886,1097
887,1236
886,2108
884,2560
886,4799
884,0588
888,1172
886,2072
882,4114
880,9953
886,4540
885,4599
882,2349
886,1348
886,0229
887,9183
889,8618
886,3953
884,3704
885,2923
885,8588
886,5658
884,4258
883,5432
884,4315
887,2688
887,0232
882,7833
884,8738
881,8994
883,4064
886,9046
884,0029
887,9971
884,6746
888,6832
882,5932
887,5691
884,4700
886,0531
884,9470
885,0257
886,5160
885,8265
887,3965
887,5724
887,1836
884,3546
886,6944
886,9494
889,8796
884,7931
888,1705
888,1718
886,9223
884,8346
884,0481
888,8427
886,9240
885,9418
886,2190
884,6384
886,5095
885,8149
886,2814
886,7549
889,7564
885,0962
887,0170
887,7248
888,9882
886,7646
886,7029
884,8220
884,7241
884,4444
884,1888
885,1708
883,8923
884,1653
883,4210
888,0079
885,7032
885,8339
887,4047
889,3707
890,4833
886,0388
886,6780
883,4479
885,0772
883,5264
886,5894
882,7876
887,8410
885,6063
883,6458
887,6843
883,3303
886,4025
886,6818
887,8279
887,8106
887,6912
888,3302
887,2344
888,5460
886,8965
883,3238
887,5651
885,0825
885,9841
886,8986
885,0833
883,9313
888,3722
885,9510
884,7385
887,3924
883,6706
886,6311
888,9546
887,4539
886,2393
887,6960
883,5037
889,1271
887,3332
888,0425
884,9636
887,2205
884,6616
884,9579
888,8188
884,8308
886,6231
886,6071
883,8030
884,2606
883,1694
884,8515
884,3293
888,0954
884,1444
887,4953
887,3943
884,8369
886,8024
886,9117
882,9131
886,1786
885,9798
885,3106
886,5496
882,4649
884,7029
882,5365
886,9104
885,3041
885,4416
887,6831
884,3311
887,1184
888,4823
884,5812
885,2157
886,0363
884,1285
885,3618
887,7507
888,3528
884,4778
884,7331
885,3788
883,1086
888,9985
883,4889
883,7350
885,1942
885,9468
885,6551
884,2669
886,5469
886,8224
884,9441
887,5818
886,5130
889,9140
884,6604
888,3324
887,0420
886,3748
887,1018
886,6567
884,8017
884,9767
885,8794
885,0136
886,0363
885,5434
886,3956
884,8262
887,2958
885,3172
886,1435
888,3768
886,0593
884,1984
884,6863
884,1004
890,0310
882,8162
886,1237
885,8596
886,2581
883,1682
885,3679
887,8540
885,4849
886,3113
882,5161
886,2108
886,4962
884,0786
885,5929
886,8524
885,9873
884,8099
888,8298
885,0792
884,9566
887,2134
885,1817
883,8203
886,5681
884,3906
883,3072
881,2244
886,3130
887,7390
886,8614
885,3762
884,4378
886,2461
883,6151
886,3329
883,8089
885,8862
886,0107
885,8851
886,2362
885,9936
883,0135
884,2059
887,0448
885,1257
892,1356
884,1921
888,2044
886,2584
885,3180
885,4189
887,0148
885,0682
887,1540
885,7697
889,4693
887,4997
884,9714
886,6922
886,2879
887,1501
885,5551
885,5633
884,7276
884,9624
886,2995
884,5276
883,7134
885,6983
884,4345
887,7810
889,0017
885,4159
889,4083
885,1095
888,2233
886,5486
885,9603
882,1280
889,2203
887,6781
884,4990
886,7066
885,6604
886,1804
888,2818
882,9916
886,6376
884,8514
882,7484
888,4411
883,6947
884,5739
889,2654
884,0407
885,6734
888,8360
886,2009
885,5591
887,1649
888,3973
885,8559
885,9791
884,7422
887,1047
883,8471
890,7770
882,3778
883,7742
884,5280
887,7129
887,6634
886,9495
888,3466
885,4010
884,1350
886,2754
884,2344
884,2424
886,3720
886,5209
888,7304
886,3961
887,3430
885,8302
882,2789
887,2079
883,9315
887,2746
885,4136
882,2504
882,6796
885,2284
887,0542
886,5650
885,7787
887,8617
885,7675
885,3961
888,6441
886,5640
886,5716
885,5627
881,9159
883,5663
885,9783
883,7336
886,5347
885,1237
886,2685
885,0967
886,5875
885,7415
885,3892
884,4258
883,4755
889,9205
885,3461
887,0935
888,1149
885,7029
883,8205
882,7657
886,2011
885,7846
885,7560
883,8226
884,2427
887,7137
884,8247
887,1438
884,6016
884,4763
885,4343
888,7440
888,0217
885,2810
886,5351
884,2832
886,0714
887,4019
887,5091
888,9831
886,9509
885,0512
885,7537
887,8060
886,3896
886,0328
885,3385
887,4716
889,2978
885,6428
884,8117
889,0259
885,2751
885,7471
885,8913
887,2329
886,4003
884,3431
889,3375
886,5127
885,4636
884,7068
886,7862
888,5846
885,8306
887,5460
885,3117
886,3990
887,2222
887,1449
883,8153
885,3201
885,7603
886,4405
886,4839
885,8127
884,0294
886,2135
885,9669
884,7908
886,9041
886,2731
887,2738
887,8365
885,5525
887,9551
884,0422
884,7028
887,8130
884,0837
884,2288
884,6602
888,3366
885,6476
885,6524
886,0095
886,6450
883,1578
886,8994
883,6261
887,1129
887,7770
886,5197
885,7862
883,7956
885,8502
886,2850
886,8823
883,6308
885,0498
885,1675
886,7947
886,8739
890,0636
883,1238
883,7804
883,8046
884,1659
887,5481
888,6588
886,1045
883,9223
887,7264
888,3024
886,5444
886,5896
889,6118
884,6010
888,1658
887,6002
886,9766
887,9211
885,9207
885,6946
885,3906
885,3479
886,5161
885,6035
886,2755
885,6183
885,3285
885,2222
888,5746
886,7318
884,3290
885,9201
883,0506
888,7465
886,0238
884,2761
887,0844
887,6419
884,2072
885,4482
887,6066
885,3375
884,8632
884,5276
887,6438
885,9258
888,1392
883,2768
887,1615
886,7626
884,1733
885,8656
883,8132
887,2087
886,4003
885,4308
887,3930
886,5396
885,3054
885,5523
885,6597
886,4083
885,6500
885,0376
880,4228
889,0893
887,1678
884,2098
882,8766
882,1334
883,2644
887,5611
885,1403
887,1009
886,4831
885,8545
886,5295
882,3934
888,6786
886,5748
886,3333
883,8991
886,2019
885,6798
884,8072
884,2735
887,6866
886,8322
883,7132
887,3372
886,0900
886,5928
884,4449
886,5567
885,3100
884,4154
886,2605
884,5963
886,9901
887,1587
888,3331
882,4035
885,2487
884,2708
883,1026
886,4953
884,5035
884,8097
886,7702
887,9488
887,4264
886,0496
887,8856
886,5498
885,7798
885,1968
886,2667
890,2525
886,9436
884,7673
889,7183
884,9767
887,2130
887,1554
884,2095
888,7703
884,4751
882,4525
886,5558
885,3640
884,4648
887,9852
888,2782
885,9060
882,4670
890,4578
885,6357
883,3981
883,6834
885,0835
884,8445
888,9196
885,2806
886,6897
884,2893
884,5294
886,0529
883,0431
885,9504
885,4094
884,9679
885,9197
886,9902
887,1661
885,5711
886,6493
887,6602
884,1355
883,4633
886,0366
884,4617
884,6250
884,5232
885,1465
884,5651
886,1169
889,5067
883,7912
886,2799
884,6817
888,3892
886,6144
889,5612
885,9191
884,1694
889,6474
885,0942
887,4544
888,2411
882,4703
887,2447
886,0392
886,0884
886,9497
888,0442
888,3084
884,0638
885,6474
884,8893
884,3577
886,5625
888,8491
887,0626
886,4979
885,7799
883,8372
886,8487
888,6367
887,9855
886,4130
889,4969
883,2704
883,8095
884,3876
888,1050
888,6553
885,3812
886,4529
884,9803
885,6071
888,7961
884,8228
885,1961
887,3572
888,0978
884,3369
885,0550
882,8955
884,4828
887,2901
887,9796
887,5612
882,6331
885,6534
886,7085
887,3054
887,4834
888,8809
885,5093
889,5786
886,0150
886,9976
886,8306
885,8791
885,9986
887,1653
885,5262
884,6357
884,1629
885,7837
886,5602
884,7931
889,3565
887,0844
884,0247
885,7955
885,6146
882,8783
887,3323
886,4763
885,4401
888,1859
885,6857
883,2756
883,7685
886,2739
885,5684
883,4881
889,2393
890,0295
889,4235
884,2113
887,2974
886,0529
889,3136
885,1988
889,9239
888,4106
888,2744
885,3831
886,7582
888,2022
884,6037
886,2066
886,9975
887,2374
887,4506
886,6991
887,8036
884,8556
885,5974
888,5804
888,3764
887,4082
884,4340
887,7705
886,2971
884,1726
887,1845
885,9697
887,2935
885,6984
886,3973
889,3247
886,4538
886,8699
883,5099
887,1732
886,4342
887,1472
885,7697
883,8396
889,3747
888,6564
886,3488
882,5631
886,4102
884,6442
885,4227
885,9151
888,8346
886,6971
886,1303
884,7718
885,9164
886,6126
888,5115
886,7574
885,7195
890,5290
885,5879
884,6046
886,3133
887,6167
886,5786
886,5966
884,5542
884,9387
885,8518
886,3143
889,4293
888,1593
885,4318
886,4085
889,7528
887,7512
887,0003
888,9688
887,6595
883,8165
887,2684
883,7020
887,3610
886,3577
886,7513
883,7556
886,4656
887,6316
885,3109
885,8552
886,7446
886,1184
885,2931
885,2007
882,7083
889,7883
883,7430
886,0697
886,1125
883,4886
884,0995
885,3348
885,5226
885,4800
884,6722
886,4084
887,8869
885,4089
886,1344
887,9700
885,2865
886,2711
888,5586
891,8714
885,8100
885,8797
885,2383
885,0396
882,8625
884,6797
885,9615
887,5942
887,7006
883,5441
885,8141
884,3214
886,4025
889,7121
886,8856
885,1564
883,6608
886,5868
886,7996
888,3026
884,7632
886,0919
887,6366
885,6666
886,6847
887,4173
883,5596
888,2306
887,6029
888,5262
884,6303
882,7990
884,7442
887,3208
886,5224
886,4903
886,1939
888,3816
885,3720
890,0159
887,7967
886,2526
886,4389
886,3254
887,9618
888,9037
885,3971
884,1340
885,6773
883,2205
888,2108
884,8393
887,7901
885,8921
888,1720
884,7137
886,0010
886,2323
887,0204
884,1033
883,7460
885,4152
885,5684
887,5005
883,5585
887,2569
886,3781
886,3861
883,4690
885,9015
886,7221
884,5081
886,2232
887,3754
886,9289
885,6206
883,8110
884,4343
887,3534
887,4340
883,1410
888,8837
886,1271
887,9000
886,7634
889,3649
884,1559
887,5075
884,2303
886,5584
882,0137
885,2207
885,4143
885,4104
884,3271
883,8198
887,5038
884,0846
887,4837
885,1945
887,6800
885,5675
886,1139
881,6078
888,2632
884,5745
889,1827
887,5551
887,2273
884,2981
883,4858
885,1001
887,6873
884,5398
883,8345
884,3177
881,9971
887,7251
886,6295
886,3405
887,9183
883,8071
886,0522
886,6630
881,3279
885,1801
885,6521
886,9707
885,0798
886,4073
888,6022
886,0139
884,8022
889,7122
887,7631
882,6519
888,2037
884,3451
888,1817
885,0041
886,3690
888,5360
885,2666
886,3153
883,9208
884,3226
886,9361
884,0585
883,6315
885,6387
884,8073
883,9783
886,6539
889,6255
884,0033
886,0362
885,3503
888,5050
887,0329
886,2943
886,0187
885,7064
886,6385
887,5579
882,9749
886,4717
885,8170
886,8178
886,3051
886,9223
889,5057
885,0397
884,5843
885,1910
888,7485
887,3974
882,1579
884,3848
888,2841
885,7493
888,4669
887,6935
885,8566
885,5406
888,0405
887,3159
886,7852
886,7067
884,9846
886,8728
887,4300
885,9055
884,9127
885,4494
883,8525
884,5051
885,3231
883,4758
886,8019
887,7156
886,9740
886,0549
887,3671
887,1149
883,9336
887,5111
887,9416
885,5126
887,7073
887,4648
885,0717
886,7153
887,8869
882,5819
886,7918
885,3006
887,0891
889,2652
886,6270
888,6721
884,5822
887,5410
886,2703
886,3801
884,3198
887,1663
884,8760
887,7193
882,7101
884,9854
886,8538
885,6117
884,7213
884,9920
887,6836
885,3206
889,0993
887,4126
884,7902
885,8860
887,2424
888,7999
887,2255
883,6508
883,5010
884,8544
886,1332
886,0380
885,9873
885,5386
885,4816
885,3330
886,5606
886,5006
886,2475
884,6407
887,8481
886,1232
885,2318
884,2585
887,6104
889,3487
885,4308
886,6344
886,8103
886,2972
886,6024
884,4881
887,4044
886,6099
883,3749
886,5394
884,7340
884,2473
888,1465
887,7261
889,7401
884,8666
886,8418
885,6645
888,4444
888,1870
884,4184
887,4763
885,6244
884,7773
888,5061
884,6565
885,5062
883,2695
888,5801
885,4354
883,8925
882,7608
885,3453
887,6982
887,3670
887,5497
884,4994
885,6613
884,3399
887,3437
888,2507
889,6423
887,1124
885,4268
884,4214
887,0878
885,2359
886,1907
887,5138
886,9936
885,4599
884,3100
886,7200
885,2261
885,5911
886,6109
882,8011
887,3620
883,4909
890,4834
883,6603
885,0380
887,1135
885,2608
885,4819
883,7693
884,2810
885,0726
885,9655
883,8128
887,6276
887,1925
883,2440
883,8422
886,9328
883,9283
887,2991
883,6088
888,6068
885,8178
886,4028
881,8445
888,5534
885,1302
885,3057
886,3902
885,8387
885,5860
886,5972
881,5848
887,2435
885,3031
884,2782
883,5967
887,3267
881,8410
887,2541
888,9137
886,5060
887,5486
886,8433
887,1580
883,0463
887,3893
885,8344
885,7436
884,9736
884,8276
884,2588
885,5348
885,8682
885,0440
885,9276
888,6348
885,6727
885,1919
890,0456
884,6472
886,8113
884,3691
883,0162
887,2446
885,0281
885,1169
883,1831
886,0163
888,8318
888,2191
886,9890
883,4450
886,4984
888,0890
890,8667
886,5749
879,2448
887,7610
885,8773
884,0608
884,6007
885,0341
885,1720
885,6176
886,2908
884,7122
889,3843
883,5216
883,4880
886,7421
883,6808
886,8197
886,7512
886,4820
885,3916
887,3193
884,7471
888,7934
887,5375
884,9629
886,1800
886,3216
888,0717
886,0558
887,4177
887,5538
886,1798
889,3292
887,4495
885,2424
884,8669
885,9868
885,9121
889,0415
884,9914
884,5201
885,6726
885,6140
888,3823
886,3112
887,1802
886,5801
883,6231
886,9142
888,0931
884,8950
886,5829
885,6514
885,4215
886,9982
889,3755
884,3054
883,4633
887,4919
888,2555
886,1633
881,5098
887,0089
884,5053
890,1447
887,2713
885,0606
886,6544
883,7512
887,7609
887,8098
888,4777
882,4824
887,7963
887,8695
884,6395
887,6745
888,2859
882,8821
884,3535
887,5795
886,1585
883,2549
888,0723
885,2703
882,8507
887,1791
884,9466
884,7266
885,5156
888,1461
886,5853
885,4783
889,9027
884,2485
885,4218
884,2323
888,6886
883,2591
886,2244
888,7970
885,7238
889,6969
884,4318
886,6386
887,8557
887,8273
884,3158
887,9121
889,9427
886,5289
882,9132
885,4620
886,9786
887,1125
887,3605
889,8531
886,2761
887,4258
886,2400
884,7970
883,6556
884,8903
885,3959
886,3602
887,7415
884,6909
884,4638
887,3606
885,5886
889,7406
884,5903
884,3324
886,1719
887,3031
883,7185
886,8605
886,5182
886,2662
885,5611
887,1792
889,0511
886,9006
886,3330
880,2855
887,3030
887,0501
887,0473
888,9444
884,8022
885,0549
885,9825
890,2825
884,3612
884,9367
883,6186
888,1662
884,2493
885,8914
886,3822
885,2261
885,8126
887,9301
890,3041
885,2703
886,7894
887,2797
885,5916
885,1897
886,4840
883,2589
885,8400
884,8085
887,7016
884,6637
886,2172
886,1503
884,2819
885,5810
885,4146
885,5252
886,7687
889,1006
886,8263
883,0395
884,3475
883,9295
887,1929
885,6275
887,4092
887,3014
884,5936
886,1985
888,6397
886,0137
886,0129
884,9954
885,2210
882,3230
885,8490
886,0028
885,8411
886,6465
885,3608
883,0260
883,1456
883,5577
883,9946
884,1743
886,9914
886,8762
888,9613
885,6994
887,9108
884,6026
884,3519
887,5005
882,8212
883,0047
885,8108
885,9996
883,1605
887,9878
887,2518
887,3718
887,3900
886,6242
886,3698
884,0620
886,0827
881,2206
885,8571
885,5539
888,5549
885,9052
885,0944
885,0171
887,6242
884,7871
887,3997
887,0558
885,7544
886,2900
886,5533
886,0794
887,0654
885,1288
882,5723
885,0599
883,8895
887,7383
888,8026
886,1785
888,7106
883,3522
885,0712
882,9297
883,8352
886,3613
886,0762
886,7167
884,3915
885,2101
885,6917
888,3767
887,7375
886,1245
884,8523
883,2690
887,1462
886,6648
884,1692
885,0227
884,3180
884,8566
885,3059
886,3037
887,1658
886,6233
884,8335
889,1713
884,1173
886,6970
886,5267
887,3670
884,7608
886,6274
885,3744
887,1698
885,0027
886,5381
889,7679
884,8266
890,7562
884,1015
888,0003
884,8090
883,2892
885,0569
886,1585
886,0276
888,4524
885,3535
886,4991
886,1726
885,6062
884,8161
886,0496
887,4210
886,3437
883,1953
885,2194
887,1323
885,4053
885,1962
887,7158
885,1598
887,9527
886,5094
884,8060
883,9274
889,7177
887,0768
884,8913
885,8385
885,8475
883,6409
887,5000
885,3978
883,6527
885,4640
887,9417
886,9869
885,8513
887,3232
887,2467
887,8650
885,6276
885,1510
883,6002
886,8759
889,3220
888,3934
887,9766
885,1685
887,0205
884,9307
886,0258
883,4069
886,2344
888,8584
885,4507
886,7754
887,6716
885,9647
885,0000
884,9340
885,5630
885,9550
886,5257
887,3183
888,5506
886,4396
883,7562
885,8580
887,8199
887,5953
884,2877
887,2731
885,0308
889,6749
886,8457
887,3959
887,7110
887,5707
888,0548
884,9721
887,0838
883,6716
888,4013
885,4199
887,6228
885,3387
884,5385
887,7759
882,2476
886,4142
887,9948
882,9853
884,0409
882,2170
885,5251
884,5579
882,9152
886,0975
886,4190
885,9897
888,7942
884,4102
884,6604
888,3193
884,2266
885,6477
885,8703
886,6073
887,3609
886,1052
884,6507
884,3531
884,0888
884,9091
886,2493
887,0708
890,1792
886,9804
889,0451
888,0661
885,5962
889,9266
886,9241
883,3518
886,9927
887,6259
886,1001
886,2253
885,9014
886,5154
887,8067
885,8983
888,1218
884,8453
883,7346
884,9336
885,6815
889,4271
883,5213
883,1904
885,8938
886,0621
887,0483
887,0556
890,4177
885,1799
883,5532
883,8268
888,7180
886,5855
885,1565
885,3536
883,0354
886,3307
885,1982
885,5476
884,5523
887,5584
885,6896
883,1413
885,5150
883,7781
883,5110
888,2394
886,4004
889,7498
886,3705
886,1067
887,6649
886,4336
888,8995
887,6426
887,8370
884,0658
884,5536
881,9769
885,0178
891,6103
888,4618
885,6409
886,5058
884,2616
887,9274
888,1550
884,2603
887,8541
891,3422
885,6531
886,9611
888,5270
886,4668
887,0181
885,4860
883,5679
887,0331
885,0229
886,4188
885,5831
887,3916
884,1902
887,6783
884,8591
886,8881
888,0407
886,9471
885,9753
888,4487
886,1342
883,7861
886,9625
886,7046
886,0368
885,8559
887,2223
884,6657
883,3204
884,4456
887,5753
886,5185
887,7341
886,0730
885,1363
885,3854
883,0075
886,7570
888,3546
888,1575
886,2055
886,3964
885,8419
886,1360
886,1638
885,2090
883,4076
883,3341
889,0568
885,5853
887,0937
884,7328
886,3831
886,6127
887,1290
883,0976
888,0685
886,0404
884,6252
886,8266
884,3181
886,2369
886,8336
887,4128
886,1799
887,4098
889,0555
888,2026
883,6781
884,7680
888,7589
886,8910
882,4624
884,1595
885,9988
884,7955
886,1243
887,0751
885,2043
887,2307
885,7851
887,7548
886,6703
888,5042
884,7323
885,2175
884,9404
886,7937
887,0492
883,9643
884,3732
886,5708
886,7032
884,1189
883,2428
886,6544
887,3009
884,1761
887,6617
885,9243
886,9189
886,2432
885,8491
887,1024
886,6549
888,2107
885,6179
885,1055
883,8656
886,6243
887,3938
886,0153
887,2744
885,4301
886,8929
887,9853
883,3795
884,9225
888,3560
884,3357
881,9581
883,3579
885,9693
884,7781
886,0728
887,5160
887,3948
886,4910
882,3434
886,8745
883,9589
885,7113
888,2028
886,9073
884,0644
881,7128
882,5360
885,2358
887,6078
884,8648
885,8012
886,5982
885,8687
887,6094
884,4975
889,1716
886,8241
883,7506
883,6738
883,9248
885,3120
888,5547
887,1984
888,4035
882,9078
888,1246
884,8486
880,3532
884,7311
884,7734
884,6800
886,8014
885,4206
886,0025
885,2991
883,9903
889,6795
887,3003
885,4488
885,6318
888,4929
887,7812
886,8140
888,6176
886,5280
886,1928
884,7084
887,3761
886,0614
884,4762
885,0020
886,0331
889,3371
885,9656
889,0074
884,7340
886,9880
884,1188
886,8279
883,8145
883,1794
881,6916
887,4344
884,3660
881,7531
886,0438
885,9029
881,9086
886,0237
888,3595
887,9301
887,2774
886,7066
887,5527
883,7904
885,9238
885,8981
887,3789
884,3997
883,3190
883,5862
884,2213
888,2140
885,6379
885,2480
886,8606
889,3661
887,2321
883,8679
882,5953
886,4678
886,6317
887,2838
884,6594
885,4595
887,7104
887,0722
886,6597
887,8323
884,9085
882,6358
885,0872
882,8030
888,8736
883,7769
886,4638
881,8425
888,1502
882,5929
883,1153
885,6028
887,1784
886,7091
886,4844
886,5809
886,8636
884,9615
883,6451
887,1332
880,2342
884,4438
885,3340
885,0450
887,3843
882,3788
888,3191
885,8064
886,5471
886,5517
889,8449
883,2863
884,9927
884,1425
884,8728
885,8311
884,3244
885,1200
887,9722
888,7589
888,6668
880,7211
887,1727
886,9256
884,9265
886,1611
888,4162
883,0709
886,3752
885,5764
887,6933
888,2212
884,1921
884,8788
886,0659
887,2448
887,3021
883,5218
886,1147
884,5506
886,3272
886,8631
887,0188
883,0540
887,8535
889,6440
887,4851
884,0445
884,5137
885,0835
885,5487
886,7078
883,2353
887,2245
886,5327
886,2635
885,3774
885,4559
886,1976
883,8389
880,6241
885,4496
887,3857
887,2945
883,2702
887,0814
885,0053
887,4974
886,7289
887,2933
885,7992
887,6631
888,7054
885,6966
888,7963
888,7061
887,0692
885,7347
884,5402
884,0859
885,4016
886,2551
888,2832
890,1485
883,2023
883,9824
888,5590
885,5529
885,0592
884,9131
883,9330
886,0661
885,6999
884,2304
888,3104
887,4050
886,3555
884,5057
888,2828
886,8275
884,6068
885,1727
884,8895
887,4907
888,0022
884,6993
886,6778
887,2444
884,4286
883,8426
885,3486
887,8183
885,2320
887,5032
886,7798
886,8803
885,5225
886,9118
884,1554
883,2942
887,3727
886,4664
888,2782
886,7588
886,5541
887,3045
885,3045
887,4697
887,1063
886,9666
887,0631
883,0007
884,0979
887,9201
888,0209
884,1560
885,6571
886,3429
884,2092
885,0726
888,0754
886,5140
886,1091
883,6410
885,6343
884,7888
886,6437
887,8068
888,8898
884,1965
886,8248
886,9296
883,3442
888,5914
884,5695
885,9723
885,5043
886,0572
884,8258
885,9205
885,3145
885,1775
883,4126
890,5398
884,8351
887,6596
886,0149
886,8785
884,0052
883,3895
888,0561
887,4821
887,3650
886,5355
881,8784
886,0365
883,6023
884,7526
888,0885
883,5116
884,4770
887,9193
888,4206
885,9034
887,2154
888,8363
885,2529
886,2456
885,3623
886,5238
885,1783
884,6503
888,0042
883,0536
886,1764
884,9670
888,1135
887,1023
887,9196
886,9741
882,9247
886,6909
888,1107
884,2542
890,3204
886,6303
890,5266
883,8112
888,0022
888,8523
887,2683
888,8778
883,0851
887,2075
883,1532
886,1411
887,4880
887,6320
883,2604
884,2548
883,9368
883,1064
885,0963
886,4529
886,7381
886,4588
884,3096
888,4386
885,3744
886,1465
883,2714
883,3289
887,9758
885,2884
886,5476
883,9335
886,6198
886,2878
888,8531
885,9115
886,3867
887,2610
885,2604
886,5956
887,9200
886,4050
886,5085
885,6687
885,5920
885,1658
882,4039
883,8301
884,6404
883,3843
888,5072
886,3427
887,5782
884,6687
884,0876
884,8870
885,8232
886,0680
885,0016
886,0544
887,9191
884,2280
886,5437
885,3268
882,0129
884,2204
887,1488
883,1940
888,6972
886,1268
888,0009
884,5094
884,5039
886,6112
881,8237
887,5899
884,7158
886,1989
886,3277
886,3758
886,4108
884,6286
886,2187
886,7161
884,3534
888,9526
884,1803
885,8030
886,2676
885,2143
885,9580
885,3369
884,9322
886,3121
887,2130
885,2342
887,3100
886,0177
887,1534
887,8996
888,6770
885,8568
887,2689
886,4483
882,9975
886,9037
888,2418
886,7255
884,2207
886,8731
885,9072
887,2146
883,6923
886,6789
887,4617
885,8547
884,7062
884,5872
885,6714
886,6912
884,5944
887,9522
884,2319
891,1197
891,0774
886,6951
886,5257
889,7153
886,3913
887,7600
888,5744
882,8134
887,1151
885,6429
887,4935
887,5710
886,8771
885,1308
886,4014
885,3140
884,7428
886,3742
886,5250
886,8482
888,1625
889,5581
887,7592
885,0132
885,9664
888,7996
888,3921
886,4419
889,1017
888,7194
884,7696
884,4857
886,6634
884,2713
887,6795
884,8375
887,4026
884,8278
882,8778
886,6556
885,0240
882,6659
885,7644
884,9009
887,5813
884,8082
885,6048
884,3751
888,0479
886,3054
887,4483
884,5142
880,9177
883,3743
884,6535
888,2786
887,8872
885,2492
882,8424
884,4453
887,4794
888,4002
886,7494
886,6539
882,2411
884,2342
885,6147
885,6718
885,6443
884,0371
883,9749
886,9144
888,9667
884,8516
883,9420
887,9449
884,2156
881,8215
885,5754
888,5889
886,1261
885,3389
884,7879
885,3745
884,7740
888,5556
886,5054
886,0734
884,6699
887,4123
884,2430
884,5162
886,2556
889,9320
887,5613
885,0887
885,7029
884,5169
888,0879
884,5631
887,8079
887,1663
888,7884
886,6495
885,1714
887,6024
886,0063
884,9760
886,2575
888,0683
884,5607
887,3824
886,6113
886,4249
886,2463
889,1244
885,1357
887,0807
886,0839
883,5482
885,4541
885,9081
891,0874
885,3795
883,3957
888,5906
886,4965
887,6081
885,8489
886,3985
886,9232
886,7664
885,3962
884,7698
884,2348
886,3618
885,5659
885,5283
887,4238
885,7258
881,4693
889,3731
888,4355
885,4235
886,2211
887,5985
886,3542
883,9963
885,9409
889,0973
885,3531
885,1886
884,6051
885,0276
889,9554
885,2973
890,4146
886,8982
885,2555
885,8769
885,4914
887,6230
886,3944
886,7937
883,2574
887,0462
887,3788
886,9635
885,0321
887,7480
888,8201
887,7262
883,9515
885,9460
882,9893
885,5093
886,6736
888,6393
888,2286
885,5156
885,1451
883,2059
884,9621
881,1028
885,9034
884,8771
887,7049
883,4194
883,8641
891,3646
886,3029
886,3437
882,8561
886,8345
887,1533
888,1405
887,0025
884,9858
885,2746
886,4204
890,6918
887,9754
885,6556
884,7095
886,3001
883,2221
887,8432
886,1144
884,2480
885,5747
881,7108
881,9308
887,1717
886,6061
887,3660
887,7824
888,2779
884,8614
885,4030
887,5479
888,2175
884,2432
884,5835
886,5724
881,7023
888,8429
883,4467
881,4173
886,3100
886,5166
886,5002
887,2697
883,7694
885,1858
887,9904
884,2009
883,2786
884,9629
885,5146
884,3731
886,3052
888,1637
887,7625
883,3492
885,3926
886,3774
886,9085
884,9769
888,8458
886,7890
883,5590
886,4637
889,1558
886,5999
885,3093
888,5471
886,0610
888,0044
886,6502
884,9284
886,9669
885,3042
885,2675
884,4514
885,4687
887,7137
887,3633
888,0124
886,3525
884,8170
886,6844
883,4664
882,5732
886,9513
883,6112
886,5640
886,0285
885,8828
890,0392
887,7424
884,3215
885,7220
887,0043
885,1383
884,3892
887,3787
885,1345
885,1130
888,3452
887,0461
883,4769
885,3663
884,8298
886,6836
883,6639
887,0782
887,3451
883,8773
884,2583
885,9076
885,7302
885,0941
888,9328
883,6388
886,4819
885,5076
886,3096
885,2960
886,4069
882,5056
886,2719
885,6447
886,0800
886,7736
885,0564
885,5771
887,7067
884,3194
886,2499
888,7577
884,9757
887,8886
885,1416
885,3793
884,3220
887,5310
883,1802
885,9162
886,1521
885,0756
884,9877
887,4010
886,1949
887,2105
886,3725
886,0760
885,2722
886,8265
886,3034
883,5955
887,3278
888,2904
884,7766
886,0915
885,8158
886,3115
886,0834
884,6607
886,6183
885,2859
886,2729
886,4841
884,8731
883,7474
884,8422
886,7109
887,6532
886,7575
885,6630
887,8961
886,9218
887,3305
885,8695
884,3191
885,4392
887,0592
888,4304
882,2462
886,8044
888,1333
882,5679
885,6598
885,6873
884,2087
885,9615
888,3310
884,4186
886,7663
888,0239
885,7171
883,1174
884,6538
885,5927
887,1988
886,4297
888,2925
887,5060
886,6104
884,8017
888,2289
885,7470
883,9412
885,6568
887,2004
888,0242
884,7637
889,7819
887,0676
882,3560
888,4981
885,7212
885,7479
885,7593
889,0592
885,3178
886,0312
885,7718
886,4499
885,2049
886,3089
884,4428
889,0441
885,5788
885,4278
885,3407
886,2601
888,1543
885,2437
885,3896
886,5997
887,3418
884,6456
883,1068
886,4663
887,9515
884,7729
883,0340
884,1375
883,1900
885,7364
887,7484
885,8802
885,4077
890,4860
885,7719
887,2750
883,8611
884,4897
886,0133
888,8945
882,0972
886,5508
883,6756
885,1597
889,1909
886,4302
882,9826
884,8023
883,6488
884,1993
887,9149
885,0917
882,2828
887,7122
883,2487
880,0179
887,2195
886,5314
887,0097
888,5089
882,8460
886,7834
886,9088
886,0266
887,8328
887,4870
891,1664
882,8523
885,8567
888,1142
885,3336
886,6254
886,8471
885,3936
882,2962
883,3443
887,4708
883,6710
886,0213
884,6172
883,6017
888,5089
887,2919
883,9550
885,1551
886,7163
887,6271
885,5554
884,5278
884,5825
889,1922
887,0087
889,1856
887,3228
885,9038
886,6683
887,0586
886,6237
886,9253
884,8300
884,9784
884,5619
885,7467
885,0532
886,1182
886,2577
886,7206
886,4227
884,0783
882,2379
886,7895
886,6372
886,7314
887,5133
885,3177
883,3927
884,9081
885,3648
888,0219
879,8776
884,3054
885,5455
886,5085
886,3445
885,5139
887,3105
885,6683
885,9367
885,0304
886,3990
888,9808
884,2689
885,8783
884,7329
883,1346
884,7891
884,7613
886,1293
889,2994
888,4953
885,5516
885,9691
882,0637
886,4105
883,0690
889,0379
885,9901
886,5666
885,8674
883,7987
888,2498
890,0681
886,6872
887,8227
885,9796
886,3620
887,2026
886,5727
884,3666
886,7759
886,2888
887,6551
886,4816
887,7523
885,6825
887,2175
886,3260
890,0147
885,8351
886,2789
883,9463
887,4399
885,9613
887,6879
884,7710
886,2783
887,2819
885,9916
888,4887
888,9408
888,5642
884,4118
886,7554
886,9895
887,3476
887,9697
883,9859
887,4813
885,1875
886,4325
888,4266
885,8046
884,5412
888,9169
883,1572
884,6189
883,6259
883,6997
886,2423
885,2050
886,7485
889,3717
885,4967
888,8244
886,0481
882,9930
882,1595
883,5881
886,9606
890,1908
885,0511
886,5206
886,6747
885,1760
887,1609
886,3934
888,8457
885,8170
882,3113
886,8645
882,3042
885,1652
886,2937
886,0693
886,6820
886,7158
886,4239
887,0789
884,1235
887,6443
884,0403
884,2459
885,0329
885,1543
887,9227
889,1627
888,4548
884,3936
882,0924
888,5620
886,9734
882,0379
885,9984
886,1404
884,9618
887,0284
884,8304
882,8956
885,3177
886,8276
885,3428
884,6959
884,4235
885,2747
886,5839
884,8891
886,6243
885,7317
886,3368
885,1786
887,1802
884,3061
885,3271
887,6629
882,5607
884,6318
888,1739
886,4896
885,1801
884,6246
884,7809
886,9028
887,2595
887,6476
883,0251
887,0917
889,7682
883,5779
882,1705
886,1307
884,9330
885,5010
884,8442
885,8604
885,5877
885,9456
884,9238
886,1696
889,1697
885,3544
886,7456
888,8367
883,5212
883,8781
885,1053
885,4722
883,8270
888,2069
883,7734
884,9912
884,3535
889,9866
888,3484
885,3589
885,8932
883,0781
887,4548
886,6805
887,0592
888,8144
887,1831
885,3859
884,5817
889,2567
884,4985
887,6117
887,5510
884,1668
882,9639
886,6686
887,6376
886,8117
884,5335
883,5649
886,4715
883,3137
889,8559
888,3813
889,9302
887,7702
883,9686
885,2277
888,7778
885,2924
885,0426
887,1195
883,0112
882,9517
885,5603
886,1449
888,3222
885,1124
883,9023
886,8307
887,3929
885,7951
884,0328
884,2862
884,3438
883,8951
886,2234
888,5365
886,2040
884,9083
884,9656
886,4400
885,9941
886,1209
881,1440
885,7438
888,5847
886,2766
886,3899
883,5303
885,5853
885,1027
883,4523
885,2797
887,4149
889,5209
885,2654
885,5627
887,0176
883,4819
885,3192
885,9613
887,3056
888,0540
885,5740
884,8273
887,2911
889,1220
886,3304
887,8938
888,1402
885,9497
887,4396
884,1881
884,4345
887,3957
884,8338
886,9757
885,3083
885,5423
884,1523
887,1400
888,8985
887,7188
886,4447
886,6241
885,0478
882,7148
887,1507
885,2411
886,9496
886,8504
884,1482
887,0781
882,4062
887,5918
880,9957
884,9696
886,0420
884,7036
886,7654
883,7105
888,0389
884,8486
887,1436
884,8670
883,9458
884,8401
885,8021
885,4726
885,7072
886,4011
882,7193
882,1711
888,4604
886,3141
885,9038
890,7097
884,3163
889,5098
884,1464
887,6721
885,6687
887,1241
889,0676
886,9480
884,2540
886,6318
884,2892
888,6434
883,0399
889,7483
886,7650
884,8404
885,8970
884,5106
887,4096
886,2183
885,0252
885,4005
886,2982
884,0877
888,4609
887,6008
880,7735
882,6995
887,0631
883,2458
884,4585
884,6922
886,6817
887,7886
885,9061
888,4520
887,5846
885,4489
884,4432
889,6026
886,5150
887,8071
885,9822
885,6027
885,8238
883,9833
885,7393
883,0881
884,8753
884,2729
885,1017
887,7554
885,9613
883,9616
887,1387
886,1152
884,9048
886,9593
887,9545
887,2388
883,4497
884,2268
886,7283
884,4046
887,4928
884,9365
884,7809
886,4929
888,2857
886,0643
885,7203
888,3113
883,4467
881,9582
887,8994
888,7214
885,3002
885,2189
884,3552
889,4989
884,5102
884,4247
887,1662
889,1143
887,5386
885,1312
888,4113
884,9673
886,2729
883,3839
889,9330
885,8839
882,5926
887,1706
886,8018
887,0421
884,5640
884,8150
886,7001
887,7087
888,7255
886,1053
885,2750
885,4858
885,2149
885,3038
885,6603
886,9237
887,3463
885,1749
884,4614
886,9246
886,4700
885,2574
883,3890
885,9683
886,4079
887,1411
888,5109
884,5413
889,8041
886,7027
888,4569
883,7560
885,9399
884,6301
887,4331
885,1259
881,9889
887,2314
887,4127
887,2060
886,3646
884,6032
888,2302
885,2182
887,1026
886,1527
885,9909
884,9475
883,8914
885,7888
886,9891
885,7716
888,8293
888,3605
883,9702
885,7595
884,0009
885,2582
884,4715
889,5904
885,2903
883,7434
887,7289
884,7572
886,2667
885,8714
885,5529
887,9255
890,0542
883,3739
885,0985
885,0028
887,0117
888,3197
886,5158
889,3476
885,8126
884,1272
883,8167
885,6792
883,8418
889,2337
886,3319
883,6972
882,0552
886,4267
887,1520
887,4683
887,7125
887,0193
890,2263
887,6558
886,7323
883,2908
886,6110
886,0403
885,9175
887,8431
886,9546
884,6662
883,8626
883,5766
884,1241
884,3135
886,2490
887,9390
886,9809
883,9556
887,5245
882,1941
882,4457
889,0722
886,1678
890,0070
885,8537
885,1609
888,2429
884,7032
880,9225
888,3403
885,5282
887,4036
885,0513
888,1470
881,4701
885,6620
884,3804
888,3390
887,4059
888,1646
883,7515
886,0942
884,1795
887,1065
887,1267
886,5806
885,7503
885,3353
884,0530
882,9179
887,9116
886,0438
884,4880
887,5065
889,5813
885,5826
886,8087
885,2446
884,7183
886,8162
885,6215
884,0860
885,4283
885,2209
885,4533
887,4635
885,4234
887,9563
885,8805
884,4071
888,6967
889,7532
881,8573
884,1927
889,7683
888,2596
887,3688
883,6139
884,9805
881,3808
886,5131
884,2508
888,7059
885,8235
884,0039
889,5097
889,0673
886,9977
886,5817
886,8207
886,1807
886,7410
888,7295
885,2087
885,2984
886,3704
887,8267
887,8941
882,4257
887,7159
887,2099
886,6872
884,9857
883,7638
883,6987
885,8698
884,4435
886,3471
884,2349
884,6289
888,3731
886,1010
885,3326
886,9524
885,4314
887,4890
886,0621
884,1494
884,5999
883,4999
887,7131
885,9048
885,5168
888,1028
888,4789
884,1137
887,5891
886,7048
883,2789
885,0031
884,9776
885,7737
885,6625
882,8699
885,7522
884,4589
883,5331
888,4111
886,3886
887,7186
884,6402
886,6072
880,7771
886,1281
886,7173
883,9023
885,9788
882,6760
890,0251
885,9234
886,1091
883,8590
886,0710
888,7104
885,6569
887,3630
887,7266
883,9767
886,7278
885,9804
886,8262
884,0919
887,0054
885,1198
886,6487
888,9861
886,3507
887,1597
885,7413
882,3692
885,9374
886,4673
886,3183
886,5791
884,9675
886,5405
886,2477
888,2150
883,1278
888,0592
887,5991
888,8624
885,1930
883,3276
885,3318
886,1471
887,2426
885,2765
887,7935
886,6952
883,6651
886,5424
887,2340
885,0898
886,5828
887,5095
887,0528
887,8039
882,9574
886,9095
883,2487
884,3925
882,2198
886,1392
888,1439
881,4632
884,5788
886,2245
887,3914
888,3404
885,5808
886,8827
887,2783
883,1902
887,0632
885,6141
884,9819
886,4422
886,6324
886,4513
884,4909
884,1725
881,2875
884,5264
886,4949
886,4455
887,1336
885,9075
886,5751
885,7486
887,7473
883,8776
887,0219
887,4611
887,4230
888,1220
887,1554
883,7182
886,9389
888,4413
885,8125
883,7085
885,4164
886,3371
883,1056
885,7588
887,6736
885,1519
889,7348
886,9111
886,2715
883,8155
886,4903
881,6556
887,9053
889,7139
883,3549
885,8798
884,3479
887,1432
885,3479
886,3836
883,3141
883,5405
886,5807
884,8922
885,9934
885,2592
889,7024
887,5146
886,9192
887,0068
884,8264
888,5816
885,8979
881,8413
882,9279
885,5931
883,9666
883,8061
888,5550
888,3896
886,8960
887,7007
886,3562
886,8298
885,7868
889,2493
891,2666
886,4051
888,1923
883,3055
883,5899
886,9288
884,8197
886,2880
884,0806
885,7972
884,6318
887,0156
884,8086
884,5836
885,8930
889,2334
884,9239
885,0123
886,6827
883,0140
886,5268
888,6801
884,4042
886,6684
885,0903
887,9137
888,4544
887,6084
885,2007
887,1804
886,5940
884,7794
882,6972
889,5521
887,5166
888,4041
888,4744
886,7199
885,9201
883,6056
886,0756
888,1370
887,4910
886,6131
883,9511
884,4346
885,2802
884,4346
886,9117
884,4984
885,0498
888,1587
885,9900
885,3808
886,2072
885,1521
884,6010
885,9915
885,5081
884,3031
885,6510
887,4411
888,0676
885,5811
885,0250
887,9660
883,1172
888,4577
886,0193
882,5236
888,2253
885,9116
882,1308
886,1967
887,3447
889,3383
885,6763
885,6188
884,0786
883,3292
884,7391
883,9969
888,1631
883,4741
884,0562
881,3658
883,2115
885,7682
886,3251
887,9919
886,4293
885,7852
885,0212
882,2899
886,9091
883,6560
887,2046
884,1070
885,2772
884,2562
885,5849
885,6298
886,6657
883,9239
886,9829
885,5535
886,9432
886,2772
885,3294
888,2899
887,0729
884,9823
887,2387
885,5009
886,0614
885,9899
887,6074
885,3110
886,6218
885,9411
887,3035
883,6660
886,7622
886,6106
889,9125
883,4338
887,9348
884,0283
884,5892
884,1588
885,2816
887,5412
885,6169
884,2708
889,2148
886,6907
890,4376
883,4183
885,3981
884,7188
881,5456
885,3432
886,1617
887,8427
885,3827
889,6969
886,2936
885,5404
884,6604
886,4339
888,8730
887,4936
887,5051
887,4193
885,7507
884,2485
883,1156
883,5101
886,6779
886,9425
886,4212
887,8699
883,7541
886,4512
883,7238
884,4933
885,8646
886,8638
887,0148
881,8782
886,4588
887,8938
884,5914
884,0625
885,0238
886,9852
884,0251
888,3799
883,2169
885,8944
887,7630
886,3358
886,3598
887,4810
886,1019
886,4314
887,5953
887,5642
884,2037
885,5636
883,5487
884,3265
883,0924
885,1912
885,5917
883,9255
887,6974
886,8163
883,7757
885,6500
884,1879
885,4469
883,6428
885,2949
887,7254
887,8445
885,7805
886,9610
884,7399
885,1366
888,0785
886,8477
883,2624
886,3159
886,0695
881,1266
886,2419
887,7991
883,7806
882,8067
883,6011
887,2857
882,4490
886,1810
886,3597
884,9447
883,4018
885,2558
888,4023
885,8856
883,5357
886,2977
887,3279
886,4809
884,1006
886,2011
883,4859
885,1741
887,2218
884,5004
887,5674
888,6760
884,1213
888,5668
883,5439
885,0414
883,3662
884,3980
885,7018
884,6172
886,3094
886,5487
883,0081
886,3554
885,7531
887,8566
886,8995
885,2937
888,5330
887,1501
887,4881
886,2736
885,5993
882,7226
886,5041
883,2788
885,4775
888,0275
883,2124
888,7110
887,0415
888,3562
882,2327
883,7409
885,9330
886,9121
888,5047
887,6487
888,3699
885,6923
882,8715
886,5869
885,2847
885,8803
886,4582
887,6837
880,6356
886,6868
886,7946
889,4120
881,0819
882,7423
888,2224
888,2152
886,7718
885,5098
886,7546
884,5819
884,1019
887,4251
884,4861
887,4578
886,0521
884,4972
883,2034
884,2738
885,2785
883,4420
886,2299
887,2397
886,2569
887,1778
886,7487
885,2490
884,5608
886,5925
885,7907
887,1279
886,2610
887,5243
885,3450
884,5544
886,0517
885,3163
885,1436
889,6137
886,7207
890,0223
878,7233
886,9730
886,0299
885,2625
887,6182
888,5414
884,1407
884,6125
883,8429
883,4585
883,8227
887,5775
885,3831
885,1154
886,0969
887,5144
884,8919
885,8068
886,7374
885,6727
886,6708
885,2556
887,0947
886,1581
890,2694
885,6586
886,1135
889,1082
886,6070
885,9677
884,2946
885,1390
888,5914
888,4860
885,2544
883,5981
887,5366
888,0116
887,9529
884,0991
884,8478
885,7780
887,2545
885,3541
888,3708
885,0955
888,1621
888,9699
887,6425
885,8254
885,0182
888,1829
885,3018
883,0887
882,6759
885,6356
886,4357
887,1433
885,8689
883,8559
885,4254
885,9170
888,4097
885,3713
887,1154
885,4214
886,0629
884,5577
886,0051
888,7503
887,4989
886,7914
892,2908
886,3228
883,5850
887,3409
886,5825
884,1816
883,0057
885,4901
891,2189
888,9718
886,7675
886,4467
886,6010
886,9704
884,4562
888,8787
883,0766
885,1040
884,8928
884,4430
886,4829
883,1339
887,2199
882,7437
884,6920
885,6535
884,8821
884,8866
888,5749
884,7317
884,5323
887,2941
884,1221
885,6061
885,7436
884,4962
886,4991
885,5482
885,9022
884,2689
884,7352
888,3824
887,9229
886,4296
885,0499
882,9909
888,8311
887,3676
884,7905
884,4768
886,2855
886,5613
885,5935
886,9954
885,2400
886,5391
886,1920
884,9294
884,3398
884,8567
882,7858
886,7083
885,8894
886,6788
883,8761
886,4635
885,3831
886,1661
883,2890
888,0576
887,1730
886,3427
886,6981
884,1259
887,1648
884,3987
882,3465
886,2538
885,2454
886,7247
884,0126
887,4630
886,9334
882,6705
884,7198
886,9402
886,3222
887,4904
886,2575
887,2129
887,7104
885,9099
883,4313
883,7684
885,9111
885,8015
885,7646
885,7671
886,2693
884,4076
885,1594
886,3674
886,4385
886,0587
884,6590
883,5083
886,7788
883,0977
886,7876
884,9148
886,5341
889,8282
886,5306
884,8002
886,2222
885,6071
884,5654
885,5024
889,5923
883,9737
885,1942
887,0488
886,5366
883,3348
883,5188
886,4624
883,8114
884,3351
886,4337
884,0859
881,5308
884,9195
885,4836
887,1784
886,4248
885,9217
885,7505
886,2138
886,0537
885,2390
884,9218
883,9123
885,9328
883,4730
887,3922
887,6287
889,0297
886,1316
884,4373
888,7538
883,0896
886,3402
885,4265
885,1547
887,6849
885,6608
884,6727
887,2875
884,6633
886,0307
883,6236
884,0649
887,6111
889,9875
888,8874
886,6585
887,4529
887,6974
888,0515
883,9023
888,7127
886,1656
886,8566
886,2365
887,7165
886,3175
886,8605
886,0082
885,4736
887,3762
888,8645
887,8317
886,0241
887,9286
888,1560
886,9954
886,2356
887,9958
885,4421
888,5569
882,8479
885,8801
887,8823
885,5400
883,6286
885,9775
882,2380
886,7961
883,4661
886,4178
885,2898
887,0320
884,9456
887,2361
883,4665
887,1060
882,0963
884,3958
888,5111
889,3021
887,4474
886,1282
883,2544
886,8607
888,8844
886,7434
892,8716
883,6939
884,6076
883,6808
884,1591
884,0316
886,2241
884,3083
886,4906
885,9658
885,0729
887,8747
886,4046
886,7960
888,7631
889,0336
886,3521
882,8194
886,2925
889,1254
886,9697
887,5159
887,0768
888,2024
886,1615
883,7340
884,3517
885,7284
887,4435
885,6338
888,5684
885,3831
887,4333
884,6935
885,2975
885,1367
886,1502
884,0634
885,5764
886,1860
885,0873
887,2830
884,8289
883,0363
886,1392
888,4191
884,9954
882,8944
887,2932
888,1675
888,0174
884,2914
886,5408
886,0357
885,7627
887,4054
886,2452
885,8898
884,3934
884,7322
888,5434
887,3470
883,8486
885,3838
885,2909
887,9672
883,7246
883,7495
885,9479
887,4882
887,1663
887,4552
887,1115
887,8958
886,9577
885,3337
887,0477
884,7103
888,0768
886,6635
886,9532
885,7100
884,0135
882,7767
885,7455
886,1545
888,5591
885,0420
884,8165
889,5205
886,5638
886,5064
886,8419
882,6972
885,2895
885,4737
887,1435
887,9840
884,9018
883,8522
884,1077
884,3499
886,4523
885,1696
888,9821
886,4848
887,1648
886,1352
885,6519
882,4412
886,3013
887,4088
886,2846
886,9595
886,7168
886,8702
883,9012
889,9850
886,8300
885,5485
886,1010
884,3749
887,7598
884,5522
886,9372
886,3135
889,7067
887,3032
888,2052
888,8154
885,7604
888,0013
882,2608
888,1776
887,2379
885,1888
888,7850
885,8656
888,4552
885,6421
885,6760
884,3050
886,2911
883,1389
887,6899
885,1956
886,7335
889,0029
883,3665
887,1239
886,2777
884,4984
886,6868
888,8686
883,5544
885,6933
886,4258
888,0583
889,8001
886,0586
885,6126
888,7938
885,8079
885,5656
887,0041
886,5033
885,4156
887,8894
886,0952
883,8026
883,3746
882,6150
887,6658
883,7977
885,8341
883,4282
887,7735
884,5656
886,3546
885,3255
885,6746
885,5755
886,5274
889,0816
887,6189
885,8235
883,0096
886,0701
884,2793
885,0113
888,5782
888,5156
885,3689
883,4580
884,4990
887,9059
886,2318
889,1620
889,3669
884,8306
887,5036
887,2375
884,7872
886,6629
884,5617
887,8636
882,7580
886,6692
889,7515
882,9688
885,0795
886,1734
883,0840
882,5577
882,9382
886,2209
884,1047
886,5104
885,5781
882,6298
885,0027
882,3417
886,9571
885,8647
886,7658
887,5826
881,2462
883,7111
886,4632
883,2219
881,3730
886,1215
886,5819
886,1949
883,1531
882,8278
885,5686
882,9258
888,1400
884,0372
883,2221
885,6006
884,5995
883,9988
889,7780
887,1975
884,5325
887,2634
884,4534
887,0832
887,6865
885,6782
887,6367
885,0262
886,0544
882,1946
886,3211
886,8222
886,4313
886,6781
888,0608
884,3060
883,5148
884,6056
886,9209
887,1247
888,2545
887,5705
884,8844
887,2999
887,4142
885,2704
886,5448
882,7237
889,6241
884,5891
887,2848
885,0186
883,0112
888,3149
883,3370
886,4910
885,5292
883,9805
887,0301
886,2962
885,4279
886,1973
884,8331
885,9029
886,6497
884,4332
883,8321
886,1391
886,0199
888,9981
884,6651
885,2252
882,8922
885,5188
885,6834
887,9338
890,4276
884,5367
885,0740
885,8142
885,7335
885,3525
887,9514
888,7634
887,6892
885,7094
885,8209
884,9080
884,8703
884,8727
886,8762
885,7598
886,4415
884,2834
883,5481
888,0245
885,8012
884,4128
883,4534
886,8163
885,9965
887,2484
883,9511
885,0121
886,3268
886,9373
886,6594
884,3125
888,0148
884,0751
884,0751
888,0129
881,2515
886,9885
887,2445
888,5788
886,7131
885,7222
883,8963
885,7252
885,3741
887,9151
882,9912
884,9715
886,1837
885,0943
884,7270
885,1667
887,2143
884,9731
886,0629
885,2366
886,6051
883,8588
886,3483
884,2476
884,6812
887,5250
885,3316
883,0377
885,2910
886,2357
885,0160
885,6415
889,7589
888,4138
889,7424
887,6694
886,2230
886,2702
886,3588
885,7875
884,7645
888,3680
886,2057
885,7282
886,9919
888,6536
885,5138
884,4510
887,7669
887,2852
885,7280
883,9718
891,0622
886,9713
889,2791
883,6957
884,4012
888,2027
886,0925
886,4455
887,3480
885,9716
885,2089
881,5397
883,6876
887,6541
885,3177
884,7847
884,0081
886,8681
883,7035
887,0181
885,1368
891,8196
885,6038
883,5323
884,7769
882,7250
884,3364
886,0240
886,9359
886,8314
885,3318
886,2999
884,7892
883,9079
885,3671
882,1372
884,1370
883,1603
884,2156
883,4535
882,6065
882,7772
888,8713
885,6560
884,9255
884,5199
887,4875
885,0913
885,7016
889,1619
885,2563
886,1816
885,2902
884,6150
885,0716
888,9404
885,2617
885,4017
887,5946
885,4877
886,8237
884,8683
885,7090
887,5062
884,1700
885,9341
885,5441
884,8481
889,5160
889,3428
885,6842
888,2211
888,9195
888,3240
885,4411
885,2702
890,2495
882,2718
887,0205
889,1093
885,5656
888,3084
885,1275
885,7914
883,8168
890,0678
887,6541
885,3188
881,0720
888,3970
885,9794
887,6613
884,1489
886,7953
882,7737
884,6787
882,0954
887,7790
884,5303
884,4234
886,7502
885,7083
886,2885
887,3295
888,4751
889,5613
887,1393
883,7928
886,5187
888,2277
884,8606
884,5587
886,5418
884,7857
885,9887
883,2341
888,2667
886,4654
884,6138
885,8290
889,1533
886,4898
885,4145
883,6932
885,6202
884,0586
887,4606
886,4441
887,4439
888,6201
889,1287
885,8598
888,2032
886,3604
889,1661
884,2464
884,2416
886,6336
885,7364
886,4276
887,0088
883,8667
883,5847
888,7354
884,7413
882,6523
888,8985
885,1501
889,4354
889,3690
887,7717
884,6025
884,8050
886,2546
886,6401
888,0221
885,4502
890,8129
885,5396
884,3056
885,5844
888,5065
887,5997
886,8095
886,1186
885,5459
885,1604
886,2946
885,8170
886,6504
885,2689
887,4549
884,2102
886,9171
885,7591
884,0725
885,9486
886,1903
881,6515
886,2318
886,4292
887,4523
887,2297
886,4214
887,3818
886,0920
883,4380
887,8730
883,1148
887,1082
887,9359
887,6049
890,1897
887,5820
882,5912
888,4235
886,9039
884,7629
884,0450
887,1684
888,2683
884,1583
885,1602
884,3693
881,0374
888,2288
882,6522
887,6406
886,6015
884,6907
888,3086
885,8650
885,9003
883,5157
889,6455
885,0053
885,4074
885,9692
884,8909
883,3313
888,2660
885,5353
885,0557
888,2205
888,7360
885,3070
888,6549
887,4792
886,2753
883,8317
883,8110
882,4971
888,0124
888,1052
886,0983
886,5216
884,6991
884,5695
884,8319
887,9043
884,4677
884,9981
885,0839
889,0413
885,3688
886,6363
887,3380
887,1954
888,9065
887,8264
890,3589
885,9809
888,8943
883,4932
887,3963
887,2529
886,6456
887,3453
886,2224
888,0070
888,3968
883,0196
887,9782
885,5282
885,4308
882,8285
887,5144
885,9161
885,1070
883,2898
888,1221
892,8919
884,0556
887,2624
886,7760
884,7215
886,6756
887,4993
885,6226
883,5729
886,2816
885,8592
886,5085
885,3483
885,9540
884,5186
885,1408
887,7323
885,4344
885,9942
887,5416
891,2867
886,1625
887,2618
888,7485
883,2743
887,9330
887,3371
883,7055
885,1926
888,6481
885,9058
887,8936
888,1662
884,4863
885,9107
887,7627
886,4010
885,3772
884,3191
886,8671
885,8828
887,5114
884,4181
887,5767
883,8423
884,4558
886,9709
885,1419
886,6152
885,8714
886,6421
887,1170
887,1959
882,7487
884,0403
887,4842
886,8966
888,1117
887,4428
885,8734
888,7637
885,1689
888,5083
886,0519
885,1103
883,5315
887,5242
885,4689
883,7277
884,3388
885,2821
887,6455
882,2819
884,6192
886,2518
883,6780
884,0860
885,0714
886,3894
885,2100
887,8710
886,0306
886,1901
891,2654
884,8824
884,4463
884,9460
886,8884
885,7388
886,0854
887,3050
886,3687
883,8452
886,1024
885,8987
887,2032
886,9807
887,5747
888,9567
885,6807
885,5832
887,6626
888,6114
885,9067
889,5836
886,2593
885,1310
886,2340
886,0039
883,6656
883,1070
889,2421
886,2880
885,7488
885,5741
885,7153
884,6071
885,8378
886,2556
889,1402
889,8024
886,4974
884,5005
884,6499
885,8514
883,4635
886,7978
889,4801
885,8409
886,0066
886,0155
887,1956
885,7462
884,0800
884,0017
888,6453
886,9520
882,6839
884,9941
885,8157
885,4050
887,1887
884,0157
887,4060
888,2835
885,6705
885,6434
885,2724
888,2764
884,2384
887,1143
883,9767
884,7112
889,8267
887,9363
885,7961
886,9009
882,6323
887,3995
889,9172
884,2097
884,6346
886,4394
888,7376
886,8552
885,9658
885,7396
885,0917
884,8079
886,4755
888,7460
884,9246
887,4555
886,2589
883,9476
886,6321
890,1262
886,3264
884,6387
888,8861
886,5831
888,9834
889,0503
886,4364
885,7779
885,4160
886,2501
886,4626
885,0212
887,3149
886,7813
883,1581
885,6522
885,7431
884,3784
886,1950
888,3258
885,6394
887,2497
886,0738
884,5180
884,7708
886,7440
883,5981
887,3375
888,7139
887,6523
889,0413
884,8047
885,6479
887,5663
887,4714
884,2277
886,7265
886,1252
885,6941
888,4533
882,9412
889,3148
887,0007
887,2865
886,0415
887,1744
885,6198
886,4998
887,2812
886,6736
883,1022
885,7114
887,3956
888,5049
882,9840
883,8701
885,2948
884,7607
885,8928
888,9037
886,1153
884,3506
882,3154
885,4070
886,8822
883,6353
888,1058
883,1767
885,0607
886,5284
884,0762
883,4306
885,0690
884,1380
885,9935
887,1154
885,8926
884,9094
885,9578
884,4968
884,9864
884,9216
886,6999
884,7919
885,0047
884,2676
880,7706
883,6885
884,7477
889,6609
885,3833
882,8097
886,5532
882,7690
885,7647
888,0312
888,6740
887,3457
888,4263
885,7739
886,6056
885,6011
887,3223
885,5524
884,4795
885,0867
880,7748
888,2031
886,0331
886,3691
880,4443
888,2258
886,2094
883,6378
887,2584
886,2331
883,7904
886,5657
884,9407
883,6192
888,8512
885,2029
885,8016
886,2707
886,7453
885,7351
885,1035
886,4304
886,7557
886,3513
884,7492
881,8093
885,1585
885,8246
886,6954
883,8387
886,8179
888,3870
883,9221
886,8564
885,6455
884,2589
885,3356
885,0999
886,2132
885,8720
886,8752
884,6359
885,2916
885,2315
883,7537
885,8852
883,9187
884,8961
886,4231
884,4145
887,3254
888,3595
883,9164
884,9548
882,8465
888,6195
884,8142
884,7204
890,6519
882,3115
885,1423
884,6380
886,5858
886,6617
883,8636
887,5320
887,9480
882,7961
883,3496
886,1804
888,5476
883,9071
889,2157
885,5836
886,6465
887,0195
888,1441
887,0065
882,8704
883,8411
883,8523
887,1035
884,0722
887,0223
886,2979
889,1435
889,9241
890,3542
885,9431
885,8436
887,1101
885,8463
885,5717
886,4446
886,7710
887,3186
883,6099
885,4524
885,1563
886,8944
886,1509
884,3377
886,1183
889,8581
884,0352
886,8349
883,0697
883,3040
884,5208
888,0897
886,3326
887,2868
884,7119
884,7917
889,5632
886,1330
884,9774
888,3891
886,9433
888,1045
886,5858
882,1717
888,4372
886,4075
886,8210
888,2166
887,1318
886,3733
885,1121
886,8610
889,4188
885,1904
882,8209
887,7023
884,2491
885,9749
886,8429
885,6614
886,3797
885,1534
887,8436
884,5626
886,7900
887,4289
886,4264
885,6356
884,0848
887,2194
889,4889
887,5023
885,0968
886,2190
885,9294
887,0396
884,7881
887,9777
886,0212
886,7555
884,2014
885,0148
884,4582
889,7783
887,1356
887,0850
884,5757
886,7697
887,8103
885,2654
886,8469
887,2868
883,8354
884,8116
887,9976
883,6705
884,5204
887,7013
886,3745
885,2905
884,4511
887,2236
885,7183
886,7373
886,6669
886,1727
886,1974
882,9797
887,8574
883,4518
885,4374
882,7130
887,8397
887,0507
884,6589
884,3947
884,7580
885,8284
887,4577
886,4030
885,6428
887,1955
886,3882
887,5022
886,2741
884,2694
887,6667
882,6902
886,2446
887,5759
886,3348
885,6311
888,5378
887,5030
886,1926
882,3623
887,9956
883,3314
886,6796
883,4171
884,6275
886,8716
887,4890
886,0180
884,5982
888,5420
883,3253
886,0976
882,0221
886,0826
889,0328
886,6643
885,5968
887,1369
882,4650
884,4576
887,4237
887,8778
884,9344
886,8292
883,7048
886,6249
883,8071
885,4691
886,9168
884,4870
888,3624
886,9512
887,2622
885,6319
883,6209
887,8439
885,1116
882,7988
884,1191
885,9138
885,2430
887,5417
889,4141
885,9439
885,4867
882,4996
888,0580
885,8464
883,3626
886,5769
886,9529
885,8011
883,7516
886,2046
884,1528
889,7965
885,5996
884,2016
886,1211
881,1953
887,7682
886,0786
887,3021
884,2649
886,1842
885,1750
886,9911
888,0678
883,1949
886,6405
885,3718
884,9314
886,8756
885,8755
883,7037
888,0862
888,1860
890,8687
885,5785
883,7176
884,2930
884,4236
886,1477
886,2951
886,9350
887,1431
886,6963
885,3416
888,2639
884,7912
884,9205
884,2888
887,3911
884,6574
885,0458
884,7583
885,5130
885,8802
883,8734
888,3817
884,9808
886,2224
882,6606
885,3054
884,5869
883,8712
885,7715
887,2644
887,0741
885,6458
883,9133
886,4474
885,1325
888,0221
888,4329
887,7321
887,7197
890,2225
886,0458
886,1589
884,4927
888,2883
883,5130
885,7467
885,7025
884,7222
887,6742
884,3804
886,8082
884,3337
887,1885
886,3816
887,8803
884,6173
886,2172
888,7517
886,7071
887,7960
887,0993
887,7306
888,1961
886,3711
884,7608
887,6096
887,0487
889,2538
882,9671
885,6419
885,3247
885,6846
882,8238
888,2383
884,9339
883,2066
887,3458
885,0107
888,6262
885,0477
883,6609
884,7446
884,5344
885,6753
883,8958
885,1476
886,1477
887,5108
881,8892
887,6484
887,8102
886,8434
889,4266
889,3809
887,4234
886,1106
887,0511
887,1014
890,5664
885,1703
886,5636
888,9430
883,3518
887,2301
884,9770
885,0495
885,8164
883,4268
889,7921
884,3356
888,0154
884,5699
886,9836
887,6274
889,0507
885,3008
887,4985
887,2245
885,7090
886,8172
885,9395
886,1562
885,7415
884,8546
886,8641
887,1993
886,2178
885,5685
887,8009
886,2601
884,1392
888,7479
886,7086
885,3402
885,8194
886,7317
884,0410
885,6411
891,1369
886,5806
883,7181
887,1993
886,7267
891,9231
883,8129
887,9338
887,1707
885,5964
885,1032
884,2725
881,5362
885,6748
883,6961
884,9627
888,2023
887,1231
885,2352
884,2230
885,5432
887,1515
883,7076
882,9480
882,8694
887,7812
883,5737
884,6412
887,8446
886,3472
883,6498
887,9490
887,1642
881,9360
886,5843
887,0517
884,6524
887,1911
888,8153
886,8642
888,1988
883,7789
885,3080
885,8970
883,6346
886,1068
884,6256
885,9373
889,0567
887,2482
885,4055
884,9983
886,2518
889,3953
883,9243
886,3670
884,5008
886,5393
884,7991
886,0778
888,7621
887,7269
887,0907
884,7566
886,7101
888,3152
884,0840
888,4776
888,4781
887,1242
883,6704
883,3553
888,7700
886,3034
882,1480
885,8181
884,9288
883,6113
888,9227
885,3231
886,8013
885,3092
885,4342
887,4879
887,9876
886,5568
887,4761
885,7714
885,0125
885,2241
887,8366
886,4102
886,6983
888,1817
883,7884
885,1972
881,0765
885,6712
886,4044
884,5714
885,9486
886,0097
883,1094
889,9229
885,9606
884,3926
883,5621
886,6586
886,8516
886,4697
887,3320
888,2150
884,2491
887,7958
887,0380
884,6759
887,3029
887,6114
884,3215
887,2378
885,8779
884,8851
887,1517
886,4196
888,5631
887,5514
885,6693
882,7794
886,5969
886,0197
887,7229
883,9572
885,5787
885,2817
885,4856
885,6619
889,0029
886,0236
886,0501
885,7880
887,4975
884,0563
886,6900
885,8416
884,6220
886,8172
883,1511
884,8574
888,7381
885,7138
885,1740
886,0922
885,6457
884,1894
885,6033
885,5108
887,1237
887,9468
883,5441
883,7867
883,5168
886,9438
886,0331
886,7226
889,1274
887,2222
887,4776
884,8476
884,1954
883,4955
885,1533
885,5370
885,3512
887,6435
887,6858
883,0927
884,2405
885,6315
884,8057
883,9779
884,9233
888,6251
887,9967
886,0245
886,7409
886,8312
883,9169
887,4903
887,6464
883,2072
886,0611
886,4755
887,0315
886,7199
883,2281
886,3283
881,5177
886,5439
885,4478
886,7081
883,2387
881,8082
884,9277
886,5673
886,1791
887,0657
885,8908
887,0525
886,0876
885,9641
886,8467
885,6120
886,8636
890,9948
887,1818
885,0438
886,6401
885,5828
885,4793
882,3356
885,2485
885,3150
884,4758
885,8785
889,0741
888,7029
883,8915
883,3672
887,4368
886,4203
884,6234
886,8565
887,6721
889,0116
883,7984
885,3398
887,9024
884,8869
884,5635
887,6852
886,6012
887,9884
886,5177
886,7122
885,6041
886,9252
886,2224
888,1792
885,7931
885,8270
886,1713
884,8472
886,2696
886,2426
884,7049
888,6600
886,6818
886,0254
884,8275
889,9104
885,1276
885,3353
888,5118
883,7922
882,6185
885,1023
884,0596
886,0401
887,3786
884,9611
884,6984
885,9680
887,9990
885,6467
889,5983
884,3810
882,9076
885,0376
881,0929
884,9092
887,3686
884,9050
883,7128
887,1845
884,5907
884,0438
887,1381
888,5124
885,3048
887,3334
884,9088
885,4283
886,8140
886,1778
883,6818
886,6536
889,6521
885,8416
889,4501
886,3206
889,1029
885,3664
886,3728
884,5942
886,8187
884,3208
885,9830
885,9685
884,9300
884,0262
885,2197
884,7921
884,2991
883,6239
887,2677
881,8636
886,6979
887,8353
885,2048
888,5635
888,0327
886,9996
885,6787
886,0147
884,6302
887,7159
889,6416
886,5174
885,6969
886,8833
882,8675
882,1934
887,4739
887,2266
886,5570
889,9074
884,6460
883,2495
885,0666
886,0698
885,0836
884,0151
886,1364
885,9058
887,7471
887,7026
886,3310
882,6086
889,4753
887,9451
888,3825
887,4932
884,2145
885,7950
886,9901
884,8977
887,4945
887,8114
885,1446
886,0458
885,2744
888,1815
883,4418
884,1947
885,8508
886,7875
885,8108
886,7133
884,9471
886,5845
884,2701
885,8093
886,8035
887,8958
883,8466
884,9106
885,7929
885,6741
889,0513
885,7142
887,1082
885,0314
886,5323
885,2608
884,4051
886,3288
886,1029
886,5175
886,2318
888,9301
885,7001
884,1408
883,4339
886,6065
885,0856
885,7108
887,5165
886,0280
882,5742
883,7339
886,1554
884,3111
887,3203
886,1285
886,0787
885,8934
887,3766
884,9396
885,8808
883,0992
881,6034
887,2260
886,1059
886,2398
884,1053
886,5961
886,6402
885,3921
888,2224
885,5306
888,3455
889,8485
887,8192
887,3439
888,6714
883,7652
884,3368
885,2459
883,0156
884,5692
888,0664
883,0327
887,0222
885,0109
889,1266
887,3057
884,9358
884,7984
887,1885
883,2467
885,8914
885,7958
886,6506
889,1808
887,6204
886,3381
886,7419
883,2472
885,1011
887,7513
884,4036
888,9762
887,3211
886,9205
885,9756
887,2573
885,4414
885,8982
889,5653
886,9611
885,9027
885,1009
884,9582
886,7884
887,4967
887,4934
889,6626
887,8412
887,9354
887,5739
883,1657
886,6663
886,6609
888,0958
887,9353
884,8701
885,0963
885,1592
884,9364
885,8190
882,6015
882,7980
884,2276
884,6938
884,9577
887,6048
886,4251
885,5253
884,3415
885,9468
887,4004
883,1222
888,8792
887,6127
884,6175
885,2225
886,5917
888,9686
886,2950
883,4863
884,3016
885,2356
887,0345
884,3225
886,0077
884,3573
885,5501
886,8099
886,6102
886,1884
885,3070
885,6691
884,5972
886,0279
882,6078
889,1103
888,7375
883,6664
887,9161
885,3889
888,2297
888,3711
885,3903
886,1914
885,4871
886,6074
886,1506
883,6768
883,4691
886,3993
885,3123
885,8086
884,9196
883,8611
884,6960
883,4475
886,1627
888,0944
883,3585
886,4152
882,8276
887,2270
886,9756
882,7115
886,3140
887,3143
885,2656
885,2416
885,0847
885,9602
884,3536
887,3427
886,4674
885,8531
885,5398
888,8420
887,7956
887,9260
886,7214
886,6184
889,0309
886,3586
889,7548
883,0606
885,4329
884,8729
883,8262
885,1405
884,6700
884,3935
885,2645
887,0378
886,6545
888,2636
885,9504
884,0201
886,3311
887,0142
885,5735
884,0512
887,5420
885,0670
886,0869
890,0132
888,9127
886,0962
887,4246
886,0579
885,4324
888,2863
883,2493
886,0052
882,8415
885,2477
885,0282
882,6986
885,1843
884,7050
885,2650
887,4502
884,2010
885,7389
887,8786
886,9057
886,0102
885,4457
886,8490
890,4115
886,6773
886,8506
884,3798
886,2513
884,1997
883,2157
886,0581
887,0175
889,6261
888,2852
883,8746
888,4710
887,3542
887,2896
887,0023
887,0779
886,6922
888,0980
886,4351
886,4717
885,1980
883,8833
883,1238
884,6324
883,9787
888,1327
888,4845
888,3471
888,8235
887,0882
885,5532
884,7966
888,0657
885,5427
888,1135
887,4103
884,8234
887,0348
882,9004
887,7266
888,6628
884,7030
888,4287
882,3936
885,8192
885,8239
884,4745
888,9061
884,6250
886,9942
887,5641
882,5198
884,5508
884,8708
883,9029
885,8734
886,9633
884,8645
886,8862
887,0781
885,2804
886,3263
885,2247
885,1057
888,7222
883,9677
887,4992
886,1264
884,7983
886,3187
884,5698
885,4718
883,1017
884,3910
887,0269
889,2231
885,2554
887,1285
883,9645
884,0440
883,5824
884,3483
883,3276
887,8709
885,6511
888,2097
885,5164
887,0041
887,0017
889,1331
885,5839
882,3825
884,9813
888,9075
886,7841
884,5046
886,6828
886,0465
887,5647
884,1320
888,2180
886,3901
885,5936
885,5686
884,6345
887,9411
888,0243
886,8679
885,2094
886,6670
887,2260
884,3942
885,2267
883,7192
886,9422
886,7323
885,5220
884,5560
884,4730
885,0857
884,8384
884,2530
886,4720
884,5432
889,8766
885,5225
885,7335
886,5233
888,8896
887,5404
886,2266
889,9189
883,8259
887,0217
885,1967
885,9945
886,8106
883,3659
887,6590
882,8330
884,8957
887,7706
884,4585
888,1361
883,2564
883,9071
886,1821
885,1948
886,5933
886,8423
888,7903
887,4073
888,0641
885,6148
886,2782
888,3771
885,0571
883,9701
885,5097
885,7541
888,1843
887,5510
886,0805
883,6286
885,3772
888,2129
886,9423
887,4302
886,7475
883,8029
886,2998
887,3323
887,3115
887,2942
884,8112
887,8103
887,7115
885,0235
885,1223
884,3916
887,8110
887,3586
888,1012
887,2064
886,6843
884,7119
885,2685
886,3104
887,9244
885,2794
886,3945
882,5482
887,0835
884,8326
886,4160
883,7166
887,0306
884,4859
883,7446
882,7353
885,0054
885,3191
885,9664
885,2636
884,2898
884,6491
883,8814
888,1971
887,5450
884,1524
885,4369
886,0739
883,4762
888,2301
885,8419
888,4783
886,6379
887,7735
883,5610
885,2309
888,2148
886,3234
886,8628
887,1013
885,0698
886,3317
888,3006
885,6856
884,6425
886,7889
884,9182
887,8171
883,9957
887,2228
886,6819
885,9631
890,2060
884,6928
886,9294
884,7696
884,6072
888,2313
887,8484
885,9346
883,3160
884,6726
886,8063
883,0445
885,2363
886,7117
884,4558
886,0105
888,0353
888,9793
885,5108
888,3752
885,4643
885,7083
886,2932
883,2113
886,7719
887,0829
885,6105
886,7090
883,4596
885,6663
885,9822
886,6248
886,6253
885,9807
886,3466
885,5520
883,9451
884,4762
885,6041
886,4376
887,2254
883,3338
886,1110
887,6317
885,8081
883,5208
886,3251
886,3570
885,1590
884,3450
886,8104
885,0732
887,7731
884,4166
883,0131
885,7427
887,4041
883,8903
883,9737
883,4344
883,1707
884,8208
886,8694
887,7859
885,5688
886,5644
886,0436
888,1473
886,3067
888,0332
887,6310
888,8239
883,8778
884,3790
887,6609
885,4221
884,1690
884,3494
886,1736
888,2180
885,7867
885,1165
883,4012
890,8972
884,0536
886,7608
886,6799
886,3973
886,9913
886,2999
884,8170
887,4018
888,2549
889,9627
887,0088
886,3383
883,0333
888,0751
885,0156
885,1445
887,4320
883,3073
887,8726
888,7672
889,0538
888,9588
886,0230
888,0769
883,2143
885,5669
883,4582
888,8610
884,8533
884,6373
888,0773
884,7382
882,9417
886,2044
886,0880
884,3339
887,2571
887,6132
885,9850
884,2822
887,1344
887,2070
883,9181
884,3197
884,0025
884,9995
887,7475
888,3151
885,3302
886,2240
883,3931
883,3926
885,4172
884,3333
882,9314
885,2250
886,2520
887,2158
885,7107
886,2854
884,8477
883,5476
887,0352
887,1148
886,2818
883,7644
884,5631
885,9166
886,2938
887,8530
888,0315
883,6488
885,6547
883,4948
884,3057
885,1451
887,4705
884,2124
888,6421
885,6683
882,8983
885,6805
889,4172
887,0071
885,1992
885,9943
887,5484
886,1849
884,7950
888,6249
889,5510
886,6615
884,5077
884,9560
884,8474
883,8751
884,6205
884,2730
886,1670
886,1535
884,3787
885,1375
883,2137
887,1925
885,4225
886,1290
884,4328
881,8079
884,9722
885,7926
888,0735
884,8350
884,4964
888,4633
890,1603
885,9958
886,3888
889,1051
885,3989
887,4930
882,8963
887,8118
890,9450
884,2565
885,9835
887,6297
886,7902
887,4526
886,2583
885,6049
885,9208
884,1038
887,0132
883,1160
884,7135
888,2446
887,2939
885,5462
889,3876
883,9035
884,3242
884,7456
885,0404
884,8284
886,8724
886,2889
888,2986
884,9730
888,9741
888,9985
888,7932
888,6111
884,2384
883,8765
886,1309
885,4356
888,5262
885,7188
886,3926
887,2511
885,1820
885,3484
883,4898
885,3228
883,7977
888,6231
882,5625
887,7792
884,2004
885,2401
884,2023
883,9613
885,7275
885,6542
889,1748
885,4621
887,3771
886,7433
884,2845
885,0436
884,8498
885,8134
888,9458
888,1522
887,5595
885,9921
888,8327
879,9672
884,6370
887,9256
886,4748
888,6807
883,5532
884,5365
886,1690
886,5025
886,3828
888,5518
888,8152
885,7909
884,4320
885,5866
889,0937
887,5850
889,4874
884,3342
889,7927
886,4082
885,8016
888,2861
882,3198
883,3993
884,1625
886,8666
883,4564
886,1206
887,4487
889,2220
886,0133
888,2214
882,6155
885,9567
884,4101
887,3926
882,1071
886,1187
885,5834
884,5086
883,2911
887,5292
885,2804
886,1749
886,8043
887,6298
887,8555
882,6961
885,7340
886,0279
882,2625
884,5918
886,3772
885,7618
887,1641
885,2703
884,8504
886,7433
881,2524
886,6615
883,3377
889,4649
886,5114
887,4002
882,4957
884,1628
887,0119
883,2780
887,7411
884,4984
888,2703
885,9362
888,3170
887,2015
888,1648
884,4564
891,3463
886,1085
886,1074
887,7223
886,7560
883,7810
883,4238
887,5052
884,3518
884,7653
884,0240
886,2720
886,0109
886,1177
885,6817
886,4497
885,9045
884,6399
885,5993
886,6084
888,1252
885,5428
884,8827
886,3048
885,3797
888,0881
886,1328
883,0523
886,6992
883,5701
885,3941
884,9009
885,0544
888,0154
885,7597
886,6621
888,7271
888,4119
886,0395
886,7211
887,7734
886,4345
887,2284
886,2130
889,8025
883,7662
884,4030
885,2110
886,8680
884,3080
884,5840
885,5237
887,6921
882,8020
886,0080
884,3955
887,2438
883,1703
884,6024
885,1114
883,9551
885,4424
883,7661
882,5384
887,4673
886,6803
885,0377
889,1669
885,0523
887,6066
884,9146
886,3349
886,2696
886,9658
885,2877
888,3006
883,2826
888,7317
884,9389
884,1849
886,8712
885,9997
889,6751
885,7928
887,0144
885,1171
885,7627
887,2190
886,3204
887,0830
880,9840
883,1384
888,5900
881,7404
886,6937
888,3035
886,8426
886,7439
884,1852
886,3557
885,5505
886,7261
887,0895
886,6336
887,9828
883,5550
885,6065
887,0677
883,7219
887,6015
883,9946
884,1419
882,0891
885,3847
885,3865
888,0210
888,3704
884,3826
885,8544
886,7005
886,3852
886,1130
885,1117
886,8510
887,4321
886,8118
883,3530
888,2326
887,0000
883,7837
885,0889
884,5059
887,9591
886,2165
885,4882
883,0917
885,7288
886,9664
891,5586
882,3508
887,3513
885,9156
884,0220
885,8513
886,0074
881,3553
887,0934
885,7523
885,9216
888,2024
886,7393
886,0394
887,0044
886,6941
886,4570
883,6601
883,2329
881,2039
888,5432
884,3575
889,7695
887,0236
885,5380
884,6680
882,2720
885,4045
886,8271
886,7799
884,8385
885,6739
883,2329
883,6480
885,6943
883,8644
888,1389
885,8408
885,7410
885,9236
885,5010
885,4644
888,3357
888,9596
890,2526
885,9361
884,5092
885,2038
887,1959
885,8472
886,5116
886,6480
887,0829
886,0513
888,9197
884,3763
883,3166
886,1901
884,1097
884,8486
884,5429
890,0194
887,8291
885,4165
886,9548
885,2421
887,2268
886,2328
886,4052
887,0905
887,7183
885,4710
887,2908
888,2352
884,7727
884,5814
887,7410
889,8788
883,8831
886,5358
886,6141
888,1875
889,1513
884,6443
883,7893
884,6838
884,2172
888,5495
886,0614
888,3241
884,8348
885,2543
885,5122
888,3490
885,8169
884,0753
883,3314
887,0752
884,0601
885,5781
888,0754
885,9800
885,7422
883,8068
883,9029
886,7236
884,1746
887,0019
887,0533
887,1604
887,0506
885,5987
885,2194
885,2753
883,6128
886,4014
888,1802
881,1089
886,4060
886,3381
887,7278
886,5467
885,9226
888,7145
884,6843
884,4277
887,4649
885,8383
888,4772
887,9856
884,1427
884,1460
885,4547
887,4376
885,6899
884,7958
884,9106
889,5913
886,0465
884,5503
887,2995
887,5068
890,0384
887,1504
884,6560
884,7947
885,7091
887,0400
885,3549
884,0409
886,0697
886,4357
882,5069
886,7582
887,7998
884,2793
886,7368
887,8805
886,1095
887,4863
887,9338
883,0973
888,5263
889,8059
883,7542
883,0725
888,4009
885,4489
884,2180
887,4195
885,6768
886,2107
886,2699
888,0665
885,4811
886,2220
883,5383
883,2368
887,2114
887,0718
884,3026
883,1359
883,8880
885,3882
886,0061
889,3044
884,6390
885,4991
885,0988
882,6848
887,7232
884,8058
885,0103
886,6565
886,3003
883,5471
885,0888
884,9355
885,0485
888,9342
882,4478
885,1882
885,6808
884,7769
885,4629
885,7893
884,9586
885,0793
885,5332
886,0275
889,1411
885,9429
885,5281
885,2715
888,5129
885,3876
886,1121
882,9400
885,7499
886,1439
886,2027
887,0899
888,0691
886,5780
884,1125
885,3404
886,8894
883,8929
888,5341
885,9612
892,7028
883,8605
885,0955
885,1515
884,8764
884,0954
884,4369
885,3755
887,5001
887,7900
886,4205
883,5896
885,9191
885,0200
884,9672
889,9715
887,3285
885,5804
885,5601
887,3197
886,6974
887,2131
886,9583
887,4142
886,4598
884,9609
887,2222
888,0897
883,8272
886,4682
884,2147
884,5427
883,7690
887,7385
884,7777
886,8420
884,2761
885,0583
887,0910
885,1262
885,3633
886,1618
887,1217
883,8937
885,6865
887,7939
887,4498
885,9708
885,9813
886,2454
886,9692
883,1163
886,1183
886,0924
886,6666
886,2282
884,5037
886,0532
882,8728
883,8505
886,4224
886,8799
888,1973
886,1085
885,7310
887,5001
888,9776
882,4796
884,1267
886,9299
887,2900
884,4084
882,3623
885,5114
884,4022
882,3531
886,1967
888,2401
889,2319
883,9881
887,8937
885,3650
883,3163
885,5154
885,7107
887,9647
889,7949
887,0982
884,9008
886,2818
886,4568
885,3419
887,0825
884,9141
889,5650
887,7145
888,5229
888,3531
884,8107
885,1975
882,0036
883,2449
888,9711
886,5329
886,8104
886,1583
885,9985
887,5791
887,8108
884,5565
884,7787
886,2607
887,4342
887,0499
887,2662
886,3715
887,6471
887,1997
889,9377
884,6119
887,8419
885,9281
885,5912
889,1360
885,1097
886,2507
885,5382
882,9463
887,1879
885,1185
888,5614
884,6773
885,6580
885,8623
887,6099
884,0334
886,6026
887,2074
884,9399
885,6109
885,3156
886,7851
884,0997
887,0771
887,6048
884,8255
887,8773
884,5644
884,2408
888,4260
888,0944
884,0726
889,2003
885,6191
885,9393
886,4938
885,4880
886,5859
884,8600
883,3953
887,9214
888,7662
889,0851
886,7969
884,5856
883,9202
886,8945
886,7770
887,1199
886,3633
889,7762
883,7203
883,4943
886,6836
883,3150
884,5218
887,1842
884,7325
887,3598
886,0719
884,2376
888,2500
883,6142
886,0587
884,1439
885,5376
887,1269
883,1878
884,9188
886,9154
887,6942
887,2095
886,9566
887,0752
883,8330
887,4543
884,8592
886,6258
887,5022
883,0688
885,3480
885,1294
884,4236
885,0009
883,8175
885,5614
886,7860
886,4217
885,9559
884,3975
889,0106
887,7691
885,1024
886,0368
885,5019
888,6126
884,7019
882,1428
887,7571
887,6300
885,4137
886,1223
883,8699
883,2781
883,5131
886,7206
888,1586
884,3181
885,8493
885,2574
886,6610
887,3546
885,6691
885,9559
885,7024
889,8567
887,9630
884,2426
888,2959
884,8881
886,8198
882,7104
882,6811
889,7836
880,5163
887,5516
885,5453
887,5019
883,5437
888,2840
884,7095
890,5329
885,9977
884,5767
886,5857
887,0482
883,6881
888,3696
887,6383
884,0851
885,4994
886,0130
885,4667
884,2848
885,5449
884,6232
884,4102
888,6197
883,3683
882,2958
886,8539
885,7541
881,7395
885,6356
883,6844
885,2762
886,2646
886,3683
884,4864
884,4234
886,4963
883,9088
885,6723
885,8479
884,7153
880,1510
885,8573
883,4848
887,1777
884,6474
887,1355
885,0266
890,1713
886,4310
884,7086
885,9031
885,4916
885,5199
886,8036
887,4153
883,9395
889,5459
886,5213
885,0509
885,5297
885,9430
884,9255
884,4685
886,9579
884,9641
884,5371
883,0320
887,3874
884,5189
885,9402
887,3430
886,7044
888,4428
883,3687
885,7892
884,9135
886,5760
885,9832
884,5100
886,3328
884,1059
883,8085
887,7496
886,4128
885,8186
886,4046
884,3836
886,6759
883,2385
886,7247
888,0990
883,7347
888,0812
885,1868
889,1081
886,9329
888,1206
887,7276
884,2962
883,1932
889,1405
886,8441
887,0434
883,1889
882,8240
886,7860
885,2022
883,3192
883,2196
884,5959
886,5371
883,8019
887,3427
883,2419
887,4876
883,9154
886,7240
883,3565
888,2366
886,5660
885,7794
886,0026
886,9972
883,8187
886,3910
886,0390
887,2982
885,4363
886,3314
882,4971
886,4341
882,8801
886,7555
884,3581
886,8598
887,1011
887,6308
886,1188
886,9461
886,5306
888,9823
884,1521
885,6542
884,4292
883,8458
883,9198
885,1064
889,7809
884,4102
886,3098
885,6546
887,1149
885,2601
885,9555
888,0948
887,0524
885,2781
884,0617
883,8227
885,6711
888,6218
890,5067
887,3995
886,7608
888,0665
887,2899
883,0207
885,1928
887,8439
883,7640
885,2720
885,6284
885,9607
886,2856
886,0235
882,0987
884,1357
885,2068
882,5074
887,3525
886,9338
882,9116
888,5212
887,4751
887,7073
887,4620
885,1315
885,2465
888,3354
884,9608
888,2482
888,1998
887,1410
887,0286
882,6479
887,2789
885,8254
885,5083
887,7873
886,9088
885,0743
885,7334
887,0170
886,5587
887,8296
887,4510
885,2197
884,5944
886,3032
887,4860
883,3662
882,4737
884,4490
884,5754
887,1674
885,8357
888,6058
885,5923
886,2952
889,4080
887,1430
882,4829
888,3793
888,8351
885,0643
886,3041
885,6128
884,4506
885,2539
884,9527
886,7726
884,2462
884,5962
888,2955
885,9967
888,5330
887,0259
886,3078
883,8047
886,5467
884,4784
881,4615
886,6251
885,3877
887,8346
888,8304
883,5478
883,5183
884,8228
888,8399
885,1647
884,2366
883,6430
884,3677
889,9008
886,5307
886,6017
885,8755
886,3904
887,3289
887,1543
887,6329
888,9713
886,3416
883,0426
888,8668
888,2421
888,9088
886,4765
884,6304
886,0310
884,6184
886,4192
887,5787
884,3905
887,5615
886,4309
884,4427
885,3083
888,1817
885,9823
884,8019
885,5864
885,8225
884,7655
887,0660
887,5916
886,0634
887,2643
885,9267
886,4160
884,9414
888,8576
885,2475
885,4990
885,6453
889,1726
884,5976
883,8968
886,4379
888,2990
889,4463
885,5978
888,9239
884,8678
883,4437
885,4821
885,6014
885,9284
883,0761
884,9087
885,5658
886,5874
887,3770
887,1591
884,4279
885,2830
888,4650
888,3283
883,2508
884,1977
884,1163
887,8274
882,1065
885,5296
887,3967
885,5494
888,7691
885,6567
884,7280
888,1826
885,6465
886,5803
886,3608
885,8045
884,1040
885,5782
885,3201
885,4469
885,5164
883,5853
883,5340
890,0861
885,9691
884,3166
885,8903
883,6722
887,6911
886,8228
887,4295
883,1386
886,4885
887,0944
890,2594
887,8104
886,1745
885,4051
886,0068
884,3259
886,1797
887,0405
890,6530
885,9594
884,2270
887,4079
885,3221
886,0480
884,2076
889,4953
886,6167
886,1676
885,9971
886,8401
884,2469
883,2956
887,9266
886,5433
885,2407
884,4123
884,1429
888,7171
886,0088
887,6364
886,2053
885,9981
889,0706
887,4631
882,8317
887,5485
886,9829
886,3802
886,2355
884,1033
886,3767
889,4107
886,2430
884,7847
882,9398
886,8152
888,1972
887,7052
886,0784
886,7735
883,5610
883,8756
886,1673
887,2613
886,2601
888,6341
884,3898
886,2517
887,3656
888,5925
886,2716
885,9202
884,4173
887,3640
883,2970
884,9897
887,4471
885,3441
886,1785
886,2395
886,1351
887,0532
882,7998
886,9773
885,5337
886,6537
889,9971
887,4346
887,2870
884,2107
886,1941
884,7780
887,6508
890,3328
886,2609
883,2887
887,5780
884,5648
885,4858
884,8804
884,5666
885,7277
886,2921
885,3783
887,6317
885,8864
884,0162
886,7222
890,6430
886,1985
888,0612
882,6994
886,1002
883,3632
883,4256
887,1059
884,1834
887,0964
887,0248
888,6118
885,6473
885,4473
890,0230
885,3150
884,9962
886,3010
885,6739
884,2755
884,7900
886,2694
888,2654
887,9856
883,4826
883,5940
887,6545
887,5868
887,8178
885,8795
884,8060
889,9860
886,5253
884,1987
881,8635
886,9938
885,3776
887,0449
885,8753
883,3046
887,0970
884,1094
884,4546
886,8588
886,4623
885,8042
887,0179
884,8643
885,1699
885,7199
884,2016
884,4797
885,2102
887,2283
889,0576
886,1645
884,6818
886,9168
885,5904
888,5789
886,6240
886,5487
890,0734
887,3320
886,9589
888,3481
883,2303
886,9376
886,8212
887,4939
885,4376
890,0346
885,9900
885,7995
886,1524
886,2316
886,8399
886,8698
885,7871
888,9512
887,9168
886,7461
883,5102
885,8878
885,7363
885,7388
888,9914
883,8728
883,3641
887,9617
884,5963
885,2266
884,4606
883,7085
892,2096
884,5099
886,7456
887,6422
885,9486
885,7393
885,9962
884,9674
887,7298
886,8883
887,6561
884,9242
884,2820
887,9379
886,2013
887,8591
884,9657
886,7645
888,0412
888,4282
883,6021
883,7676
884,0838
887,6214
888,1265
887,2350
885,4783
887,7872
886,1035
888,6100
882,8513
888,6020
888,4323
884,9272
884,8761
885,5525
887,0016
884,8581
885,8212
885,8065
884,9397
887,3357
883,2375
882,9295
888,2839
886,7667
885,1336
887,3310
885,7676
885,3452
886,7327
883,6170
885,7369
883,5002
883,2222
886,4918
884,9406
883,0999
888,2270
886,1820
885,4176
886,3889
886,2143
886,9651
885,0222
886,3071
883,2557
887,0101
886,8016
885,4054
885,9787
889,6748
884,2665
887,6072
882,5954
887,7147
883,8731
887,3578
885,9565
888,2179
884,2080
885,8045
888,2597
882,9320
883,3095
887,7867
889,7738
888,4218
885,6307
885,3484
883,9805
887,2261
886,6371
885,5595
887,8591
885,4427
887,5600
887,7380
886,3966
886,5429
886,5665
884,5485
884,1927
889,0289
886,0453
883,7705
886,7877
887,3687
888,4760
884,8158
886,7053
888,2792
887,1497
888,8596
884,3297
889,1391
886,3985
886,8491
888,4625
886,7810
885,3344
886,1439
885,1526
885,8760
887,4676
884,7455
889,0491
887,5668
885,4781
888,3616
884,7579
886,4140
886,1680
888,9572
888,1129
885,3825
884,0480
886,8735
882,2690
886,4544
884,2835
884,8893
888,8091
883,8133
885,2766
883,3520
886,3931
887,6366
884,9642
888,3008
886,5463
887,7296
887,9999
884,8843
885,6643
884,9970
890,2295
886,4723
884,1214
886,5744
888,5466
885,7290
887,4789
883,9325
884,0169
886,5351
889,3291
885,4431
886,0007
887,5566
887,5922
886,5894
888,1128
887,2541
888,9204
887,2014
888,4934
885,4047
886,0789
885,6166
884,1204
886,1132
886,0583
884,7825
885,8052
887,7065
884,9760
884,2507
883,8080
886,5170
886,6078
887,6620
889,3140
885,6673
887,7177
885,2059
884,8738
886,9958
886,6971
885,5163
887,1535
886,1306
889,0021
884,0724
882,8676
886,1273
884,4849
885,2832
884,3420
887,7364
882,7049
886,0530
887,2374
886,0988
885,9908
886,6489
885,5602
886,4976
888,1307
888,2066
887,3590
887,1567
881,4309
885,5307
889,3520
887,7899
885,6439
884,9196
884,1409
885,3674
885,1886
887,1266
885,7984
886,4366
886,1014
883,5450
883,3631
886,2206
888,2614
886,8785
883,6531
886,7734
886,2133
884,5295
885,6121
885,1076
885,3760
885,6008
887,9790
882,7630
885,6453
886,5353
883,5507
888,8363
889,2068
889,9150
886,2218
884,8031
888,3203
889,3261
884,1015
885,3109
885,9265
885,6795
887,2206
887,1131
885,9060
886,9268
886,2507
884,2975
886,9882
885,3392
886,1725
887,0392
887,5075
884,7301
885,4349
886,8908
883,4513
883,5674
888,5197
886,3576
883,2612
886,9711
884,6397
888,1298
885,0784
883,9755
887,9437
880,4453
884,7703
884,6657
885,9928
883,2719
885,1251
885,3564
885,2563
888,4016
887,6226
883,4750
886,0721
887,2818
887,8838
889,4701
886,5649
889,1825
887,2620
885,6686
886,4034
886,3304
887,3067
884,0202
886,6033
887,9251
884,8958
889,1018
885,2315
885,6999
888,6362
886,4142
884,6449
884,9760
883,7091
887,3369
885,8372
885,9243
886,5235
883,2020
884,4861
888,7773
888,1501
886,1329
886,4201
886,7817
889,7301
885,2734
888,9230
885,0848
888,4208
886,8765
887,2072
886,0747
884,8518
885,9254
886,0236
887,8647
886,2271
883,4872
883,2304
883,5004
884,6803
886,7290
885,6688
887,1379
884,0946
883,8541
887,8251
884,1310
888,1872
887,3693
890,1150
888,5600
885,7735
885,4451
886,4558
885,4158
883,3918
887,1257
888,7581
885,2202
885,2054
884,2835
887,6432
882,9921
885,2718
889,4844
885,2001
885,7152
887,9743
888,5748
886,4705
885,2821
882,5817
888,3141
884,0991
887,0314
886,8197
884,2652
888,3571
887,9782
890,5777
885,4700
882,5372
882,9242
884,2838
885,1603
882,0034
887,4294
888,3219
884,6811
886,0483
886,3358
886,0226
882,8862
885,1784
886,6119
887,6829
886,3843
884,8903
886,6991
886,5046
888,3113
886,2845
887,8199
881,9842
885,0501
891,2793
883,5863
886,8660
881,3175
886,8316
884,3328
886,2949
889,7820
886,7401
882,4854
887,9677
882,3681
884,8358
887,4428
886,5521
887,9787
885,8545
887,1542
885,1537
889,1617
887,1004
887,3787
886,4151
886,0299
886,3755
888,9021
886,9400
889,7668
883,8938
889,5488
885,2603
885,5302
887,3449
886,3378
887,5025
885,5613
886,3883
884,8682
888,2379
888,0710
885,1970
886,8204
886,3322
883,3574
888,8646
886,3814
887,8218
886,6416
886,0844
885,3520
884,8854
883,8917
888,6007
883,5213
884,7849
887,3494
888,6796
887,4975
886,7370
888,0964
884,9014
886,3127
885,9298
884,0106
886,5691
884,0668
883,5689
886,4715
887,5482
885,9838
885,1134
887,4481
885,3195
886,8568
884,3326
888,5338
888,2147
886,9471
885,9993
888,3065
884,5957
885,7708
884,8445
884,1864
887,3103
886,9664
883,0710
884,0968
883,7588
884,2149
886,4588
885,2632
888,9860
887,0418
887,8097
886,6015
890,2064
887,2612
883,2175
885,1011
885,3772
884,9820
887,9668
884,1696
884,5402
884,3985
883,8546
885,6481
886,6488
886,8348
884,6977
884,9964
889,3383
887,1296
885,4957
885,3934
882,3163
886,7274
886,3966
886,4053
886,5378
883,1302
888,8277
886,8759
881,7943
883,7153
885,2524
887,4945
885,9659
887,5785
887,5274
888,0441
886,1388
889,1471
887,0308
887,8507
887,0990
888,4366
888,1547
886,1479
887,2902
884,5856
885,0758
884,5889
885,2614
887,8079
885,6433
881,7262
885,9157
889,6176
888,8946
886,0047
883,1277
886,3691
888,2525
887,3832
885,1140
886,3295
887,2851
886,5860
886,9579
886,9841
888,1611
885,5628
888,4087
886,6709
884,3784
885,8732
887,3482
883,7547
883,9704
880,8282
884,9685
881,9937
887,7734
884,9421
884,9301
886,2311
884,4296
884,7942
882,0252
885,5042
887,3063
888,9851
884,9135
886,0734
887,7963
887,1091
887,7310
885,7682
887,0765
889,9884
883,7665
890,1767
886,4780
888,3678
884,1505
883,6393
890,9611
885,3137
885,4876
885,9027
884,5605
887,3935
887,4465
887,4965
888,6017
883,1627
889,0819
886,0383
887,4241
886,8542
885,3594
885,1368
887,0558
888,2958
885,8194
886,6758
887,7468
885,2440
885,1491
886,9388
882,7866
886,5816
883,4469
885,9524
884,9790
883,2001
885,6701
887,6175
883,0924
887,3518
883,3026
885,5803
884,6305
884,7757
884,1206
886,9792
883,9003
882,8876
886,1012
884,6321
886,9692
881,4252
889,4754
885,8542
889,0997
886,0439
883,8827
884,5066
887,5454
885,3181
885,3053
884,1409
887,6841
888,3119
885,2670
886,8253
887,8176
885,2070
888,7136
884,7633
888,5251
885,5664
887,0283
886,3765
885,9743
885,6874
887,6484
887,2280
886,3010
883,2286
883,6879
886,5117
885,1486
886,3456
888,3911
885,3032
889,8552
885,6955
886,8260
891,0128
888,1979
888,9074
886,0356
886,8998
884,1027
884,6135
886,9461
887,0897
883,4687
887,3492
885,5316
884,3486
887,7515
885,6683
887,5563
887,7257
885,8439
887,7261
888,6190
884,6622
885,2695
884,8478
887,7038
887,6229
888,0260
885,7752
884,5801
886,1680
884,4886
885,9990
887,6993
885,3321
886,7451
885,5957
888,1509
885,7581
887,5255
886,4415
888,0878
886,3857
886,7495
884,9485
886,3097
887,7212
885,7812
886,6994
888,1857
884,6610
886,5773
884,0261
887,1466
882,7258
885,3987
885,0564
886,2678
885,9883
887,2223
886,5883
883,8180
887,3179
887,2839
889,4272
883,4311
885,4264
884,8225
887,2708
886,4059
886,8794
887,1574
884,8156
886,3420
882,5947
885,7202
882,1315
884,7417
884,8810
888,3697
883,5492
887,4497
885,6434
887,7672
887,5596
888,2180
886,8018
887,6442
885,5892
885,2702
886,5399
884,3576
887,7553
883,5282
886,1106
885,2499
882,9175
882,7996
885,8410
884,2843
887,8927
887,5465
883,2301
885,1746
887,7730
887,9064
884,2257
888,6497
884,4327
886,6036
883,3744
885,7284
886,4141
887,1850
887,9960
886,8178
886,6319
889,2113
885,5101
883,3067
888,8621
885,1595
887,8535
888,6284
889,4921
888,2620
887,0054
885,7376
885,5812
888,5750
885,2637
882,2638
884,7201
888,5944
886,2845
882,0598
885,0196
888,2380
884,9608
883,9081
885,9044
889,1098
887,2678
885,1689
886,0435
888,1421
886,3045
889,2657
887,3541
888,5214
884,8485
887,2877
889,0880
884,9191
883,0824
886,5826
884,5677
885,7335
886,1194
886,7961
889,7150
886,8072
886,5560
885,7911
884,7464
885,5399
885,6561
884,4977
885,5116
888,7725
884,1269
886,4829
890,5381
885,3326
885,8376
886,7997
886,8585
881,3309
887,1797
887,3296
885,3134
885,7226
881,6111
885,6099
885,1986
885,5880
885,6643
886,3400
887,8898
886,4080
886,8566
887,4682
886,5234
886,2220
886,6360
889,4080
888,8269
885,7884
886,0715
886,6656
884,3676
883,8561
887,2527
887,7676
888,0449
885,5294
883,9725
884,7098
884,2578
885,5625
885,4093
884,6532
884,3609
886,6364
885,0700
886,5164
887,7406
886,0633
885,1799
885,9550
883,3008
888,6847
885,5951
887,5181
885,2889
889,5309
886,5314
882,5909
887,9594
887,3560
882,4354
885,9665
888,2543
888,7259
884,4914
886,3398
886,7694
886,0979
888,8375
884,1748
888,0211
887,1083
886,3255
886,3191
883,2168
885,8521
886,9619
885,0155
887,9336
884,6233
886,3738
888,6026
889,7705
886,1817
886,8167
884,5654
887,4183
883,8429
883,0669
883,7389
884,4615
888,2955
885,3335
887,3204
886,7297
885,4880
885,3504
884,5785
884,4648
890,0118
886,8133
884,1261
889,5286
886,2865
886,3685
888,1983
887,3347
885,7689
885,7908
886,5045
886,3507
888,3587
886,5645
881,6443
886,5291
888,1085
883,0243
884,6399
886,0773
886,2383
886,1043
888,8065
889,6407
884,7945
884,4004
887,9517
884,8404
885,2740
887,9024
886,6999
884,9295
887,0483
885,3825
882,5332
884,1922
886,0243
886,1030
885,2507
886,2452
886,9732
886,1923
887,7889
886,1074
884,5546
888,3204
887,4735
888,5706
884,8864
885,9552
885,6577
885,4579
883,9137
885,4885
887,0960
885,9038
889,1345
885,6926
887,2192
884,0666
890,4834
882,1705
886,8674
887,6329
886,1289
884,7676
889,0615
883,7680
884,7068
882,5021
885,7678
886,1953
881,9644
883,6870
884,9346
883,8756
889,0320
887,3270
884,0275
884,9508
885,6055
883,8704
887,3417
885,2435
882,5919
884,5687
888,5724
884,4257
885,7001
884,5714
887,1463
887,3721
886,9159
887,2180
887,9606
885,5231
888,6731
882,3463
887,2608
887,4828
886,2923
885,8716
887,1221
884,4126
885,1006
886,0722
882,4766
883,6437
885,7178
884,9538
885,6897
885,3617
885,2879
881,5084
885,4171
888,6032
886,5418
887,6522
885,1555
884,1392
889,4546
890,6556
882,8525
886,4971
887,0257
884,3802
884,6444
887,0340
883,7414
885,2811
886,5332
887,7157
882,2311
886,4722
886,8668
884,1208
885,0690
884,8743
883,7065
886,3570
886,4119
882,2039
889,3076
882,7646
885,3175
885,7922
884,8723
885,2751
885,2254
888,2687
886,7277
885,8869
885,3396
886,0743
887,5789
884,7378
888,2197
886,4735
883,7400
884,9099
886,0689
883,2368
886,2892
883,4972
887,5349
886,0294
886,9384
887,0802
883,8937
885,7332
885,1270
887,2722
883,9940
884,3458
885,2641
885,5797
884,2733
880,9496
883,0444
883,0963
887,6636
886,0791
882,6359
886,2781
886,2208
886,7719
886,2844
886,2081
888,1498
887,8493
887,8425
888,2063
885,4196
886,4768
888,0327
885,8862
884,8368
886,8043
887,6873
884,2243
888,0079
887,5225
883,7757
887,0122
887,3567
889,0022
886,3131
885,7473
883,3065
888,8239
887,5747
886,4887
883,3230
885,1453
886,1578
888,0593
886,1444
886,5930
885,4051
887,4799
889,5023
886,1373
885,5662
885,2175
885,3946
882,8077
885,8142
886,3121
885,6297
884,8066
883,1053
885,6823
880,0084
885,9700
885,9108
887,4846
883,5152
884,2290
885,6921
887,4109
887,8068
883,9908
886,1802
886,6517
885,0713
887,8052
884,6367
885,8320
888,3529
885,1568
885,7894
884,2472
887,0689
887,2978
883,8090
889,1292
887,0741
887,0670
886,5100
883,3630
886,8707
888,0481
887,3905
884,9740
887,8728
882,6642
882,8037
887,7301
885,3089
884,6699
884,6053
886,9664
881,0957
888,9993
884,6845
883,6562
885,2917
886,4022
886,6690
886,0732
884,0446
886,1991
886,9566
885,2608
885,5148
887,3279
886,1790
887,7344
887,3412
885,6009
888,6363
887,7501
884,7541
885,2259
884,6157
883,3290
885,0354
885,1998
886,3310
887,0712
887,0444
892,7009
887,5533
886,8095
886,5303
881,3026
885,0691
888,7740
884,1338
886,7619
886,7795
886,5973
884,3092
886,4135
888,6502
887,1794
889,0900
888,3861
886,4063
884,4917
887,2906
885,4266
885,3468
885,0195
884,0618
887,5741
882,1901
887,5772
888,1396
883,0992
885,4184
887,2499
883,0771
883,3319
886,2223
884,8037
888,0544
888,7074
884,1639
886,9055
886,0764
886,6546
886,7985
888,0237
884,7294
883,8720
886,6429
886,5227
888,6783
884,4829
885,1506
887,1835
887,5101
888,4840
885,0135
885,5948
890,1269
884,2471
886,1509
886,3466
884,3687
887,4703
886,8678
890,4344
881,7397
884,6551
887,5386
887,2341
887,2090
889,2368
888,4274
884,4274
884,9243
885,3586
885,3280
885,5168
886,6918
883,0167
882,0372
888,2975
887,1215
885,6860
884,7943
885,9227
885,4493
887,1960
885,7171
886,8875
886,5556
884,8182
887,6563
886,1096
888,7798
889,7944
886,0950
884,8411
883,1456
885,4714
883,5499
887,1611
884,9377
888,3306
887,6604
887,8863
883,9587
885,5368
883,9274
887,4063
883,1177
888,0296
887,2934
887,5769
888,6557
884,6825
883,1271
886,3633
886,0764
886,4679
888,0033
884,2455
885,5946
887,2818
884,3287
883,0807
885,6095
886,3964
885,9730
883,4131
885,3992
889,0596
888,6438
885,6876
884,7278
887,9423
885,7906
885,2258
886,0825
886,2523
885,6589
884,9495
888,2410
885,8714
884,9635
885,2687
885,2746
887,5584
885,4387
888,6664
883,8720
884,0160
886,2032
885,3412
887,0331
884,6099
885,3837
888,8800
885,4395
889,6902
885,5914
886,5737
888,9093
886,9709
883,8383
885,7512
887,0398
882,5066
885,1795
887,7858
886,8435
887,4178
887,4486
886,1466
887,9577
883,6077
889,9614
885,4763
884,6376
882,8903
886,4447
886,9550
883,4695
886,2713
885,4053
886,7894
883,5072
885,7026
884,8617
887,9441
885,5223
886,6538
889,0479
885,4629
885,9026
887,2533
888,3487
885,8782
889,2934
885,2874
882,8382
889,6559
886,1006
889,9242
885,8538
886,5151
885,0400
886,0977
888,5193
885,1368
886,5559
888,0755
884,8075
887,6880
884,9049
883,5390
886,6825
887,9276
882,5404
883,1858
884,3138
882,5638
884,3194
886,4990
886,3837
885,3966
887,2740
883,8763
885,1596
885,5955
886,2694
887,2726
885,7245
882,9636
883,9236
887,5930
885,9930
887,0673
886,8418
882,1787
881,3240
886,2996
885,4022
888,0460
883,9755
888,0061
886,2040
886,0205
886,0938
884,1015
885,6562
887,5063
885,5284
886,4508
886,0388
888,4482
884,2498
888,5144
887,4747
886,1717
883,9070
888,3964
887,1843
888,2947
882,9434
886,0358
886,7130
887,4396
886,6323
886,6895
887,5158
886,8471
888,7463
887,7933
889,2177
883,5469
885,9367
882,7872
884,4246
886,7486
884,9420
886,3059
887,1917
886,9393
884,6135
888,5248
883,6851
886,8265
886,9785
885,6384
886,8518
886,0925
887,2610
884,6002
889,9434
886,6796
887,9891
885,7766
885,3459
887,9711
883,6731
885,9700
885,0321
884,5085
884,8598
883,0628
885,2469
886,2733
888,0768
886,8241
886,8390
890,6188
883,0098
887,2094
884,8654
886,1653
887,4025
886,0384
887,3404
887,4731
885,5414
884,7668
885,2422
886,6741
888,8094
886,7064
885,8532
884,7883
885,0778
884,2913
890,1575
886,2292
884,7529
887,0500
885,6050
887,8745
883,5523
883,8120
884,4162
886,1182
885,6032
885,2433
886,8675
887,8875
888,4373
886,8830
887,2683
884,0007
885,2265
884,2024
890,2573
889,7456
887,7663
885,2612
885,7025
888,1536
888,3631
886,9542
885,4477
885,6117
886,4016
885,3498
887,3524
886,5714
888,1448
887,8739
885,8882
887,6800
886,0910
883,5577
886,8796
887,0059
888,8370
887,7603
883,3923
883,2132
887,9376
885,8052
885,7204
881,5286
885,1337
884,0191
886,0989
883,1504
889,2805
886,3391
883,6356
884,0050
885,5493
887,9161
886,7666
884,1385
887,3016
885,1104
885,3443
887,9246
887,2932
888,1611
883,0542
884,6055
889,6673
889,5825
886,9954
887,2497
887,7415
887,9870
884,5916
887,0169
885,3628
885,7077
887,0968
885,0381
884,1777
887,9521
883,4960
886,1657
886,6619
885,4715
882,6350
887,9843
887,1501
887,2203
883,9505
883,4239
886,9261
885,3057
887,6464
882,8356
887,1375
886,2555
884,7804
886,0370
886,2962
884,9263
883,1963
883,4756
884,3141
887,6233
883,5836
886,3040
886,9136
886,2234
884,7125
882,9691
887,8111
887,0222
885,6634
886,1754
886,0503
883,8711
887,5313
886,0533
883,4469
884,8874
888,5219
884,0095
886,9478
882,2660
883,6181
886,2369
885,3548
884,9803
886,1944
886,4789
885,2096
884,3291
885,7260
882,3584
886,1756
886,1041
888,5643
884,7286
884,5610
886,6371
887,8718
887,1152
885,5433
887,4343
887,9266
886,4961
886,3400
883,8523
889,0673
887,8130
886,6330
888,5518
883,6280
884,2207
884,2106
886,6969
882,5093
889,9633
888,2282
884,1830
883,4705
882,2519
887,0846
885,8438
885,1202
884,4673
883,8778
884,3831
886,4262
884,9251
886,4422
885,1765
886,3251
885,2132
885,3255
882,9951
884,9009
883,0372
883,7667
885,0413
887,7077
888,6042
885,1563
885,9925
885,7815
888,2634
884,2523
884,4432
884,1137
885,8328
886,5740
884,6188
886,6833
884,7094
886,9108
888,2078
887,6552
883,2178
887,3691
885,3724
889,3662
884,2982
885,7093
887,8244
886,4875
884,9928
886,5349
886,2213
884,3542
888,2111
885,5576
887,3193
883,5140
885,3386
885,0217
886,1311
885,4370
885,8012
884,3629
885,0522
883,1418
886,2684
884,4216
883,7544
886,7741
883,8802
884,9563
883,3592
885,2150
888,3419
887,5212
885,9013
885,2023
885,9193
884,0106
884,2374
885,4234
884,1409
882,1488
886,0790
884,5421
883,1809
887,7222
884,5240
883,6011
888,0660
884,8820
887,0555
884,8013
882,4339
888,2367
885,7871
885,3884
887,0204
886,9393
887,1124
888,9249
887,8026
885,9768
886,7128
887,5708
886,9750
885,3454
885,6255
885,9799
883,1067
884,1629
884,2050
885,2863
884,7120
884,9584
883,7046
887,8171
883,3550
883,4963
885,4821
885,7960
886,6395
884,8717
882,2022
886,6144
887,1075
886,1550
885,2358
890,0332
887,5450
885,8154
888,7076
887,0385
888,7560
886,3041
885,4248
884,0768
883,7057
886,6903
885,8706
886,5889
887,7372
887,5084
884,5478
884,0992
885,7113
884,5014
887,3471
884,0452
886,6620
887,5829
884,8629
886,8667
887,0855
883,6209
884,3212
886,2757
886,1089
883,2656
886,8696
888,0629
889,0146
884,5789
888,3536
883,6473
886,7913
883,9234
889,2556
887,2424
885,9448
884,5303
883,6573
885,2446
884,8436
886,8611
886,4240
885,6032
886,7626
887,0375
884,5374
886,0913
886,3938
885,1033
886,2822
886,4343
885,4399
885,2791
884,9535
889,6638
886,2342
886,2339
888,1069
887,5795
889,3957
884,4149
887,3929
886,1239
886,0584
884,6046
888,4445
885,4417
889,7439
887,4166
883,6289
883,0207
885,4286
885,6734
886,2531
884,9035
886,1970
885,2362
883,8216
885,6010
886,9926
886,2382
884,4420
890,1611
884,2864
883,6021
885,2006
887,0939
886,7418
885,1414
886,7593
884,7370
884,4396
887,0449
884,9429
888,4542
885,4751
883,6054
887,3483
886,6417
884,4018
886,6085
885,0074
884,7981
886,5076
888,8856
886,3481
886,6499
887,6110
886,6080
887,1383
888,4446
883,3214
886,3806
886,9399
885,0716
884,9662
885,6766
885,9867
883,1706
885,6944
885,1074
886,2003
889,9226
882,5921
887,5136
885,1592
886,1622
885,4141
885,1636
885,8396
886,6740
886,9436
884,3211
884,3924
883,3912
883,5619
885,2138
887,2524
884,5717
886,3549
886,7948
889,0723
885,0457
884,4623
889,1869
888,3796
887,5563
883,7546
887,0858
885,2229
885,2546
887,1234
888,5363
884,0052
887,7243
882,9710
885,2814
885,1213
883,4869
887,5904
887,1782
887,6550
886,2043
884,0739
887,2252
884,4731
887,2099
889,5883
883,2108
883,4534
889,5885
882,8578
891,4465
884,2077
888,6987
884,8941
884,4373
888,1028
887,9673
887,0467
885,6084
885,8841
886,0345
888,7152
884,7406
885,9718
886,4578
887,1325
883,8962
887,2262
885,7096
890,3583
883,6819
882,1039
883,6856
888,4657
884,7422
884,4758
885,3135
886,7264
888,5938
883,9215
885,5635
885,6531
885,3202
886,5714
889,3429
882,7042
887,9014
883,9737
886,3862
884,3831
883,7035
884,8434
886,0261
881,7278
883,1977
885,6964
884,7357
883,7829
885,2639
886,9915
886,7593
886,7617
888,1887
884,1523
887,7755
887,7492
885,2450
885,8614
888,2851
888,3438
887,8252
886,2446
886,6909
889,2368
886,5204
887,6772
888,7158
885,2630
883,4988
886,7180
886,2400
886,8148
886,9310
890,6365
887,3190
887,2884
886,1259
889,7385
888,2047
885,0134
890,3155
880,6073
886,4445
884,8343
883,0318
886,1613
887,6388
886,8276
888,7188
885,9794
883,3154
886,8944
887,3097
887,1444
885,3388
888,7518
889,3251
885,3438
885,9068
885,7549
886,2633
884,5165
886,4596
882,4860
884,1680
883,2053
886,3763
888,4646
883,1538
885,3074
886,6552
885,6036
889,6992
884,8689
887,7425
890,0697
885,1736
885,9399
880,9427
889,2198
885,4911
884,3076
884,1451
882,3090
887,1844
883,3628
885,6493
886,1774
887,9236
886,3944
886,4551
888,3398
885,6053
885,4052
888,3344
887,5123
886,5023
883,0857
886,3704
888,1119
886,0655
887,2467
883,2000
886,8499
887,0137
885,7830
885,8013
884,5688
884,0407
887,4992
887,6690
886,5465
887,5022
889,0068
882,3492
887,5234
887,9972
884,1167
888,1706
885,3269
885,2471
886,9107
885,1316
883,3314
885,4931
884,3487
886,6267
886,6329
886,4360
882,5894
885,5394
887,5526
886,1627
886,9460
886,7955
887,4849
887,2758
888,2488
885,3633
885,5422
886,0831
885,2071
888,2998
883,5343
884,6995
885,0504
886,3993
888,1061
884,5060
883,3013
885,5416
883,9704
887,8092
884,0813
884,7619
888,4251
887,9174
886,3314
887,5291
886,2752
887,2324
887,3441
887,8715
885,8387
886,3206
889,1435
889,3496
885,9862
887,5834
887,3597
884,3148
884,6173
886,1675
888,2756
886,0723
885,2576
885,4189
887,0830
884,6985
883,2584
884,8342
889,2804
883,8241
882,7298
886,0831
887,5823
886,4674
886,5705
888,9078
887,5261
883,9577
884,7063
885,4505
888,1466
886,1652
886,0535
889,4057
885,5434
883,9818
887,1894
887,5401
884,4018
886,0043
884,2718
887,8532
885,9661
886,8036
884,6416
883,4453
884,8359
886,7589
883,5797
886,4645
883,0726
889,9450
886,5784
888,8027
883,2516
883,9317
886,5954
884,7391
888,0155
886,2961
885,6607
887,2747
883,0164
885,3791
887,0249
887,5435
890,4506
889,4180
883,9984
885,7453
886,7985
885,7623
888,1307
884,9207
886,1989
888,4736
888,2077
888,7024
886,9100
885,5634
885,6952
885,1807
888,2151
886,0821
886,4053
885,3923
889,4215
885,1316
883,2806
888,6324
886,6500
889,3733
886,0429
884,1720
886,6014
887,8178
887,9753
885,8941
890,3242
883,3780
885,6885
885,3390
885,3974
888,5283
886,4709
887,9887
886,5046
888,7489
889,3426
885,8648
885,6274
887,6566
885,6129
886,1559
885,2485
884,7631
883,8803
883,0348
886,1984
887,6023
885,2735
888,4671
882,9516
885,2454
882,4346
886,8778
884,5870
885,7351
885,0179
885,9229
882,8508
883,7515
882,9630
887,0779
886,5124
886,0230
885,3508
885,5023
887,4302
884,1613
885,8313
886,8294
886,2184
884,0088
888,8042
889,2519
883,5633
885,3393
886,6518
885,5977
885,8612
885,1090
885,5231
885,8869
886,2872
887,6327
883,3748
887,3817
885,7789
887,0806
885,1322
886,3054
887,0825
881,0990
887,7157
887,2485
883,8389
885,2186
886,6607
886,1057
888,4177
883,5480
887,4231
883,9478
887,6373
883,6791
885,2869
886,4718
888,8343
887,4208
883,7915
884,7866
884,7921
887,7579
885,6583
888,9925
883,5829
886,7132
888,1251
882,2219
887,3132
884,0936
884,9221
884,6441
889,6574
885,3400
884,6153
887,0032
886,7214
884,6843
886,6565
889,0936
889,1785
884,9692
884,5759
885,9209
885,7842
883,3147
883,4088
886,7852
883,2318
882,8775
886,0148
883,6853
888,0581
886,6828
883,7511
883,1483
886,8982
885,8293
885,2958
887,5516
884,8915
883,2410
888,9464
885,7244
885,4654
885,2261
888,8615
887,7117
884,9313
890,4414
884,6373
885,9547
885,8118
886,2782
887,3080
884,3796
884,0501
886,5521
886,4354
884,8885
882,3520
886,1170
886,1247
886,7398
888,6732
889,3699
887,4258
883,6326
887,6036
883,9116
886,0878
883,8795
886,7513
885,3031
885,6677
888,1670
885,0270
884,3387
887,5420
885,6313
885,8927
884,1688
883,9359
887,6436
885,0626
885,0512
887,6943
884,7307
887,9459
883,5912
887,2732
887,2237
884,9235
884,8477
885,2207
887,7735
885,0289
886,6849
887,1723
885,8197
887,6775
883,9828
883,6843
885,1124
884,4127
884,9341
889,4103
887,8317
883,2419
884,6161
884,8836
887,1384
886,1394
884,1851
887,8201
885,3028
882,5613
887,6004
888,9918
886,5200
885,9556
886,8649
883,5009
887,6851
884,2313
887,1206
886,0819
888,8857
890,7461
889,3235
885,7500
890,3750
886,6631
884,6946
886,6304
887,5098
885,3993
887,2319
885,9497
887,4590
888,5093
886,2337
886,6096
886,2736
885,7730
886,1286
887,8399
883,3214
885,2449
885,4800
885,8387
886,7193
883,0717
886,3793
888,0508
887,5942
885,8892
884,4350
884,8310
883,1619
883,9063
887,7083
888,3431
882,5469
885,8515
882,9759
885,1491
886,3413
886,4529
887,8400
885,8767
886,3698
886,1574
885,2146
884,1445
886,1454
883,9930
887,5520
885,3793
891,4448
886,4731
885,2900
885,6339
885,5454
889,4441
886,9269
885,0689
888,4208
881,8418
885,7705
885,3863
887,0546
884,1419
885,6085
888,5344
884,3525
888,1549
886,7215
886,8188
884,6282
886,5306
884,1047
884,4320
886,5445
886,3959
887,3939
886,8478
884,5836
884,6484
883,6583
885,3460
884,2417
890,6212
884,7978
885,7211
884,9541
885,0393
885,1583
883,1704
884,0084
884,4897
886,9279
885,0184
884,4342
889,2095
883,3762
883,3322
885,4327
889,2254
884,7248
885,0141
887,3571
888,0312
887,6639
888,5026
884,5985
883,0090
884,0763
885,4114
886,4724
888,8686
887,1179
888,8890
886,2824
886,2320
885,7637
884,9821
887,4107
885,3534
884,4199
886,4580
883,0712
886,1321
881,5328
888,7079
886,5155
885,5818
885,6474
886,5380
884,6839
885,6836
884,9277
885,6073
886,8791
883,9212
885,9649
886,7068
885,7942
889,1205
887,2974
886,9606
886,1874
885,5209
885,2849
884,3744
887,7977
886,7012
888,6307
887,8726
884,0130
886,0786
886,8249
885,8942
886,9994
883,1875
883,8020
883,2481
884,6320
885,3066
885,6351
883,5401
886,2980
885,7628
886,3322
887,1103
885,6930
884,4801
885,0519
884,7115
886,4375
887,1896
883,0522
886,2186
887,0296
884,8351
884,9039
885,2199
886,6353
886,3429
886,8662
884,2165
884,3438
885,9374
884,7450
885,3771
885,7532
884,9524
886,1640
884,7008
886,2121
885,9239
887,2029
888,4468
884,6092
884,3501
884,7752
887,2381
886,2000
883,6163
887,9411
887,2490
884,3868
881,8618
886,9752
885,1546
886,5954
885,8515
882,6491
884,8047
885,0630
885,4382
883,6915
888,2228
886,1806
886,0116
887,0581
888,8299
884,0973
885,2361
886,6330
884,3361
885,4267
885,0227
885,1074
884,2921
883,6753
886,6233
886,1534
889,1993
886,6891
885,1926
882,8596
885,1012
886,1699
884,9726
886,0151
887,6208
886,8578
886,1740
889,1254
884,4092
887,1087
888,0587
883,3764
886,4754
888,9208
884,3157
885,5125
885,1908
883,4756
886,4227
886,3980
884,7913
884,9357
885,1992
888,0491
885,0283
888,7201
884,9156
886,5193
887,9905
887,2753
885,7384
883,1486
883,0004
883,6761
884,8012
888,4460
885,0672
884,8937
885,0804
884,7182
886,4765
887,1503
885,7430
886,7551
888,9341
887,0997
887,3139
884,0239
885,7513
884,8547
887,3237
884,3637
887,9633
888,6981
881,7222
884,0966
887,9633
885,1859
890,3135
884,4092
887,5718
883,0824
887,4497
883,2916
889,7669
884,2277
884,4305
886,2596
884,3220
884,9644
886,6329
884,7569
886,8419
882,2947
883,7756
886,4544
888,8880
887,9702
886,2693
890,6228
885,4744
888,3931
886,5776
882,8874
886,0057
887,2550
886,9107
888,1352
884,5256
885,3146
891,9542
886,5593
882,4027
887,8971
886,4899
885,6112
884,1088
887,9210
886,7924
882,8814
887,6482
884,5313
883,3731
884,4272
890,1331
883,5224
883,5371
887,0871
886,1422
887,3682
890,1332
885,1396
888,1802
885,1493
882,4655
886,5989
887,7816
881,8189
884,8497
886,8746
886,3436
887,1418
887,3754
883,8286
887,1594
887,1066
885,7607
883,0267
884,9957
887,7962
888,9993
885,5698
886,5270
885,2001
886,8916
886,0368
883,9568
886,8864
887,7019
885,4920
886,4120
887,1284
885,4231
885,9239
883,8393
888,4470
883,2638
886,4422
887,2500
886,0766
886,0506
883,8124
883,4477
885,2466
884,2546
890,1331
880,6155
884,3042
887,6980
889,8757
886,1984
886,6675
883,5173
885,3800
885,3499
888,2481
887,2414
886,7420
884,4335
886,0118
880,3864
886,5088
883,9578
887,3508
886,2550
886,2250
886,1642
886,2847
887,0085
889,1040
887,7307
885,9590
887,4306
887,1654
888,8129
883,7649
886,8614
886,2939
886,1233
884,5115
887,4803
886,2975
884,8909
879,9328
886,4551
890,2371
884,5317
885,0543
887,0435
885,5491
885,2780
885,0527
883,5277
887,7329
887,6275
887,2256
883,7177
885,3743
888,0658
883,2894
884,2725
887,6772
883,2543
885,5448
886,7684
886,3278
888,4025
886,9629
883,8745
886,8766
884,5746
883,6933
887,2766
884,4600
885,0405
886,3720
888,0448
885,9099
886,5840
888,7513
886,8468
887,1164
887,5007
885,7579
887,2956
886,7333
884,4711
886,6611
886,2749
888,1512
886,7456
885,4435
886,4176
882,9940
883,8467
885,8799
886,0873
885,7551
886,8200
888,3323
886,1168
884,3018
887,2531
885,8331
886,8831
885,7682
887,2279
883,2182
889,5577
886,4691
886,8553
882,8210
887,2263
885,0011
884,8224
888,1710
888,2518
887,1628
887,9877
884,3316
884,9138
885,4389
884,6980
884,9344
886,6197
882,3051
886,1731
884,9784
888,7827
885,3878
887,2855
885,9948
887,2972
886,4484
888,6501
887,4944
885,7100
887,1173
886,3437
886,5359
884,9022
887,5732
886,4132
883,5944
886,2979
885,5977
884,9701
887,5591
882,2879
885,4892
885,4868
888,3233
886,9014
883,9945
889,3475
885,7195
887,4089
884,9588
887,5231
888,1802
887,3004
885,2887
887,3297
885,1947
880,6385
887,0851
884,5881
886,3203
887,5126
884,0936
885,6685
888,1230
881,9101
887,0099
885,7570
884,1366
886,2301
884,1252
885,1914
884,7129
885,8640
885,8941
884,7742
883,5458
887,2420
884,9589
882,0378
886,0626
885,5498
885,7371
882,5899
885,1394
884,7327
883,8747
887,3141
886,2593
885,0662
885,5143
886,7702
883,8904
882,5166
886,9636
882,9217
886,8149
886,6392
884,9252
886,4187
888,0700
883,8201
887,7894
887,3932
886,5626
886,1372
887,9825
884,4167
885,9884
885,2300
884,2142
891,2364
887,5110
886,3011
886,0929
883,7878
882,4829
886,7430
885,9498
888,4916
885,8562
882,8132
883,8645
881,8323
884,2529
887,1862
885,0352
887,2030
888,4066
887,0575
888,6143
887,3779
883,8979
887,7523
881,9232
887,7329
883,6447
882,8826
885,2355
881,7017
886,6681
886,3174
887,3568
884,5750
886,7499
886,6933
882,8159
885,7774
887,1012
889,5096
883,6889
884,1926
887,7015
888,7862
889,1848
886,7815
886,0372
883,2713
886,1880
883,2840
885,7189
885,3145
887,7400
887,2285
884,1826
884,5357
885,8644
887,8893
889,1292
884,5435
885,3516
883,7125
883,8726
882,9112
886,6218
886,8949
887,6418
888,7016
885,8897
884,0908
889,0258
887,2409
887,2979
885,1987
885,5212
885,0124
884,3407
885,4809
887,0375
886,1780
885,2278
884,8698
886,8368
887,0460
883,8528
884,2044
885,8879
886,9254
884,5627
884,2869
886,7894
888,1604
884,9460
887,4689
886,2176
886,4878
887,6440
886,1059
887,3018
887,3825
883,2415
886,9394
885,3288
882,9862
883,5851
890,0970
887,4372
886,6518
888,7803
889,9335
886,3938
889,3369
884,0650
887,2567
886,4093
885,7370
881,7757
883,3537
885,4346
883,3211
891,7805
886,8394
887,8706
885,1294
884,6439
884,3736
887,7514
883,8400
883,1106
884,5716
885,2135
885,0020
885,5738
885,9598
889,4628
886,4525
882,5267
888,6985
889,1634
885,2502
887,9535
883,6482
882,2917
886,9741
887,7176
885,0086
884,5473
884,3798
887,2802
887,4366
890,0680
888,8209
888,1164
886,4749
887,4032
885,5142
886,2107
883,7495
884,9281
884,6793
886,9110
887,1116
884,9751
884,7691
884,4584
889,8825
886,9615
884,0703
885,5863
884,6977
884,4348
886,9771
883,0423
885,8511
888,5430
884,6593
889,7274
888,7863
884,6175
889,5061
886,4470
886,9595
883,3386
886,7875
881,6623
885,7065
884,6962
884,0146
886,7734
883,2171
886,3298
887,7676
886,2606
886,9154
887,8002
888,9507
882,3926
883,1378
886,2656
884,9719
887,9838
883,0715
883,6618
887,2886
884,1195
885,5247
885,9060
885,7452
885,3254
885,0763
886,4924
885,8221
886,1405
884,2972
887,3821
885,0337
884,4757
888,9553
884,0326
884,0986
883,7546
883,5189
886,5505
888,3310
884,2400
885,7280
885,6552
885,4742
887,3786
884,1659
887,9084
886,1809
884,2228
886,3060
886,1680
887,1299
888,2847
888,2304
882,0643
887,0062
884,3293
886,1302
884,3548
884,6345
883,7318
885,4539
890,6451
886,4306
888,0711
886,9407
885,4516
886,1821
887,4467
889,3029
883,7382
883,0413
886,7522
888,1718
885,7472
887,1733
884,9780
887,3207
885,2854
887,1799
884,9032
887,8633
881,2457
884,6432
884,7988
884,7147
885,1956
886,2626
885,2284
886,2217
888,7579
884,0064
885,5255
888,0092
888,2226
881,9954
886,2699
888,8262
885,0268
887,1393
886,1325
885,2574
890,9800
887,0639
885,5795
885,5490
887,5373
886,3052
888,5368
883,3639
885,7443
887,4013
886,0495
888,3803
888,6520
882,1389
884,5326
883,9268
886,3228
888,2907
884,9628
886,8905
885,2498
886,2129
884,3902
883,8040
886,1846
888,0509
885,7157
883,2951
888,6977
887,2335
882,8441
884,1004
888,9263
884,7321
885,3057
884,2951
884,5922
884,4706
884,6807
886,5614
889,4022
885,6474
886,8892
885,8026
891,4835
887,3058
886,3669
888,0031
886,2528
884,2132
888,0724
884,2353
885,7847
885,1746
885,4856
885,6763
885,1262
885,5877
888,8032
887,0732
883,9528
886,6521
882,8619
888,2372
887,9311
887,7686
888,6514
883,3685
885,6482
885,5082
886,8439
887,1294
884,1187
888,8558
884,6349
888,4148
887,5180
886,5098
887,7845
888,3477
888,3587
884,6056
886,2097
884,1833
886,9574
886,3696
884,2972
889,5054
883,7081
884,1347
885,1987
886,7535
884,9872
888,3270
885,5208
885,2540
884,8613
888,6536
885,3908
889,6771
887,2007
881,5874
885,2908
888,6391
886,6953
886,9252
887,4321
889,2439
884,9999
884,7540
883,8790
889,2726
886,9761
890,3006
885,5987
887,3108
885,5467
888,4834
887,1540
886,7805
886,1903
887,8857
886,6322
885,8585
887,4644
884,1654
885,7058
887,0758
887,5569
886,8980
888,0217
885,0091
886,6624
886,3651
887,5253
882,7632
886,8708
884,9162
886,6408
885,0569
886,0126
885,3692
888,0207
885,0661
884,6349
885,2850
885,3110
883,3801
887,0523
884,6859
885,4186
887,9311
886,8685
887,6110
887,7193
886,2580
885,9071
883,7216
884,5418
888,1380
884,6180
884,4152
886,2939
887,5925
887,6577
885,7361
885,4210
887,1646
887,0201
884,9030
886,6640
886,7648
886,4814
884,3248
886,4928
884,4312
888,2207
882,5416
889,1419
886,5159
884,5565
887,7066
886,5067
888,1043
885,3909
887,6943
884,9049
886,6628
886,3129
887,7986
885,8466
885,7889
885,8064
888,0190
887,1371
885,9719
885,8069
885,0089
887,3633
885,5872
886,8805
883,6302
887,7086
883,2072
884,3331
885,0375
888,3405
884,7278
889,3155
886,5072
886,3450
883,9189
884,9182
887,0602
884,8944
885,5261
885,5013
888,5698
885,8299
883,9191
886,7789
888,3491
887,7793
887,4365
888,4598
887,8252
888,5983
883,4854
885,1337
886,7889
882,2617
887,0357
886,1227
887,3486
885,0469
884,3958
885,5044
885,7510
886,3414
885,9875
886,2988
886,7605
885,7865
884,7959
885,9831
885,9503
888,3221
886,3409
882,8438
882,3706
881,1060
885,9944
886,6633
884,9102
886,8172
886,2995
889,3163
884,7696
885,2641
885,0058
886,5502
883,7895
884,8545
883,0919
883,9842
883,6196
885,2167
884,4400
886,8631
888,3707
885,2003
887,0006
886,1699
887,9973
886,7364
888,6790
886,4776
886,2151
883,3008
884,2002
886,4434
885,2864
888,9688
884,7797
887,7134
883,0424
885,6190
885,5528
886,9635
888,6850
888,4205
890,4436
887,3459
886,2964
884,3553
885,3514
885,7504
883,0697
884,9833
885,5665
885,2523
883,1926
885,9488
886,9728
884,5217
887,6436
888,0636
885,2131
886,4968
886,1790
886,4168
885,7707
889,5743
884,2450
885,8980
886,9431
889,3702
884,1517
885,5367
885,0601
887,2183
886,5248
885,0647
883,4302
886,8152
884,9182
883,1593
888,8226
884,9635
888,3786
884,4324
885,0236
886,4096
885,9770
887,3415
886,8416
885,7488
887,1920
885,1354
885,8056
884,1007
889,7681
885,7480
887,6035
889,6881
885,2272
886,6358
889,9662
884,7749
884,4866
883,5705
888,6913
884,2833
888,5066
885,4328
885,1949
885,6420
887,9159
887,4856
888,8979
886,6401
884,3347
883,9734
888,8952
885,1611
888,4703
888,6842
887,7105
888,2654
889,1888
885,7832
885,7305
888,4379
886,0463
886,9023
884,6415
886,9195
886,1542
890,3325
888,0806
884,5089
885,4606
886,3455
886,6114
885,2214
885,5712
887,3899
881,4155
886,0960
885,4596
881,9816
887,9692
885,1536
886,6534
888,1689
884,9995
890,1931
887,2249
885,8078
887,2149
884,0651
886,6473
883,0127
884,4968
884,5933
886,7023
885,6987
884,4538
887,7656
887,5859
886,6257
884,2259
884,0323
884,4257
886,2668
886,4088
887,2481
885,1206
886,2084
890,3980
885,8864
886,6734
886,9350
883,4926
886,5458
887,1846
881,7000
886,0351
887,0525
887,2985
886,0153
885,8701
885,2884
887,4335
884,9532
888,3276
884,1970
887,3548
887,5965
885,7660
882,6217
885,6126
886,5625
883,7936
886,8106
885,8432
882,9113
885,3542
885,9164
886,7713
886,1628
886,6699
885,5209
886,3150
882,0817
884,1732
888,7829
885,7948
883,1107
883,2631
885,7238
882,8882
885,2440
888,4201
884,7363
887,9718
887,2620
882,8163
889,4895
886,3136
883,2773
885,7391
885,8423
884,4430
887,3699
890,4171
885,5490
883,8453
887,3273
886,1550
886,9933
884,7828
886,1690
885,7545
887,0053
888,3792
884,8612
886,0455
884,7804
886,3053
887,6162
887,4069
887,2759
884,1958
888,0143
885,3705
883,9628
885,0420
884,3236
884,3230
886,5558
886,0794
885,8446
884,6624
885,7081
885,7577
887,0922
884,5983
886,6918
881,9015
886,2268
884,6373
886,6128
883,1236
885,3029
885,5449
884,0803
883,6777
885,9991
887,6408
887,6225
887,7233
885,7966
886,3837
886,5468
887,7203
882,4957
886,8047
884,0097
884,4354
886,3216
887,0434
888,4452
884,6031
883,0365
885,5770
883,5019
883,8258
885,1234
885,5314
880,0870
882,8524
884,8015
887,5801
886,0535
884,7052
886,5367
884,7072
886,5106
885,8397
886,3188
887,6875
885,3593
887,2166
884,3074
888,8893
886,8331
882,9627
885,5899
887,8245
888,8784
886,7701
885,8817
885,7459
887,6563
883,8845
889,1690
888,8124
886,3781
886,8830
885,4278
884,4304
887,5362
884,4438
882,9646
887,3444
885,4066
885,9464
886,6920
888,8560
887,0588
884,8552
886,9574
886,0953
888,4915
887,2083
887,1082
886,1009
887,6334
885,7714
885,9996
886,9050
885,8715
883,5291
884,9429
883,8352
886,5646
883,9421
886,5169
887,3022
886,8402
886,3097
886,7731
889,6670
886,2269
889,2363
885,0063
886,8436
884,3468
884,7628
888,8084
886,0365
888,9188
886,6312
885,8100
890,1267
885,1036
885,9556
885,8546
883,3374
882,5028
888,9066
881,7635
884,0045
891,6921
885,4021
887,1365
886,0647
888,7983
884,3122
887,4638
888,9689
888,3669
884,4672
888,1883
885,9542
888,2011
885,5796
885,8485
888,1586
885,3880
887,4845
884,8143
886,0370
886,0543
889,0824
885,5094
888,9006
886,4707
885,3588
882,9128
886,2930
880,8287
888,5762
881,9019
889,7260
885,8150
885,3993
885,5528
883,7394
882,7858
882,3810
883,6920
885,2095
886,3457
888,5679
886,3310
886,7895
882,7661
885,0840
884,5770
884,5468
885,8580
884,5365
886,7353
885,8745
884,3019
883,7999
884,1223
886,3238
884,0873
888,4828
883,9917
885,5726
886,5976
889,3507
885,6662
884,4337
885,4818
884,3032
884,6751
887,9026
885,6859
884,3246
888,4011
887,6297
885,3139
885,5780
886,3809
885,6798
884,8189
884,0213
884,7295
885,4110
881,9816
887,6027
884,7164
886,2314
883,8960
885,3218
888,3996
884,0409
884,0656
886,7981
888,9183
888,5230
886,6409
885,9662
887,4953
881,3869
885,0245
889,2310
885,0140
888,0427
889,2565
885,8883
886,8747
886,2089
886,6678
885,5074
887,0862
887,4657
886,2352
886,8420
887,3558
885,5454
883,4417
886,8128
882,9211
888,2797
887,6272
886,0175
887,8624
881,6322
886,7692
884,9432
884,5050
885,8698
887,2469
884,3022
887,7397
887,9349
888,6654
884,9167
890,3688
889,4519
884,2393
885,2661
885,5611
886,5079
885,5284
884,6337
884,4451
882,4484
882,4868
885,4028
882,4759
884,9412
887,2205
883,5273
886,8492
888,1642
883,5913
886,0207
883,2464
885,4175
884,8485
885,5019
885,9628
886,6220
881,7759
886,8802
887,4789
888,0174
886,3088
888,3263
885,0143
886,1083
887,8844
887,1124
885,2164
888,3670
886,0516
880,8132
888,3560
887,2749
885,1030
886,4568
884,0598
888,0773
888,5559
886,4378
885,1232
886,9727
887,0042
887,2953
882,7144
885,4480
885,8087
886,1053
885,0889
883,5006
889,0767
887,8084
887,6919
886,7342
884,5302
886,7647
888,0837
885,3999
886,8571
886,8411
887,4914
884,8739
884,5884
888,2343
884,3184
885,1101
885,6723
887,9231
885,9580
886,6528
887,0379
881,1459
884,0344
885,4905
884,4493
885,7414
888,1586
884,8117
887,6408
885,6567
888,5413
886,7918
885,6249
886,1136
888,2534
885,7235
884,6628
884,8524
884,7667
884,7213
886,0374
886,6447
885,2372
884,2491
889,0617
883,2983
884,8784
885,3407
888,2577
886,7780
885,3437
887,4787
884,2820
886,0809
887,4189
885,8901
885,9081
887,7436
885,9069
887,2125
884,8670
888,0597
885,1689
886,0724
885,3722
886,3024
889,2192
885,7687
885,1077
887,4531
886,2056
885,9145
890,4227
884,2403
885,9275
884,6805
886,4028
886,4872
886,0836
883,0989
885,3148
886,3899
886,2717
887,2509
888,5940
886,8577
887,5554
887,0037
886,7994
885,3764
884,6759
887,3872
890,2220
887,0757
886,6235
884,2709
887,1697
886,2109
886,0110
884,1423
886,6403
884,0221
887,5855
883,7413
887,3364
886,9945
884,4811
885,3371
884,2924
887,2554
884,9691
885,3393
884,5840
884,6732
886,0592
884,5902
884,9124
886,4956
889,6495
886,2367
887,9086
886,8206
887,8724
886,1674
885,3444
886,1489
887,7199
885,0025
884,6388
883,3440
888,8279
885,5740
885,7303
884,4496
884,8439
884,2808
886,8948
886,7742
884,8839
886,0363
885,9381
885,4068
889,8363
884,4636
887,2242
887,4579
886,1408
888,1452
886,2632
888,4075
884,9025
885,6046
887,6898
884,8006
886,9946
884,6159
888,3608
884,6264
888,8133
889,7750
887,1823
887,3664
886,4790
885,8293
885,4071
887,9792
891,2202
883,8658
887,7531
885,0538
885,1519
885,8768
888,6446
885,6333
885,9342
884,8717
885,5376
888,7773
888,7339
886,8864
885,9480
883,0200
886,4127
886,2007
888,1142
884,6767
885,7638
886,0195
884,6898
884,4325
884,6985
889,9566
886,8293
887,9433
887,6851
882,1255
887,3004
885,1116
885,1810
884,3322
888,6959
885,9706
885,6430
886,2276
884,4255
886,0147
884,4991
885,8586
887,4566
890,2055
885,5620
886,8441
883,8517
880,4990
883,2819
886,9134
884,7238
884,6769
887,4810
888,9854
884,6279
884,2639
884,3121
885,2875
886,0759
886,2410
885,3603
888,9677
886,2765
885,9284
884,7514
887,3097
888,6674
887,3322
886,8798
886,1215
886,7555
886,4745
889,4201
886,7340
884,3547
885,8603
884,7153
886,0950
884,0367
884,4441
884,1655
885,2331
886,3993
887,1049
890,4722
880,8505
882,3324
885,3542
885,4385
882,6178
885,7278
888,1663
888,2137
885,0229
888,3056
887,6086
883,4356
888,5834
886,9374
887,8686
885,5542
888,6429
884,3549
886,8540
882,8705
885,2866
885,3517
881,4302
887,2920
886,9850
886,1716
885,7051
883,9243
889,0028
882,5636
886,3461
886,6622
885,8310
886,2861
887,7896
885,4950
886,9060
885,8705
884,6540
888,1641
885,5524
887,8661
885,0202
888,6563
888,3315
888,3443
884,6970
887,1724
888,5168
887,8905
887,9046
884,9811
885,9470
886,7122
885,7443
888,7493
886,2368
884,0526
888,8824
882,0636
884,6313
887,7874
884,0417
890,6149
882,5446
885,5605
886,1437
885,1347
884,2265
887,9658
886,7354
886,5886
884,5377
887,0473
884,5866
886,4158
885,8498
887,6562
884,2391
886,0420
886,6440
889,0101
887,2470
885,4863
885,7316
885,4657
888,5867
886,4653
883,6107
885,4812
886,5044
888,0142
887,1562
887,7148
883,6841
888,2930
885,5405
884,8275
887,4207
886,4851
884,8158
886,0112
888,0961
887,8130
883,9820
886,0684
888,8823
884,6155
887,0402
886,9398
885,1011
885,6784
883,8681
888,6603
887,2428
884,9066
886,4958
886,9218
887,4362
889,2308
883,4262
887,9250
888,8679
887,4698
885,9884
884,0480
887,8013
885,6540
885,4397
887,9205
885,9811
887,5489
885,1868
885,5877
887,9906
885,9327
888,2740
886,0275
887,0569
884,7759
881,5859
884,9141
885,6618
885,4198
888,1228
883,5001
885,5026
886,8299
884,5388
885,8737
888,0801
886,0895
885,2592
886,7366
884,6424
888,9203
886,6653
881,9632
884,1767
884,1568
887,6136
886,7608
887,0644
884,0557
884,4734
889,0712
886,9201
884,6079
887,1715
886,7935
884,2626
885,7409
885,4884
884,1355
884,0729
887,4544
884,9144
884,9913
884,2558
884,9866
885,7725
888,6493
883,2024
885,7668
887,0401
887,1989
885,2720
884,4971
885,1830
882,3172
883,2028
885,4419
884,3713
888,9454
884,4906
887,4964
889,5358
884,5088
883,8438
885,2115
879,5966
889,1075
885,3716
883,3188
887,6702
887,2244
886,7364
887,1688
884,0812
887,0117
888,4111
885,3117
884,4267
882,3552
885,1431
886,7786
884,5476
884,9546
883,7560
886,6465
887,4746
889,6923
883,0439
886,7537
883,9617
885,4907
884,8688
882,3205
885,2972
887,6135
888,0139
885,4176
886,0755
884,1905
886,6251
888,3309
890,0255
885,6718
884,4093
885,3819
883,9613
886,3931
885,4190
885,1849
886,9592
885,2732
885,8099
884,6747
889,1860
885,9843
887,7915
888,0881
885,4269
890,0307
886,9500
886,4279
886,5986
885,4593
884,3795
883,3686
887,5969
885,4401
886,1104
888,1529
883,7658
887,3134
886,7472
885,5124
885,2751
886,0205
886,1640
886,6659
884,4165
889,0283
885,0056
886,9392
887,0123
887,2632
885,5801
886,1547
886,9086
886,4787
886,8162
884,7263
888,2385
883,8248
883,8209
887,1608
886,0114
886,7623
888,8621
883,5574
885,4611
888,8621
885,0359
886,0842
885,7938
889,2506
885,9920
889,9066
885,8788
887,7148
884,7937
886,2321
889,0927
887,4323
883,3078
885,8575
888,4152
886,1527
886,5816
883,3338
887,6008
882,2209
888,5991
890,7383
887,3431
885,1068
885,5971
888,9294
885,0916
885,2573
889,0125
885,7444
884,7627
886,6714
889,6171
887,7515
886,0457
886,2044
883,1978
886,8574
888,7606
883,9547
886,1795
888,4738
886,8122
884,5629
884,9759
886,9641
889,5449
883,3276
886,0461
889,8510
887,7820
883,5611
883,6584
884,3705
883,2141
884,4287
887,2210
886,9428
887,2544
889,2211
885,5259
885,2233
883,1211
887,1182
886,8897
884,4729
884,4015
881,6889
885,5159
887,6679
883,5052
888,3183
887,4106
885,8635
885,6699
885,7924
886,6812
885,3827
883,4687
886,7317
884,3733
888,1187
889,6264
884,6477
888,7075
883,5192
885,1572
884,8373
884,7880
886,0207
889,7199
883,9358
884,5314
885,1706
886,7735
887,6768
883,5035
879,1542
884,9924
885,5129
883,4096
887,1256
883,0549
889,8167
886,8604
886,8486
886,3576
886,8842
884,3997
885,5321
884,5834
886,0284
885,3932
883,3097
885,1236
887,2815
886,9052
885,6934
887,5074
885,9586
885,2450
887,8324
888,5998
885,7013
889,5638
887,0782
888,5033
888,9216
886,8481
887,1295
882,1169
883,0577
886,2447
887,5067
887,7296
883,5149
885,4900
881,4238
889,1764
886,2135
886,8523
888,1015
884,0578
886,9074
887,9150
883,8355
888,5391
885,7885
884,6974
882,5254
885,9578
884,2943
883,0717
887,2839
889,1400
885,8739
886,5353
885,1256
881,9167
886,7197
884,0775
884,1643
886,5940
886,6042
885,4527
885,0056
884,9893
885,2539
884,3224
884,1485
883,1850
885,4011
886,6928
885,3754
888,8095
887,8977
888,1253
882,3129
889,1128
887,7072
888,4273
886,7137
886,3222
886,5249
886,0736
885,3942
887,2904
884,5052
885,5103
881,6247
887,5146
885,5956
886,7021
885,9843
886,6933
882,5575
888,3944
882,0231
885,9019
889,1487
882,9431
884,2427
884,8753
887,1673
886,5757
888,1665
888,0281
880,9606
883,6465
881,9923
887,6209
888,0573
885,9199
886,6530
887,3603
889,6344
885,8765
883,5100
887,2776
885,8872
890,1270
886,4756
884,3631
883,9230
885,2068
884,0342
885,2891
888,4120
886,7829
886,1469
884,8462
885,9810
885,8184
885,3711
887,6205
887,5595
888,7397
886,3860
889,6804
884,0419
886,6849
885,2917
887,3955
887,5243
885,1879
885,0224
886,4868
886,4310
886,5197
886,4333
885,9766
884,2579
885,4166
884,0510
886,1290
884,5066
887,0621
886,8894
886,3291
886,2887
887,0972
884,8208
887,0591
887,9607
885,3331
887,2000
888,1419
887,7868
886,8908
891,1445
887,0970
886,1869
887,6484
886,7223
885,9888
886,2504
888,0304
886,0739
885,2770
884,0081
884,4141
881,6180
885,4100
885,9419
887,7226
885,1578
885,2344
885,0218
886,1311
885,4580
885,1198
882,0765
887,1324
882,9853
887,0939
883,8754
884,4685
885,9591
884,9831
887,9283
888,4069
887,1932
887,4515
885,2223
884,5324
887,2267
887,4569
886,9504
886,7580
885,6620
885,8726
885,8048
888,5640
886,3184
886,6873
885,2750
887,1932
887,8596
885,0117
885,7736
887,4613
887,9065
886,9843
881,8939
887,1390
888,0829
885,7543
889,5050
885,2324
882,4705
885,1750
891,1108
884,4026
886,9176
886,0434
887,6445
888,9192
889,3357
885,2798
886,1967
885,4839
885,1731
886,6738
886,5275
885,4020
885,3890
889,9437
885,5156
884,5282
884,2059
886,2623
885,0676
881,7519
884,8975
885,7105
885,8589
884,1874
886,1877
887,4423
885,5866
884,8592
886,7967
887,5847
884,9019
885,8054
886,5746
886,7114
883,6843
886,2712
884,7170
883,7569
883,4574
888,5656
883,7250
886,3612
885,9302
886,2218
886,8268
885,2781
884,6497
888,6506
888,4032
884,5324
887,6867
887,6731
887,8239
885,3621
886,8111
886,2223
883,7470
886,9989
886,6670
884,3420
889,3013
885,9628
884,2784
887,7846
887,7435
885,1618
886,9788
884,7000
883,3455
884,9998
884,9823
889,7405
885,2847
884,0672
883,9990
885,4310
888,0355
883,8710
887,2106
882,8920
888,7685
887,7510
885,6800
883,2362
885,3487
886,5408
885,4380
885,0857
886,6756
883,2009
886,6707
885,8109
885,0965
887,7498
884,3759
885,2493
890,5096
884,6425
886,6464
887,5245
884,8427
886,4107
885,6633
884,1905
888,0543
883,8476
887,1728
884,7314
886,8040
887,7467
885,4005
887,1738
888,2732
888,1960
887,5240
887,5103
884,4526
886,2220
885,6076
885,5986
886,3364
883,5431
883,8565
886,9424
885,0951
887,0204
881,2981
884,2188
884,4675
884,7859
887,1564
887,8089
884,5826
885,5058
886,8091
886,5341
886,4258
884,5986
885,1582
888,1991
887,1578
885,9956
887,2754
883,4989
885,0418
882,9585
885,3165
886,8742
886,9793
885,6047
883,0863
882,8043
882,6772
888,3437
888,4476
885,7145
882,1844
885,0405
888,9424
884,6300
885,6882
887,1043
882,7930
881,9353
884,6094
887,6451
888,5591
882,7354
884,1757
885,7241
885,5727
885,6377
883,6889
884,4209
884,9782
884,2181
887,0686
887,0058
885,1949
883,6704
884,4965
884,0820
888,7459
883,4586
887,8956
883,0505
886,7743
887,9194
887,0677
884,4448
884,1430
887,1214
887,2821
883,3438
886,7179
887,1943
884,2143
882,5903
887,1316
886,8303
885,1010
890,0210
885,2933
882,0050
885,1750
890,8070
884,0906
884,7944
886,5065
887,3566
885,9499
886,1582
883,7324
886,7519
887,7703
885,8466
887,9936
886,8261
885,3321
884,0050
885,1031
884,6215
887,3833
886,2950
885,9063
888,1695
883,7019
885,0847
881,7272
882,2663
887,5337
883,9100
882,8863
888,9721
887,1979
885,7298
884,7025
887,8273
886,4456
885,5566
883,7591
885,2173
885,2900
887,3991
885,8868
888,4061
885,8127
887,5383
886,5788
884,4621
886,4881
884,1948
887,9451
887,1884
886,3986
887,7758
886,1711
886,6643
887,5958
883,6308
884,7033
885,8842
888,7874
889,2215
885,8935
882,3328
884,4610
889,1303
889,2140
886,4400
885,5494
885,3594
887,1117
885,2865
886,4500
885,0544
885,5123
887,1460
884,5396
885,4755
885,8347
888,3711
885,0066
885,7854
886,9553
885,5409
885,2507
881,5952
887,1568
887,8850
884,6623
885,7639
889,5212
887,7849
886,7403
884,5724
883,0595
887,6271
882,7106
885,1757
887,6889
886,2082
885,0489
884,0320
886,8834
884,3164
886,5184
888,0270
885,8280
884,7607
883,9305
884,5914
885,9186
885,0150
883,4720
886,1151
885,1179
888,6634
886,8987
888,1795
886,1169
884,4304
886,3120
883,2173
888,2964
889,2860
884,6121
886,3452
884,7200
888,7255
885,8086
885,7241
887,6759
885,3229
887,5195
885,4352
887,6677
887,4374
886,3306
887,7720
885,8624
885,8754
887,3846
886,6910
884,8512
886,3284
885,0001
889,9011
885,4754
883,3929
887,2363
885,3283
886,2843
886,5334
885,3062
885,5934
883,8723
887,6185
888,9535
887,9098
885,4127
885,3134
885,1979
885,8731
884,9071
890,1975
887,5262
883,8836
882,1052
882,7974
884,3697
886,0529
886,4458
887,5819
886,3897
887,9468
888,2332
885,7716
884,4749
883,5733
884,2646
889,6365
889,3951
885,6212
886,0946
885,1484
885,4705
884,3380
888,5269
886,0629
887,2445
885,8952
883,4502
883,9406
884,5154
886,0252
887,7187
884,3452
886,8041
888,1262
888,8521
887,5019
885,8623
885,2609
887,7044
888,0855
884,0851
885,8288
884,3740
881,3766
884,9180
886,7588
887,2276
886,0040
885,5722
886,1485
885,8349
883,6654
886,3919
886,0760
884,4521
884,3793
886,3795
886,3968
884,1232
886,3176
884,5089
890,7958
886,2108
884,5132
885,3495
884,7520
885,9326
884,0208
884,1531
883,8348
884,9851
887,6341
884,0527
884,6942
885,7807
884,3928
889,1671
883,1716
887,2364
888,1379
886,5742
885,5485
886,5829
883,4123
887,2223
888,4895
888,9472
887,0934
884,7994
882,3679
883,5149
888,5731
884,6590
887,3476
886,8564
888,7824
885,8304
889,3657
884,0443
883,5439
885,9210
886,6715
885,1609
882,9823
887,7364
885,7179
885,0098
884,0334
885,2235
888,5880
885,3055
887,8599
888,6865
885,9930
886,4631
885,5917
885,0924
886,1537
886,9947
883,8434
885,3110
886,6875
885,7788
884,7837
885,5189
882,9486
885,1069
884,7829
886,7832
882,5454
884,6791
888,5071
884,4792
890,2891
885,3093
883,7681
887,8125
886,1429
884,0786
882,4917
885,2565
886,3415
885,4700
889,0789
892,6309
887,5588
884,4135
888,9081
886,0711
884,2367
884,3294
884,5759
888,0542
887,7603
887,2465
887,8934
885,2128
881,6117
887,0505
887,0035
888,5796
887,1226
886,3686
885,0553
885,6510
886,4367
884,6419
884,5018
885,8075
888,8236
885,0580
885,1361
884,8361
887,1415
885,6878
887,5052
887,5632
885,0701
885,1738
886,9582
886,0267
887,0617
888,4772
883,2174
882,7914
884,8805
887,4155
888,3220
887,5829
888,3218
884,0465
887,0181
884,4664
886,8405
885,2532
886,6794
885,8573
886,6767
884,0670
886,1253
887,4641
889,1967
889,4685
885,6931
888,2660
883,5312
887,1245
881,3545
884,6102
886,4048
883,0958
886,3697
886,1328
886,0685
883,1904
881,6773
885,6933
880,1851
882,8280
886,6593
885,1281
889,2714
887,1608
887,7521
890,3066
884,4275
886,9096
885,5509
884,0679
883,0373
883,6555
888,7159
884,5400
889,3428
886,6098
884,1218
886,1846
889,1781
886,4026
884,9911
887,2938
885,9234
886,7211
883,8402
886,8673
886,9690
889,1515
888,0529
886,3760
887,8985
883,1435
888,6350
885,4319
887,9469
885,9992
886,6617
884,9088
888,2960
885,0611
883,5880
883,9377
886,2948
888,5947
886,8177
885,5960
885,8354
888,9719
884,7558
885,9929
887,5937
888,7464
888,9953
886,3198
889,6174
884,9023
883,8947
886,0752
884,7403
883,9946
888,0458
884,2844
884,5416
887,3099
886,1900
886,1784
884,0563
886,2314
884,4675
885,0621
887,2169
885,1309
886,9313
887,1517
886,9344
887,0382
886,3711
885,1976
887,5514
888,2319
886,3765
882,7120
884,3622
884,6231
890,2529
882,8733
888,1460
885,3493
886,9511
884,1780
884,9953
884,0337
884,6201
886,3787
883,3877
888,4837
889,0021
887,0382
887,9009
884,4024
884,9407
885,8250
884,1508
885,5050
887,3026
882,0722
886,7279
884,6052
888,6062
885,2808
886,2111
887,3273
881,8963
884,4978
886,0144
888,1524
889,0238
884,6166
883,3349
889,4509
885,0231
886,1644
886,0100
885,0623
886,6547
886,3081
883,8390
884,4093
887,2095
886,1421
885,7143
884,1660
885,3785
884,7678
885,6617
887,9256
889,0188
887,3338
888,5155
884,3302
886,4922
885,6793
886,2227
884,4109
885,1842
884,9723
884,2616
886,0432
888,3403
886,1902
884,7492
885,4746
887,4034
885,4645
885,1755
887,9203
886,0153
882,6421
888,7984
887,8582
885,2602
885,2226
888,5576
887,9722
883,9783
884,8856
885,4279
889,2261
889,5366
887,6506
884,2846
886,0575
883,2282
882,1763
887,5015
884,7353
884,2310
884,0272
888,5786
885,9470
884,9081
887,9885
887,6430
886,5287
887,9755
887,6428
885,7656
891,2372
883,6505
887,2556
883,8036
890,0020
886,7575
886,5594
883,8632
884,0695
888,9946
886,3825
887,1194
886,9577
883,9669
884,6004
883,6113
886,7510
888,5640
887,3957
883,0290
885,8001
886,6760
883,9512
886,7072
885,8890
883,4480
887,3423
884,3360
886,9768
887,5559
886,5652
886,4328
886,8469
885,5794
885,6290
885,2922
887,1160
885,7393
884,4689
885,7514
886,8444
885,2590
887,0140
886,6545
886,7226
882,4654
886,1070
886,4686
881,8554
884,4436
886,7325
884,5843
884,2261
885,7862
886,9120
881,5028
886,6987
884,7879
885,9632
881,7334
884,6518
885,3581
886,8992
885,2965
881,6000
886,4329
887,2931
889,0387
889,3789
887,3801
885,4897
882,1602
882,5745
886,3627
887,3421
888,4955
884,4016
886,3425
887,2678
885,5556
883,4835
884,0351
885,0954
885,7590
884,0666
887,4248
887,0454
888,2429
885,5406
884,6317
891,5601
886,8081
887,7344
885,8546
884,7317
886,1625
884,9086
886,5130
885,8416
887,8956
887,5398
888,4537
884,5742
885,2453
884,4316
886,5054
887,4497
884,6679
887,4418
885,7531
882,9049
886,3853
884,2011
888,4393
883,5860
886,6213
884,7845
885,5762
886,0472
888,2740
886,6018
887,7062
885,0224
887,0498
886,7332
887,5824
884,9119
884,8041
884,8443
886,8930
884,7641
887,4316
885,1480
887,6497
885,5552
886,8458
884,6721
884,9911
885,8630
881,7841
885,9011
887,4856
888,3758
884,5464
885,7522
884,6541
889,7329
887,8283
884,5150
886,9983
887,5861
885,1089
885,3410
886,5539
886,4914
887,8722
885,3076
886,6071
885,6321
887,9987
884,9679
889,4079
885,0216
886,1947
886,8483
882,4575
882,3640
887,7076
887,1133
887,5643
886,7436
885,9396
885,0878
886,6849
884,4670
885,1113
882,8021
890,3564
887,6604
888,6267
886,6872
885,6650
888,8869
883,8391
888,0243
880,9887
885,4842
887,1297
884,3443
884,8046
887,1908
886,6946
887,6084
887,0440
890,8125
885,6508
886,9526
885,4176
888,0372
886,9429
889,1391
885,2080
884,2994
884,8558
888,1693
884,5492
885,8561
889,0265
886,1140
885,3620
884,8228
886,1744
884,9841
884,8293
887,6736
885,6033
886,7156
883,0019
887,2682
885,8306
883,4406
880,5869
885,6711
887,7075
883,1893
883,7637
886,0280
888,8018
887,4739
888,5524
885,1302
886,7832
885,1071
887,4877
886,3733
887,1132
886,7554
886,6380
885,9978
887,0222
885,3695
883,6668
889,6860
885,7386
886,4353
882,5113
889,1487
886,4293
887,1117
886,4658
886,9183
886,5737
884,1895
885,0015
887,0861
888,7547
889,7658
889,5576
885,9632
886,1885
888,1397
886,3157
886,8884
885,0606
885,1510
885,4725
888,0441
887,3672
883,4764
885,4363
888,8065
888,8991
884,4924
885,0772
885,7541
881,6823
886,0560
884,1255
884,8531
887,7267
886,0329
885,1790
885,8744
884,6363
887,3263
885,3037
886,3490
888,5710
888,5174
887,8938
885,5833
888,7880
887,3752
884,3304
884,5763
886,9666
885,3121
885,6872
887,8461
887,0343
883,7642
881,5221
888,2367
887,3718
888,0647
886,8341
882,9851
885,1193
887,0413
888,0827
885,4616
884,9469
884,3034
884,2006
884,8365
887,1485
886,3405
886,8790
886,8932
887,6259
885,2967
885,6342
889,6188
886,8920
886,4171
883,1093
883,5734
885,1371
885,7869
882,7174
887,1021
885,6319
886,6489
883,6718
887,0225
885,9925
886,4520
886,8101
886,6746
888,1561
886,3943
885,2601
884,7418
887,8557
888,0000
889,1519
883,5205
882,9992
886,4777
885,8533
886,1643
883,7563
887,5205
888,2008
884,1338
880,7735
885,8967
889,3776
885,7344
885,2269
887,2751
886,0503
883,9995
887,9679
883,7344
889,1981
887,1228
886,9743
882,5932
889,1387
883,3381
883,1226
884,4547
886,5537
885,2458
888,7047
883,3297
889,1432
884,2198
885,0493
886,2038
883,6672
884,5939
882,9564
884,7293
888,9600
885,2991
887,1840
882,3511
888,5692
887,6403
885,2265
884,6786
885,1354
887,4170
888,2924
885,1748
882,6159
886,7781
887,8008
885,1693
885,3215
888,4088
885,9022
891,2095
886,4759
886,9209
886,3787
887,4785
887,1127
886,2808
883,3032
888,4260
886,8099
886,1451
885,5105
886,1994
888,3537
886,2038
884,6801
885,4656
887,9181
885,6424
885,5806
887,4513
886,5777
883,2295
887,6992
884,4361
885,1221
884,8491
884,5470
884,5885
886,3080
885,3364
885,4030
886,4818
886,3399
887,9859
882,7895
880,1314
885,4262
887,7178
882,0367
887,1728
886,8492
884,5863
885,7555
885,0798
887,4663
884,2064
884,5014
886,1761
886,9562
888,9479
883,2217
887,1880
885,7299
889,5011
883,7411
886,3748
884,4246
884,5902
887,2081
885,3513
885,8698
888,6510
887,4984
882,4231
885,4038
884,3511
887,5376
883,9530
884,0075
888,1852
888,5977
886,1067
887,8445
885,5801
885,0862
889,1701
887,6015
890,6164
885,5894
885,0117
885,3302
884,4919
885,8296
884,0559
887,1714
886,8449
886,1601
886,0119
886,7160
889,0162
886,8707
885,8427
888,7355
888,9322
886,8566
885,0939
888,2901
885,4971
883,2067
886,7467
888,9015
887,4363
886,8109
885,8312
887,5071
885,2999
886,6725
885,1869
885,3707
886,7604
884,1550
885,5585
886,8883
884,1253
886,7565
884,2633
883,2823
885,3653
884,5960
886,6904
883,9851
888,8768
886,8782
880,9398
885,3712
884,9497
884,7971
886,6321
883,7416
888,3998
885,0103
885,4495
883,8600
887,4884
884,5222
886,0964
885,7020
884,3436
885,8360
886,5100
883,7010
887,3951
882,8005
891,1223
884,3079
883,9520
883,1441
884,9554
887,8256
886,1771
885,3318
884,1884
885,4978
886,0086
883,3865
890,6253
884,8481
886,8703
885,5105
886,6652
888,1255
885,7322
884,5675
888,2008
887,2180
886,1182
883,5674
883,9757
881,3223
886,1083
886,0209
882,4625
883,9237
881,7366
888,5640
887,9169
885,3273
885,8763
887,4608
885,1620
884,7615
886,3968
887,7851
882,0018
886,0505
883,5425
887,5920
888,2072
883,2436
886,3554
883,5682
888,5334
884,9868
887,8174
885,3858
889,2067
886,6072
881,8816
883,3854
886,1603
883,3396
887,2525
883,9489
886,5135
885,3518
885,5003
886,1152
885,7115
882,8257
883,0512
888,2445
886,7280
885,4966
889,2462
883,0360
885,8640
887,0196
887,0843
887,0829
886,9488
888,5370
888,6162
885,1636
888,4114
886,1428
886,2119
888,5304
887,6526
889,5327
884,3481
886,1594
886,6967
886,7449
884,6886
888,3824
886,1011
885,5983
887,0707
881,7307
886,6070
882,9660
887,9820
887,8101
887,3012
886,2021
885,6121
887,1156
886,1078
885,2340
884,6618
885,3837
884,9000
886,3399
886,4445
885,9218
888,5143
888,2183
883,7509
886,4738
885,9622
887,6996
887,3762
887,9499
885,8077
887,8658
885,7135
882,3505
882,0849
887,1236
883,1886
885,6711
884,2192
887,9484
885,8198
886,9465
890,0790
882,0601
883,7314
886,9229
885,8871
885,9788
886,4981
883,3701
888,6837
885,8033
884,0552
886,9093
885,5640
883,6215
886,9536
884,7655
884,5780
884,7439
889,6703
883,9783
886,8585
887,7109
885,5778
883,3075
884,4838
884,0460
885,7663
884,5235
887,3447
887,2666
885,6210
886,4777
886,8058
888,3480
884,4705
885,8111
888,5653
886,2970
888,8747
890,0967
885,4478
883,6101
886,9149
884,6857
884,4237
885,7047
883,5170
886,2052
885,0318
884,0865
885,8919
887,3767
885,7084
884,3558
886,7551
886,0515
881,9132
887,3783
886,2930
885,2055
886,2150
884,4423
883,7123
885,6731
883,9238
885,4094
885,7843
887,0621
885,7104
886,7337
886,3640
887,2663
886,3997
886,6185
889,3934
888,8105
885,2035
885,5412
888,1100
886,7024
889,0729
886,0948
885,1670
884,8266
884,3973
886,7926
885,2151
887,3013
886,5908
886,2892
883,2285
887,8953
888,5670
885,9315
888,1955
884,0848
885,6514
889,2211
886,1419
887,3325
889,5903
884,3169
884,9178
887,5888
885,5307
883,8036
885,3166
886,7924
885,5202
882,6807
884,6504
888,9243
885,0035
887,6499
888,2339
888,0459
885,0602
886,6594
883,5473
884,2714
883,9770
886,9763
887,5881
888,0349
888,0734
882,7124
886,9826
887,7421
885,5094
883,4108
884,7180
888,7817
887,5963
886,1286
889,3318
887,5123
885,1860
886,7312
887,0570
885,3656
888,6004
886,5190
886,4075
883,1704
887,1204
884,0882
884,5426
884,1042
886,3790
882,3178
886,2872
883,3849
886,3226
886,2339
885,5514
883,2043
886,2068
885,9572
886,0110
887,3733
885,1973
886,1281
883,7559
885,7856
884,3352
884,5442
885,0779
886,0131
886,3616
885,6758
884,3250
887,0289
888,4171
887,9572
889,4434
885,1615
883,6966
883,8981
887,3847
885,8521
891,4733
888,5663
884,6784
887,0506
886,4158
887,6637
886,5445
885,5573
885,5989
885,3741
885,0947
884,3563
885,9219
885,5731
885,9589
883,4687
888,8977
885,7895
884,6440
885,1579
883,0168
887,4523
884,7640
882,7435
889,9637
886,4601
888,8919
885,7514
885,1489
884,7426
883,6493
885,2639
886,5585
887,8148
886,3952
885,2664
886,8310
886,1988
888,8328
888,2016
885,8543
886,9489
885,0590
886,4262
887,3867
885,6891
887,1958
886,6873
886,3031
884,4200
887,0772
883,8531
884,7586
887,0328
884,6039
883,1604
887,5509
888,4586
884,9480
884,0426
885,6917
883,0979
886,2460
887,0930
884,8451
886,7880
887,3209
885,9340
888,4992
886,4680
884,1380
885,6954
887,3580
887,0451
882,4120
884,6951
886,9052
885,3201
886,6977
887,5269
885,8601
883,3905
887,6604
890,9254
884,4475
883,7091
883,8435
888,6427
884,3234
888,3910
884,0406
884,7339
881,9879
887,4711
887,9864
886,7501
884,2827
885,4535
887,6731
884,8262
886,6984
888,3278
880,5267
886,1590
887,2474
884,8230
888,2293
885,4438
884,6830
887,2876
887,8798
885,7318
886,3887
884,6674
881,8189
884,8864
885,0876
887,3899
886,0689
885,5020
887,0005
888,3680
885,7248
883,9914
886,0995
885,3853
884,2348
882,9372
886,5133
884,2335
885,3685
888,3080
883,0248
884,3873
886,6576
886,7197
884,4377
884,1821
884,9914
887,3716
883,6282
886,9360
885,6663
885,8616
884,6863
884,9950
885,8381
886,3828
882,3764
886,3325
885,0548
887,0328
883,1068
885,2357
884,2088
885,4112
888,6787
886,3501
886,3349
887,0819
885,5263
884,7651
885,3123
885,6571
884,6697
883,3185
885,6920
883,0098
883,6496
883,4597
885,6982
882,6880
886,5111
887,0637
886,8252
885,3228
888,4909
886,8413
886,6550
885,7169
883,9446
879,9570
886,2793
885,7976
886,6580
883,0549
883,8474
887,5832
890,1484
886,7059
883,7776
885,0445
885,4101
885,0495
885,2296
884,4467
888,7339
882,1056
884,8500
885,7081
884,4998
886,8967
885,7959
884,1892
891,0039
885,0260
885,2559
883,0028
883,1163
882,4611
887,3315
887,0623
884,4504
884,9151
888,7958
888,3844
886,0627
886,4481
888,4354
887,1735
883,3490
885,3858
885,2927
886,8933
887,2923
888,6365
888,8524
885,5231
886,2701
883,1348
887,5155
883,1087
884,1066
888,3135
886,1340
885,7122
884,6515
885,7668
887,9602
883,7181
887,0595
889,9436
889,1691
882,9729
886,5097
887,1888
885,9245
888,7274
886,1417
884,2858
887,0296
884,4944
886,3515
884,6923
888,2165
885,1081
885,1727
888,2168
887,6755
883,6103
885,2803
881,1301
884,8268
887,9417
887,3114
885,3820
886,9928
887,7506
887,9350
887,2185
882,7108
886,2795
885,0535
888,3045
886,0754
889,2248
883,1086
887,4419
886,8020
882,9096
882,1466
884,8429
884,2208
885,3147
886,9481
890,1149
886,2163
887,6492
884,8942
885,3159
882,9552
886,8124
882,6419
887,6557
886,6362
886,0479
884,8657
884,4531
884,2193
884,0596
887,4539
885,1076
884,7790
884,0445
886,4901
886,2238
887,6678
887,5475
885,2668
886,0091
886,4444
888,2430
883,1788
887,0404
885,9946
887,8811
884,9364
888,0766
885,3717
883,5526
887,4997
882,7652
890,2930
884,6233
888,9905
884,8882
886,3319
886,1352
887,2736
886,0850
884,2843
884,3512
886,1136
887,2794
885,1434
884,2428
885,2079
885,2439
886,5597
887,2407
884,1396
888,5294
883,4075
888,0325
885,4171
887,2798
886,9598
885,6175
883,0609
886,6780
888,2186
886,7215
886,4906
886,8453
885,7133
884,9542
889,7243
885,0029
885,1182
886,7933
883,8555
885,9493
884,4779
884,5420
887,9346
885,6010
885,4357
888,0888
887,9116
884,8616
882,0173
884,4056
889,4372
883,7026
884,3013
886,5289
886,0851
885,5964
884,8641
884,0357
887,5558
883,4482
884,6498
887,8861
887,4892
884,6140
883,7050
884,6115
886,3358
885,7453
883,7407
888,3091
889,4913
883,9198
887,1233
883,7938
888,4323
883,6708
887,7481
884,7692
886,9413
885,6341
886,0768
888,8978
885,7299
888,1406
886,4922
885,9844
884,6763
888,2560
884,5348
886,1026
886,4164
885,5784
883,5281
887,5910
885,2169
883,0630
884,2603
884,3430
885,6948
886,5850
889,1223
885,7448
886,0139
884,7259
888,3808
887,5841
888,4805
885,2986
885,9030
882,7896
883,5901
884,9882
886,8164
885,3753
885,6147
884,2108
885,5982
886,7506
887,6840
887,7878
884,9301
884,0856
884,2054
886,4010
887,2883
885,8807
883,8560
882,3792
888,2319
886,1443
885,4837
890,8622
885,1507
888,8624
885,1823
886,1987
886,8915
881,8976
886,2335
884,9416
885,9051
888,1986
888,9491
889,7081
886,1812
886,7367
889,8396
885,1612
888,9652
886,2072
886,2304
883,6282
887,7397
885,3714
889,1286
882,5426
886,0117
884,0387
886,1123
889,2296
886,3932
885,0199
883,5995
887,6326
887,6079
886,7366
887,2125
885,4573
884,4575
887,5221
883,1324
889,3949
885,7345
887,7235
886,9198
887,3732
887,0320
885,6757
884,7654
886,5217
885,4308
890,4143
887,1690
887,0149
884,7059
885,9675
882,9278
885,7573
889,6744
885,2212
886,9872
887,7394
886,2414
884,7888
888,9516
885,0074
884,3860
886,8446
886,6182
886,4789
886,9940
885,5418
885,4539
885,7065
883,7228
886,3460
883,6979
885,8160
887,1955
884,5925
882,9889
882,0057
887,3640
886,4346
888,2230
888,6609
884,2204
887,7152
886,2608
883,7899
884,5054
887,4400
887,1363
887,4811
885,9607
887,4200
890,8201
884,5931
889,3701
885,9071
883,6654
884,6509
886,5825
884,8900
888,4064
884,5848
886,7343
886,7136
890,9951
887,2340
884,3692
887,1306
886,1533
886,1860
888,7708
887,2407
888,4351
885,7982
885,6701
885,8029
882,1915
887,3487
888,1652
888,9053
885,7471
884,4753
885,3338
885,3015
882,4365
887,6560
886,9696
885,0183
886,5302
888,0727
884,1925
888,9386
882,8469
885,7327
885,3903
885,3833
885,5435
888,5059
887,5339
884,1616
885,2679
886,2395
884,6510
886,8299
883,7218
886,0419
884,8142
887,8404
889,1749
885,4688
882,8827
888,8237
883,3213
881,7956
885,9399
883,8797
885,3713
886,0571
887,5746
885,0385
883,7809
883,5264
888,3356
883,6825
888,5841
887,1104
885,8956
886,2672
885,3682
882,6208
886,1730
888,9075
882,6852
887,6566
886,6943
883,2541
887,1044
888,2010
883,9577
885,4943
884,9550
888,5863
885,3728
883,9262
884,7514
889,2650
883,4030
888,9972
885,1877
884,7990
885,0850
890,2601
888,2352
886,8957
883,2817
886,2283
887,0687
887,2610
884,7645
883,7534
887,5807
887,8102
886,6888
884,7902
882,5204
886,9293
882,3061
887,9862
884,9690
886,9351
885,0691
885,9194
883,6918
887,9220
884,5653
890,6486
883,9823
886,2555
887,1956
886,8758
889,1143
886,5429
884,3092
886,6876
887,0232
886,1404
884,1081
888,5790
886,0084
886,9939
884,9428
884,9111
886,0345
885,6717
882,2805
886,8279
881,9838
883,9706
887,3745
884,5321
886,0867
885,2092
883,6639
885,6094
888,5586
884,7108
886,3222
886,4903
887,0499
883,6445
883,4420
885,1750
886,8533
886,0593
886,9461
885,5393
885,7230
887,0977
887,1670
885,4342
886,6977
883,2741
883,8734
886,0245
885,7950
885,1850
886,7021
885,8734
890,0007
887,7342
884,4903
887,1008
884,9867
885,3589
886,6874
886,8239
885,9830
886,9517
887,7227
886,4199
883,8357
885,4561
885,8166
886,6882
887,8354
881,8847
884,3695
884,9803
884,6827
885,7514
887,3893
886,5967
884,6181
884,6924
886,1554
887,0120
883,1808
885,1290
886,1281
885,4751
887,5851
885,9809
884,2153
886,8419
886,2527
888,1886
886,9512
885,3454
886,3608
887,6362
884,8629
885,8844
883,0069
886,8532
889,7792
886,8630
884,4235
886,0884
887,6411
886,9199
886,0098
885,1773
884,3867
888,1569
885,5238
884,6032
887,0844
884,1220
882,8911
884,4648
886,4909
888,3892
887,3665
883,7898
887,2376
884,6792
886,3948
885,4256
884,4011
885,0983
887,1109
888,9530
887,5705
886,0367
886,3382
887,2436
886,6155
887,5333
886,2358
883,3123
889,4526
888,2622
882,8631
885,1773
885,2927
883,9999
886,4062
884,2773
888,2813
885,0907
884,5207
887,5252
886,6936
884,6879
884,4929
885,3047
886,7845
884,7620
888,1399
883,7976
885,0726
886,1121
886,9492
887,9915
883,4080
887,5391
883,6211
887,8779
885,6100
886,0196
887,1661
885,2656
886,0984
885,6915
885,9348
884,6260
887,1582
887,8293
884,6889
889,3117
888,9409
884,9927
885,1916
885,6381
883,0581
886,5600
888,4438
886,7822
883,8545
887,5321
888,0985
885,6437
887,0450
885,8997
883,5625
886,2125
885,5738
884,7214
885,7329
889,5575
884,6850
884,5921
884,9783
886,5091
885,4639
882,3635
886,1362
887,0905
883,4423
884,8801
885,5878
884,6450
885,0549
885,1029
885,2802
885,6138
887,4377
882,8242
887,7059
889,5056
885,7744
887,8503
889,3708
884,3879
886,9973
885,1268
886,2533
885,4381
884,9642
886,7781
885,7567
887,9884
886,1669
886,7769
888,4667
888,4482
885,9001
884,9245
886,1079
884,5334
886,4881
888,9320
888,2388
882,8966
884,4046
887,3558
887,5607
888,6712
887,9205
887,2998
883,6785
888,2310
884,2962
884,5738
886,0115
886,1687
886,9472
886,7062
883,4501
890,0794
886,9691
887,9646
885,9740
886,1053
887,7487
885,6087
885,3550
884,8930
887,3361
885,8655
883,2724
880,8443
885,3764
885,8117
887,9633
886,1784
884,3191
887,9220
887,1969
890,1538
886,3421
887,0300
886,2463
883,4701
886,7422
887,9398
888,4480
883,3998
884,4586
883,6698
885,3593
882,8797
884,7372
887,6553
885,5482
885,0652
885,4345
887,7277
887,8765
883,9287
883,7691
884,1988
885,6196
884,1613
887,7317
887,1998
888,4444
888,3714
887,8012
885,6354
886,5389
886,9861
887,3291
887,4411
887,9253
882,7573
885,9058
884,1176
884,3462
886,7304
888,3031
885,8346
884,1215
885,5277
885,4311
883,4400
884,7320
886,6880
887,5329
884,5761
886,6810
885,6114
886,0715
886,9629
884,7478
887,5129
881,0459
884,6276
887,0082
886,3394
889,7036
889,4452
882,5810
887,0778
886,3711
886,6696
882,6747
887,6702
886,3370
884,4945
887,9481
887,9981
884,7473
886,6832
884,9620
886,1698
885,2622
887,7837
887,5988
884,8111
885,9839
887,3996
887,6170
883,2999
885,9740
887,0388
884,0346
887,2624
886,7788
885,7943
887,9043
884,3802
887,5841
885,7837
888,4030
886,5968
883,3091
887,2056
889,1777
886,0766
882,8433
886,5765
887,5332
886,7238
882,1517
885,0891
887,2565
884,5077
887,9690
887,4707
888,0332
887,2648
886,9360
883,9356
885,1798
887,2456
886,8031
885,6153
883,3795
883,8662
883,7165
884,9106
883,9342
886,8364
885,6359
885,2531
882,1059
884,7890
886,0891
882,6827
887,1726
882,6001
884,4265
885,0313
883,2912
884,5621
885,8825
889,8598
884,8840
886,7437
886,0291
883,7062
885,2788
883,9650
886,8865
887,6122
883,7648
885,4635
884,7699
889,7155
885,2243
889,0492
882,7563
887,4472
888,4871
885,7637
885,1130
882,5366
888,6102
884,2309
884,1830
888,8026
886,6585
886,9192
888,6625
885,0247
884,5353
883,6027
885,7373
884,0395
885,6052
885,9195
885,7887
886,4903
883,5854
885,1699
885,6726
882,9004
884,5258
887,8361
884,3521
884,7689
884,0478
885,4948
888,4321
884,2604
886,2637
886,0339
887,5732
885,5964
886,1572
885,1951
885,1408
888,2616
886,4693
885,4724
885,0143
885,7806
886,4086
887,7438
887,1443
882,1560
885,5336
884,0229
886,8725
885,6175
885,5411
885,3189
886,8193
882,5821
884,1618
888,5747
885,8733
885,5958
888,7813
887,4994
886,3902
889,7778
886,9163
885,6817
883,0116
887,8475
886,1783
885,1979
887,2989
885,1414
888,6907
885,1573
883,9804
886,0535
885,1798
883,1949
885,6711
883,7180
884,6955
884,2762
883,0515
885,4110
885,0982
884,3429
885,5806
887,0011
883,9637
884,6121
884,9919
886,9059
886,2526
883,1082
884,3625
885,2048
889,9894
883,6737
887,3177
886,5062
885,6109
880,2554
883,1993
886,2326
886,3464
884,0830
882,5663
885,4509
883,1801
886,1652
885,2314
883,9890
884,8282
883,3179
886,0322
885,5740
884,6806
887,3009
885,0492
885,2440
885,1995
884,7543
886,3862
883,3691
886,3176
884,8230
888,3080
884,1260
885,0586
887,2460
889,5376
884,7759
883,5704
889,0330
886,7208
884,6759
885,1908
887,2644
888,1245
888,0036
887,7552
890,6504
884,2756
886,7763
886,9956
882,7190
882,5931
883,8133
886,5563
886,2016
884,1890
888,0543
885,8351
887,8675
884,8948
888,2301
884,2070
889,7820
886,3163
885,3485
887,7332
885,9301
887,3433
888,9975
886,9673
884,7592
883,3743
886,4357
887,1253
889,4535
889,2413
884,4718
886,4033
888,5267
888,6665
884,9015
885,7207
885,5156
884,6502
887,3940
883,5440
882,8621
884,0994
883,1958
886,7960
885,8298
884,5614
887,6044
885,6592
888,9461
886,4481
885,3810
884,7232
885,9295
889,2784
883,7952
882,8410
884,2961
884,4221
883,4228
885,2646
887,7503
884,3088
885,2478
884,8128
888,0561
884,4242
884,4481
885,6208
886,8458
882,3141
887,2575
887,4061
887,5528
885,2669
885,6475
886,0042
885,2021
885,2340
887,4694
885,4044
884,5729
884,7899
886,4670
888,1273
883,7528
890,5591
884,3235
883,2340
886,9507
884,7264
885,1090
888,8740
880,1635
888,8730
888,7192
885,6884
887,7878
887,4221
888,0543
886,5707
884,6446
888,0385
885,0652
885,4250
885,3822
885,3855
886,8289
883,9431
883,9717
886,2513
887,2331
889,6380
888,3948
885,3274
888,8125
888,7956
881,5697
887,0504
886,1662
884,6550
886,0240
885,5907
885,3471
885,8179
887,7981
887,3345
888,3928
884,2237
885,0647
891,2461
885,4880
885,6266
886,2623
885,8848
887,8892
886,9253
885,4728
883,5680
887,9685
889,5980
883,1264
882,6335
886,4131
886,6552
886,2251
886,6857
883,6255
886,7300
884,3180
884,1592
886,7796
887,0904
885,9483
886,4147
886,4218
886,5742
883,1622
884,9854
885,6454
890,1253
889,7389
883,4245
887,2395
887,6556
886,3248
883,5598
886,0930
881,7395
886,4867
885,4321
888,1281
884,4663
888,8953
885,3381
887,7117
886,7791
885,2020
884,2561
884,5352
887,1365
886,0378
888,7242
884,1924
885,8882
885,9773
886,0202
885,2114
886,5756
887,8424
886,5592
888,8163
883,7689
885,2045
888,5587
883,3340
886,1456
886,5287
885,2313
886,1907
886,8860
886,9448
885,5173
883,7373
887,1833
884,9440
887,0147
887,3567
886,6746
884,9656
886,2524
889,2795
885,5369
886,8275
888,0156
884,8395
884,0958
884,8324
883,7419
882,8082
885,3880
884,7813
887,5361
886,4629
885,6110
888,1479
883,2920
883,9692
882,1325
884,1609
887,4567
885,5892
884,9583
885,7774
884,2203
885,1617
887,1632
885,9112
887,5224
887,6422
886,1488
887,8855
883,2580
884,5012
885,3852
886,0764
886,5445
888,5629
888,2046
885,9051
885,5287
885,0655
884,4479
887,3383
887,3185
889,5397
886,2428
886,3778
882,7076
888,7746
886,5388
886,9124
886,2929
886,2761
886,2509
887,1587
884,6255
884,9897
886,8613
882,5550
885,4062
885,1229
881,5758
884,7695
888,3789
889,5065
886,2606
885,2681
887,0965
886,8652
886,6510
886,8657
885,9978
886,2430
885,4799
886,9764
888,7057
888,1739
887,1654
887,2403
884,7727
884,5371
889,3176
887,9369
887,5546
886,3653
885,7606
889,4967
885,1396
887,3938
886,8034
885,4553
886,5481
885,2118
887,6240
888,5362
884,8110
887,3086
887,2386
887,5893
886,0674
885,4027
881,9713
887,7202
886,5238
884,8715
882,7497
884,0165
882,5182
884,4102
886,9216
887,5740
883,6721
887,0218
888,1847
887,0533
886,7488
883,2245
885,4698
884,7053
885,8145
885,9780
884,8938
883,8484
883,8094
884,9265
884,9200
887,2231
886,3827
887,0369
887,7585
891,2214
884,2519
884,8785
887,1392
880,9990
886,1440
884,5180
885,2715
885,5913
887,7641
887,8468
887,9384
887,3639
885,7425
887,2231
888,4361
888,7522
891,0354
889,6511
887,3028
883,8238
885,5146
886,9155
885,2965
883,9209
882,9932
886,0146
886,1810
887,2569
885,2641
885,5702
885,9544
886,3239
885,1255
885,5041
887,2645
883,4884
885,4656
883,4728
884,7620
890,1114
885,0523
888,1449
887,7475
885,4817
884,5816
884,6850
888,6478
888,6674
886,5401
888,3752
884,8309
884,0801
885,3239
884,2652
887,5723
883,7615
887,9338
885,8011
888,8427
887,6990
887,4533
883,3170
882,5823
888,2734
887,2280
887,0532
886,8255
886,3532
883,6249
886,1543
884,4784
889,3828
886,7497
885,6971
887,6622
885,1607
885,6835
884,9006
884,8476
886,2239
886,6403
885,9681
886,8024
885,9988
885,0734
890,8196
890,7998
886,8452
885,6907
887,9163
886,5441
884,3243
886,4159
882,2609
884,6027
889,5241
885,8256
888,0088
888,5953
883,4972
885,3205
887,6904
887,4847
883,1797
887,0996
887,0558
888,0742
885,9123
886,8217
887,2958
885,2720
883,9867
885,6032
886,9334
882,5854
884,8528
886,8137
886,3968
886,7386
886,9317
885,7131
886,0484
886,3301
885,1084
888,6480
887,1145
885,6465
889,2110
887,3787
885,0895
886,5727
886,5551
884,2756
884,7923
883,0872
884,9304
882,1714
887,8013
887,3743
885,0936
888,5789
882,9889
885,3339
888,2739
886,8411
886,1346
883,9366
887,5983
883,4905
884,9936
883,5170
889,1377
885,7259
885,8964
885,8216
883,3405
886,6813
885,6632
886,9315
887,5819
886,8330
887,4800
888,8180
887,8571
885,7769
887,5179
885,4676
887,6133
884,6314
885,6949
885,1913
883,8618
887,6699
885,0135
886,9625
885,5984
885,5016
886,2366
884,7538
880,6508
887,7032
887,3471
883,2058
885,6785
887,0360
888,4731
887,5004
889,9087
886,6141
886,8073
886,0045
888,4265
886,0072
886,3654
888,3477
887,4687
887,6343
888,4016
888,6154
886,0212
883,8234
884,4830
888,9912
884,9306
886,6232
885,8434
887,3286
885,2745
884,7272
887,2793
885,2103
889,3884
888,0879
885,7393
884,0742
885,1734
882,7268
884,8878
888,2633
885,9904
886,9207
886,1409
883,8237
890,4860
885,2636
886,3367
885,3126
888,2969
885,3455
885,3846
887,4589
882,9631
886,2166
884,6424
882,8177
885,4223
886,1810
886,9022
888,3014
883,8358
884,7054
882,1446
881,8956
887,5331
885,8396
882,9439
884,6803
886,3118
888,0693
887,7940
886,4989
883,8921
885,1408
884,7110
882,3374
887,3683
883,7977
886,8645
885,6751
884,2204
885,0658
886,9825
882,8398
886,1827
887,1614
888,1001
889,0552
884,1621
886,3187
884,2038
885,5460
887,1803
885,9248
886,5309
885,5806
880,9762
887,1391
886,8236
888,1234
887,4561
885,5902
884,7701
885,7702
888,3095
882,1357
884,4184
886,0129
886,8373
884,4300
885,2438
888,4601
887,0108
886,4029
885,4271
883,8865
885,2725
885,3477
886,0372
885,2545
887,4089
888,7609
886,1747
889,8019
888,2692
885,5582
888,9594
884,7135
886,8159
885,3199
886,0756
889,7385
886,5842
887,7485
883,4870
885,8027
886,8394
886,4258
885,0250
889,3748
887,0995
883,0302
884,9246
882,2775
886,5274
884,8317
887,0441
886,2854
885,0963
889,1931
887,1906
885,1095
888,8577
884,7174
886,4320
886,2150
883,3615
886,2592
884,4112
885,4562
886,3004
886,3267
883,8939
887,2811
884,5301
888,9500
887,9308
884,0946
886,1003
887,7359
889,8633
886,9055
884,5266
885,1645
884,8148
887,1057
886,5701
886,1831
887,4029
887,6631
885,3601
887,0475
889,8271
885,2872
886,4054
884,8610
884,1800
885,3976
890,8755
882,3479
886,9043
888,0026
888,0659
885,5516
885,5665
887,0261
883,4813
886,3864
885,9233
883,1500
887,6754
886,2031
887,8633
887,8149
885,8245
885,0613
882,0948
886,9456
885,7937
884,0248
884,8798
884,0267
887,3424
887,9192
884,9697
886,6148
885,3085
886,5666
885,5349
889,2038
884,5883
887,0006
886,5465
885,7963
885,3196
885,0018
885,5295
885,2292
886,6178
886,1693
884,7160
889,7835
885,9057
882,4963
886,1656
883,6696
886,9656
888,0715
884,0106
886,0426
884,2210
886,2072
884,5037
883,0414
885,0879
885,4177
885,5469
887,0638
885,4027
885,6845
883,5268
887,3426
887,5762
883,8994
884,1168
886,0023
882,3996
885,4656
885,1464
885,8214
886,1077
887,0974
886,2022
883,2540
884,3733
884,2152
886,1709
886,8883
888,3321
884,7929
886,8255
887,4007
885,9481
884,4397
887,8041
887,2351
886,8045
883,8370
886,1881
885,4612
887,3467
887,7024
886,2778
888,7684
883,9317
885,8077
886,3973
887,9580
887,2247
883,1648
886,3546
887,0952
885,2804
885,3384
880,9288
888,4361
886,3489
888,8639
883,4304
885,2302
885,2569
887,5921
889,3583
883,3226
886,2637
886,5582
884,0496
886,6081
884,1018
888,5927
889,1812
886,4788
885,6272
884,5410
884,2561
885,4640
887,9170
886,6821
883,6709
886,5043
884,8680
888,2494
882,2779
885,0114
884,2148
887,5607
885,8089
885,4217
887,4297
887,4012
885,6646
883,0367
883,6748
884,7433
887,7041
887,9996
885,3367
888,1208
885,1221
887,7679
886,4948
881,9625
884,6468
886,5868
885,9312
889,5629
886,7376
886,2605
887,7029
884,0493
885,2801
885,8953
887,7716
885,6304
886,9128
887,6562
883,4952
886,6982
885,2313
887,3086
886,4932
886,0130
885,4337
886,1647
885,5467
887,8277
887,0737
886,1610
884,9437
884,6030
886,4083
886,6765
888,8315
886,2106
884,3643
886,0353
881,4308
884,5697
882,8142
888,0203
889,2429
885,8979
885,4731
885,8761
885,3058
882,9707
882,0629
886,2181
885,6245
889,2184
885,7686
883,0675
883,0691
887,6287
882,7841
883,2815
886,0224
887,7927
885,8386
885,4826
885,4946
886,8377
884,6714
885,2961
886,2586
885,2026
883,6339
884,7116
886,4669
888,1164
887,0578
884,5349
891,3644
885,9598
885,6842
886,6367
886,6289
885,4235
886,6014
888,1876
887,3498
886,2638
882,6207
885,1257
889,0924
886,8302
887,5229
881,3609
885,4268
885,9373
888,3075
889,5250
884,8284
883,6388
883,3510
885,8381
886,8416
887,8521
887,4483
887,8127
881,9504
883,7005
887,0523
886,3279
884,1054
885,8625
884,8479
886,9914
886,2219
883,8493
886,7735
885,4648
884,3935
886,3432
887,6239
885,7879
884,2539
882,3039
886,1842
882,2508
884,4734
886,3519
886,7224
880,7955
887,0564
883,0348
886,0011
885,4115
885,7599
885,4044
885,2360
884,9160
884,8683
887,5076
886,1907
886,7127
886,5389
885,4557
887,7345
885,8132
886,8114
882,3435
886,3051
887,1395
889,5353
885,7221
883,0229
887,3083
882,9099
885,3444
887,8722
888,2745
886,6154
884,8066
887,3085
891,7511
885,7550
885,3174
883,7805
886,4466
885,2535
885,2048
884,0855
885,6325
888,4035
886,8846
887,9700
890,1500
888,7920
882,4700
886,0253
885,3477
885,1589
884,5580
888,7464
887,7140
889,4713
888,6931
887,4658
888,2141
885,0538
885,9335
888,2809
890,1207
887,5950
884,5679
884,8068
883,4554
883,1990
885,9589
886,4982
886,2531
884,4728
887,0735
884,7272
884,0837
884,8110
884,0206
885,9959
884,7494
886,0175
884,1173
887,5185
885,2207
884,9919
886,3105
889,3379
887,6907
888,9660
887,3944
887,4501
887,8745
888,9280
887,0746
887,3349
887,5306
885,9800
886,0218
886,9625
889,8300
885,7477
884,5867
883,5176
886,8212
887,3436
884,8305
883,7262
884,0676
887,8717
887,0279
888,8975
882,8604
881,0604
881,6229
886,4015
886,1206
887,3824
889,0009
886,5904
885,2976
886,3073
885,1492
883,3052
886,8169
885,3194
887,9483
886,7866
885,4538
885,9934
885,3963
885,2681
887,1381
889,1583
889,5281
886,9338
883,9671
886,3295
886,5469
884,4955
887,9932
885,6777
885,6974
883,6286
885,0155
888,6726
885,7186
884,7703
886,0722
889,6440
885,0241
882,6011
884,4746
884,3263
885,2805
883,0358
887,5234
883,9173
883,1160
885,3721
886,4277
884,6923
885,5630
884,6786
888,5468
887,6173
886,9820
883,8427
886,8897
886,5428
889,4411
886,9835
887,6617
885,6556
885,4442
886,9133
886,7609
887,1323
886,3659
887,1528
889,0150
888,3558
886,8729
884,8196
886,6194
886,9114
885,5643
884,0659
883,9358
883,2861
884,2172
885,7949
885,7696
886,1963
885,5660
889,0863
887,6745
888,5088
886,5948
888,6221
885,8782
886,2330
885,9310
887,6614
888,3939
885,8864
885,3590
887,0252
882,7008
887,1773
888,7243
882,9421
885,6660
882,9153
888,1846
883,4181
885,3381
887,8074
889,9109
881,8552
884,3216
886,8236
886,4686
888,2240
886,2595
886,0575
882,5744
884,2468
886,6140
890,6323
884,1784
885,1513
886,0898
886,1944
884,7439
883,0386
885,0901
888,4961
884,2342
887,8825
886,4044
885,4573
884,6319
884,6127
884,6553
885,0546
884,6745
886,5477
884,5430
884,8550
883,7838
885,0411
886,0659
890,6941
887,0495
887,4241
888,9195
889,9512
887,5470
887,0331
888,1313
881,4725
885,5407
884,4059
890,0679
885,0566
887,6581
885,0226
884,9171
885,8193
888,3860
886,0235
887,0622
885,4440
883,4101
888,5466
886,5497
884,9045
886,0979
885,7523
886,9268
887,5853
883,7491
886,0875
886,7113
883,7682
884,6807
888,1031
885,6858
885,0502
885,7359
885,1098
884,5811
883,6766
887,0092
884,8389
886,4256
886,7261
884,9664
883,8176
886,6770
887,0116
885,8657
888,5618
883,7538
885,8303
886,8985
884,0342
886,2043
882,1937
887,1688
885,5578
887,7074
885,9218
888,4598
884,7150
887,0725
885,2067
889,0096
886,9011
885,5393
883,8349
889,3304
885,9665
886,3790
886,7826
888,4670
888,5015
883,3497
884,8160
887,0677
887,1383
884,3908
888,3075
886,3984
885,4216
887,5283
884,8537
886,9793
886,6701
881,6833
885,0893
890,3448
886,4658
882,4251
886,2312
887,6512
884,3055
888,5422
887,0715
885,0946
888,3675
885,6616
886,9670
884,2529
887,3863
888,0937
888,8156
885,2928
887,0359
888,4326
886,7947
885,0590
888,7955
887,4033
883,7673
886,9784
885,2225
886,7153
885,4087
888,6630
887,6338
887,2052
886,2341
887,1538
887,3655
885,6232
887,7007
887,2121
885,1436
886,9440
885,8619
888,8278
887,0197
887,1518
886,7647
885,4230
885,1170
885,5577
887,3003
885,5712
886,2888
887,2582
886,4943
888,8250
884,0123
886,2075
885,9724
885,8894
886,0028
887,3812
886,8985
887,0908
888,9507
886,2165
885,9991
883,9469
886,0597
886,8995
886,9762
888,3847
887,3242
886,5977
887,6071
885,8036
889,2574
886,9617
884,1441
888,1449
887,1623
883,5201
886,2692
885,1686
885,3857
883,4958
887,7436
888,2405
886,0883
888,0351
887,7982
888,6324
889,5161
883,1554
887,8092
885,7865
886,3549
884,1516
884,8801
887,4756
884,8210
884,2052
885,7295
889,8390
886,1010
885,5284
884,9888
888,8126
888,7573
885,3748
884,0195
886,8016
888,5141
888,5171
889,4194
886,1072
886,9767
885,2863
884,4859
884,9631
884,9193
886,3921
887,3404
884,9009
881,3373
885,9193
886,5850
886,0065
888,0192
882,8891
887,0927
886,8569
888,2035
885,9279
884,7129
884,4465
886,8709
883,8993
886,3948
883,4717
885,6226
887,3344
886,6542
889,7620
885,7057
886,5390
889,2318
883,9570
883,4997
885,4543
886,1987
885,4443
889,1962
886,5842
884,8781
888,8690
883,4199
884,2671
889,1575
887,8136
889,5750
887,1273
885,2646
887,5302
885,6736
886,5111
887,7126
888,3160
881,7283
885,0346
887,7563
885,0414
885,2202
887,0033
884,7734
887,6317
886,5733
887,6795
888,1626
885,0748
886,0901
886,5786
889,7313
886,2989
884,5650
883,0834
886,1843
883,9022
887,4051
886,1654
887,0861
887,8470
886,5991
886,7268
885,9551
882,8342
886,4720
886,3282
887,6900
884,8809
885,9696
887,0138
882,9961
883,6265
885,9458
883,9864
885,9817
886,3288
887,8463
881,5987
889,3237
886,6309
886,3050
888,1596
887,6954
889,4318
885,1342
888,4020
885,9722
884,4862
889,5201
886,5799
885,8194
884,4313
885,2372
885,9580
882,7236
886,6838
883,8892
887,4225
886,8238
886,6608
887,2551
882,7152
883,5921
885,7730
885,9746
886,0396
885,2588
884,7106
888,0422
888,2279
883,2884
887,5636
886,8534
886,7128
886,7685
884,0183
887,9661
886,1017
888,7976
889,9822
881,6501
887,3499
887,7755
889,3468
886,9411
887,0723
888,9790
886,3822
887,0436
884,5880
884,7434
883,0445
887,8089
885,7633
884,6680
882,2199
885,6004
886,8196
885,3862
884,9987
882,4334
885,8884
888,1231
884,8799
887,1299
885,3586
886,0455
884,4502
885,0294
886,8597
886,4236
886,7862
888,2296
885,6962
888,0525
883,9784
887,3225
886,0895
886,5053
887,5780
885,6183
886,5745
884,6727
886,9419
884,3103
884,7835
888,0467
884,5480
889,2985
887,1801
887,2305
883,4281
885,2964
888,1442
884,2837
887,7227
890,4063
887,9390
886,4313
887,9218
886,7294
884,3954
884,7983
885,7380
889,6578
888,3136
885,8492
886,0776
883,4441
885,8788
885,8438
886,4437
883,8142
889,3667
887,7549
886,2216
882,8352
887,0537
886,8432
887,2888
884,6365
884,5378
887,9158
883,1499
885,6022
887,8993
889,3512
882,9727
886,2700
886,4234
887,6188
885,8317
887,4656
888,6511
885,0674
885,1651
889,5123
884,8609
882,6030
888,5511
884,4954
886,7161
885,3567
885,1343
880,0069
885,5542
886,5691
885,2293
888,7523
886,9531
887,2735
886,2620
885,9831
887,5361
887,8007
885,4399
887,8738
883,2486
884,5498
883,8298
886,6740
886,1543
885,9788
886,2424
883,4647
887,4458
886,3309
885,8936
886,5500
886,3217
890,2111
887,2562
885,2389
885,4152
886,0080
887,2653
882,8780
885,5388
884,4758
888,8904
885,6239
884,9337
888,5263
884,0787
885,4239
888,7265
887,0259
885,2432
885,8861
888,0179
886,1858
888,5856
885,3574
886,8248
883,8488
886,8629
884,2571
888,8740
884,2414
881,8540
883,7387
882,7463
886,0621
885,8344
882,2633
885,4599
881,9977
885,3388
885,6825
886,2912
885,1040
888,4569
886,3987
886,5304
882,3194
885,0718
886,2597
887,5671
886,9082
885,5396
885,7349
886,3676
885,2119
885,8596
886,2649
886,2814
886,6210
887,6086
882,8928
887,0280
886,1011
887,0688
886,6000
886,9039
884,6875
883,0260
884,2490
886,7938
884,4820
885,6031
884,7265
883,1745
886,7689
885,9339
882,8439
883,9650
885,5811
885,2107
884,2872
886,9877
886,2149
887,9584
884,4579
888,6840
883,5346
884,0415
883,1567
886,0445
887,7381
884,6914
885,2399
887,6415
884,0612
883,2228
886,7015
885,9256
887,3010
888,3782
883,4111
886,6881
886,9626
886,8004
884,4643
886,9616
884,6117
887,2285
884,1449
888,6246
887,7165
882,7178
888,1484
884,2363
883,1534
884,9743
885,7557
882,8885
886,0204
882,4184
882,6023
885,0998
885,9220
885,6395
881,9644
885,8920
888,5715
887,3806
886,3160
886,0407
886,2707
887,5208
885,9898
886,5713
884,0795
884,7668
887,7143
884,4646
886,2351
884,1541
887,1565
887,5656
886,7043
884,7169
883,6176
885,0569
888,7491
886,5977
885,4140
886,4840
887,0968
886,9297
887,8301
882,8852
885,8597
885,8913
887,3361
887,3917
884,0638
886,9654
886,0532
885,4421
883,2609
886,5885
887,9561
886,3317
885,6078
882,7786
883,8654
886,5320
886,0648
885,5931
886,1755
889,5388
886,3731
887,2305
886,4654
884,7348
886,5068
885,5105
886,4484
885,8637
885,7655
883,9061
887,8810
885,0373
886,7987
888,7195
886,4349
886,4088
886,5282
884,7570
883,9973
887,9215
883,4632
883,8683
886,2345
885,8758
885,5383
885,7854
882,6517
885,9909
883,7597
887,3428
884,0719
886,3558
886,2056
884,3334
886,9620
886,7537
885,4324
889,5514
885,7705
883,2941
886,1522
885,4420
885,8166
886,4270
884,3025
887,5157
889,7949
884,9810
885,1451
886,0253
886,4435
888,2626
885,6624
885,1547
883,3469
886,6878
885,1023
885,9273
888,8051
883,2423
884,8477
883,3659
887,5743
886,3593
885,6240
888,1491
885,8633
885,6919
884,9936
885,4829
885,9265
884,9286
885,7422
885,9246
886,4601
885,2043
884,5775
887,5671
887,1190
887,6556
884,0941
889,1192
887,8131
883,6442
883,9164
886,1029
888,5283
886,1713
886,9043
885,0837
888,9128
885,6293
883,7100
886,4098
885,5622
882,7449
884,1096
885,8192
886,6740
885,9154
886,3327
884,3955
886,8398
887,4016
885,7749
886,5300
881,9949
884,7828
886,8078
884,3907
882,8496
885,1741
886,3029
883,3867
887,2293
886,2403
883,5981
884,8752
883,8475
887,7905
886,1467
886,0506
885,4554
883,4737
883,3453
884,5477
884,0592
887,7950
885,1989
887,9102
884,3357
889,5508
885,9153
882,2689
888,2829
885,0024
886,5321
887,8740
885,1118
887,2103
883,2988
883,6553
885,2500
885,2911
885,9551
885,5315
884,8148
885,8864
885,0705
883,8554
884,0687
885,4107
886,1357
883,7819
887,4815
884,8516
884,1344
885,3598
885,2995
884,4060
887,9445
886,8229
887,6267
888,0518
887,4560
888,2652
889,3658
885,5007
885,4877
885,4139
886,4578
889,7041
888,7530
888,7555
885,5069
884,5005
885,3657
887,4915
886,0599
884,8266
884,8777
884,3744
887,2264
886,3660
887,1725
885,9843
884,4553
887,6952
883,9397
888,3128
886,4072
886,1865
886,0090
887,1672
884,7859
886,9249
888,7110
883,8131
884,3770
886,8300
884,4819
885,8224
889,4667
881,2936
887,0802
883,4251
885,4590
888,5008
887,9125
886,9776
885,5228
886,0235
886,4842
883,5599
884,8825
887,1495
886,0894
883,0676
887,8258
880,0789
889,0062
887,5434
887,3249
887,5789
888,1164
885,2043
887,8028
889,0737
888,8296
886,2074
887,0769
883,6842
884,8471
888,2054
886,7360
887,0526
884,0332
886,2385
886,4033
887,9034
889,1118
883,5695
884,9813
882,9090
886,2375
883,6881
886,1454
884,8393
885,8582
886,6850
887,5524
885,1944
884,7348
882,8801
886,9802
885,9868
887,9765
886,8132
882,1578
887,0533
885,0178
885,4057
884,9972
883,9401
885,0778
885,1677
886,4919
886,0272
886,3519
882,9725
887,0580
884,0847
888,6675
885,6072
887,6262
885,2985
887,4458
886,1433
883,9012
886,2932
883,6745
887,3953
887,5689
883,1731
885,5287
887,4445
883,9841
884,4161
887,6868
884,4473
883,4301
887,6971
888,9138
884,3374
888,0830
888,1801
885,7116
883,4168
883,0835
887,9771
888,5447
880,7508
886,4964
887,2322
886,9218
888,7348
887,4477
888,0419
887,2929
884,8721
887,2734
886,8067
884,1462
884,4835
889,1442
885,5403
883,3399
885,0141
886,7687
886,1344
886,1158
885,8864
888,3432
884,2710
886,1214
884,6774
886,8472
886,4225
887,7031
885,8664
881,8907
887,1221
885,5697
885,0983
884,4667
884,8192
885,0968
884,2312
885,6543
886,7691
887,7331
888,4059
884,3635
889,6734
888,8515
889,5947
885,9479
887,7638
888,0765
886,9889
884,2372
888,4864
887,6094
881,6206
885,2526
883,2685
885,2715
884,3865
886,7590
887,7308
882,9616
886,9731
885,1636
887,6365
884,6918
889,1068
885,1819
885,2043
883,4099
886,4020
882,2957
884,7179
889,6874
888,2180
885,8463
886,1354
886,6709
886,3433
885,4424
887,9062
884,3122
885,7760
885,5027
888,5046
886,6141
889,3140
887,0192
887,2078
885,1691
887,9370
883,8767
887,0786
885,2855
887,0024
884,8015
886,6732
886,8839
885,9641
884,5472
886,6990
888,8978
889,4252
887,1476
885,7431
884,5241
886,7987
886,5416
886,9108
884,6615
885,3560
883,7984
882,7698
887,1243
885,1008
886,7250
885,7864
886,1969
888,6632
886,2174
884,4708
887,1754
887,6024
891,1645
881,3211
887,9852
888,2742
885,6416
885,3308
884,7481
887,3719
887,7746
885,6958
885,8588
886,4820
885,1887
885,7379
887,1292
886,7718
885,9363
887,9416
887,6836
890,2352
887,7876
881,6417
882,6135
886,0524
885,3311
884,8035
887,1457
886,7414
886,2951
886,7466
883,6862
883,4159
888,6171
888,2788
884,1971
883,0957
884,3473
887,5171
886,3061
883,4826
885,4594
884,1292
887,0150
886,4110
883,3082
887,0179
885,0494
888,1039
885,5747
885,1248
885,0542
886,0645
886,9498
889,5300
885,6433
884,9108
886,2594
888,9141
885,0799
885,4929
886,3433
887,2072
886,1678
881,3621
885,1304
886,2159
889,9443
884,3147
887,1620
884,7110
884,8787
885,4572
885,8801
887,6527
884,0792
888,6070
885,4030
887,0759
885,2525
888,0515
888,6888
886,5265
887,2560
887,8293
889,8736
887,0310
886,1645
887,4505
887,8922
888,5261
886,0395
889,7617
887,8679
884,7159
885,7714
887,7800
886,3863
886,5064
886,2487
885,2671
886,3785
886,9840
886,7949
886,9537
885,3341
886,1264
884,1551
886,1024
882,9727
885,9704
885,4198
884,0598
887,1050
885,3533
890,2257
886,3588
887,7615
886,8648
889,1824
887,9593
884,7973
886,5397
885,2101
885,8699
886,2191
887,2915
885,7877
886,6481
888,9017
885,2750
884,1299
884,8067
887,7495
885,5816
887,1560
886,9956
887,9012
884,7977
885,9350
883,5226
884,7732
886,3788
886,1754
884,6888
885,2116
888,1312
882,8137
887,1895
884,8496
887,1550
888,1543
884,6158
885,1826
886,2644
887,1899
883,1586
888,5955
888,0477
886,4344
886,4505
886,3378
887,5402
888,5165
884,8723
886,0135
886,1439
886,5667
889,1356
885,4247
886,2688
887,3116
885,5083
886,4071
888,2208
886,2810
883,4325
885,9225
888,5964
884,7788
886,2327
887,0950
886,6557
887,5436
886,0636
883,0496
886,7327
884,6129
884,9687
885,4288
886,3588
887,7633
884,0213
884,7554
888,4789
885,6194
886,2837
882,8523
885,0185
886,5757
883,6692
885,1136
886,5742
887,1596
887,8271
886,8094
885,3164
886,6157
882,9791
888,3311
884,7252
884,9429
884,5587
882,3288
888,1094
884,5191
885,7364
885,0188
890,5033
886,5219
884,8656
883,6671
886,4446
885,1929
883,8827
885,3449
887,8789
886,2928
886,0094
888,2316
889,0213
886,9525
886,7309
888,3426
889,7471
883,9987
884,5864
884,5971
885,8390
888,2421
884,2695
885,6076
885,1456
886,7916
885,3338
888,5570
889,0676
884,6522
887,6353
886,3263
887,3144
886,1698
885,4717
888,5861
887,0360
883,2438
886,9287
888,4727
885,7449
888,3404
887,3676
884,6039
885,1540
884,9313
887,8241
890,1301
882,5266
885,6755
886,7194
886,4965
886,6619
885,0970
889,5282
884,1659
885,8448
884,8554
886,6758
889,2951
885,9875
885,5262
887,1585
885,6976
882,5686
886,4274
880,8202
889,1945
886,8532
885,7747
886,4132
883,7708
882,4375
886,4057
884,5875
881,6026
886,8294
887,4353
887,0497
887,7416
883,7700
890,0025
886,0816
883,9637
884,0101
885,3798
884,8903
886,2715
884,7856
883,8776
885,4412
885,9751
885,3012
885,9798
879,7574
885,3946
885,3625
883,7598
885,2461
886,8419
884,7617
886,0833
886,8422
884,7746
887,0082
885,6414
888,1172
884,9546
888,6089
887,0041
888,5984
884,8355
885,1567
887,0716
885,3265
886,4364
891,1615
887,5996
885,0065
889,5896
885,5138
885,3250
883,4954
886,1080
885,7135
881,8537
887,4835
885,9368
886,7231
883,8624
883,8169
884,0711
886,0008
886,5000
886,8500
884,5846
884,3948
888,2218
888,2869
885,0680
883,3723
885,4524
885,6924
884,0311
886,0014
887,4257
888,9717
883,5168
887,7368
884,4596
884,3222
884,5791
886,4437
884,3230
887,0829
888,1591
886,4190
883,8087
887,6216
885,1358
884,3212
883,8507
885,8434
886,7616
884,5626
886,0823
886,8932
886,8047
886,5667
885,7035
884,6402
885,6369
885,8939
884,7216
887,4201
886,8341
885,4746
885,1135
884,4899
884,2413
886,5108
884,9137
885,9529
884,2864
883,8730
884,9438
883,7905
882,5110
883,4685
886,8646
885,3369
886,6219
886,9130
880,8284
884,6495
883,6855
885,0615
888,3177
886,2209
884,4253
882,9826
885,9420
889,1185
884,3968
882,1975
887,7589
887,0489
885,5894
885,5588
882,1142
885,1081
884,2985
886,3030
885,2105
887,3331
886,5162
885,6417
887,1627
886,0131
888,4037
884,7700
887,2356
886,0536
886,1619
886,0799
888,6532
882,9259
883,1529
885,7928
888,9760
885,1094
886,9785
887,6910
884,0617
883,8972
886,0450
884,6921
885,0222
886,0102
883,3334
882,2499
885,6556
884,6425
883,3540
888,0782
888,0427
887,8219
884,9259
884,5360
886,7255
889,4400
885,6066
884,5481
886,8178
883,4880
886,4934
884,9384
886,3086
885,4933
886,7098
883,5102
889,2048
885,2075
887,6129
888,8036
884,8430
888,2549
884,6206
887,0905
887,7758
883,6360
883,0945
886,8784
881,8957
887,8910
888,8631
887,1575
883,2626
888,2251
887,0472
886,9177
882,4684
885,0948
884,1310
888,5165
884,2880
886,8322
886,1547
890,1357
889,3779
884,9774
886,1019
888,7619
885,6470
888,2677
886,1900
882,7467
883,0192
882,8940
886,7381
882,1197
887,4063
888,9949
886,1501
885,8345
886,1300
886,3310
887,9813
883,7637
886,9457
886,6484
886,2816
883,8511
884,3427
884,4828
885,1453
887,2752
885,8931
883,6721
883,7457
888,0876
885,8617
885,1675
883,8505
886,0871
885,1500
888,1524
886,3498
884,0391
886,3203
885,1001
885,6052
884,1470
890,7702
886,8286
882,8125
883,5637
885,6822
889,3119
886,5367
887,8634
883,4393
886,7755
884,4660
882,5216
887,0853
888,9294
887,9629
884,8226
883,9467
884,7572
886,3772
884,8193
888,1972
885,0409
887,7835
885,9339
886,0102
886,1825
884,4913
884,6478
887,0624
884,3848
886,8450
888,7464
889,0937
886,5130
886,0912
884,0918
884,6248
885,6403
887,7246
884,9876
887,6881
882,8915
883,3711
887,1221
886,5358
886,7179
884,4696
885,3476
886,8195
885,8672
886,0252
886,6906
886,5133
888,6375
888,8666
887,2494
886,0022
884,2406
885,5866
884,5353
885,6657
884,6617
886,0512
885,7887
886,7203
887,6162
887,0205
885,2605
887,2748
881,0777
885,2505
885,9964
887,0054
887,1361
887,3771
886,0715
883,4855
883,6522
888,6265
887,0800
889,0883
890,6571
884,8507
888,4138
885,0641
887,8861
889,3709
888,2824
885,8669
888,7904
889,3151
887,7804
885,7354
884,3433
887,4598
886,3127
883,9443
886,0760
887,5064
886,4969
883,4936
886,5314
887,3009
885,1463
885,2897
886,4218
886,3933
883,6735
886,5202
887,4731
886,5383
882,5075
885,9015
882,3065
888,7324
886,9423
887,1704
886,0714
885,8909
887,6237
882,6947
886,8078
886,2641
882,9481
889,7606
887,3745
888,1289
884,7456
886,5412
882,9369
883,6237
885,4616
884,4265
886,2651
885,4217
888,9406
886,3499
889,0243
886,5060
887,0880
886,1793
890,1121
885,4059
884,8816
887,6698
886,7776
885,5591
882,5570
891,1761
885,5509
887,3360
885,4888
887,6792
885,8414
887,6124
884,7012
886,8943
888,3905
888,0073
881,4440
886,7122
886,1816
886,0849
884,8647
884,9801
885,3328
884,6246
886,8655
883,7529
883,7950
885,0481
885,7029
885,1524
886,5057
882,8877
887,3438
888,2122
886,3112
885,0700
884,3981
882,0343
884,9285
888,0906
885,6364
887,1551
886,0246
887,4291
883,6288
890,1915
887,1886
886,7540
885,5923
886,1429
886,3595
884,2591
888,5600
886,6834
885,7198
886,2875
886,6538
888,4914
885,6961
886,7043
883,9683
886,4917
883,0380
884,8919
884,3329
887,2810
885,0924
886,8608
886,1294
889,8131
885,0749
887,3788
883,3815
886,7912
886,3707
883,3442
886,3138
889,2506
884,7167
885,5774
882,2528
888,5632
886,4842
883,9773
886,0154
886,0269
887,2995
885,1398
888,6586
885,6590
885,2288
886,4255
888,8691
888,9054
885,3698
886,8185
885,4965
885,5756
883,2919
884,2408
883,8178
883,8077
884,5084
887,0409
885,9821
883,8140
887,3296
884,9859
884,9974
887,3358
887,2462
885,1392
885,4270
883,8620
887,6682
887,5315
885,4773
881,5591
885,5342
886,7868
887,3442
885,3393
886,9103
887,4970
884,0964
887,7484
888,8023
884,4802
887,6319
885,7653
887,2022
886,1819
885,1676
889,0463
885,5545
885,1474
887,0025
885,7296
887,9877
889,0970
885,3839
883,8779
884,2913
885,9161
886,9671
882,8332
883,9499
887,6832
885,9359
882,8850
888,9114
886,2587
883,9481
884,8746
886,9120
887,7902
886,9683
886,6417
886,3248
886,8488
887,0935
886,6191
886,6050
884,0674
885,4380
885,0786
886,3496
886,7245
883,7603
884,3797
884,2782
886,8154
882,5907
886,8468
886,6417
884,4930
886,3724
888,7910
888,7862
889,6752
884,6660
881,1247
885,7232
883,7717
886,3785
884,0118
886,5973
886,8533
885,9779
888,2778
882,0160
883,2859
888,7362
885,4138
882,1988
886,6770
888,6008
886,5338
885,3931
886,8951
884,0553
887,3002
888,4166
883,7988
886,5083
886,7701
885,8428
884,7379
885,2699
887,1766
885,3581
886,1915
885,4700
885,7381
887,4353
887,2821
886,7530
886,0508
886,3788
889,0458
886,5847
886,9937
885,7996
884,1052
885,3521
885,9810
885,8481
887,1165
887,5575
885,2348
884,9316
884,5740
887,8699
885,9632
888,0216
886,3501
886,5339
885,6159
884,9372
886,0498
884,9045
885,9527
885,1872
881,7933
886,6727
886,5561
886,6954
886,3069
886,1853
883,0448
883,0509
883,7186
883,7414
887,7251
884,8853
888,6704
883,8815
886,0788
884,5237
889,0236
884,8269
886,5837
885,1454
885,3603
889,0692
885,3212
885,6827
885,4620
885,4554
884,0599
885,6749
889,3902
885,2375
885,9287
885,4641
884,6783
885,2794
887,9148
882,5865
882,9865
884,9553
886,3734
888,0027
882,9815
891,6802
884,6890
888,7886
884,5645
885,0336
888,0857
884,4297
885,7889
884,7050
883,9223
884,3087
887,1267
885,8116
881,7614
884,0152
884,2394
883,4964
886,2631
882,6838
886,8125
884,8848
885,9339
885,1939
891,2518
887,4958
883,0859
885,1531
888,6425
885,5752
882,6879
886,6739
885,7503
887,1384
884,3038
885,3307
887,9463
889,3093
884,2626
885,1505
886,0975
884,5611
891,7337
886,4390
885,5580
883,9416
885,4327
886,3693
886,4211
884,0436
885,6706
885,4653
886,3489
886,4086
886,0320
886,6879
885,5285
885,6099
887,7331
887,1755
884,3339
884,1611
885,4754
889,2747
882,6126
883,4203
886,9860
885,2270
888,3984
887,6691
885,6238
888,2195
887,4703
887,8867
885,3847
884,2393
885,5454
889,5471
885,2380
883,6215
886,0468
886,3980
885,7582
885,5484
884,2822
885,6554
885,6028
885,9716
886,4434
887,1730
883,7275
886,2680
887,6139
888,4445
888,2445
887,1134
886,0428
886,9995
885,7822
887,7266
888,1541
883,4067
885,2829
885,8633
887,1635
887,3040
886,3426
886,0951
887,5267
885,9595
886,5684
882,0435
888,6440
884,4995
887,2654
884,8756
885,8479
883,1665
887,5456
885,5294
883,8376
887,2843
883,6935
884,3761
886,2283
884,7527
885,3971
889,6015
883,4828
885,6942
887,4388
883,4143
889,3184
884,4289
885,0498
888,0100
886,4711
885,4297
885,8193
886,0234
886,4014
885,2266
887,9429
885,9744
884,7820
886,9823
886,1187
886,0228
885,6511
888,2465
886,7226
882,7245
883,1863
888,5648
886,2143
888,3152
886,9560
886,3692
884,5172
884,7218
885,7708
886,9776
883,8338
883,8967
886,6060
888,2733
887,2627
886,1173
885,3034
882,9210
885,3146
887,3361
888,7066
886,8367
884,1674
884,5988
885,9930
883,1655
886,0887
882,8108
886,3505
888,0957
885,7826
883,5867
884,1493
883,6770
886,7716
890,0721
884,3502
884,8796
885,1649
887,6253
887,7987
886,3886
890,6175
883,4422
884,3141
884,4615
885,6286
885,2114
889,1715
884,9088
884,0957
885,2664
884,1387
885,6406
887,3884
885,2750
882,8570
887,3366
888,1311
885,9336
886,7647
884,9681
886,9244
884,5239
885,6065
886,6148
888,6225
887,1921
887,8726
886,1588
889,9624
884,5155
888,0260
885,7499
883,1382
888,8758
889,7349
884,7937
887,7011
887,1244
886,0561
883,5386
887,2402
883,9045
883,3913
882,4935
887,1608
887,5226
888,1509
885,9121
885,3167
885,7042
886,8298
884,5372
884,7150
887,2257
885,3608
886,8278
884,2003
887,2666
886,1770
885,5087
885,4146
882,8935
887,4586
883,2771
885,7100
889,3823
885,0661
884,8373
884,4707
888,7149
886,5352
886,2408
888,7061
885,6654
889,1311
887,4838
885,4549
885,5111
884,1402
884,7868
885,5552
885,8352
886,9422
887,9307
886,4501
884,6445
886,2447
887,8952
885,5070
885,0543
888,4032
886,8577
886,7178
889,1461
885,3042
884,9580
888,9514
889,7844
886,1852
885,4238
885,5071
884,9124
884,2964
883,4102
887,9957
885,5141
888,3221
886,3750
883,1773
885,5358
884,9502
888,0443
888,1352
885,2205
882,1792
884,5193
885,6667
887,4792
885,9158
883,7947
885,5434
885,2322
886,6921
887,0225
885,1756
885,9561
888,7787
884,6608
885,9195
883,5692
887,6456
887,2194
885,1546
885,2548
882,4458
885,1889
884,9029
885,5811
888,7227
883,2281
885,3472
888,7187
884,5607
887,8484
886,3172
886,8999
882,9527
885,9955
887,7838
887,1014
887,9652
883,2846
888,2286
887,0715
888,1228
889,0647
886,4473
885,5044
884,2528
887,0873
887,6268
884,7158
883,8838
881,4790
887,2712
884,0811
884,8259
885,2143
887,4456
886,8702
885,8328
885,9620
885,5801
883,4647
884,7784
888,0523
888,2487
885,2914
887,7312
886,7029
886,4047
885,6164
887,5437
883,2625
888,1624
885,2581
884,0121
886,9993
885,7486
886,9751
886,9898
887,7833
883,4482
886,3388
885,7444
885,9007
889,2360
885,3556
886,1345
888,0541
885,6430
884,9232
889,6585
885,4905
888,5813
887,0696
883,1504
885,2129
885,5919
887,5752
888,9256
884,7301
885,8353
885,1634
885,3435
887,6347
887,6504
884,9066
885,7277
887,0894
886,5951
887,7450
887,5013
887,1386
882,1974
890,0516
885,0659
885,1568
885,7046
886,9808
889,1863
887,8160
887,0674
886,2748
886,4903
887,7764
885,8378
885,4091
884,3212
888,5669
888,4031
887,6153
888,7491
886,6336
885,6674
886,8833
887,6327
886,1823
889,2334
884,6975
887,3653
887,0824
887,9067
888,2588
884,0035
884,2070
886,8869
885,2162
884,1926
886,1229
883,2318
885,6227
888,2237
887,6451
887,4965
885,6010
886,0562
887,1325
885,6767
885,4535
885,7292
887,9780
887,7407
882,5067
886,8936
886,6959
886,4831
887,8212
886,9912
890,5370
881,1385
888,8225
886,8336
888,8401
884,4097
883,5807
883,4736
887,3514
881,7954
883,3166
884,6360
886,6618
885,0470
883,9364
887,3958
887,5435
888,5181
884,6677
884,5835
887,4519
884,3335
888,0999
885,0453
885,7834
886,2431
885,2302
884,8295
887,0057
886,2870
885,2388
885,3697
885,7341
883,7863
883,9071
886,3779
883,1664
887,9553
884,9275
885,6913
884,7259
886,2422
889,4411
886,4026
885,3314
887,6497
889,0707
887,3375
883,7882
885,8425
885,0419
884,8158
887,9363
887,4883
884,0688
884,7153
886,6453
885,9197
885,6954
887,9367
885,0559
889,5602
885,0562
887,5831
886,0274
884,2066
887,4768
889,4880
885,4537
885,3362
887,8274
884,2813
887,8854
887,3147
885,1442
885,6933
888,6814
884,8542
888,1552
885,9200
888,8837
883,5118
886,7319
886,1377
885,3397
889,9055
882,8936
885,9256
888,6061
884,9032
888,2878
888,5058
884,8305
884,9145
889,9889
883,8795
884,1036
884,0883
886,8070
886,4117
884,2261
887,8713
886,1252
886,4099
883,7253
886,2980
884,7315
884,6604
886,7076
884,8583
887,2378
886,4111
886,6872
890,0818
887,0549
887,8970
885,8274
884,7438
883,5764
890,5187
884,4615
884,7965
884,8347
886,9244
885,8040
887,8408
886,0182
883,7394
885,6550
886,2441
883,0002
887,2639
884,5150
885,1573
886,6633
884,2201
888,8670
885,7853
882,4471
884,7503
883,1482
887,6053
886,3836
885,6367
886,9149
886,7283
888,0409
888,7020
884,7590
885,3124
883,4734
887,7165
888,0252
888,1558
884,0823
886,8647
885,6646
884,6315
884,8632
886,3810
884,0064
887,0552
886,3743
886,4529
887,7261
885,3437
883,6234
886,3562
886,1163
884,7378
887,0860
883,1242
886,7294
884,6648
885,4252
883,9208
887,2574
889,2699
888,4977
886,0210
887,7104
888,2451
887,7384
886,5342
884,5089
882,5099
885,8422
884,4172
885,0511
883,2461
886,1948
887,1896
886,9897
884,7348
885,7353
885,4068
887,5604
887,5209
885,4919
886,6648
886,9884
887,9347
883,7225
884,2903
888,4436
886,2072
888,1059
884,2926
886,0699
886,1067
885,2160
885,6983
886,0380
886,5642
885,6993
885,8572
886,6994
886,9653
887,6166
885,0846
884,1183
884,9356
884,2075
884,8364
887,0640
885,3128
885,5045
885,6662
883,4721
885,8630
886,7224
886,7187
884,0218
884,4163
887,6638
886,2634
884,4261
889,3905
887,5040
886,3854
887,8147
885,6063
886,5253
888,4355
887,8694
884,5465
885,7014
883,7096
886,9899
886,5247
888,3011
886,7275
886,7287
883,5669
887,5992
885,0508
886,5654
883,0635
886,3401
886,2261
887,0144
886,4829
885,8251
887,5785
888,2299
887,7299
888,8025
884,0113
884,4905
882,7851
885,3007
887,5543
886,8549
887,2274
888,3544
886,6954
884,7222
887,5532
887,6842
889,6343
883,9350
885,6191
885,3354
887,0203
885,8486
885,9536
889,2957
885,3384
885,2139
886,9485
885,3015
886,5544
887,0436
888,4374
886,1995
889,4828
886,4227
881,7809
886,6694
888,5936
884,9102
886,2371
886,9573
885,0182
886,3036
886,0205
887,3913
885,3293
886,9971
882,6391
887,6022
884,2869
884,1505
889,2228
886,5018
883,0555
883,9956
884,6920
884,2462
887,0389
886,0204
883,3885
885,8526
883,7600
884,7032
884,8258
884,2630
885,7683
886,9680
887,0213
883,3057
886,8692
886,5215
885,7221
885,5514
886,6308
886,5561
885,8985
889,2149
883,4927
887,6801
886,5667
881,5986
887,3078
888,8987
885,8188
884,8531
882,7820
886,0887
888,4037
887,6547
885,6717
888,1419
884,7898
885,7914
886,7405
887,5827
882,9176
884,3266
886,5308
885,7445
887,3263
884,2401
889,2608
885,1842
883,7690
883,6746
887,1782
886,5385
885,9682
887,2112
886,6257
885,0175
885,4545
888,3599
883,7447
883,7586
885,3582
884,6298
887,9559
890,4250
884,9841
883,7305
887,6348
886,7956
886,4158
887,8003
887,2073
888,9410
885,6055
887,3573
886,7008
884,4092
885,2008
886,9696
886,0590
885,6167
885,4182
887,5309
887,9267
888,6914
884,2844
886,4636
882,5679
882,7945
885,3254
884,0377
890,5211
885,3459
885,5256
883,9882
883,7887
884,8950
886,3560
889,8109
883,4641
885,5398
885,5366
887,4472
885,6809
885,7735
883,7254
886,7116
887,6983
885,7682
884,4354
889,7763
887,2257
886,6166
887,1829
885,8934
884,5817
884,7779
887,5055
883,8188
884,5525
885,3403
885,9363
887,4261
886,1209
883,6718
886,5993
884,8639
885,7792
881,6436
887,7022
885,9399
885,6487
884,2729
883,6962
884,9737
884,5199
885,2770
889,0417
885,2754
886,1524
885,8852
887,3200
885,1674
884,6376
884,3479
887,1878
886,0041
885,3124
887,6757
886,9639
885,2912
886,3531
887,5920
887,9561
885,6930
884,7965
884,5085
884,6185
886,4485
888,6460
884,8698
885,5822
885,8374
887,1935
885,0549
885,7113
886,4255
885,6259
886,2372
886,0009
887,3206
887,8880
884,1762
887,3334
886,8899
884,9655
883,7323
887,0157
887,1398
887,5402
885,2966
883,7711
886,6974
889,0620
887,2778
885,3041
885,3085
886,1530
887,0676
886,1799
887,4167
885,9311
886,4879
885,1394
884,0491
887,0678
889,8102
885,6190
885,6001
885,1685
886,3099
885,6101
889,3753
889,5094
885,9799
887,4746
884,8788
885,6572
886,9819
888,9966
884,5448
887,5186
888,7818
887,5208
886,5066
886,0052
886,3567
884,3883
884,8090
890,8148
884,9554
885,3108
885,5936
886,6709
884,8915
889,3490
886,0034
884,5744
883,3953
887,0783
886,9405
886,4449
886,1348
885,5016
883,6603
888,3520
886,8969
885,4610
884,9013
884,6398
886,2591
883,7984
884,7769
886,1016
888,5206
881,7662
886,6783
885,1449
885,4681
889,0811
883,6047
884,8312
886,5598
887,2579
884,6533
886,4353
886,6557
887,1164
889,4451
882,7254
884,4318
883,7850
887,6916
886,4963
886,3692
889,6102
884,0645
885,3888
885,0013
887,3486
888,1861
886,4833
883,2541
883,8409
886,4051
886,9592
884,2467
889,0286
883,3658
886,9122
882,0238
885,4196
884,3222
885,7879
884,2735
887,5792
886,3504
884,7836
885,1670
888,6758
887,0628
883,5606
885,5539
888,2350
888,4503
886,2170
884,5790
884,9628
886,0555
886,1912
888,0112
886,6755
886,6937
883,7752
884,7829
885,5479
886,2274
888,2071
885,0529
883,6781
881,0772
883,6826
887,0794
887,8647
888,1885
886,7049
884,9342
887,0383
885,7680
887,2809
885,0711
887,3101
887,0038
885,7073
887,0210
883,7995
885,3452
886,3363
884,5282
885,4830
885,2399
886,6009
886,7543
887,6080
885,8249
887,7944
883,9651
886,5310
884,9078
885,8373
886,0002
882,9408
885,7991
885,2822
888,3487
884,9904
885,8109
887,3567
887,8087
886,2732
887,0483
885,1421
887,3573
887,1031
886,9279
887,1823
885,3925
886,3720
887,1315
883,0712
885,8928
889,3175
886,1163
887,1424
884,7060
885,4324
884,4936
886,4978
888,1667
885,4326
886,2332
887,8276
885,2135
886,9897
886,4613
885,1079
886,6198
883,8722
885,6527
881,6202
884,0072
886,0204
886,8450
886,6500
882,7522
884,3703
884,7492
885,7202
884,6043
885,5561
885,2003
886,3117
883,8155
887,9032
883,8912
887,2105
883,3126
885,5297
888,4539
884,5029
887,1194
888,9036
883,8211
885,3640
885,8361
887,6076
884,0660
887,2524
886,8411
884,5658
887,2068
889,2168
884,9829
887,4825
885,1297
887,8244
883,1553
883,9767
886,0053
881,6596
885,8760
885,1325
887,9424
888,0759
885,9505
887,6753
885,4277
886,8852
887,5219
881,8791
885,5504
889,5803
888,0223
886,0321
886,4436
889,2697
887,1428
887,3700
885,4492
887,0105
888,2521
885,5113
886,9895
883,9889
886,0276
886,3525
887,3573
884,6679
887,8781
885,2704
884,2762
887,2039
885,4007
885,7244
886,5728
883,0818
885,0877
888,4399
886,3689
884,9769
889,2397
886,3584
884,3558
887,7822
886,8717
888,9464
888,1837
886,0418
886,0629
888,5032
885,6877
884,9466
886,3724
885,3859
887,8668
887,2429
884,5816
887,2407
886,4887
887,0990
883,8508
888,5628
887,6134
886,1494
887,0868
887,4898
884,8483
888,0658
887,7337
885,2484
888,5779
884,2074
887,5378
884,0347
883,4023
888,0728
884,9035
883,4536
889,1076
886,0209
885,8276
886,8364
887,8051
887,9921
888,2209
887,2066
889,3744
884,9824
887,6250
888,3223
885,0068
885,8563
884,4807
885,4551
881,8801
888,2051
888,5267
887,0234
885,9351
884,5924
885,8822
887,6835
882,8522
887,1220
886,3015
883,8426
886,1986
886,9676
884,3835
882,8670
884,0315
885,7672
886,6702
884,7414
884,7438
883,9251
888,7947
888,0883
885,4630
886,4255
885,1122
886,5073
885,7038
883,1609
888,9758
890,1634
885,5274
884,1144
884,2387
886,3952
887,5491
885,1059
885,9949
885,7085
884,0743
886,2226
882,7447
888,3055
886,7647
886,2317
884,8735
883,6671
885,4445
885,4599
883,0872
885,0623
887,5031
886,1323
883,6130
888,0325
886,5369
886,5380
889,7975
882,9978
884,5926
888,4081
885,8352
884,5585
886,5481
884,1911
886,8241
884,9300
884,3750
884,3634
888,6592
883,4801
886,0640
887,7692
887,3758
886,7460
887,2099
884,9211
883,6029
883,4437
885,0028
890,1073
887,6143
887,3772
885,3716
888,4903
884,4977
887,6512
885,3300
888,0447
884,8540
885,6413
885,8775
886,0120
885,9538
884,2484
886,8416
885,8355
887,6595
885,5973
885,1637
883,7349
885,2557
888,4406
889,2720
888,4755
887,6782
886,7311
887,3053
887,1220
885,8849
884,3250
885,3340
882,8360
887,2754
883,0669
884,4323
885,9107
886,5196
885,3920
882,4386
885,5097
884,8236
885,0380
887,7421
886,9137
889,5742
886,0882
885,1685
886,1196
885,8947
883,8552
885,6318
887,8292
885,3123
884,8946
886,8644
886,7967
885,6075
887,7299
885,1447
890,3004
887,3132
888,8964
886,9108
886,4134
884,3263
884,8122
885,1954
885,8078
883,2311
884,5410
885,5669
890,5602
890,1117
882,5951
884,6869
886,5305
886,8267
889,1169
884,1192
888,1624
884,7599
881,8387
886,0287
887,7183
888,1384
886,2302
886,7918
888,2019
886,6692
885,2685
887,2956
888,5692
884,9245
890,7078
884,6505
885,7803
888,2324
887,3727
884,7259
884,8895
886,5852
887,6155
886,4216
885,7938
884,2676
885,0576
885,4763
884,7572
883,3796
887,9550
886,7049
885,3150
888,2384
886,1562
886,9433
887,0132
885,9004
886,8323
886,9498
884,7850
886,4660
883,5918
883,4893
885,2511
886,2653
884,0272
887,0324
885,3373
885,6418
883,8598
884,6473
886,5913
885,0357
887,6160
888,2711
886,0970
885,8155
885,2472
890,1134
888,1087
884,7861
885,1373
887,3073
883,9055
882,5971
886,1121
885,9649
887,2797
889,1267
886,4510
886,3309
886,8595
884,7147
883,5275
884,3784
886,7023
887,6618
888,5044
884,4575
886,9837
885,1637
888,7367
884,6759
887,6653
888,6314
882,6656
887,0643
890,3119
884,9284
884,4213
887,9013
886,9760
886,3929
885,5956
883,5982
884,8398
889,3454
886,2579
887,0929
887,1308
883,1324
886,4451
884,1756
880,6844
885,2541
886,2080
888,1649
886,3256
884,4198
883,2585
884,8848
883,9383
885,4342
887,0541
886,7279
886,2430
885,4525
885,3352
885,3510
884,8418
887,7865
889,3939
882,6310
889,1285
886,9251
886,4249
887,5426
886,5762
883,5588
887,5592
885,0344
884,6669
886,8016
889,4968
886,6853
889,1324
887,4383
885,1730
888,3147
884,5153
885,3307
885,4389
888,7730
885,2741
888,9479
887,9901
887,9719
887,9847
881,5671
883,6346
887,8199
886,6052
883,7800
884,8362
884,8245
886,5043
889,7115
884,8364
887,1962
888,3204
885,7024
887,0442
884,5790
883,7566
886,9083
886,7593
886,2002
883,4795
884,4524
884,5518
885,5606
883,2841
886,5055
885,9984
884,3738
886,0880
886,3228
885,3686
886,3945
887,4580
887,6724
889,6732
885,2497
889,6749
881,4346
885,1188
886,3300
885,8466
883,7078
884,6799
881,7166
887,4393
885,4861
886,4454
887,6580
885,6942
886,5083
885,8514
888,1585
885,8327
888,6765
886,1510
885,8089
887,7274
886,3588
885,0658
883,5642
885,2687
886,6082
885,5180
884,9012
887,0020
886,4469
882,8031
886,5270
883,5173
885,0286
884,5314
889,3713
887,0473
885,0175
882,9962
886,8756
890,2578
884,5628
885,1748
884,4392
886,3302
883,7849
886,5856
884,5710
886,9749
887,3031
885,5449
886,3640
885,4587
885,5077
882,8321
889,4436
887,5699
888,2028
890,1639
888,4209
885,4474
886,0172
885,9607
888,4291
886,1446
885,0166
887,1135
883,9258
884,4877
887,6851
886,6842
883,1591
884,3844
887,6622
889,8372
884,4150
883,0429
886,0056
882,7572
888,4493
885,5333
884,7551
885,5009
885,8712
886,5794
883,8216
885,9336
885,8766
886,1644
887,5879
888,7136
883,6785
885,3459
884,6455
887,3713
886,1836
888,7214
886,5208
887,4228
885,8459
888,5157
886,7377
885,8580
884,6156
888,7876
886,5666
885,9175
884,0385
885,6721
886,6692
885,6844
885,0698
884,9882
884,2747
886,9773
883,5085
884,2642
885,6795
885,2150
882,1346
882,7945
882,4171
885,1548
884,1670
883,1890
885,7624
884,6042
883,7923
885,9074
885,5807
884,7613
886,6519
885,9787
883,5886
885,1020
885,8595
884,3174
887,6092
887,0388
885,8435
884,0766
885,7357
886,6138
883,5523
887,9804
885,7691
884,9336
888,0384
886,0080
885,2940
886,4281
885,2669
886,6938
887,5070
887,8917
886,3629
882,1279
884,3765
887,4938
887,9001
882,5850
881,9407
885,6336
885,1902
885,9791
887,3019
884,7907
885,5556
889,5711
883,4759
884,7495
886,6100
885,9324
884,5013
886,5281
889,9409
886,1044
886,0908
885,9575
883,2378
885,0352
889,0236
888,3394
886,7328
886,6004
882,5662
886,2758
882,4268
886,1361
886,6794
884,7655
887,7264
888,7730
886,8287
885,9031
886,3466
888,0509
884,4247
886,6444
885,1337
885,3877
881,9089
884,0257
886,9265
885,3566
884,2644
887,2958
886,9489
887,0202
885,8518
885,6999
890,9733
887,6435
889,2232
884,5718
887,6703
889,1066
885,0779
886,9460
887,0009
886,3552
884,6355
888,1065
886,1816
882,9950
887,7869
883,9922
883,5989
885,9231
886,0563
884,7018
885,9424
885,3658
887,1427
883,3330
883,3746
885,7211
885,8015
884,4785
887,0680
884,8036
888,1175
887,4835
884,8588
884,5010
883,8747
885,6004
884,7075
886,6021
888,6603
886,6355
889,8384
889,1556
887,0639
884,4038
888,8179
886,0460
885,0105
884,5801
887,8108
885,8529
887,1700
886,5648
885,2451
887,1486
885,0957
885,5245
887,1719
886,9341
885,2286
888,7602
888,3168
886,4013
890,1972
884,7521
885,0365
889,4818
888,1285
885,2878
886,1151
886,9050
883,3822
884,6761
886,3632
884,1278
885,5956
885,1869
888,0798
884,1297
884,7561
884,6632
885,0912
886,2564
887,1377
887,6328
882,8532
884,5092
884,0185
884,3811
883,8708
887,5671
885,0924
886,3884
885,6652
886,5965
887,5670
886,8846
885,1483
889,8856
886,7169
886,2641
884,9967
887,9968
887,0440
886,9397
889,6014
884,2251
885,5613
888,2309
885,5252
888,7035
885,5713
888,2920
888,0832
885,9615
885,9738
887,0686
888,1484
887,8760
886,6757
881,4042
885,2852
884,4306
885,9391
886,5940
886,7059
885,9783
883,8963
888,2206
885,4323
884,5732
888,1423
884,7798
884,8972
883,5182
889,7418
882,5399
887,5413
881,4112
887,1784
886,6915
885,3587
883,7938
884,9332
884,1134
886,8663
888,7067
886,5963
887,3971
885,7151
886,2816
887,4906
884,9632
884,3442
886,0334
889,6760
886,8908
888,1689
886,2882
887,7370
884,9727
885,7433
885,3449
884,1683
886,6669
884,1879
886,0046
889,0738
885,6015
887,1225
888,3343
884,0855
885,3903
885,0569
887,9372
887,2228
886,0038
884,8924
886,4367
888,3760
887,1208
888,3152
885,4254
883,2233
890,9959
884,9105
886,7330
887,7098
887,6692
885,9067
885,5055
884,9955
886,6006
883,1889
886,4176
885,9542
886,9881
888,4420
882,7937
887,2650
888,1918
888,3914
885,0571
884,1282
884,4005
887,0350
888,3808
889,1420
884,8931
891,0700
886,7857
886,8303
883,0016
887,7017
885,8874
886,3463
887,2076
885,7947
884,5218
886,4241
886,8681
886,1348
885,7793
887,7833
885,8103
886,4204
883,7064
887,3388
886,6306
886,1748
886,0367
888,0899
887,5571
884,2331
885,4351
886,8300
886,0838
881,9359
885,9536
883,4181
887,4221
884,5528
886,4775
883,8644
885,3679
886,1681
887,2540
887,2818
886,6928
885,6026
886,8888
887,8267
883,7478
886,7671
884,5786
885,1673
882,8170
884,9623
885,3266
883,4511
888,0741
884,2212
884,8093
885,8818
884,6936
886,3843
885,2164
885,0550
884,1138
884,3729
887,4335
886,6480
885,7373
886,2615
886,5321
888,7859
889,0540
886,6623
886,4845
887,5396
885,3963
885,9281
885,9611
887,2295
887,2663
885,3802
886,3194
889,0267
882,2011
886,9587
886,3426
884,5800
886,9799
890,1235
887,2620
885,5708
884,7829
885,0885
884,7986
889,3933
886,1947
885,3564
882,7263
885,1519
887,5254
885,0646
885,9399
889,5828
886,2626
885,7168
886,4153
887,0993
887,5039
884,1907
886,8698
888,3628
883,9666
885,0900
883,7007
886,4378
885,8566
884,9132
888,2326
885,7756
885,8651
887,0155
885,9730
888,6906
884,9933
886,6819
887,4118
887,9793
885,3971
889,9934
887,4191
883,6611
885,3989
886,5842
886,6519
884,1254
886,7199
884,6437
883,8082
881,9195
889,2529
885,8314
882,4165
883,9423
886,1818
888,7247
882,8333
886,7278
889,7065
884,5286
883,6100
887,7931
887,1369
887,5219
883,6603
884,1788
885,8408
880,7715
885,9293
885,0287
890,3495
883,2886
885,9308
885,2216
885,3222
886,6166
882,5322
884,1108
885,8198
886,0114
885,1612
886,7353
885,1125
884,9172
887,3453
885,0847
890,0454
886,0884
885,5865
887,6446
888,3734
884,4420
887,1145
884,1516
888,2679
886,4808
887,8380
886,5066
885,4914
884,7355
886,1091
886,0228
887,1330
884,9912
887,7267
886,6575
884,2812
885,8061
887,3167
885,3097
883,9201
886,4253
885,5527
884,5856
886,7065
882,1272
885,5657
886,3845
885,8488
888,2421
887,7370
887,6824
887,3439
886,8061
888,3070
885,8330
886,9900
886,7834
886,7622
885,0993
881,5894
884,1256
887,0907
888,7939
883,8490
886,6397
882,5298
884,7177
883,1754
885,8120
884,6581
886,4402
882,8115
884,0059
887,0615
884,5246
888,7605
885,0173
885,8372
883,2610
887,3828
884,5946
886,3641
889,1727
884,9037
886,5488
888,4629
886,1851
887,5227
885,4546
885,3548
885,3202
887,1597
886,6930
886,6003
883,4540
884,9747
885,3506
885,1429
883,8444
884,3025
887,6430
883,9505
882,5998
887,8987
887,2774
885,8394
886,1461
886,8484
883,2351
886,4250
887,2393
883,9879
888,3464
886,2571
887,2665
886,9399
886,5987
884,9133
881,6967
883,1414
886,3738
887,6343
885,0448
884,8582
885,4777
884,3472
884,4067
883,7381
886,7527
884,7710
887,3954
886,2815
887,0243
886,2370
883,0524
884,8642
884,9430
887,2044
886,5338
882,7884
886,1769
888,8424
882,1710
887,3147
884,4443
887,5556
884,6602
884,7536
885,7028
889,7185
886,5681
888,4527
886,3704
883,3173
886,9250
882,4104
886,2785
885,6592
885,9624
887,7274
886,7531
888,9641
882,9656
885,9983
886,4980
884,7526
888,3262
885,1624
884,9968
886,9315
884,1844
884,5984
884,5751
888,2375
886,0365
885,0822
883,4917
886,1437
886,7867
885,5788
886,1687
885,6596
889,1328
885,9852
886,6536
886,9245
887,5119
884,7018
887,6420
883,2939
888,9933
884,2810
885,1915
886,5462
886,7832
883,4320
885,2786
881,6541
885,8897
883,8478
885,0978
887,0892
887,2009
885,1623
884,7978
883,5091
887,5928
887,1717
886,9416
887,8330
884,6699
887,1536
887,3012
884,4839
881,1004
882,5801
885,1591
886,2741
886,0007
882,2806
885,2780
884,6276
887,5219
885,8229
886,3996
884,2795
883,8873
886,8561
887,3625
884,6394
885,0294
883,1390
881,3662
885,8059
890,3353
887,4230
886,1407
887,3101
886,0423
885,5695
887,4545
888,1542
885,0656
885,3653
887,3336
884,8562
885,6648
887,3849
883,1670
886,6867
885,8052
886,2190
885,7499
887,1430
885,5298
885,7114
886,2594
888,2981
887,8099
884,3127
886,9940
884,9043
885,5878
885,4656
885,2859
884,6278
882,9330
884,9400
886,4181
882,6430
887,8958
885,4947
885,3626
885,2563
887,1895
885,8757
885,7703
885,3763
888,7293
884,8896
886,8460
887,2760
886,1209
886,9329
883,5282
882,0737
886,6008
887,1100
886,6714
886,0174
881,9631
888,0565
885,7053
882,6540
884,0353
887,1690
889,3209
882,6628
883,9216
886,4321
881,9995
886,7902
883,2908
888,1786
887,7609
885,4483
888,9392
886,1703
886,5267
886,4102
887,1266
884,2727
887,4638
882,2710
886,1126
888,3100
886,6408
885,2436
886,0743
883,7460
888,0583
884,9950
885,8650
884,7587
886,5456
885,4917
885,0000
885,5112
887,4146
884,5802
885,0508
887,5205
887,0296
887,0327
887,3193
887,2851
887,8382
883,8259
884,9438
887,2840
884,9838
885,5605
886,0556
888,8044
885,3570
886,7140
885,6930
886,0013
888,0709
883,9861
887,0968
888,5775
888,5271
883,9559
887,0732
881,8405
887,2429
886,4966
887,0237
887,9190
885,7517
886,0759
888,1202
888,0701
886,0259
887,9571
886,0315
889,5843
886,1407
887,1416
888,8778
887,3104
886,4857
883,6959
885,5909
884,3515
888,4536
887,8826
882,2429
885,5934
881,7654
884,3310
886,5861
888,0619
884,2111
885,6135
884,0615
884,7775
886,7740
881,3005
887,1231
883,5880
884,0915
884,4381
884,2881
885,1423
887,8625
883,9091
886,0031
888,3642
886,6892
883,8548
884,4462
883,8060
885,9704
886,1580
886,8845
881,0467
886,6025
885,9730
887,0448
885,5106
885,2062
884,4763
890,4209
887,6812
886,8870
887,3997
885,4291
886,4466
883,6570
889,2913
882,5417
885,9753
884,8113
885,1347
883,7419
884,5641
887,2369
886,7971
888,3461
884,7289
885,9449
887,6683
886,4365
886,8050
886,4533
885,3646
883,3215
886,6265
887,3909
887,1455
884,8183
887,5548
886,1574
888,0517
885,6575
886,2561
886,6163
885,8758
884,8800
884,2144
889,3034
887,3210
881,6881
884,6974
886,4764
886,6314
888,0796
881,7422
885,9168
886,1343
883,0283
887,7684
888,0825
890,8235
884,9418
886,9888
887,5026
888,1714
885,8071
886,2860
885,9412
887,1542
889,3348
884,7542
885,6667
887,2639
884,6219
885,5218
883,9731
885,9080
883,1580
889,7044
886,7075
884,6831
888,0994
885,9705
885,9851
885,3696
884,8469
886,5350
886,2921
884,4801
885,3153
884,2328
887,2680
888,2781
884,8619
889,1389
887,9001
884,7492
887,2919
886,4024
888,7526
890,2243
886,4886
890,0242
884,4780
887,6959
884,7370
882,2173
884,1268
882,5907
886,7599
888,9206
889,5288
887,6279
887,3401
887,7453
887,5252
886,2259
883,7779
888,2099
887,8756
885,2545
886,7157
882,2306
887,5197
886,3002
884,5268
885,7924
888,4987
887,1222
886,9972
889,0689
883,1850
886,8364
884,5858
883,8858
888,0378
883,9038
884,0069
887,1062
882,8776
885,8634
889,2762
885,9094
887,3264
886,8707
885,6537
885,2680
884,0784
886,5410
887,6006
887,9638
887,3506
886,6696
886,4847
884,9231
887,7615
887,2975
887,1443
886,8233
885,4897
883,1437
885,9552
888,6393
883,7199
884,6646
885,4413
884,1433
888,1513
889,6479
885,2072
884,3036
884,1035
887,2568
887,1756
887,2892
883,3255
885,3551
886,4368
882,4323
887,2576
888,5460
888,5690
887,9664
888,6734
884,5300
884,1864
887,4604
884,5163
887,9018
883,0576
886,0561
885,6926
887,6059
884,2847
885,9767
886,0459
888,6807
888,4183
889,3077
886,7211
886,9972
886,9503
884,4582
887,1353
887,2414
886,9671
886,8984
885,1001
883,4780
882,7512
888,0646
890,7529
884,3247
885,7435
887,5198
887,5663
887,9916
884,4739
885,0589
886,6148
883,0506
882,3723
888,3035
888,0903
887,1244
887,6270
886,4817
884,4091
882,3560
885,4167
884,9322
885,7256
887,1944
885,7443
888,6116
887,5874
885,1717
884,7987
887,1643
886,8411
883,8155
888,9261
885,8084
888,4702
886,2344
882,1638
883,5970
883,5054
886,1946
882,2368
887,8838
884,7843
885,3605
886,0155
883,7184
886,6219
886,3036
885,0862
887,3651
887,3767
887,5027
889,4022
888,5698
882,5332
885,7438
886,7463
887,9248
884,7984
883,8737
887,9742
888,4045
885,1064
884,6806
886,0187
884,7672
886,7959
884,5787
887,8720
885,2180
886,7570
888,3292
880,8581
885,4866
891,4766
888,0106
887,4772
885,4535
884,8304
883,6049
885,8734
888,5931
889,0495
884,4026
885,2433
887,4850
886,0390
886,6984
884,1049
883,9922
884,7597
884,9459
886,8539
886,8213
885,4887
884,7823
889,1917
887,6547
887,0342
885,5899
884,9411
884,9465
888,9721
884,3260
883,8219
885,1277
888,1461
887,3298
885,0190
883,9843
886,7299
886,7969
886,0886
884,6169
882,2974
882,9879
886,8448
886,0873
888,2692
884,5597
884,3542
887,9855
888,9104
887,2935
886,9955
885,9367
886,9961
884,9746
886,8669
887,6340
887,1383
889,2125
882,9490
885,1605
884,1449
883,4411
886,6146
887,4260
889,1902
886,2387
885,3280
887,1877
884,8467
884,5707
886,5940
888,9649
886,2783
887,6600
887,2956
886,3312
881,8897
886,8172
884,7739
882,5516
885,5512
885,0738
886,9567
889,3892
885,8601
887,3648
883,5823
889,2249
886,8598
887,0514
887,4912
883,9684
885,4001
884,9475
887,3427
885,9308
886,8265
888,1470
885,7233
885,1457
889,0746
887,0811
886,8893
887,7487
885,4391
884,4975
886,7463
888,0529
886,0346
888,3498
889,8771
890,4638
882,1632
883,7069
885,7985
886,1320
887,2279
885,6945
889,9364
886,7634
885,0073
886,0292
887,6800
885,0690
886,6122
886,2097
886,8982
882,5961
884,6477
886,9093
886,9661
884,9094
886,1331
883,4858
886,2227
884,7276
883,1137
882,8793
883,2174
882,2011
888,5674
885,7064
883,6086
886,2504
881,7208
886,2607
887,3943
883,9472
886,2564
886,0564
885,0688
882,3910
888,8215
883,9677
887,7776
884,4593
887,2492
885,7451
883,9864
884,3585
884,1710
885,9376
885,1913
883,9973
885,6817
885,9086
887,2797
886,8299
885,5362
886,6426
887,1229
884,4860
886,2261
886,8435
885,6661
887,4988
885,7133
887,6727
884,5702
889,0278
886,6063
885,3678
887,1861
887,8299
886,3406
885,5118
887,5147
885,1685
887,3973
888,3979
886,5857
888,0994
887,2145
886,9937
887,3054
885,2026
883,1610
884,0019
882,7178
886,2738
884,2892
886,8309
886,4139
884,4838
887,0771
885,4151
884,1806
885,5277
889,3876
886,6264
885,0167
885,7999
884,1348
887,3412
886,1628
884,3740
888,1190
886,6850
887,0947
885,8359
885,5063
886,4370
887,3251
885,5168
885,1535
885,3167
888,6921
884,2994
884,3253
885,5314
885,1190
886,8419
885,0958
887,8586
884,7045
888,0996
887,5584
883,4736
885,0290
884,0010
886,6160
884,7447
888,7500
885,3677
884,5688
884,4327
885,8953
888,4891
883,4615
882,2496
886,7548
884,0383
886,0547
885,6912
883,9002
889,7477
886,8225
884,8957
886,9384
886,9032
885,7819
887,4128
884,7066
887,2872
885,6293
886,0752
886,0425
884,1895
886,3397
887,1148
889,4963
883,8702
884,5343
884,1665
886,3156
886,6337
886,1545
885,4763
885,9208
884,4127
888,4811
886,4143
885,5336
884,2825
883,8854
886,1391
885,3183
883,1397
886,6036
887,3056
887,5335
884,5556
887,1059
886,8271
883,2897
885,3908
886,3136
884,8474
886,3578
885,4953
886,1020
885,6906
881,6956
887,4917
884,7558
886,0856
885,6266
884,5999
886,3276
885,9341
884,3912
885,9768
886,3706
887,5008
886,3150
889,7903
885,5413
883,7993
884,3207
888,2941
886,3943
883,9986
887,4159
883,6333
885,2395
887,8080
881,3638
887,4713
883,9122
884,3890
884,8964
884,9859
885,7947
887,3950
885,7107
883,9827
885,6706
885,3003
884,3086
884,9611
885,9809
885,2652
886,5794
886,1261
887,0096
883,1893
886,5585
882,3413
884,5230
887,6231
887,4419
887,7378
886,2323
886,8950
885,4333
886,0410
886,5209
887,5734
884,2352
886,1580
885,8253
889,4273
887,1249
886,5718
887,3561
886,4225
888,4450
887,5402
886,4138
886,5453
884,9885
885,8427
886,9206
889,0479
884,4596
885,8799
884,2629
888,9293
885,2795
887,1952
887,5501
884,1011
886,6792
887,1600
888,6005
887,3366
885,4585
886,1728
886,8167
885,6240
886,1391
884,9366
884,2754
889,0936
886,0792
887,2236
884,5546
886,9201
885,2827
885,1874
886,0064
886,0830
884,0915
889,6045
885,5132
888,5786
883,8465
883,7623
887,5923
885,3302
888,2189
887,8712
884,8412
883,7524
886,7157
886,6297
887,9231
885,2834
887,2544
886,2403
887,4647
885,7737
883,5739
886,0208
886,6980
887,2786
888,1328
884,7295
884,3497
887,3532
887,9120
885,5777
890,5459
885,2445
884,7486
889,5737
884,9332
882,9776
885,1235
887,6075
888,5095
885,6576
884,1632
885,9675
887,2588
882,8992
885,5365
887,2586
884,8530
889,5635
886,5377
884,7359
883,4401
886,0509
882,7748
888,1165
885,2214
886,5691
888,3129
887,7945
885,2313
883,5814
887,8236
889,0129
886,9856
885,4115
887,8539
887,3228
885,9142
887,7486
887,3463
888,8605
884,8605
884,7225
886,6362
884,5405
888,8874
887,2892
886,5951
887,3237
887,0505
886,0544
887,4696
885,9506
883,7503
882,6701
884,7177
882,2257
884,6146
886,2085
885,3934
888,3973
885,7129
887,3678
887,0347
885,7336
887,8010
889,9942
883,2991
885,8331
887,1950
883,8569
885,7839
884,3181
883,5665
884,2429
885,4435
885,9698
884,4203
887,4512
886,0249
887,5582
882,9238
884,7376
882,5757
886,8093
884,7836
889,8644
885,2591
889,2403
888,5492
885,9914
888,7030
885,9468
886,9829
887,9652
887,9524
887,0391
885,2368
883,5413
887,0820
881,8273
883,4367
886,9587
883,6915
886,6694
888,0776
884,7721
885,4993
884,8607
887,3711
883,3984
887,4600
886,6400
885,2623
887,1027
883,4080
887,7774
884,3423
883,5380
887,8491
884,4803
884,7720
884,4207
888,6522
888,2278
887,5133
886,4946
888,1741
883,7157
885,3588
887,7945
887,3095
884,7056
886,8559
887,5695
885,6284
886,2943
884,3688
885,1226
882,6400
888,8671
884,4376
885,7701
887,3759
886,7486
888,4837
887,8795
883,5689
890,0686
891,0285
885,2269
886,9020
885,3131
883,5108
886,1898
883,6492
884,7973
887,7181
884,3620
888,0237
883,3906
889,0823
885,1748
886,4628
884,8525
885,8130
891,0399
886,2657
885,9071
885,0958
884,4452
886,1399
885,1503
888,6509
883,9158
884,3346
886,6208
884,6033
886,3075
888,1502
883,2765
885,1754
886,2924
884,9977
886,1324
888,1518
884,3904
883,8330
884,8848
885,0019
885,8735
883,8581
884,5614
884,2480
885,6531
886,1939
884,7342
887,3705
885,4071
889,1751
883,5462
885,9765
884,5221
887,8956
887,8489
886,2560
885,0513
885,6669
884,8960
887,2784
886,8557
889,0252
886,7270
888,7893
883,3613
888,0432
884,9483
888,1766
889,0768
884,6921
885,1434
886,4957
884,2320
887,2922
884,5403
884,2544
884,6052
889,3123
887,7348
884,9317
883,2061
888,0089
887,1376
885,5845
885,8904
886,2501
886,6317
883,6076
886,6570
884,5634
885,2801
883,2080
883,5287
887,4168
886,6046
886,7317
883,4027
885,8128
887,6282
886,5254
885,1819
887,7281
883,0668
886,3825
886,1401
886,5604
885,8634
886,8603
883,8751
883,8072
886,4745
885,1721
884,7181
883,6752
885,2466
890,6054
887,9723
883,9424
888,9964
890,2732
884,2089
885,2066
885,5360
886,6591
888,7050
882,9420
884,8379
884,1837
884,3925
885,2900
886,0880
885,2207
885,0122
885,4114
884,7108
887,4720
885,7113
887,4300
881,9208
886,1038
884,7174
887,9473
885,9768
884,6013
883,3974
885,3082
885,6331
884,2519
884,4482
890,4671
885,1472
885,1324
886,2301
883,7565
888,0193
884,1720
888,7364
886,1611
886,0747
884,9665
884,1845
885,7824
886,8875
888,1094
886,3498
886,2755
885,9344
886,4497
885,8208
886,6371
884,7344
886,1004
887,4687
888,0550
885,1465
886,1712
887,9025
885,8084
887,9549
883,3727
884,2464
887,6938
887,4412
887,4319
889,1868
886,3006
886,9136
887,5596
889,2825
886,2668
886,1462
885,1907
888,4720
884,8464
888,2791
884,4026
884,6876
883,1774
889,0416
888,3861
887,2105
884,5535
884,1639
885,2898
890,7245
887,7658
882,1849
888,9808
883,9489
884,5198
888,2067
887,1234
886,4569
885,6727
886,3861
887,8734
886,3965
883,6840
884,5437
885,5703
886,1694
885,9572
886,6312
886,1051
885,2365
882,7282
886,6305
889,2570
888,7487
888,8639
886,0615
886,4952
883,9660
883,6632
887,2431
885,3081
883,2466
885,4722
890,2358
883,6138
887,6023
884,8230
887,4509
883,7964
884,8311
887,8722
887,5141
888,3749
887,2331
884,3122
888,6860
888,0216
884,1252
884,9434
887,4544
886,4659
881,6478
888,0667
888,4150
884,9524
886,0045
882,2193
884,6491
885,5898
887,8151
887,1102
885,3294
888,2715
885,2089
887,7348
886,4265
887,0281
888,6370
887,4036
887,9120
884,0804
888,0155
886,0433
883,3552
886,7982
884,0309
885,0991
885,6195
884,9275
888,5953
884,5375
888,0968
887,7519
887,1754
884,1598
886,7122
884,3503
881,2626
887,9404
889,1691
886,6204
885,6201
888,5115
887,3992
885,6579
886,1908
888,1466
887,3873
886,8148
883,8213
884,0375
887,3173
883,9887
885,6864
885,6496
888,2142
886,1515
883,9880
887,5051
885,6393
885,0395
883,0503
880,7994
884,1857
884,6091
883,9302
882,3507
884,4922
889,6941
884,4301
886,4399
886,3865
889,2620
888,5766
888,1728
884,7615
885,3752
885,2492
883,2604
886,7590
881,9150
887,0265
884,8613
887,4169
886,3632
888,0264
885,4705
884,8113
884,3276
886,9633
882,1524
883,4474
887,3663
886,2667
889,7906
883,5814
885,8808
887,8292
886,7406
885,4225
884,9622
882,4210
885,4730
887,1307
888,4075
884,6410
883,1295
884,1113
883,1221
883,6257
885,3662
887,6788
887,1186
887,3221
885,0450
886,4981
884,8388
884,1955
884,4396
888,1294
886,6077
885,2801
887,7816
885,6328
887,0151
886,3960
887,1218
887,2796
885,1138
888,8234
888,4243
884,7374
885,7346
885,2443
888,5180
882,3998
889,0205
886,9351
886,3234
884,3698
885,9606
886,5595
882,8992
887,8821
888,2921
885,9307
886,3192
883,9066
886,7673
886,6559
883,8667
882,2239
883,8947
886,9942
882,7872
885,4478
887,4400
883,2726
887,1872
885,5109
884,2129
884,4073
886,3784
884,4208
887,1602
884,3701
886,1777
886,6930
885,8320
885,3284
887,2581
884,7436
885,5295
886,9728
888,2514
884,8082
884,1651
887,9639
887,2251
882,6160
886,9770
886,2764
886,7274
885,3057
887,5616
884,9166
883,6250
884,6829
887,7111
883,8979
883,9594
885,6535
886,0676
887,5097
884,9720
886,1289
882,7805
890,9794
885,7867
884,3789
883,8315
889,4054
887,9760
886,7022
885,1952
886,0180
886,0314
886,3278
888,9370
886,6007
885,9573
885,8829
888,2492
886,9136
889,0434
886,9838
887,0184
884,6774
887,3950
883,3091
884,4202
887,0181
886,4530
882,9960
883,7405
887,5869
887,0518
887,2893
884,9993
886,4516
881,6599
888,0153
886,0788
884,9820
885,6394
886,5437
880,6872
886,7038
882,8004
887,6499
886,7180
885,0645
883,4393
884,4539
886,3457
885,2812
884,0764
886,5820
886,8613
886,3004
884,9421
887,9285
885,7958
883,8515
885,0394
886,4021
884,8219
883,8494
887,1168
886,1254
887,8690
887,6737
883,8397
884,7591
885,9979
885,2217
887,5827
884,9506
887,4580
886,9506
887,4789
886,2751
888,0763
884,4975
886,8566
882,1181
884,6128
886,4490
883,9446
885,9321
884,6841
885,8266
886,6168
886,0724
884,6067
888,3936
882,0229
886,7305
886,1243
885,4390
888,1743
885,6797
884,7101
887,2960
886,2012
885,9864
884,3315
888,0031
885,5176
884,9050
884,8635
889,2361
889,3776
889,8269
886,0790
887,6544
886,2593
886,2623
886,3974
890,3678
886,9022
885,8045
883,7608
887,0588
885,1730
885,9601
888,5106
888,4167
884,7314
886,1323
884,0452
884,3310
883,5816
886,0957
886,6182
884,2745
881,7724
885,3197
887,6255
886,0905
886,0752
883,2945
884,4014
889,0529
887,0337
887,5462
884,1627
885,6929
888,0076
885,1230
886,3739
887,1486
886,5264
886,7015
889,0250
888,2790
883,3676
883,1897
886,3265
884,1088
885,1649
887,7039
885,4369
885,2511
886,3888
888,5376
885,6423
884,7160
886,7276
888,1957
886,0182
888,3035
884,6273
887,1461
885,5572
887,4955
887,7997
886,5848
884,5162
887,2170
885,3925
887,6858
888,1264
887,2461
887,5417
884,7016
885,9638
886,0586
883,7841
882,0069
885,7031
885,6219
884,6390
885,8785
883,3278
883,1697
885,4041
886,9037
886,9435
886,7969
883,1116
885,0337
887,1625
886,3487
887,1259
887,1308
883,5708
888,4755
888,8848
886,3603
887,5705
885,3560
884,9522
882,0912
885,6607
886,9537
883,2319
882,7535
884,3297
883,1551
886,9613
886,1368
886,7492
884,3400
886,9547
885,2449
884,1989
885,9049
884,3609
885,6885
883,3602
883,5117
886,4077
888,5971
883,8810
886,8470
886,4936
884,9449
884,1126
884,0358
884,6415
883,1023
885,0415
887,5132
887,2700
885,1187
885,8389
886,8487
888,1774
886,4842
886,5089
884,1675
884,2079
885,9456
885,5952
883,4075
886,8673
884,4396
886,1204
888,4742
883,8468
886,5839
885,0249
887,6137
883,8356
886,2096
888,8171
885,8151
886,4397
885,6355
887,7815
886,9168
891,6459
886,4966
888,7426
885,9117
884,6413
888,0746
884,1129
887,2675
885,9772
882,8104
885,7649
884,4543
887,1634
882,5067
883,4151
888,1350
885,3209
887,9291
886,2513
887,0125
880,7655
884,2201
886,8694
888,7509
887,0538
887,3649
886,6809
884,8072
884,8368
886,4698
884,2113
888,1805
887,8054
885,7567
889,0607
885,7634
885,2711
885,4290
888,6824
885,3088
889,6229
889,0579
886,6851
888,4540
883,3388
885,1790
887,5339
884,8592
887,2215
884,2357
883,8172
885,8679
883,7700
886,3698
887,1931
885,6191
887,1574
889,1842
882,3019
884,1914
887,0253
885,4693
888,6260
885,5563
884,5422
884,6271
884,7979
884,5724
887,8551
887,7809
886,0876
885,9679
884,1221
887,2974
885,0118
886,5658
887,9265
886,7408
885,8568
886,4010
884,6951
886,6484
884,9624
887,5534
884,1572
886,5068
886,4774
886,6136
886,7100
883,3100
888,1914
883,6057
884,3614
887,2065
886,0445
886,2538
886,5451
886,9471
883,8081
890,1322
883,2447
885,3320
884,6729
884,9180
885,3801
887,7381
885,0629
886,7226
885,4892
882,8361
885,5115
885,0530
888,2317
887,4461
888,6757
885,8390
885,4003
887,5214
887,0185
885,5063
885,4428
888,5890
885,0269
888,4681
884,8930
887,9720
886,8612
887,2783
882,1742
885,2140
890,2040
885,4226
884,9436
886,4156
886,1646
885,3838
888,2980
886,4260
885,6910
888,2002
887,4663
886,6273
885,9273
884,6463
883,0489
886,3521
881,4564
884,9232
884,6342
887,8750
887,1290
886,0487
884,8271
883,7240
885,3844
886,9853
885,2103
888,0323
883,0762
887,3686
885,1196
884,9692
884,7939
885,4449
883,7123
888,7667
884,0671
886,0319
887,0029
884,6616
888,6746
884,9856
884,8349
886,4801
887,0389
882,9675
882,7418
885,2798
890,1446
884,4995
883,4453
886,9146
886,2150
882,9368
885,1222
885,3303
886,7959
885,8890
885,8068
887,3820
883,4359
885,3410
884,4291
886,6106
882,9286
888,3300
887,5330
884,2588
886,5572
883,6520
885,6607
882,2622
887,6637
884,8990
886,1086
888,1602
885,2047
889,6067
886,2312
882,8452
883,7808
890,3756
885,9596
886,6320
885,0685
888,4329
886,5280
887,7506
885,2065
887,0610
888,6709
886,5164
885,1289
884,0584
886,8597
884,8692
885,1864
886,4002
884,4290
884,7015
885,2808
884,2896
884,4764
889,0773
886,7254
888,3517
885,4979
888,6238
884,8288
890,0709
886,8030
882,3170
886,1382
884,6350
889,7766
885,0846
885,1342
886,2257
884,4492
885,8958
886,0049
886,1983
885,7988
885,8912
883,4752
884,8375
884,3641
886,1936
884,7351
885,5631
882,6293
887,9658
888,1803
885,8790
889,1610
884,9878
883,7789
885,4384
887,2374
888,0801
887,6888
884,7551
885,5328
885,5512
885,5918
887,6551
886,7072
886,5238
884,6973
887,5696
883,6517
885,8983
883,9645
884,0130
886,1261
885,0814
886,6961
887,8224
887,3421
883,5543
889,2886
888,5651
885,5989
885,3656
887,9211
883,4628
884,1475
883,4494
890,5060
885,2101
884,5525
886,7745
885,4949
886,0718
889,8217
887,9614
884,3514
885,4520
887,6533
886,6494
886,7059
885,8093
884,8915
882,7267
887,4601
886,7211
884,9023
886,3150
887,6066
888,4345
886,7051
888,0367
885,5794
885,4039
886,8861
886,4801
886,0946
887,0899
886,8913
885,7694
886,2959
884,4359
888,7725
888,3036
882,1242
883,8338
887,2868
888,5023
885,4566
883,4645
887,8195
888,5891
884,6562
884,7052
887,9747
887,6929
884,3181
887,7847
888,4865
890,8449
886,0978
884,9885
886,4214
885,6464
885,4154
884,8276
886,2627
887,4727
883,8320
891,7789
885,4775
884,4499
884,6266
888,1381
886,3615
885,7188
886,1645
886,9437
887,0038
882,6867
885,3349
887,3634
885,4681
887,9134
888,3491
885,1081
885,1278
886,6282
884,8133
886,1270
887,6939
889,5941
885,1371
887,8814
884,8861
887,2124
886,3682
885,0008
884,0593
887,1131
884,3913
885,5591
884,0272
886,6785
884,7107
885,2250
886,5495
888,0148
883,4452
882,4757
887,7740
886,3501
885,9268
884,4731
883,1257
886,9904
888,4635
885,2851
885,7662
884,5826
885,2272
884,6202
885,6360
885,3286
889,1682
887,1770
887,2253
887,5485
886,9252
883,8648
884,5204
886,2433
887,4052
889,5012
887,1697
887,9317
887,5544
884,6837
885,9752
889,0246
883,6360
885,3965
884,0685
886,7627
884,6404
887,7987
883,4950
886,6214
881,4973
885,6099
887,8217
884,8156
886,8002
887,0334
888,0874
889,2691
883,7821
883,9562
887,2308
886,4699
887,3714
888,0829
886,4091
887,6328
887,0031
884,9284
886,7623
884,6173
888,0107
887,1519
887,9972
884,4325
885,2729
885,9190
886,3654
886,5341
882,6238
886,1146
887,9031
887,4752
886,5840
885,5087
884,7709
883,3655
886,2722
886,3487
885,5140
888,0398
887,6293
884,0082
886,9776
883,1237
885,8577
889,3067
886,5459
889,3102
884,3941
883,2476
886,3249
886,6833
883,7500
887,7900
882,6055
886,5392
888,3314
882,6746
886,9261
886,8862
885,7290
882,3500
883,2908
885,3696
888,1933
889,5651
887,0915
887,5745
885,8849
883,8681
884,4143
887,7503
883,3107
883,3767
889,6372
885,1899
886,8718
886,7257
888,2204
887,5260
886,7728
888,1036
884,9986
884,9366
885,4856
885,5866
888,9844
883,0011
885,6222
889,2821
884,4762
888,8363
887,1178
886,0400
884,0342
889,0276
884,8488
886,3484
885,2127
888,6163
883,8997
888,9766
887,8728
885,9698
885,8241
887,4535
888,2363
881,8808
887,0291
886,9538
886,0902
885,5924
884,0654
886,2534
884,7360
888,1813
886,6935
889,1348
886,4548
886,9128
886,3458
884,2627
888,2822
885,5830
884,1600
883,7584
884,7734
883,8077
886,9569
888,6835
882,9947
885,3177
885,6623
886,5230
883,4402
886,1537
881,1903
882,9004
885,2562
882,7075
884,7439
886,6423
886,0637
884,5994
887,6100
886,2508
883,6252
887,6247
886,2339
883,6630
884,3838
883,7365
886,7663
884,8150
885,4707
883,5417
883,4980
890,9830
883,3949
887,2804
883,0064
887,2603
887,6841
884,3569
883,6262
884,9665
885,0213
885,8978
885,6351
881,2950
888,4289
888,0042
885,8440
886,2250
884,8403
885,9564
887,0593
882,9006
883,7747
886,0599
885,1471
885,2330
884,9744
883,1023
886,5804
885,8300
882,6849
885,7151
885,1863
886,4652
887,8364
884,3309
885,9430
889,2636
886,3927
885,9221
886,8506
885,5635
887,2954
884,6702
883,6208
883,9283
884,1158
886,4600
888,7804
885,8914
884,6729
885,1850
887,2772
884,3812
882,7793
889,5541
886,7599
886,7662
886,1553
886,0838
886,1062
884,2222
887,5900
886,9704
885,1126
888,8881
885,2662
887,1474
885,2375
884,6823
885,0417
885,1919
889,2143
885,5344
885,8868
880,5701
884,6713
887,7741
884,9105
887,1251
886,6180
884,6325
886,6318
885,8086
888,1786
886,8578
887,6174
887,0508
885,2046
885,8351
885,5092
886,8918
886,8411
884,0159
890,4418
886,5408
887,3338
886,7062
885,2772
884,8317
886,5566
885,1513
885,8877
883,4916
883,3302
886,5086
884,3149
888,8147
889,1116
887,1145
883,0185
886,7417
883,1930
886,0428
885,8067
888,4631
885,0345
886,8923
884,2984
885,9009
886,6437
883,2528
887,5757
883,3821
884,2501
886,1116
886,7550
888,3384
885,8848
891,5882
884,5181
885,1942
885,0849
884,6659
889,3978
886,2114
885,9609
883,5931
884,5879
886,3109
887,3797
884,4404
886,0202
888,0222
886,2482
887,0218
884,8815
886,9634
885,1367
886,2144
885,7283
888,8733
886,6007
884,2090
884,5135
888,6471
887,2549
883,5056
887,1388
883,6319
886,2572
882,9306
882,9281
887,5770
888,0968
886,0972
888,1400
884,4081
883,8644
887,2299
885,9866
882,5702
884,8669
886,9661
883,7917
881,8956
884,3381
884,4099
886,9038
883,8693
884,9606
890,3060
888,1785
885,8093
886,5606
889,7331
889,9645
883,1128
887,5358
887,8730
886,5416
884,7191
888,5183
884,3473
887,5264
888,8479
886,3124
884,1183
887,4932
885,3669
886,5360
886,1238
887,3610
885,9610
888,2251
885,2184
887,9960
885,7281
884,8178
884,6698
884,3759
886,2645
883,9243
888,5718
885,9372
886,6116
884,7584
882,8080
886,0250
885,1363
883,2454
885,4443
886,3640
887,7597
888,8354
883,9826
883,7893
885,9241
886,6368
882,5758
883,7140
887,9740
885,6735
885,4565
884,4519
881,8232
887,7389
885,1227
888,5715
885,7031
886,4046
884,1449
885,3298
886,1563
884,5804
883,3356
881,3762
886,2085
883,6594
886,1968
888,5943
886,1628
886,8967
885,4890
886,1215
883,1498
886,9998
885,8981
885,5978
889,1101
887,8294
886,9376
889,3004
887,5870
887,2981
887,9230
887,8721
887,1097
886,6227
886,3535
885,2033
883,3570
886,6797
883,5518
884,8276
886,2711
886,2477
882,9129
888,9611
882,5445
887,2855
886,0885
885,5856
887,7817
887,0073
884,2531
885,9408
887,3577
883,4019
885,7723
884,1375
886,9387
885,9666
884,9888
886,3350
884,9974
886,7302
883,6874
886,9644
883,8845
884,5234
886,4683
886,2112
884,5169
886,0767
881,0069
884,8342
883,2656
887,6457
882,1716
882,8394
887,1833
883,4272
881,4359
882,5199
886,2490
886,9822
883,7425
883,8537
884,4531
887,0650
887,8531
890,6017
886,3404
885,9482
884,8142
888,0002
887,1367
885,0570
885,0946
884,7883
886,5993
884,4280
888,3047
886,4736
886,3728
884,4397
884,9276
886,4295
886,9686
883,8780
889,5421
884,2500
889,1172
884,1386
880,6382
886,5480
885,6118
887,3196
885,7710
888,2638
885,9093
885,3860
889,2049
885,1809
887,3244
884,3406
888,1513
885,5535
883,9115
885,1181
884,5837
885,5152
883,9402
891,2617
884,3041
883,1983
884,5066
886,3394
885,6508
884,4384
887,9948
886,9741
884,9098
888,0206
885,5361
887,2777
889,9467
884,1425
887,7416
882,8543
883,3111
884,5710
887,7760
885,4221
888,1257
891,1025
887,5372
885,2168
882,3014
883,1266
890,0480
886,3557
885,3941
889,7682
885,9713
887,6727
885,8281
886,9424
889,0384
885,6151
886,5673
885,5471
886,1896
887,1918
888,9460
885,3499
887,7349
886,2671
885,3095
885,9481
887,8887
883,8781
884,5563
888,0658
887,2368
886,9343
885,3745
886,2323
886,1776
885,8293
886,6873
888,3512
884,9605
884,4272
886,5957
887,8825
883,9829
884,3134
885,7006
883,1622
887,1685
882,4886
885,3100
886,0230
887,5081
885,3213
884,8252
888,9162
886,3200
884,9534
886,2644
881,7769
887,9553
883,0806
886,6659
884,4978
886,1671
884,6579
884,5632
886,6997
887,5114
885,6885
886,9829
887,5714
885,8154
887,7324
887,7646
885,0381
885,6058
887,9049
882,4947
886,5334
885,7897
887,9035
884,4979
886,2352
888,0659
887,7291
886,0829
888,2492
883,0791
887,0748
885,4688
887,6732
890,1330
886,2065
886,3821
887,9795
887,3712
886,1396
885,7528
884,7008
885,1858
885,9391
887,2352
886,1846
887,0588
885,2539
888,0881
886,7999
886,9326
887,4308
885,2398
888,7643
884,6105
884,0772
884,0161
887,0587
884,9068
887,4967
887,2769
887,3540
887,0124
884,6229
888,0059
888,1781
884,4517
884,9052
886,0801
885,6036
886,9598
884,3669
883,7216
885,2387
885,7813
885,0685
888,1957
885,9011
886,1451
885,1438
885,5469
885,3946
887,0427
884,6121
888,4216
886,9300
886,3146
883,5450
887,7494
888,3536
887,5894
885,0461
884,1706
887,5369
887,8695
887,8839
884,7386
882,7396
886,2436
883,8638
882,1983
883,7715
887,8461
886,2441
885,8251
884,2622
885,6879
887,6319
886,1594
884,6137
886,4563
886,9838
888,2127
884,7426
884,6180
886,5144
884,0028
883,1537
885,4630
886,2385
888,0779
891,0546
889,4236
884,7072
884,8720
885,4552
887,1616
885,7589
886,4688
887,3128
885,1657
886,3864
887,5992
885,2865
887,9311
884,7604
883,9088
883,8853
889,3424
887,3112
887,1006
887,6979
886,3964
884,7657
890,4797
885,6962
885,4947
885,1398
885,9850
889,2732
884,8768
885,4739
888,1492
886,9582
886,3651
885,3434
889,1796
887,4093
883,2845
885,7961
881,7366
884,5195
885,9028
886,5247
883,7167
885,3643
884,5375
885,7820
883,6150
882,5550
884,1060
884,7220
883,1574
887,8154
885,1251
888,5208
886,0266
887,8396
885,9439
886,0449
885,1802
886,4985
888,5445
886,8442
888,1628
884,3143
887,5091
885,8540
885,8293
885,5118
888,3091
885,0075
887,9305
886,0666
886,5185
882,6934
886,9810
883,6709
887,0608
885,2032
881,9402
882,3515
886,4123
886,9828
884,9005
888,3161
886,6088
884,5905
886,3253
883,7284
885,2480
887,2175
886,0619
887,7193
884,7424
886,7021
889,0686
885,6557
883,1293
883,8134
885,4371
886,8335
887,2770
888,0772
887,5542
886,2535
889,1840
885,8582
886,8951
884,2660
884,6460
887,0880
886,6103
885,4789
884,6376
885,3900
883,0131
886,0146
885,0948
885,2649
886,0969
884,7207
884,9393
886,7490
884,6373
885,6849
888,5037
886,9846
885,6164
887,4161
888,1639
885,3968
882,7770
884,8169
883,4034
886,8115
885,2256
885,3833
886,8317
885,4987
884,7517
884,8529
887,9185
885,1580
888,1619
885,5277
886,0274
887,1961
885,4581
884,5827
886,2673
885,8533
883,0804
886,4972
888,0130
884,6578
888,0088
885,1097
883,4571
885,1531
885,5021
886,6617
887,0003
886,6170
886,6450
886,0656
889,8349
889,3459
886,2083
884,3472
885,9777
884,7218
883,0990
887,4695
886,7831
887,3359
883,5437
885,2972
886,1426
883,6721
888,1568
886,4840
883,9575
886,1487
888,1821
883,4109
883,1297
884,6375
883,0277
889,1245
885,0285
884,9096
885,9141
888,2735
885,8822
885,0133
886,5267
885,7402
886,1592
886,4787
884,4664
885,0768
886,0804
883,2283
889,0488
887,3276
889,4316
888,2809
887,9449
885,4289
885,2677
883,8524
882,9993
889,9988
889,6090
888,0873
887,9853
883,1812
881,8312
886,3623
885,6377
884,9929
883,7466
886,1107
885,5616
886,0090
888,2020
889,9853
886,7716
879,5914
888,4454
886,6888
889,8887
888,5518
885,0723
885,9411
885,9420
887,0310
885,2396
887,3504
888,7268
890,0392
887,8229
885,7413
885,8157
887,6622
887,9452
888,6980
884,1902
882,9480
887,2059
887,8657
885,3892
887,0158
883,3618
885,0997
887,1634
886,6563
888,5156
886,4184
887,4005
888,1231
887,8129
886,0772
886,6220
886,6227
887,1314
885,9659
884,6705
886,3037
888,7979
884,6790
884,0036
888,7450
886,5338
885,9412
888,6598
885,3941
887,0164
887,7846
889,0752
886,2913
883,2310
886,3861
889,8042
883,9043
885,5928
884,9755
888,1548
886,3159
887,1403
887,8583
885,6132
886,0853
887,9945
890,0347
885,9100
888,6691
883,8591
885,7886
888,1245
885,4771
886,1756
885,2317
886,2210
883,6978
888,5889
886,2484
885,9261
885,8878
886,2011
884,5317
884,3955
888,5324
886,9957
886,0655
886,9196
883,9521
884,9531
882,9263
884,5461
886,3348
882,2984
887,8782
886,1754
884,3941
885,1014
889,2583
889,1379
884,4025
885,0811
885,6048
885,1323
884,9735
886,4695
887,2533
884,2685
883,5264
885,9651
888,1515
886,3631
887,1223
886,2931
888,9905
885,9288
885,0538
885,2979
885,2331
886,4247
885,9357
884,1145
886,3399
886,9367
886,3029
888,6036
886,5542
884,6450
886,4076
883,9005
884,4872
882,0329
884,8011
887,5125
884,8065
887,0278
885,3692
886,8056
883,9324
887,6119
885,8473
885,4106
887,6343
886,2803
884,1999
886,0487
886,3939
889,0651
886,2245
884,5100
884,2226
885,6870
882,9452
885,4043
883,3287
887,0725
887,6760
885,5979
888,1834
886,7872
884,4416
887,7865
885,5403
886,3838
887,8048
885,7387
891,3110
886,9418
889,9245
884,9450
886,9118
887,1282
886,4527
884,7802
885,4623
887,0669
886,5157
887,6702
886,5496
884,0443
884,3903
886,3201
885,7448
886,0587
884,3997
888,0135
888,4002
883,4656
886,8103
885,9274
887,4887
887,8882
886,3025
889,9867
886,1893
885,7958
883,0727
883,5750
886,2561
887,1785
884,7658
889,5418
883,2742
886,4039
888,1390
890,1111
884,2410
887,0515
884,9241
886,7629
885,7310
887,0357
884,1503
885,6957
888,7814
884,0441
888,1783
889,5644
886,9704
887,1835
885,7883
887,0488
886,2516
885,9472
884,9246
888,3256
882,1085
885,9334
886,2049
884,0534
886,3477
889,2050
886,5107
887,4169
883,4679
884,0288
885,9338
884,5634
886,6491
885,4057
886,8123
887,8097
885,5726
888,0314
886,3192
889,1593
888,2902
886,8687
887,3604
886,0749
887,5547
882,9051
885,5479
884,6248
886,4395
886,8441
887,0515
883,5625
883,6763
886,4746
884,8784
884,8803
886,8741
886,9346
884,1452
888,1071
884,1311
886,6391
881,6884
883,5274
885,2195
882,6597
883,5775
882,7431
885,2376
887,1146
883,5824
890,5351
887,0747
890,0123
889,0984
886,6535
884,8047
883,0929
886,4286
882,7476
884,8132
883,6834
887,4368
883,3044
884,8401
885,3621
885,7947
886,1442
884,8153
886,0006
884,8512
887,0433
883,9275
882,7475
886,2234
886,4408
885,4033
888,0808
889,3206
885,8418
885,9778
886,5021
885,2252
884,7144
885,2951
887,6436
884,6029
881,7575
885,1073
886,4050
886,5256
888,2543
884,2442
885,7451
888,2546
882,8928
886,9144
886,9767
884,9329
888,4529
883,9082
884,6194
886,5164
888,0823
885,3679
887,2627
887,7149
889,5985
887,1479
886,0559
884,6034
886,3490
883,9248
887,5380
883,7868
887,2152
884,2570
885,3539
882,2253
885,2569
884,8600
885,7713
885,5743
887,0623
885,0738
886,9847
887,4207
886,5044
882,6334
887,9291
885,7524
888,7513
887,6896
887,2769
886,4245
887,5879
886,2551
885,5265
882,5139
887,2714
887,5768
887,7448
884,2476
885,6208
887,7617
885,1647
886,7008
885,4786
887,3246
884,8059
887,3381
887,2929
884,2007
886,9543
888,8227
885,6877
886,4217
885,1411
884,5415
884,0119
885,4452
889,2847
886,6165
885,0056
886,9969
883,2327
887,3796
886,0500
886,7104
885,7151
886,4366
882,9486
890,1671
887,5335
885,8760
885,4023
888,0673
885,6134
885,3512
888,8462
887,1136
885,2240
885,1985
887,4626
888,0019
886,2205
885,2807
887,1523
886,5089
886,0627
884,7230
884,3116
883,5653
884,9695
886,9971
883,4545
886,7207
886,6651
886,5579
885,8822
887,7768
886,0553
883,0234
887,4877
885,5926
884,7779
886,0484
883,1345
884,5199
883,0752
886,7390
885,4790
889,5679
881,8971
885,1585
887,0412
885,7670
886,0673
887,4171
886,9754
886,5327
887,9234
883,5467
886,5323
883,1296
883,9109
885,8518
887,1060
886,7182
885,3774
882,6130
888,1354
886,7940
885,7127
881,2755
886,6920
887,4288
885,5476
886,0737
886,4145
885,7614
889,5815
886,5805
885,2803
886,9238
885,8874
886,7325
885,6010
885,7710
885,0490
885,4504
886,0639
887,5109
887,4825
884,7226
887,6602
885,0426
885,3086
886,5266
888,3110
885,1087
886,3698
884,8965
885,8024
888,2607
886,0650
884,6559
885,0936
887,5847
887,1050
885,4774
884,7342
884,8186
885,5217
884,2857
885,2710
885,2580
881,7332
885,0985
888,6818
886,1517
885,4622
885,6369
886,2197
885,2640
886,4466
885,6054
885,3891
886,5077
885,1437
887,6320
887,9640
886,5891
890,4588
883,4043
886,6799
887,0225
889,5997
890,6809
889,3188
887,5836
888,8413
887,7920
885,6164
883,7689
884,2121
887,0346
887,2542
885,5917
887,7141
887,1963
882,4873
884,6638
886,8686
888,2318
889,6212
881,3809
887,8485
883,3905
886,6894
883,8561
884,3687
883,6523
883,7929
885,2336
884,1392
886,5228
882,3601
884,1668
885,1199
887,7873
886,9634
888,3350
884,1298
886,2220
886,9388
885,9619
885,7395
886,0600
884,9793
884,9395
883,5028
888,9610
886,5645
887,0342
886,0106
886,3466
887,1957
883,9528
884,2782
884,2292
888,1351
885,6528
886,8475
887,7727
883,9229
886,1910
883,6879
886,8717
882,8825
883,6620
886,9626
886,2560
886,6685
887,0160
883,7095
885,5168
884,7020
887,9211
886,3961
886,7689
885,6156
883,4652
887,5894
888,2406
884,2570
887,3171
883,5982
887,6327
882,7269
888,6148
888,0394
886,0033
886,5951
887,6672
882,6163
887,0419
882,8421
889,6432
887,6076
889,9226
887,2186
881,6118
886,8817
885,2575
885,2879
887,0914
883,3895
884,8997
887,2177
884,8964
886,1276
886,1103
883,7546
889,0597
888,5920
888,9076
884,7508
883,4614
886,0006
886,4990
884,9657
885,3042
892,3012
887,2573
886,5856
887,3713
889,5744
887,4683
888,9739
884,0592
885,8892
887,4689
886,3650
884,6703
883,9929
886,6552
883,2560
888,5766
883,1544
888,2491
883,6898
887,5822
884,8464
885,8033
885,5448
885,0481
886,3378
887,1403
884,6430
884,9701
883,2655
889,2769
886,5250
884,2234
889,3767
884,7527
885,4793
883,9074
888,1479
885,3916
886,5082
883,7034
885,7539
886,2209
886,9976
884,7739
884,7150
883,9269
888,4202
885,6353
886,4065
884,5807
888,1186
884,4749
884,3487
887,4130
886,6692
886,9888
884,7911
884,9277
884,6988
884,9114
886,9890
889,3779
887,1072
886,2417
885,3283
889,5311
886,9124
884,4994
887,2152
884,6421
886,2875
884,5894
887,4230
884,5477
883,8844
885,6132
884,6414
881,9508
882,1216
886,2976
885,7512
885,2572
887,2728
886,7215
887,2635
883,7189
882,4603
883,7772
886,0335
883,2943
884,0004
886,7686
886,6760
887,6692
888,1592
887,5488
885,0786
888,2771
887,0775
883,8099
888,5920
887,0551
884,0265
886,3331
886,3351
884,1156
885,5658
887,2539
884,5048
886,1120
885,7639
886,2644
887,8611
886,4230
884,7213
888,3722
885,5955
884,9387
888,4094
885,5934
882,6076
887,5413
887,8600
885,5292
884,7079
888,0409
886,5104
885,5283
885,2942
884,3031
885,1322
886,1742
888,6664
885,0068
885,1529
886,3784
886,4669
883,1429
888,0091
888,1752
884,0014
887,9905
886,8363
887,6269
884,3989
887,0032
890,1422
884,7404
885,2767
884,8848
885,5672
885,4808
889,7614
887,5705
885,8018
885,2233
885,6224
885,1238
885,4503
885,8015
886,4713
885,9643
886,6174
886,4925
885,5112
887,4347
883,9304
887,8534
888,3495
885,5984
884,6289
888,1436
885,0346
888,8749
884,0824
883,5544
885,7336
888,6428
886,7601
884,3454
883,4672
885,4217
888,5183
883,3419
887,0839
886,1394
889,0097
886,4877
883,3379
884,3336
885,5016
886,1620
888,5390
885,3026
887,0993
891,9672
888,9310
887,6696
886,8921
887,0771
883,6888
886,3823
884,7546
886,0680
885,5318
888,2215
883,5030
884,6353
890,0632
884,0100
887,5853
888,9566
888,1801
884,1212
885,7377
884,2484
886,2520
889,8200
883,6632
884,8021
884,7329
885,5119
884,5751
885,6200
883,2304
884,5170
883,3439
887,8217
886,8030
885,3522
889,5651
886,9608
885,5170
892,4883
885,9405
883,1560
881,7372
884,5000
884,5088
885,7765
887,5824
884,4062
884,0981
885,4763
884,0518
887,4163
887,4667
886,5427
887,6028
886,4842
886,5684
889,5559
888,2826
885,0311
886,8651
885,0066
885,9800
885,2633
883,6297
887,2503
886,1532
883,2918
886,8733
888,1761
888,5010
882,5134
884,4362
887,2382
887,2989
883,1908
886,4188
883,1852
888,2469
885,7491
887,7229
883,6181
884,1869
886,1464
887,2952
886,7223
885,3845
885,0656
891,0230
883,7702
883,7855
885,2014
887,2548
885,8233
883,1952
885,3985
885,6829
887,0313
886,3547
882,9965
886,1562
886,6367
884,5510
885,2942
886,1226
884,1621
886,9165
883,0616
888,6833
886,2813
886,1465
885,8791
884,6575
888,9368
887,4789
883,0977
886,0200
888,1413
881,7144
888,4780
884,0969
889,1448
885,5069
885,6168
885,9941
887,4085
886,5876
883,6820
887,2980
884,1909
886,1950
889,8668
886,6161
885,9610
884,2043
882,9483
886,7449
885,0914
884,6180
884,9791
885,6343
886,5080
885,6703
886,2465
885,0308
886,9119
887,0627
885,1420
889,0658
883,2734
883,4386
886,6849
885,5308
888,2889
886,9855
887,0282
887,7562
884,6135
888,7037
887,9882
889,5422
884,8090
890,5767
884,7924
886,2592
886,4769
885,7275
885,9212
884,8161
884,7625
888,7602
888,0719
886,5509
885,7935
885,5909
888,6507
886,1237
885,3063
888,3143
891,5605
888,7090
884,1530
886,7559
885,5374
886,1665
886,3176
886,3530
883,9277
889,2493
886,0727
886,8369
885,3696
885,1639
885,6463
888,6341
884,7491
886,7277
887,3244
888,9659
885,4453
886,7963
883,2054
886,0780
888,1071
885,3632
885,1014
881,3666
887,7586
886,9297
885,5096
887,7019
884,3916
886,4187
885,0517
883,8703
881,2751
887,1071
887,3210
886,7262
885,5810
884,4719
883,6883
885,1325
885,6697
884,7206
886,0945
886,8597
887,3070
882,3721
886,3750
884,6870
889,0527
885,2672
885,6818
887,2095
884,0288
888,9444
885,5745
885,1995
886,4513
888,0516
885,3805
883,7374
882,2876
885,8399
884,3103
885,2285
888,0276
888,1850
886,8981
886,6216
881,8112
885,8087
882,6407
886,2464
882,9200
884,4876
885,0967
886,8185
888,3916
883,6042
884,3666
885,1194
885,3626
887,5810
884,5183
884,6583
886,8624
885,5343
887,6217
884,1208
887,6059
885,7357
885,9775
886,5971
884,3536
884,5882
885,2832
885,4983
885,2152
887,8294
884,0894
884,4747
884,7323
885,9571
884,0788
886,5567
884,9289
885,8300
886,3184
882,9526
889,7069
885,4919
890,2579
886,5668
884,1304
886,9491
886,4694
883,2852
886,1357
883,6775
884,8610
884,9065
884,8983
888,5140
883,8411
881,4231
887,2142
885,0839
884,3341
887,7412
887,4732
883,5685
885,3264
887,3809
888,0873
885,6070
888,1485
889,3859
886,1225
884,0506
883,8665
886,0858
884,9552
886,6449
884,7871
885,3505
884,0616
885,3250
885,4505
885,1882
887,0268
886,8337
884,0693
884,4218
885,0950
887,4063
882,3205
888,0993
884,1467
886,0044
885,4453
883,7807
888,0491
883,3737
884,6161
885,2716
885,9200
886,0447
884,6741
890,5597
885,8825
885,7009
885,6263
884,7865
887,6522
884,9308
885,5247
885,6710
883,0940
881,8112
884,4918
884,9070
885,7224
884,3176
884,2089
886,3007
885,1402
883,6760
884,0855
889,5494
888,5168
886,2815
883,0798
885,6934
885,2579
889,5961
883,8134
884,6602
887,6160
884,0369
885,2954
886,7758
884,7269
884,4419
887,6090
884,4340
886,9645
886,6733
886,4543
887,1817
885,4111
888,1350
887,9133
886,9201
884,7670
886,7538
886,4914
883,6396
885,2186
887,0901
885,2749
886,8260
882,9271
885,4598
889,5996
886,7756
882,2447
884,0462
886,4820
886,6866
887,7480
883,7417
886,3902
884,9692
885,4503
883,7904
886,3972
889,4040
888,9639
881,5101
885,7304
887,6889
885,4128
888,9407
886,7190
885,8918
885,1977
886,0002
884,7579
887,0340
886,7469
884,4756
886,8142
883,6238
885,6238
883,6853
885,8695
885,3540
884,5295
884,5934
886,4022
886,1310
885,4409
886,7510
887,1586
886,1824
883,8039
885,3394
887,1309
886,7405
884,6892
886,4883
887,3450
886,7182
884,0913
884,3838
887,1956
884,0823
888,1954
886,5402
886,8611
884,7330
886,2679
888,9045
886,4170
889,8076
883,8686
885,4023
889,5659
886,7755
886,3807
886,9870
885,3153
884,7635
883,9637
886,1638
886,9216
886,8240
885,4464
884,6283
887,1188
886,5124
884,0367
888,3485
884,0714
888,0933
885,2495
889,1951
883,4615
884,9308
887,3121
885,4481
884,8416
889,6786
886,5455
886,5916
885,3281
884,7417
888,1901
885,7104
887,2119